{
    "URL location": "https://researchservices.cornell.edu/refresh",
    "Last modification date": "2021-10-27T14:20Z",
    "Change frequency": "never",
    "Priority": "0.5",
    "Scraped Text": "Find guidance on funding and agency updates during the federal government transition(updated 3/19/2025) (/federal-transition)\nEssential ToolsFind My GCORASSExternalInstitutional Profile & DUNSIACUC applications (Cayuse Animal Management)Find Your Next Funding OpportunityIBC Applications (RASS-IBC)Research Development (ReD) ServicesIRB Applications (RASS-IRB)ExternalRates and budgetsReport external interests (RASS-COI)Join List ServsRASS Access Request FormAsk EHSExternalWeb Financials (WebFin2)ExternalCornell Data ServicesExternalPI DashboardExternalTravel RegistryExternalResearch Financials (formerly RA Dashboard)ExternalInternational research activitiesExternalRegister for Federal and Non-Federal SystemsDisclose Foreign Collaborations and SupportResearch metrics & executive dashboardsTraining (/about/essential-tools, /gco, http://guide.rass.cornell.edu/, /resources/institutional-profile-duns-and-uei-numbers, /resources/submit-new-iacuc-protocol, /proposal/Find-Your-Next-Funding-Opportunity, /resources/ibc-application-submission-review-and-approval, /research-development, https://rass.cornell.edu/irb, /proposal/budget, /compliance/conflict-of-interest, /resources/research-mailing-lists-list-servs, /resources/get-access-financial-sponsored-projects-data, https://tdx.cornell.edu/TDClient/42/Portal/Requests/TicketRequests/NewForm?ID=q5sab44D6GI_, http://webfin2.cornell.edu/, https://data.research.cornell.edu/, https://pidash.cornell.edu, https://travelregistry.cornell.edu/, http://radash.cornell.edu/, https://navigate.cornell.edu, /resources/register-federal-and-non-federal-systems, /proposal/disclose-foreign-collaborations-and-support, /resources/research-metrics, /training)\nFind My GCO (/gco)\nRASSExternal (http://guide.rass.cornell.edu/)\nInstitutional Profile & DUNS (/resources/institutional-profile-duns-and-uei-numbers)\nIACUC applications (Cayuse Animal Management) (/resources/submit-new-iacuc-protocol)\nFind Your Next Funding Opportunity (/proposal/Find-Your-Next-Funding-Opportunity)\nIBC Applications (RASS-IBC) (/resources/ibc-application-submission-review-and-approval)\nResearch Development (ReD) Services (/research-development)\nIRB Applications (RASS-IRB)External (https://rass.cornell.edu/irb)\nRates and budgets (/proposal/budget)\nReport external interests (RASS-COI) (/compliance/conflict-of-interest)\nJoin List Servs (/resources/research-mailing-lists-list-servs)\nRASS Access Request Form (/resources/get-access-financial-sponsored-projects-data)\nAsk EHSExternal (https://tdx.cornell.edu/TDClient/42/Portal/Requests/TicketRequests/NewForm?ID=q5sab44D6GI_)\nWeb Financials (WebFin2)External (http://webfin2.cornell.edu/)\nCornell Data ServicesExternal (https://data.research.cornell.edu/)\nPI DashboardExternal (https://pidash.cornell.edu)\nTravel RegistryExternal (https://travelregistry.cornell.edu/)\nResearch Financials (formerly RA Dashboard)External (http://radash.cornell.edu/)\nInternational research activitiesExternal (https://navigate.cornell.edu)\nRegister for Federal and Non-Federal Systems (/resources/register-federal-and-non-federal-systems)\nDisclose Foreign Collaborations and Support (/proposal/disclose-foreign-collaborations-and-support)\nResearch metrics & executive dashboards (/resources/research-metrics)\nTraining (/training)\nSearch (/search)\n\nREFRESH Initiative to Support Research Success\nThe REFRESH (Re-energizing Faculty Research Engagement and Success) program, launched by the Office of the Vice President for Research and Innovation (OVPRI) and the Office of Faculty Development and Diversity (OFDD), has partnered with COE, CHE, CALS, CIS, CAS, ILR, CVM, and CCB to provide support for faculty whose research activities have been adversely affected or curtailed by the COVID-19 pandemic.\nThe COVID-19 pandemic crisis continues to impact the Cornell research community in many ways, including an impact on research productivity. As reported bymedia outlets, bythe NIH, andin scientific journals, the impact is more acute for some sectors of the research community than others. (https://www.nytimes.com/2020/10/06/science/covid-universities-women.html, https://nexus.od.nih.gov/all/2020/07/28/an-early-look-at-applications-submitted-during-the-pandemic/, https://www.nature.com/articles/s41562-020-0921-y)\nThe broad goal of REFRESH is to provide resources to help\nfacilitate a return to faculty research activities\npromote the long-term success of our research faculty\nensure that those researchers who have been most severely disadvantaged by the COVID-19 pandemic receive the support they need to resume research activities.\nTo help achieve these goals, REFRESH focuses on supporting external grant funding activities. We will do this in several ways by\nidentifying the unique and changing needs of each researcher through a \u201cNeeds Survey\u201d\nfunding grant writing support for eligible individuals\ndeveloping mentoring networks and improving interactions across different colleges\nproviding resources for dependent care support\nresponding to ongoing needs as they arise.\nSubmit an Application (https://cornell.infoready4.com/#competitionDetail/1849822)\nThe REFRESH application process helps us identify the needs of individual faculty as well as highlight common issues experienced by specific groups of faculty. Additionally, the process helps us connect individual researchers to the appropriate support that they need to re-energize their research. A major goal of REFRESH is to identify the additional needs of our researchers.\nPlease consider submitting an application even if you don\u2019t immediately need help. This will help us identify and develop new programs in the future.\nThe REFRESH team will hold these responses in the strictest confidence.\nIn completing an application, you\u2019ll be asked a few easy-to-answer questions about the following:\nHow COVID has impacted your research success.\nWhether you need some specific types of support, including the following:Grant writing support (monetary or mentoring)Mentoring or networking\u2014finding the right connections on campusDependent care\nGrant writing support (monetary or mentoring)\nMentoring or networking\u2014finding the right connections on campus\nDependent care\nOnce you have submitted your application it will be reviewed by the REFRESH team and a decision will be emailed to you within a month of your application submission. For those requesting networking or mentoring assistance, you will be matched with relevant campus programs or specific individuals. See below for more information for those seeking dependent care support.\nGrant Writing Support\nFunding for grant writing help is available and everyone is eligible to apply.\u00a0Please email the REFRESH team for further information atrefresh@cornell.edu. (mailto:refresh@cornell.edu)\nAdditionally, Cornell offers the following programs to help with grant writing:\nGrant Writing Workshops and Trainings (/resources/grant-writing-training-and-resources)\nResearch Development Services (CVM, CHE, COE, AAP, A&S) (/research-development)\nCALS Office of Research Development (https://cals.cornell.edu/faculty-staff/cals-support-sponsored-research/research-development)\nResearch Concierge Program for New Faculty (Cornell\u2019s Onboarding Program) (/research-concierge)\nList of Independent Grantwriters Available to Hire(youmustsubmit your survey response\u00a0first\u00a0you want reimbursement for this expense (/sites/default/files/2020-11/RESOURCES_GrantWriterInfoReferrals_NORDPandCornell.11.6.20.xlsx)\nHelp with Dependent Care for Faculty\nAssistant and associate professors\u00a0who need backup dependent care\u00a0can apply for theCOVID19 Faculty Dependent Back Up Care Fund. (https://hr.cornell.edu/benefits-pay/retirement-finances/financial-assistance/faculty-dependent-care-travel-fund)\nPlease consider submitting an application to give the REFRESH team additional insights into the specific needs of caregivers. However, completing the survey is not a precondition to receiving the care funds.\nFor Researchers with NSF Grants:\u00a0NSF offers supplemental funding to help researchers\u00a0who are confronted with a short-term increase in dependent care responsibilities\u00a0ensure that the research activities supported by an NSF award can continue.See details in the Dear Colleague letter on the NSF site. (https://www.nsf.gov/pubs/2021/nsf21021/nsf21021.jsp)\n\nThe REFRESH Team\nPaula Cohen, Associate Vice Provost for Life Sciences, Director of the Center for Reproductive Genomics, Professor of Genetics (https://research.cornell.edu/research-division/leadership-contacts)\nMaria Fitzpatrick, Associate Vice Provost for the Social Sciences, Director of the Cornell Institute for Public Affairs, Professor of Economics and Public Policy (https://research.cornell.edu/research-division/leadership-contacts)\nYael Levitte,\u00a0Associate Vice Provost for Faculty Development and Diversity (https://facultydevelopment.cornell.edu/2016/01/25/yael-levitte/)\nCarmel Lee, Director of Research Development (/node/6886)\nJosephine Martell, Director of Research Development, College of Agriculture and Life Sciences (https://cals.cornell.edu/josephine-martell)\nGayle Fagan,\u00a0Program Manager, Research Development (/contacts/gayle-fagan-sr-rd-program-communications-manager)\nQuick Reference\nRates (/rates)\nForms (/forms)\nPolicies (/policies)\nContacts (/contacts)\nTraining (/training)\nEvents (/events)\nNews & Announcements (/news)\n\u00a9 2019 Cornell University\nWeb Accessibility Help (mailto:rais-help@cornell.edu?subject=researchservices.cornell.edu%20site)"
}