{
    "URL location": "https://researchservices.cornell.edu/resources/postdoctoral-researcher-supplement-2023",
    "Last modification date": "2023-04-07T17:45Z",
    "Change frequency": "yearly",
    "Priority": "0.5",
    "Scraped Text": "Find guidance on funding and agency updates during the federal government transition(updated 3/19/2025) (/federal-transition)\nEssential ToolsFind My GCORASSExternalInstitutional Profile & DUNSIACUC applications (Cayuse Animal Management)Find Your Next Funding OpportunityIBC Applications (RASS-IBC)Research Development (ReD) ServicesIRB Applications (RASS-IRB)ExternalRates and budgetsReport external interests (RASS-COI)Join List ServsRASS Access Request FormAsk EHSExternalWeb Financials (WebFin2)ExternalCornell Data ServicesExternalPI DashboardExternalTravel RegistryExternalResearch Financials (formerly RA Dashboard)ExternalInternational research activitiesExternalRegister for Federal and Non-Federal SystemsDisclose Foreign Collaborations and SupportResearch metrics & executive dashboardsTraining (/about/essential-tools, /gco, http://guide.rass.cornell.edu/, /resources/institutional-profile-duns-and-uei-numbers, /resources/submit-new-iacuc-protocol, /proposal/Find-Your-Next-Funding-Opportunity, /resources/ibc-application-submission-review-and-approval, /research-development, https://rass.cornell.edu/irb, /proposal/budget, /compliance/conflict-of-interest, /resources/research-mailing-lists-list-servs, /resources/get-access-financial-sponsored-projects-data, https://tdx.cornell.edu/TDClient/42/Portal/Requests/TicketRequests/NewForm?ID=q5sab44D6GI_, http://webfin2.cornell.edu/, https://data.research.cornell.edu/, https://pidash.cornell.edu, https://travelregistry.cornell.edu/, http://radash.cornell.edu/, https://navigate.cornell.edu, /resources/register-federal-and-non-federal-systems, /proposal/disclose-foreign-collaborations-and-support, /resources/research-metrics, /training)\nFind My GCO (/gco)\nRASSExternal (http://guide.rass.cornell.edu/)\nInstitutional Profile & DUNS (/resources/institutional-profile-duns-and-uei-numbers)\nIACUC applications (Cayuse Animal Management) (/resources/submit-new-iacuc-protocol)\nFind Your Next Funding Opportunity (/proposal/Find-Your-Next-Funding-Opportunity)\nIBC Applications (RASS-IBC) (/resources/ibc-application-submission-review-and-approval)\nResearch Development (ReD) Services (/research-development)\nIRB Applications (RASS-IRB)External (https://rass.cornell.edu/irb)\nRates and budgets (/proposal/budget)\nReport external interests (RASS-COI) (/compliance/conflict-of-interest)\nJoin List Servs (/resources/research-mailing-lists-list-servs)\nRASS Access Request Form (/resources/get-access-financial-sponsored-projects-data)\nAsk EHSExternal (https://tdx.cornell.edu/TDClient/42/Portal/Requests/TicketRequests/NewForm?ID=q5sab44D6GI_)\nWeb Financials (WebFin2)External (http://webfin2.cornell.edu/)\nCornell Data ServicesExternal (https://data.research.cornell.edu/)\nPI DashboardExternal (https://pidash.cornell.edu)\nTravel RegistryExternal (https://travelregistry.cornell.edu/)\nResearch Financials (formerly RA Dashboard)External (http://radash.cornell.edu/)\nInternational research activitiesExternal (https://navigate.cornell.edu)\nRegister for Federal and Non-Federal Systems (/resources/register-federal-and-non-federal-systems)\nDisclose Foreign Collaborations and Support (/proposal/disclose-foreign-collaborations-and-support)\nResearch metrics & executive dashboards (/resources/research-metrics)\nTraining (/training)\nSearch (/search)\nPostdoctoral Researcher Supplement 2023\nOne-time payment to postdoctoral employees in recognition of inflationary pressures during the past year of their scholarship and research training at Cornell and reflects the support of the leadership at the colleges, departments, centers, and institutes that are the homes of their research projects.\nFull-time and part-time postdoctoral researchers that have been on the payroll as of January 1, 2023 and continued employment at the time of distribution are eligible.\nDistributed in the March 31 semimonthly paycheck or the March 30 biweekly paycheck.\nImplemented on all fund sources.\nFor less than full-time appointments, annualized full-time equivalent base pay reflects payment amount received (not annual base pay).\nImplemented centrally by EIB.\n\nUp to $49,999\n$1,000\n$50,000 to $59,999\n$900\n$60,000 to $69,999\n$800\n$70,000 to $79,999\n$700\n$80,000 to $89,999\n$600\n$90,000 to $99,999\n$500\n\nWhat if the employee is hired after the eligibility effective date?\nShould an employee begin employment with Cornell after January 1, 2023, they will not receive the payment.\nWhat if the employee\u2019s pay changes after January 1, 2023?\nThe Payment Amount is based on the employee\u2019s annualized base pay effective January 1, 2023.\nWhat if the employee is not on the payroll at the time of distribution?\nShould an employee terminate prior to March 31, 2023, effective date, they will not receive the payment.\nWhat if the employee earns above $99,999?\nEmployees with an annualized base pay greater than $99,999 are not eligible for the one-time payment.\nDo pay components in addition to base pay impact the payment amount?\nNo. Administrative supplements, allowances, bonuses, and additional payments are excluded from the payment calculation.\nHow will this payment be taxed?\nThe payment is categorized as a one-time payment discretionary bonus and will be charged the full fringe rate and CURP and Pension eligible. The amount of tax withheld will vary based on the tax withholding certificates (IRS Form W-4) that the employee has on file in Workday.\nAdditional Details regarding Tax Deferred Annuities\nIf individuals would like to adjust their TDA contribution for the same check as this one-time payment, please make the adjustment no later than March 22, 2023 for bi-weekly employees or March 24, 2023 for semi-monthly employees. Visit the TDA webpage under \u201cHow to Enroll and Change Contribution Allocations\u201d for further instructions. (https://hr.cornell.edu/understand-your-benefits/finances/retirement-savings/cornell-university-tax-deferred-annuity-plan)\nQuick Reference\nRates (/rates)\nForms (/forms)\nPolicies (/policies)\nContacts (/contacts)\nTraining (/training)\nEvents (/events)\nNews & Announcements (/news)\n\u00a9 2019 Cornell University\nWeb Accessibility Help (mailto:rais-help@cornell.edu?subject=researchservices.cornell.edu%20site)"
}