{
    "URL location": "https://researchservices.cornell.edu/compliance/research-safety",
    "Last modification date": "2022-04-14T15:56Z",
    "Change frequency": "never",
    "Priority": "0.5",
    "Scraped Text": "Find guidance on funding and agency updates during the federal government transition(updated 3/19/2025) (/federal-transition)\nEssential ToolsFind My GCORASSExternalInstitutional Profile & DUNSIACUC applications (Cayuse Animal Management)Find Your Next Funding OpportunityIBC Applications (RASS-IBC)Research Development (ReD) ServicesIRB Applications (RASS-IRB)ExternalRates and budgetsReport external interests (RASS-COI)Join List ServsRASS Access Request FormAsk EHSExternalWeb Financials (WebFin2)ExternalCornell Data ServicesExternalPI DashboardExternalTravel RegistryExternalResearch Financials (formerly RA Dashboard)ExternalInternational research activitiesExternalRegister for Federal and Non-Federal SystemsDisclose Foreign Collaborations and SupportResearch metrics & executive dashboardsTraining (/about/essential-tools, /gco, http://guide.rass.cornell.edu/, /resources/institutional-profile-duns-and-uei-numbers, /resources/submit-new-iacuc-protocol, /proposal/Find-Your-Next-Funding-Opportunity, /resources/ibc-application-submission-review-and-approval, /research-development, https://rass.cornell.edu/irb, /proposal/budget, /compliance/conflict-of-interest, /resources/research-mailing-lists-list-servs, /resources/get-access-financial-sponsored-projects-data, https://tdx.cornell.edu/TDClient/42/Portal/Requests/TicketRequests/NewForm?ID=q5sab44D6GI_, http://webfin2.cornell.edu/, https://data.research.cornell.edu/, https://pidash.cornell.edu, https://travelregistry.cornell.edu/, http://radash.cornell.edu/, https://navigate.cornell.edu, /resources/register-federal-and-non-federal-systems, /proposal/disclose-foreign-collaborations-and-support, /resources/research-metrics, /training)\nFind My GCO (/gco)\nRASSExternal (http://guide.rass.cornell.edu/)\nInstitutional Profile & DUNS (/resources/institutional-profile-duns-and-uei-numbers)\nIACUC applications (Cayuse Animal Management) (/resources/submit-new-iacuc-protocol)\nFind Your Next Funding Opportunity (/proposal/Find-Your-Next-Funding-Opportunity)\nIBC Applications (RASS-IBC) (/resources/ibc-application-submission-review-and-approval)\nResearch Development (ReD) Services (/research-development)\nIRB Applications (RASS-IRB)External (https://rass.cornell.edu/irb)\nRates and budgets (/proposal/budget)\nReport external interests (RASS-COI) (/compliance/conflict-of-interest)\nJoin List Servs (/resources/research-mailing-lists-list-servs)\nRASS Access Request Form (/resources/get-access-financial-sponsored-projects-data)\nAsk EHSExternal (https://tdx.cornell.edu/TDClient/42/Portal/Requests/TicketRequests/NewForm?ID=q5sab44D6GI_)\nWeb Financials (WebFin2)External (http://webfin2.cornell.edu/)\nCornell Data ServicesExternal (https://data.research.cornell.edu/)\nPI DashboardExternal (https://pidash.cornell.edu)\nTravel RegistryExternal (https://travelregistry.cornell.edu/)\nResearch Financials (formerly RA Dashboard)External (http://radash.cornell.edu/)\nInternational research activitiesExternal (https://navigate.cornell.edu)\nRegister for Federal and Non-Federal Systems (/resources/register-federal-and-non-federal-systems)\nDisclose Foreign Collaborations and Support (/proposal/disclose-foreign-collaborations-and-support)\nResearch metrics & executive dashboards (/resources/research-metrics)\nTraining (/training)\nSearch (/search)\nResearch Safety\nEnvironment, Health and Safety (EHS)\nResearch Safety, part of Environment, Health and Safety (EHS), is staffed by a team of Biological Safety, Chemical and Laboratory Safety, and Radiation Safety professionals who have the expertise to assist researchers mitigate and manage the risks associated with their research and meet regulatory and compliance requirements.\nResearch Safetyservices include: (https://ehs.cornell.edu/research-safety)\nConsultations with researchers to assess risks and recommend appropriate controls\nTraining\nLaboratory inspections\nIncident review and follow-up\nContact Research Safety for assistance viaaskEHS. (https://ehs.cornell.edu/about-us/contact-us/askehs)\nOur Programs\nBiological Safety\nBiological Safetyprogram areas include: (https://ehs.cornell.edu/research-safety/biosafety-biosecurity)\nHuman, animal, and plant pathogens, including (A)BSL 1, 2, and 3\nCell lines\nBloodborne pathogens\nSelect agents and toxins\nBiological safety cabinets\nBiological Safety Resources\nBiological Agent Reference Sheets (BARS) (https://ehs.cornell.edu/research-safety/biosafety-biosecurity/biological-safety-manuals-and-other-documents/bars-other)\nBiological Safety Manuals and Guidance Documents (https://ehs.cornell.edu/research-safety/biosafety-biosecurity/biological-safety-manuals-and-other-documents)\nChemical and Laboratory Safety\nChemical and Laboratory Safetyprogram areas include: (https://ehs.cornell.edu/research-safety/chemical-safety)\nHazardous chemicals and gases\nLaboratory ventilation and fume hoods\nControlled substances\nLaboratory signage\nChemical inventory\nChemical and Laboratory Safety Resources\nLaboratory Safety Manual & Chemical Hygiene Plan (https://ehs.cornell.edu/research-safety/chemical-safety)\nHazard Assessment & Signage Program (HASP) (https://ehs.cornell.edu/research-safety/general-laboratory-safety/hazard-assessment-and-signage-program-hasp)\nRadiation Safety\nRadiation Safetyprogram areas include: (https://ehs.cornell.edu/research-safety/radiation-safety)\nRadioactive materials\nRadiation producing equipment\nLaser safety\nMagnet safety\nUV/IR/RF\nNew faculty needing to work with the above materials and equipment mustcontact Radiation Safetyin advance to coordinate activities. (mailto:askEHS@cornell.edu)\nRadiation Safety Resources\nRadiation Safety Manual (https://ehs.cornell.edu/system/files/private/resource-files/radiation_safety_manual.pdf)\nOther EHS Resources for Researchers\nEmergency Management (https://ehs.cornell.edu/campus-health-safety/emergency-services)\nFire Safety (https://ehs.cornell.edu/campus-health-safety/fire-and-life-safety)\nHazardous Materials Shipping (https://ehs.cornell.edu/shipping-and-transportation/hazardous-materials-shipping-dot)\nHazardous Waste (chemical, radioactive, biological, and regulated medical waste) (https://ehs.cornell.edu/environmental-compliance/hazardous-materials-waste)\nHearing Conservation (https://ehs.cornell.edu/campus-health-safety/occupational-health/noise-and-hearing-conservation)\nInjury/Illness/Exposure Reporting (https://ehs.cornell.edu/incident-reporting)\nReproductive Health (https://ehs.cornell.edu/research-safety/general-laboratory-safety/reproductive-health)\nRespiratory Protection (https://ehs.cornell.edu/campus-health-safety/occupational-health/respiratory-protection)\nRisk Management and Insurance (https://www.risk.cornell.edu/)\n\nInstitutional Biosafety Committee'sprimary objective is to safeguard protection of personnel, the general public, and the environment. To meet this goal, the IBC imposes requirements for safe laboratory and biological safety practices; reviews and approves policies, procedures, training, programs and facilities pursuant to the safe use of r/sNA, biohazardous materials, and biotoxins. See theRecombinant or Synthetic Nucleic Acid Molecules or Biohazardous Materials pagefor more information. (/compliance/rsna-or-biohazardous-research)\nCompliance, Ethics, Safety (/compliance)\nQuick Reference\nRates (/rates)\nForms (/forms)\nPolicies (/policies)\nContacts (/contacts)\nTraining (/training)\nEvents (/events)\nNews & Announcements (/news)\n\u00a9 2019 Cornell University\nWeb Accessibility Help (mailto:rais-help@cornell.edu?subject=researchservices.cornell.edu%20site)"
}