{
    "URL location": "https://researchservices.cornell.edu/resources/export-controls-regulations-and-overview",
    "Last modification date": "2025-02-10T19:50Z",
    "Change frequency": "monthly",
    "Priority": "0.5",
    "Scraped Text": "Find guidance on funding and agency updates during the federal government transition(updated 3/19/2025) (/federal-transition)\nEssential ToolsFind My GCORASSExternalInstitutional Profile & DUNSIACUC applications (Cayuse Animal Management)Find Your Next Funding OpportunityIBC Applications (RASS-IBC)Research Development (ReD) ServicesIRB Applications (RASS-IRB)ExternalRates and budgetsReport external interests (RASS-COI)Join List ServsRASS Access Request FormAsk EHSExternalWeb Financials (WebFin2)ExternalCornell Data ServicesExternalPI DashboardExternalTravel RegistryExternalResearch Financials (formerly RA Dashboard)ExternalInternational research activitiesExternalRegister for Federal and Non-Federal SystemsDisclose Foreign Collaborations and SupportResearch metrics & executive dashboardsTraining (/about/essential-tools, /gco, http://guide.rass.cornell.edu/, /resources/institutional-profile-duns-and-uei-numbers, /resources/submit-new-iacuc-protocol, /proposal/Find-Your-Next-Funding-Opportunity, /resources/ibc-application-submission-review-and-approval, /research-development, https://rass.cornell.edu/irb, /proposal/budget, /compliance/conflict-of-interest, /resources/research-mailing-lists-list-servs, /resources/get-access-financial-sponsored-projects-data, https://tdx.cornell.edu/TDClient/42/Portal/Requests/TicketRequests/NewForm?ID=q5sab44D6GI_, http://webfin2.cornell.edu/, https://data.research.cornell.edu/, https://pidash.cornell.edu, https://travelregistry.cornell.edu/, http://radash.cornell.edu/, https://navigate.cornell.edu, /resources/register-federal-and-non-federal-systems, /proposal/disclose-foreign-collaborations-and-support, /resources/research-metrics, /training)\nFind My GCO (/gco)\nRASSExternal (http://guide.rass.cornell.edu/)\nInstitutional Profile & DUNS (/resources/institutional-profile-duns-and-uei-numbers)\nIACUC applications (Cayuse Animal Management) (/resources/submit-new-iacuc-protocol)\nFind Your Next Funding Opportunity (/proposal/Find-Your-Next-Funding-Opportunity)\nIBC Applications (RASS-IBC) (/resources/ibc-application-submission-review-and-approval)\nResearch Development (ReD) Services (/research-development)\nIRB Applications (RASS-IRB)External (https://rass.cornell.edu/irb)\nRates and budgets (/proposal/budget)\nReport external interests (RASS-COI) (/compliance/conflict-of-interest)\nJoin List Servs (/resources/research-mailing-lists-list-servs)\nRASS Access Request Form (/resources/get-access-financial-sponsored-projects-data)\nAsk EHSExternal (https://tdx.cornell.edu/TDClient/42/Portal/Requests/TicketRequests/NewForm?ID=q5sab44D6GI_)\nWeb Financials (WebFin2)External (http://webfin2.cornell.edu/)\nCornell Data ServicesExternal (https://data.research.cornell.edu/)\nPI DashboardExternal (https://pidash.cornell.edu)\nTravel RegistryExternal (https://travelregistry.cornell.edu/)\nResearch Financials (formerly RA Dashboard)External (http://radash.cornell.edu/)\nInternational research activitiesExternal (https://navigate.cornell.edu)\nRegister for Federal and Non-Federal Systems (/resources/register-federal-and-non-federal-systems)\nDisclose Foreign Collaborations and Support (/proposal/disclose-foreign-collaborations-and-support)\nResearch metrics & executive dashboards (/resources/research-metrics)\nTraining (/training)\nSearch (/search)\nExport Controls: Regulations and Overview\nExport Control Laws - Regulations and Overview\nCornell University is fully committed to compliance with all U.S. Government export control laws and regulations. Export Compliance is the responsibility of all Cornell University faculty, staff, and students. Penalties for non-compliance\u00a0are severe and impact both the institution and the individual.\nExport Control Laws and Regulations\n\"Export Controls\" are federal laws and regulations that govern the transfer or disclosure of goods, technology, data, software, services, information, and funds (collectively \"Items\"). Export Control laws apply not only to transfers out of the country, but to some in-country transfers as well. They apply to all disclosures, including but not limited to electronic, visual, oral, and physical disclosures.\nInternational Traffic in Arms Regulations (ITAR)Citation:22 CFR 120-130Agency: Directorate of Defense Trade Controls (DDTC), US Department of StateStatutory Authority: Arms Export Control Act (AECA)Scope: Primarily military itemsExamples of Items controlled: satellite technology, some unmanned aerial vehicles, global positioning systems, chemicals, night vision technology, navigation systems, sonar and radar systems, military electronics and software. (https://www.pmddtc.state.gov/?id=ddtc_kb_article_page&sys_id=%2024d528fddbfc930044f9ff621f961987)\nCitation:22 CFR 120-130 (https://www.pmddtc.state.gov/?id=ddtc_kb_article_page&sys_id=%2024d528fddbfc930044f9ff621f961987)\nAgency: Directorate of Defense Trade Controls (DDTC), US Department of State\nStatutory Authority: Arms Export Control Act (AECA)\nScope: Primarily military items\nExamples of Items controlled: satellite technology, some unmanned aerial vehicles, global positioning systems, chemicals, night vision technology, navigation systems, sonar and radar systems, military electronics and software.\nExport Administration Regulations (EAR)Citation:15 CFR chapter VII, subchapter CAgency: Bureau of Industry & Security (BIS), US Department of CommerceStatutory Authority: Export Administration Act (EAA) and the International Emergency Economic Powers Act (IEEPA)Scope: Items not controlled by another agency and\u00a0predominantly related to dual-use (those with military and commercial utility) technology which may or may not be listed on the Commerce Control List.Examples of Items controlled: lasers, software, cameras, encryption technology, sensors, navigation and avionics, propulsion systems, toxins, chemicals, bacteria, fungi, viruses, genetic and biological materials, and commercial electronics (phones, laptops, PDAs). (https://www.gpo.gov/fdsys/granule/CFR-2012-title15-vol2/CFR-2012-title15-vol2-subtitleB-chapVII-subchapC)\nCitation:15 CFR chapter VII, subchapter C (https://www.gpo.gov/fdsys/granule/CFR-2012-title15-vol2/CFR-2012-title15-vol2-subtitleB-chapVII-subchapC)\nAgency: Bureau of Industry & Security (BIS), US Department of Commerce\nStatutory Authority: Export Administration Act (EAA) and the International Emergency Economic Powers Act (IEEPA)\nScope: Items not controlled by another agency and\u00a0predominantly related to dual-use (those with military and commercial utility) technology which may or may not be listed on the Commerce Control List.\nExamples of Items controlled: lasers, software, cameras, encryption technology, sensors, navigation and avionics, propulsion systems, toxins, chemicals, bacteria, fungi, viruses, genetic and biological materials, and commercial electronics (phones, laptops, PDAs).\nEmbargoes and Trade Sanctions or Foreign Assets Control Regulations (FACR)Citation:31 CFR 500-598Agency: Office of Foreign Assets Control, US Department of the TreasuryStatutory Authority: Presidential National Emergency Powers and various legislation impacting international tradeScope: Targets individuals, entities, and locations - as opposed to specific technology. Restricts the flow of financial assets, goods and services.Examples of ControlsComprehensively Sanctioned Countries: Iran, Cuba, Ukraine (Crimea, DNR, and LNR regions), Russia, Syria, and North Korea.List-Based: Counter Terrorism, Non-proliferation, and Counter Narcotics Trafficking.TheIran Sanctions Guidance Documentspells out specifics for Cornell faculty, staff, and students wishing to travel to Iran or engage with and Iranian entity. (https://www.gpo.gov/fdsys/granule/CFR-2004-title31-vol2/CFR-2004-title31-vol2-part500/content-detail.html, /policies/export-controls-iran-sanctions-guidance-document)\nCitation:31 CFR 500-598 (https://www.gpo.gov/fdsys/granule/CFR-2004-title31-vol2/CFR-2004-title31-vol2-part500/content-detail.html)\nAgency: Office of Foreign Assets Control, US Department of the Treasury\nStatutory Authority: Presidential National Emergency Powers and various legislation impacting international trade\nScope: Targets individuals, entities, and locations - as opposed to specific technology. Restricts the flow of financial assets, goods and services.\nExamples of ControlsComprehensively Sanctioned Countries: Iran, Cuba, Ukraine (Crimea, DNR, and LNR regions), Russia, Syria, and North Korea.List-Based: Counter Terrorism, Non-proliferation, and Counter Narcotics Trafficking.\nComprehensively Sanctioned Countries: Iran, Cuba, Ukraine (Crimea, DNR, and LNR regions), Russia, Syria, and North Korea.\nList-Based: Counter Terrorism, Non-proliferation, and Counter Narcotics Trafficking.\nTheIran Sanctions Guidance Documentspells out specifics for Cornell faculty, staff, and students wishing to travel to Iran or engage with and Iranian entity. (/policies/export-controls-iran-sanctions-guidance-document)\nOther Federal Agencies with Export Control Authority\nAlthough the Departments of State, Commerce & Treasury are the primary agencies with export control authority, there are other agencies that have authority over certain\u00a0types of goods and materials. The agencies listed below are examples, not a comprehensive list:\nOffice of Diversion Control, Drug Enforcement Agency, Department of JusticeImport/Export Quick Reference Guideandwebsite (http://www.deadiversion.usdoj.gov/imp_exp/doc/index.html, http://www.deadiversion.usdoj.gov/index.html)\nFood and Drug AdministrationExport Guidance website (https://www.fda.gov/regulatory-information/search-fda-guidance-documents/fda-export-certificates)\nUS Fish & Wildlife Service, Department of the InteriorUSFWS Import/Export Permitwebsite (http://www.fws.gov/permits/ImportExport/ImportExport.html)\nNuclear Regulatory CommissionNRC Export-Importwebsite (http://www.nrc.gov/about-nrc/ip/export-import.html)\nDepartment of EnergyNational Nuclear Security Administrationwebsite; Office of Nuclear Energywebsite (https://www.energy.gov/nnsa/national-nuclear-security-administration, https://www.energy.gov/ne/office-nuclear-energy)\nAnimal and Plant Health Inspection Service, Department of AgricultureAPHIS Import/Exportwebsite (http://www.aphis.usda.gov/import_export/index.shtml)\nThis is not a comprehensive list of all US export control regulations; additional laws and regulations exist, but typically university activities will not involve data, goods, or services under their jurisdiction. TheExport Controls Officeprovides consultative expertise\u00a0and will assist researchers in contacting the appropriate cognizant agency for other regulations. (/offices/export-controls-office)\nLicense Requirements\nEAR: If an item isEAR-controlled, it may need an export license based on its Export Control Classification Number, destination country, the end user and the end use, if no exceptions apply.The application for an EAR license is a detailed summary of what the item is, who will be using it and for what, the identities of individuals and entities who will have custody on its way to the end user, its value, and other necessary information.Once submitted, it may take up to 90 days to receive the license. (http://www.bis.doc.gov/index.php/regulations/commerce-control-list-ccl)\nThe application for an EAR license is a detailed summary of what the item is, who will be using it and for what, the identities of individuals and entities who will have custody on its way to the end user, its value, and other necessary information.\nOnce submitted, it may take up to 90 days to receive the license.\nITAR:AllITAR controlled itemsrequire an ITAR license for export.The application for an ITAR license is a detailed summary of what the item is, who will be using it and for what, the identities of individuals and entities who will have custody on its way to the end user, its value, and other information.Once submitted, it may take more than 90 days to receive the\u00a0license. (https://www.pmddtc.state.gov/?id=ddtc_kb_article_page&sys_id=%2024d528fddbfc930044f9ff621f961987)\nThe application for an ITAR license is a detailed summary of what the item is, who will be using it and for what, the identities of individuals and entities who will have custody on its way to the end user, its value, and other information.\nOnce submitted, it may take more than 90 days to receive the\u00a0license.\nA license may also be required to discloseEARcontrolled technology, information, source code or object code to foreign nationals located in the U.S. In addition, anythingITARcontrolled (i.e. technology, information, source code, object code, material, items, equipment) may not be accessed by foreign nationals in the U.S. OR by anyone (i.e. foreign nationals, U.S. citizens) located outside of the U.S. An OFAC license will be required prior to engaging with certain sanctioned entities or countries.\nTheExport Controls Officecan assist in determining the ECCN or United States Munitions List ID of the item(s) you wish to export, or any exceptions which apply to the transaction. We will also apply for any required licenses on Cornell's behalf. (/offices/export-controls-office)\nExport Controls Office (/offices/export-controls-office)\nExport Controls (/export-controls)\nDrusilla Jaiah - Export Control Associate (/contact/dbj43)\nJoi Mindingall - Research Security | Export Control Officer (/contact/jmm793)\nExport Control and Confidentiality Agreements (/resources/export-control-and-confidentiality-agreements)\nDetecting and Reporting Export Controls Violations (/policies/detecting-and-reporting-export-controls-violations)\nUkraine/Russia Transactions Guidance (/news/ukrainerussia-transactions-guidance)\nExport Controls Frequently Asked Questions (FAQ) (/resources/export-controls-frequently-asked-questions-faq)\nUniversity Policy 4.22, Export and Import Control Compliance (https://policy.cornell.edu/policy-library/export-and-import-control-compliance)\nOff-Campus Research (/resources/campus-research)\nImport Control (/resources/import-control)\nQuick Reference\nRates (/rates)\nForms (/forms)\nPolicies (/policies)\nContacts (/contacts)\nTraining (/training)\nEvents (/events)\nNews & Announcements (/news)\n\u00a9 2019 Cornell University\nWeb Accessibility Help (mailto:rais-help@cornell.edu?subject=researchservices.cornell.edu%20site)"
}