{
    "URL location": "https://researchservices.cornell.edu/news/grantsgov-scheduled-downtime-923-929-nih-deadlines-extended",
    "Last modification date": "2022-09-15T18:56Z",
    "Change frequency": "never",
    "Priority": "0.5",
    "Scraped Text": "Find guidance on funding and agency updates during the federal government transition(updated 3/19/2025) (/federal-transition)\nEssential ToolsFind My GCORASSExternalInstitutional Profile & DUNSIACUC applications (Cayuse Animal Management)Find Your Next Funding OpportunityIBC Applications (RASS-IBC)Research Development (ReD) ServicesIRB Applications (RASS-IRB)ExternalRates and budgetsReport external interests (RASS-COI)Join List ServsRASS Access Request FormAsk EHSExternalWeb Financials (WebFin2)ExternalCornell Data ServicesExternalPI DashboardExternalTravel RegistryExternalResearch Financials (formerly RA Dashboard)ExternalInternational research activitiesExternalRegister for Federal and Non-Federal SystemsDisclose Foreign Collaborations and SupportResearch metrics & executive dashboardsTraining (/about/essential-tools, /gco, http://guide.rass.cornell.edu/, /resources/institutional-profile-duns-and-uei-numbers, /resources/submit-new-iacuc-protocol, /proposal/Find-Your-Next-Funding-Opportunity, /resources/ibc-application-submission-review-and-approval, /research-development, https://rass.cornell.edu/irb, /proposal/budget, /compliance/conflict-of-interest, /resources/research-mailing-lists-list-servs, /resources/get-access-financial-sponsored-projects-data, https://tdx.cornell.edu/TDClient/42/Portal/Requests/TicketRequests/NewForm?ID=q5sab44D6GI_, http://webfin2.cornell.edu/, https://data.research.cornell.edu/, https://pidash.cornell.edu, https://travelregistry.cornell.edu/, http://radash.cornell.edu/, https://navigate.cornell.edu, /resources/register-federal-and-non-federal-systems, /proposal/disclose-foreign-collaborations-and-support, /resources/research-metrics, /training)\nFind My GCO (/gco)\nRASSExternal (http://guide.rass.cornell.edu/)\nInstitutional Profile & DUNS (/resources/institutional-profile-duns-and-uei-numbers)\nIACUC applications (Cayuse Animal Management) (/resources/submit-new-iacuc-protocol)\nFind Your Next Funding Opportunity (/proposal/Find-Your-Next-Funding-Opportunity)\nIBC Applications (RASS-IBC) (/resources/ibc-application-submission-review-and-approval)\nResearch Development (ReD) Services (/research-development)\nIRB Applications (RASS-IRB)External (https://rass.cornell.edu/irb)\nRates and budgets (/proposal/budget)\nReport external interests (RASS-COI) (/compliance/conflict-of-interest)\nJoin List Servs (/resources/research-mailing-lists-list-servs)\nRASS Access Request Form (/resources/get-access-financial-sponsored-projects-data)\nAsk EHSExternal (https://tdx.cornell.edu/TDClient/42/Portal/Requests/TicketRequests/NewForm?ID=q5sab44D6GI_)\nWeb Financials (WebFin2)External (http://webfin2.cornell.edu/)\nCornell Data ServicesExternal (https://data.research.cornell.edu/)\nPI DashboardExternal (https://pidash.cornell.edu)\nTravel RegistryExternal (https://travelregistry.cornell.edu/)\nResearch Financials (formerly RA Dashboard)External (http://radash.cornell.edu/)\nInternational research activitiesExternal (https://navigate.cornell.edu)\nRegister for Federal and Non-Federal Systems (/resources/register-federal-and-non-federal-systems)\nDisclose Foreign Collaborations and Support (/proposal/disclose-foreign-collaborations-and-support)\nResearch metrics & executive dashboards (/resources/research-metrics)\nTraining (/training)\nSearch (/search)\nGrants.gov Scheduled Downtime 9/23-9/29; NIH Deadlines Extended\nFind My GCO (Grant & Contract Officer) (/gco)\nGrants.govhas scheduled a system outage from Friday, September 23rdat 12:01 AM Eastern to Thursday, September 29th at 11:59 PM Eastern to migrate their services to the Cloud. During this time, Grants.gov will be unavailable to all users.Additional information regarding this outage can be locatedhere. All users are encouraged to plan ahead to ensure sufficient time to access Grants.gov applications before submission deadlines. (https://www.grants.gov/support/calendar.html, https://www.grants.gov/support/calendar.html)\nAs a result of this scheduled outage,NIH has issuedPolicy Notice NOT-OD-22-190to extend proposal due dates that fall on or between Thursday September 22ndand Friday, September 30thto Monday, October 3rdwith the following caveats; (https://grants.nih.gov/grants/guide/notice-files/NOT-OD-22-190.html)\nEdits to due dates within the text of individual funding opportunitieswill notbe made.\nApplicants planning to submit to NIH under theContinuous Submissionpolicy should consider this downtime when planning their submission. (https://grants.nih.gov/policy/peer/continuous-submission.htm)\nThe two-week window of consideration associated with theNIH Late Application Policy(when applicable) will be calculated from theoriginaldue dates. (https://grants.nih.gov/grants/how-to-apply-application-guide/due-dates-and-submission-policies/submission-policies.htm#la)\nThe two-dayapplication viewing windowin eRA Commons will continue to function as normal for applications successfully submitted through Grants.gov. Applicants are reminded toReject their application in eRA Commons,if a corrective submission is planned prior to the October 3 due date. Otherwise, it may be necessary to officiallyWithdraw Your Applicationto submit a changed/corrected application prior to the due date. (https://grants.nih.gov/grants/glossary.htm#ApplicationViewingWindow, https://www.era.nih.gov/erahelp/Commons/default.htm#Commons/status/reject_eAppl_scn_KB.htm?Highlight=reject, https://grants.nih.gov/grants/withdraw-your-application.htm)\nPlease direct any questions to yourGrant & Contract Officer. (/gco)\nQuick Reference\nRates (/rates)\nForms (/forms)\nPolicies (/policies)\nContacts (/contacts)\nTraining (/training)\nEvents (/events)\nNews & Announcements (/news)\n\u00a9 2019 Cornell University\nWeb Accessibility Help (mailto:rais-help@cornell.edu?subject=researchservices.cornell.edu%20site)"
}