{
    "URL location": "https://researchservices.cornell.edu/resources/exchange-commercially-unavailable-materials",
    "Last modification date": "2023-07-11T15:34Z",
    "Change frequency": "yearly",
    "Priority": "0.5",
    "Scraped Text": "Find guidance on funding and agency updates during the federal government transition(updated 3/19/2025) (/federal-transition)\nEssential ToolsFind My GCORASSExternalInstitutional Profile & DUNSIACUC applications (Cayuse Animal Management)Find Your Next Funding OpportunityIBC Applications (RASS-IBC)Research Development (ReD) ServicesIRB Applications (RASS-IRB)ExternalRates and budgetsReport external interests (RASS-COI)Join List ServsRASS Access Request FormAsk EHSExternalWeb Financials (WebFin2)ExternalCornell Data ServicesExternalPI DashboardExternalTravel RegistryExternalResearch Financials (formerly RA Dashboard)ExternalInternational research activitiesExternalRegister for Federal and Non-Federal SystemsDisclose Foreign Collaborations and SupportResearch metrics & executive dashboardsTraining (/about/essential-tools, /gco, http://guide.rass.cornell.edu/, /resources/institutional-profile-duns-and-uei-numbers, /resources/submit-new-iacuc-protocol, /proposal/Find-Your-Next-Funding-Opportunity, /resources/ibc-application-submission-review-and-approval, /research-development, https://rass.cornell.edu/irb, /proposal/budget, /compliance/conflict-of-interest, /resources/research-mailing-lists-list-servs, /resources/get-access-financial-sponsored-projects-data, https://tdx.cornell.edu/TDClient/42/Portal/Requests/TicketRequests/NewForm?ID=q5sab44D6GI_, http://webfin2.cornell.edu/, https://data.research.cornell.edu/, https://pidash.cornell.edu, https://travelregistry.cornell.edu/, http://radash.cornell.edu/, https://navigate.cornell.edu, /resources/register-federal-and-non-federal-systems, /proposal/disclose-foreign-collaborations-and-support, /resources/research-metrics, /training)\nFind My GCO (/gco)\nRASSExternal (http://guide.rass.cornell.edu/)\nInstitutional Profile & DUNS (/resources/institutional-profile-duns-and-uei-numbers)\nIACUC applications (Cayuse Animal Management) (/resources/submit-new-iacuc-protocol)\nFind Your Next Funding Opportunity (/proposal/Find-Your-Next-Funding-Opportunity)\nIBC Applications (RASS-IBC) (/resources/ibc-application-submission-review-and-approval)\nResearch Development (ReD) Services (/research-development)\nIRB Applications (RASS-IRB)External (https://rass.cornell.edu/irb)\nRates and budgets (/proposal/budget)\nReport external interests (RASS-COI) (/compliance/conflict-of-interest)\nJoin List Servs (/resources/research-mailing-lists-list-servs)\nRASS Access Request Form (/resources/get-access-financial-sponsored-projects-data)\nAsk EHSExternal (https://tdx.cornell.edu/TDClient/42/Portal/Requests/TicketRequests/NewForm?ID=q5sab44D6GI_)\nWeb Financials (WebFin2)External (http://webfin2.cornell.edu/)\nCornell Data ServicesExternal (https://data.research.cornell.edu/)\nPI DashboardExternal (https://pidash.cornell.edu)\nTravel RegistryExternal (https://travelregistry.cornell.edu/)\nResearch Financials (formerly RA Dashboard)External (http://radash.cornell.edu/)\nInternational research activitiesExternal (https://navigate.cornell.edu)\nRegister for Federal and Non-Federal Systems (/resources/register-federal-and-non-federal-systems)\nDisclose Foreign Collaborations and Support (/proposal/disclose-foreign-collaborations-and-support)\nResearch metrics & executive dashboards (/resources/research-metrics)\nTraining (/training)\nSearch (/search)\nExchange Commercially Unavailable Materials\nwith a Material Transfer Agreement (MTA)\nNFA (Non-Financial Agreements) (/forms/nfa-non-financial-agreements)\nAn MTA is used to govern the transfer of tangible materials from/to an organization, where the recipient intends to use the materials for research purposes.\nThe MTA defines the rights of the provider and the recipient with respect to the materials and any derivatives. Biological materials, such as reagents, cell lines, plasmids, and vectors, are the most frequently transferred materials, but MTAs may also be used for other types of materials, such as chemical compounds and even some types of software. This category also includes orders processed through material repositories such as Addgene, the non-profit plasmid repository.\nWhen investigators want to obtain material for their research from outside the University, they should contact the Office of Sponsored Programs (OSP) atosp_mta@cornell.edu. OSP is responsible for entering into agreements for incoming materials. (mailto:osp_mta@cornell.edu)\nOSP has signed a Master Reception Agreement with Addgene. This agreement covers all requests for materials from Addgene that fall under the standard Uniform Biological Material Transfer Agreement (UBMTA) terms. Because OSP has signed this master agreement, individual standard Addgene MTAs no longer need to be processed through OSP. Investigators may request material directly through the Addgene online system. When material is requested, investigators will be asked to acknowledge the terms of use and assert that applicable compliances are in place. Addgene will then distribute the material to the investigator. Addgene will inform OSP when materials have been requested but OSP will not administer or track the individual orders.\nIf/when investigators choose to make their materials available to others they should contact theCornell Center for Technology and Licensing(CTL) at(607) 254-4698. CTL is responsible for the licensing and use of Cornell intellectual property. (http://www.ctl.cornell.edu/, tel:(607) 254-4698)\nProcess for negotiating an MTA (/sites/default/files/2019-06/ProceduresForIncomingMTA_2018.07.18.pdf)\nGet Confidential Information, Data, Equipment or Materials (/manage/get-confidential-information-data-equipment-or-materials)\nStandard Individual/Unilateral Non-Disclosure Agreement (NDA) (/resources/standard-individualunilateral-non-disclosure-agreement-nda)\nExchange Confidential Information (/resources/exchange-confidential-information)\nExchange Commercially Unavailable/Restricted Data (/resources/exchange-commercially-unavailablerestricted-data)\nQuick Reference\nRates (/rates)\nForms (/forms)\nPolicies (/policies)\nContacts (/contacts)\nTraining (/training)\nEvents (/events)\nNews & Announcements (/news)\n\u00a9 2019 Cornell University\nWeb Accessibility Help (mailto:rais-help@cornell.edu?subject=researchservices.cornell.edu%20site)"
}