{
    "URL location": "https://researchservices.cornell.edu/resources/irb-biomedical-research",
    "Last modification date": "2025-01-29T17:34Z",
    "Change frequency": "monthly",
    "Priority": "0.5",
    "Scraped Text": "Find guidance on funding and agency updates during the federal government transition(updated 3/19/2025) (/federal-transition)\nEssential ToolsFind My GCORASSExternalInstitutional Profile & DUNSIACUC applications (Cayuse Animal Management)Find Your Next Funding OpportunityIBC Applications (RASS-IBC)Research Development (ReD) ServicesIRB Applications (RASS-IRB)ExternalRates and budgetsReport external interests (RASS-COI)Join List ServsRASS Access Request FormAsk EHSExternalWeb Financials (WebFin2)ExternalCornell Data ServicesExternalPI DashboardExternalTravel RegistryExternalResearch Financials (formerly RA Dashboard)ExternalInternational research activitiesExternalRegister for Federal and Non-Federal SystemsDisclose Foreign Collaborations and SupportResearch metrics & executive dashboardsTraining (/about/essential-tools, /gco, http://guide.rass.cornell.edu/, /resources/institutional-profile-duns-and-uei-numbers, /resources/submit-new-iacuc-protocol, /proposal/Find-Your-Next-Funding-Opportunity, /resources/ibc-application-submission-review-and-approval, /research-development, https://rass.cornell.edu/irb, /proposal/budget, /compliance/conflict-of-interest, /resources/research-mailing-lists-list-servs, /resources/get-access-financial-sponsored-projects-data, https://tdx.cornell.edu/TDClient/42/Portal/Requests/TicketRequests/NewForm?ID=q5sab44D6GI_, http://webfin2.cornell.edu/, https://data.research.cornell.edu/, https://pidash.cornell.edu, https://travelregistry.cornell.edu/, http://radash.cornell.edu/, https://navigate.cornell.edu, /resources/register-federal-and-non-federal-systems, /proposal/disclose-foreign-collaborations-and-support, /resources/research-metrics, /training)\nFind My GCO (/gco)\nRASSExternal (http://guide.rass.cornell.edu/)\nInstitutional Profile & DUNS (/resources/institutional-profile-duns-and-uei-numbers)\nIACUC applications (Cayuse Animal Management) (/resources/submit-new-iacuc-protocol)\nFind Your Next Funding Opportunity (/proposal/Find-Your-Next-Funding-Opportunity)\nIBC Applications (RASS-IBC) (/resources/ibc-application-submission-review-and-approval)\nResearch Development (ReD) Services (/research-development)\nIRB Applications (RASS-IRB)External (https://rass.cornell.edu/irb)\nRates and budgets (/proposal/budget)\nReport external interests (RASS-COI) (/compliance/conflict-of-interest)\nJoin List Servs (/resources/research-mailing-lists-list-servs)\nRASS Access Request Form (/resources/get-access-financial-sponsored-projects-data)\nAsk EHSExternal (https://tdx.cornell.edu/TDClient/42/Portal/Requests/TicketRequests/NewForm?ID=q5sab44D6GI_)\nWeb Financials (WebFin2)External (http://webfin2.cornell.edu/)\nCornell Data ServicesExternal (https://data.research.cornell.edu/)\nPI DashboardExternal (https://pidash.cornell.edu)\nTravel RegistryExternal (https://travelregistry.cornell.edu/)\nResearch Financials (formerly RA Dashboard)External (http://radash.cornell.edu/)\nInternational research activitiesExternal (https://navigate.cornell.edu)\nRegister for Federal and Non-Federal Systems (/resources/register-federal-and-non-federal-systems)\nDisclose Foreign Collaborations and Support (/proposal/disclose-foreign-collaborations-and-support)\nResearch metrics & executive dashboards (/resources/research-metrics)\nTraining (/training)\nSearch (/search)\nIRB Biomedical Research\nInformation and resources related to conducting biomedical research with human participants\nA limited number of biomedical procedures are used in human participant studies on the Ithaca campus. These procedures must be conducted in a manner that assures the safety and privacy of participants. Many such procedures must be conducted in specialized spaces on campus, to ensure that research support is appropriately provided, with trained and qualified personnel conducting the procedures. For detailed information on working with these facilities or conducting any biomedical research on campus, please reviewIRB Policy #19. (/policies/irb-policy-19-use-physiological-devices-biomedical-procedures-or-biological-samples-human)\nGeneral Guidance for Preparing an IRB Application with Biomedical Procedures\nWhen submitting an IRB application involving biomedical procedures, follow the steps and include the information and documents described below:\nSubmit a New Protocol\nCreate a new protocol in RASS-IRB (https://rass.cornell.edu/irb)\nHow-to documentation for how to create a new protocol or complete other tasks in RASS-IRB is available on theRASS Guide Site. (http://guide.rass.cornell.edu/)\nCreating a Consent Form for Biomedical Procedures\nAll IRB applications involving active collection of specimens must include a consent form. Below please find a general biomedical consent form template that can be adapted for your needs. Note, if your application involves blood draws or fMRI, specific consent forms for these procedures need to be used. You can find these consent templates in the section below concerning specific biomedical procedures.\nEditable consent form for biomedical procedures (general) (/sites/default/files/2019-05/IRB%20consent%20template%20-%20biomedical.doc)\nGuides and Templates for Specific Biomedical Procedures\nBlood Draws Using Venipuncture\nReview the guidance below before you start planning for blood draws for research. It contains useful links and resources that will help to make the application and review process go smoothly and fast. We strongly recommend that researchers use the research support services for blood draws offered by Gannett Health Services or the HMRU.\nRead this first:IRB Guidance: Venipuncture (/policies/venipuncture-guidance-research-human-subjects, /policies/venipuncture-guidance-research-human-subjects)\nThe standard, IRB-approved consent language and standard operating procedures (SOP) for blood draws are provided in the templates below. Researchers are welcome to edit the templates for their project, but are encouraged only to make those changes to standard language that are truly necessary, as any material changes will need to be reviewed by Occupational Medicine and the IRB, and may add additional time to the protocol approval process.\nEditable Standard Operating Procedure and Take Home Sheet: Venipuncture(to be used only if blood draws are not being done at Cornell Health Services) (/sites/default/files/2019-05/Editable%20SOP%20for%20Venipuncture%202016.docx)\nEditable Consent Form: Venipuncture (/sites/default/files/2019-05/Template%20venipuncture%20Consent%20Form%202016.docx)\nBlood Draws Using Finger Stick\nThe standard, IRB-approved consent language and standard operating procedures (SOP) for capillary blood draws (also known as finger sticks) are provided in the templates below. Researchers are welcome to edit the templates for their project, but are encouraged only to make those changes to standard language that are truly necessary, as any material changes will need to be reviewed by Occupational Medicine and the IRB, and may add additional time to the protocol approval process.\nEditable Standard Operating Procedure and Take Home Sheet: Finger Stick (/sites/default/files/2019-05/Editable%20SOP%20for%20Finger%20Stick%202016.docx)\nEditable Consent Form: Finger Stick (/sites/default/files/2019-05/Template%20Finger%20Stick%20Consent%20Form%202016.docx)\nMagnetic Resonance Imaging (MRI)\nTheCornell MRI Facility(CMRIF) is a university-wide resource located on the ground floor of Martha Van Rensselaer Hall. For all scans with human participants performed in the CMRIF, use this CMRIF- and IRB-approvedinformed consent form template. (https://www.human.cornell.edu/hd/research/labs/mri/home, /sites/default/files/2021-03/CMRIF_template_consent_form%20%5Bapproved%5D.docx)\nPlease edit the consent template for your project, but only make those changes that are truly necessary; any material changes will need to be reviewed by Occupational Medicine and the IRB, and will add additional time to the protocol review process. When submitting your IRB protocol application, please provide both a tracked-changes and clean version of your CMRIF consent form.\nPlease contact theCMRIFdirectly for more information about how the facility works and other resources for researchers. (https://www.human.cornell.edu/hd/research/labs/mri/home)\nOther Biomedical Procedures\nContact the Human Metabolic Research Unit (HMRU)for guidance on urine sample collection, pregnancy testing, and respiratory tracking studies. (http://www.human.cornell.edu/DNS/hmru/index.cfm)\nContact theIRB officefor guidance on conducting research involving fecal sample collection and blood pressure measurements. (/offices/IRB)\nContact the EEG labfor guidance on EDA (ElectroDermal Activity), Bioelectrical Impedance, ECG/EEG, and eye-tracking studies. (https://www.human.cornell.edu/hd/research/labs/eeg/home)\nCornell Facilities for Biomedical Procedures\nHuman Metabolic Research Unit (HMRU) (http://www.human.cornell.edu/DNS/hmru/index.cfm)\nEEG and Psychophysiology Lab (http://www.human.cornell.edu/hd/eeglab/facilitydescription.cfm)\nCornell Health Occupational Medicine (https://health.cornell.edu/services/occupational-medicine)\nCornell MRI Facility (https://mri.cornell.edu/)\nAbout the IRB Committee (/resources/about-irb-committee)\nThe Life Cycle of an IRB Protocol (/resources/life-cycle-irb-protocol)\nIRB Announcements & Newsletters (/resources/irb-announcements-newsletters)\nResearch with Human Participants (/compliance/human-research)\nIRB Informed Consent (/resources/irb-informed-consent)\nIRB Training (/resources/irb-training)\nIRB Considerations: Human Participant Data, Data Sets and Internet Research (/resources/human-participant-data)\nIRB Considerations for International Research (/resources/irb-considerations-international-research)\nIRB Considerations for Clinical Trials (/resources/irb-considerations-clinical-trials)\nMulti-site and Collaborative IRB Research (/resources/multi-site-and-collaborative-irb-research)\nReport a Concern Involving Human Participant Research (/resources/report-concern-involving-human-participant-research)\nQuick Reference\nRates (/rates)\nForms (/forms)\nPolicies (/policies)\nContacts (/contacts)\nTraining (/training)\nEvents (/events)\nNews & Announcements (/news)\n\u00a9 2019 Cornell University\nWeb Accessibility Help (mailto:rais-help@cornell.edu?subject=researchservices.cornell.edu%20site)"
}