{
    "URL location": "https://researchservices.cornell.edu/news/revised-common-rule-some-provisions-now-effect-most-others-effective-january-21",
    "Last modification date": "2019-06-14T19:22Z",
    "Change frequency": "never",
    "Priority": "0.5",
    "Scraped Text": "Find guidance on funding and agency updates during the federal government transition(updated 3/19/2025) (/federal-transition)\nEssential ToolsFind My GCORASSExternalInstitutional Profile & DUNSIACUC applications (Cayuse Animal Management)Find Your Next Funding OpportunityIBC Applications (RASS-IBC)Research Development (ReD) ServicesIRB Applications (RASS-IRB)ExternalRates and budgetsReport external interests (RASS-COI)Join List ServsRASS Access Request FormAsk EHSExternalWeb Financials (WebFin2)ExternalCornell Data ServicesExternalPI DashboardExternalTravel RegistryExternalResearch Financials (formerly RA Dashboard)ExternalInternational research activitiesExternalRegister for Federal and Non-Federal SystemsDisclose Foreign Collaborations and SupportResearch metrics & executive dashboardsTraining (/about/essential-tools, /gco, http://guide.rass.cornell.edu/, /resources/institutional-profile-duns-and-uei-numbers, /resources/submit-new-iacuc-protocol, /proposal/Find-Your-Next-Funding-Opportunity, /resources/ibc-application-submission-review-and-approval, /research-development, https://rass.cornell.edu/irb, /proposal/budget, /compliance/conflict-of-interest, /resources/research-mailing-lists-list-servs, /resources/get-access-financial-sponsored-projects-data, https://tdx.cornell.edu/TDClient/42/Portal/Requests/TicketRequests/NewForm?ID=q5sab44D6GI_, http://webfin2.cornell.edu/, https://data.research.cornell.edu/, https://pidash.cornell.edu, https://travelregistry.cornell.edu/, http://radash.cornell.edu/, https://navigate.cornell.edu, /resources/register-federal-and-non-federal-systems, /proposal/disclose-foreign-collaborations-and-support, /resources/research-metrics, /training)\nFind My GCO (/gco)\nRASSExternal (http://guide.rass.cornell.edu/)\nInstitutional Profile & DUNS (/resources/institutional-profile-duns-and-uei-numbers)\nIACUC applications (Cayuse Animal Management) (/resources/submit-new-iacuc-protocol)\nFind Your Next Funding Opportunity (/proposal/Find-Your-Next-Funding-Opportunity)\nIBC Applications (RASS-IBC) (/resources/ibc-application-submission-review-and-approval)\nResearch Development (ReD) Services (/research-development)\nIRB Applications (RASS-IRB)External (https://rass.cornell.edu/irb)\nRates and budgets (/proposal/budget)\nReport external interests (RASS-COI) (/compliance/conflict-of-interest)\nJoin List Servs (/resources/research-mailing-lists-list-servs)\nRASS Access Request Form (/resources/get-access-financial-sponsored-projects-data)\nAsk EHSExternal (https://tdx.cornell.edu/TDClient/42/Portal/Requests/TicketRequests/NewForm?ID=q5sab44D6GI_)\nWeb Financials (WebFin2)External (http://webfin2.cornell.edu/)\nCornell Data ServicesExternal (https://data.research.cornell.edu/)\nPI DashboardExternal (https://pidash.cornell.edu)\nTravel RegistryExternal (https://travelregistry.cornell.edu/)\nResearch Financials (formerly RA Dashboard)External (http://radash.cornell.edu/)\nInternational research activitiesExternal (https://navigate.cornell.edu)\nRegister for Federal and Non-Federal Systems (/resources/register-federal-and-non-federal-systems)\nDisclose Foreign Collaborations and Support (/proposal/disclose-foreign-collaborations-and-support)\nResearch metrics & executive dashboards (/resources/research-metrics)\nTraining (/training)\nSearch (/search)\nThe Revised Common Rule: some provisions now in effect, most others effective January 21\nMost provisions of the Revised Common Rule will be effective on January 21, 2019\nCornell has chosen to adopt some burden-reducing provisions of the Revised Rule early. The following provisions are effective now.\nAnnual or triennial continuing review (\"renewal\") is no longer needed for expedited protocols.\nThe most important change is that the annual renewal requirement has been eliminated for all expedited review studies.\nAs before, but even more important now, PIs must continue toseek approvalfor any changes to approved protocols by submittingamendments, and only begin procedures once amendments are approved by the IRB. Unexpected events must also be promptlyreported to the IRB. (/resources/submit-or-manage-your-irb-protocol, /forms/irb-amendment-form, /forms/irb-unexpected-event-report-form)\nEffective July 19: You do not need to complete a renewal request for approved expedited protocols\nIRB staff will contact PIs and faculty advisors prior to the scheduled expiration date of each protocol to remind them of the change to the policy and provide an updated approval letter and stamped consent documentation showing no expiration date. If you need to make any changes to your consent form, study materials or recruiting materials, submit an amendment to the IRB.\nIf you have received a reminder for annual review of have recently submitted a renewal application, you don't need to do anything at this time. The IRB staff will contact you.\nAt each anniversary of approval, you will receive a courtesy message from the IRB office, reminding you to keep your protocol updated, submit amendments as needed, report unexpected events and close the protocol when the study is over. While no action will be required on your part, we recommend that you take this opportunity to ensure that your study procedures are in compliance with your approved protocol.\nTwo other burden-reducing provisions of the Revised Common Rule are also now in effect.\nThe grant congruency process for HHS funding has been eliminated.\nA revised definition of regulated \"research,\" excepting journalism, oral history and similar activities. Cornell'scurrent interpretationis consistent with the new definition, so no change is anticipated. (/resources/irb-guidance-and-resources)\nThe grant congruency process for HHS funding has been eliminated. This change removes a significant administrative step for faculty and staff. PIs are responsible for making sure that research with human participants that is part of a project sponsored by the HHS (or any other agency) is approved by the IRB.\nNon-federally funded studies involving benign experiments may qualify for exemption using criteria from the Revised Common Rule that the IRB has chosen to apply early.\nThe IRB voted to allow exemptions to be issued for new, non-federally funded research that meets criteria described in certain new and expanded exemption categories in the Revised Common Rule.\nIn order to approach IRB reviews with greater flexibility, reducing administrative workload and regulatory burden without compromising the protection of human research subjects, the Cornell IRB limits the application of its Federal-wide Assurance (FWA) to federally funded research. Consistent with this approach, the IRB voted to allow exemptions to be issued for new, non-federally funded research that meets criteria described in certain new and expanded exemption categories in the Revised Common Rule, in advance of the January implementation date. If you submit an IRB application describing research that meets these criteria, IRB staff will issue an exemption, provided your application indicates that there is no current or anticipated federal funding for the study. No special actions are needed for your submission to be considered for exemption under these new/expanded criteria, which are described below:\nNew Exemption Category for \"Benign Behavioral Interventions\":The intervention must be \"brief in duration, harmless, painless, not physically invasive, not likely to have a significant adverse lasting impact on the subjects, and the investigator has no reason to think the subjects will find the interventions offensive or embarrassing.\" Example: having subjects solve puzzles under various noise conditions. Additional requirements:Adults only; no minors (under 18 years old)No direct or indirect identifiers are recorded or, if responses were disclosed outside the research setting, this would not reasonably place the subjects at risk of harmNo deception is permitted, unless the subject is told during the consent process that they will be unaware of or misled about the nature or purposes of the researchData collected can include verbal or written responses, data entry, observation, audiovisual recording. No data collection via physical procedures (EEG, FitBits, blood draw, etc.)\nAdults only; no minors (under 18 years old)\nNo direct or indirect identifiers are recorded or, if responses were disclosed outside the research setting, this would not reasonably place the subjects at risk of harm\nNo deception is permitted, unless the subject is told during the consent process that they will be unaware of or misled about the nature or purposes of the research\nData collected can include verbal or written responses, data entry, observation, audiovisual recording. No data collection via physical procedures (EEG, FitBits, blood draw, etc.)\nBroadened Exemption Category for Secondary Research:The exemption covering secondary research use of identifiable private information or identifiable biospecimens has been broadened so that the data no longer need to be existing (\"on the shelf\") when the exemption is granted.\nAs a reminder, all exempt studies require a formal determination of exemption before research with human participants begins. Researchers may not self-determine that their work is exempt, but must submit anapplication formto theIRB office. (/forms/irb-new-protocol-application-form, /offices/IRB)\nIf you have any questions or concerns about these changes to IRB processes, please do not hesitate tocontact the IRB office. (/offices/IRB)\nChanges to Research with Human Participants: Revisions to the Common Rule (/news/changes-research-human-participants-revisions-common-rule)\nInstitutional Review Board for Human Participant Research (IRB) Office (/offices/IRB)\nIRB Policy: Guidance on Revised Common Rule (/policies/irb-policy-guidance-revised-common-rule)\nQuick Reference\nRates (/rates)\nForms (/forms)\nPolicies (/policies)\nContacts (/contacts)\nTraining (/training)\nEvents (/events)\nNews & Announcements (/news)\n\u00a9 2019 Cornell University\nWeb Accessibility Help (mailto:rais-help@cornell.edu?subject=researchservices.cornell.edu%20site)"
}