{
    "URL location": "https://researchservices.cornell.edu/training/nature-masterclasses",
    "Last modification date": "2024-06-06T22:10Z",
    "Change frequency": "yearly",
    "Priority": "0.5",
    "Scraped Text": "Find guidance on funding and agency updates during the federal government transition(updated 3/19/2025) (/federal-transition)\nEssential ToolsFind My GCORASSExternalInstitutional Profile & DUNSIACUC applications (Cayuse Animal Management)Find Your Next Funding OpportunityIBC Applications (RASS-IBC)Research Development (ReD) ServicesIRB Applications (RASS-IRB)ExternalRates and budgetsReport external interests (RASS-COI)Join List ServsRASS Access Request FormAsk EHSExternalWeb Financials (WebFin2)ExternalCornell Data ServicesExternalPI DashboardExternalTravel RegistryExternalResearch Financials (formerly RA Dashboard)ExternalInternational research activitiesExternalRegister for Federal and Non-Federal SystemsDisclose Foreign Collaborations and SupportResearch metrics & executive dashboardsTraining (/about/essential-tools, /gco, http://guide.rass.cornell.edu/, /resources/institutional-profile-duns-and-uei-numbers, /resources/submit-new-iacuc-protocol, /proposal/Find-Your-Next-Funding-Opportunity, /resources/ibc-application-submission-review-and-approval, /research-development, https://rass.cornell.edu/irb, /proposal/budget, /compliance/conflict-of-interest, /resources/research-mailing-lists-list-servs, /resources/get-access-financial-sponsored-projects-data, https://tdx.cornell.edu/TDClient/42/Portal/Requests/TicketRequests/NewForm?ID=q5sab44D6GI_, http://webfin2.cornell.edu/, https://data.research.cornell.edu/, https://pidash.cornell.edu, https://travelregistry.cornell.edu/, http://radash.cornell.edu/, https://navigate.cornell.edu, /resources/register-federal-and-non-federal-systems, /proposal/disclose-foreign-collaborations-and-support, /resources/research-metrics, /training)\nFind My GCO (/gco)\nRASSExternal (http://guide.rass.cornell.edu/)\nInstitutional Profile & DUNS (/resources/institutional-profile-duns-and-uei-numbers)\nIACUC applications (Cayuse Animal Management) (/resources/submit-new-iacuc-protocol)\nFind Your Next Funding Opportunity (/proposal/Find-Your-Next-Funding-Opportunity)\nIBC Applications (RASS-IBC) (/resources/ibc-application-submission-review-and-approval)\nResearch Development (ReD) Services (/research-development)\nIRB Applications (RASS-IRB)External (https://rass.cornell.edu/irb)\nRates and budgets (/proposal/budget)\nReport external interests (RASS-COI) (/compliance/conflict-of-interest)\nJoin List Servs (/resources/research-mailing-lists-list-servs)\nRASS Access Request Form (/resources/get-access-financial-sponsored-projects-data)\nAsk EHSExternal (https://tdx.cornell.edu/TDClient/42/Portal/Requests/TicketRequests/NewForm?ID=q5sab44D6GI_)\nWeb Financials (WebFin2)External (http://webfin2.cornell.edu/)\nCornell Data ServicesExternal (https://data.research.cornell.edu/)\nPI DashboardExternal (https://pidash.cornell.edu)\nTravel RegistryExternal (https://travelregistry.cornell.edu/)\nResearch Financials (formerly RA Dashboard)External (http://radash.cornell.edu/)\nInternational research activitiesExternal (https://navigate.cornell.edu)\nRegister for Federal and Non-Federal Systems (/resources/register-federal-and-non-federal-systems)\nDisclose Foreign Collaborations and Support (/proposal/disclose-foreign-collaborations-and-support)\nResearch metrics & executive dashboards (/resources/research-metrics)\nTraining (/training)\nSearch (/search)\n\nNature Masterclasses\nCornell provides a subscription toNature Masterclasses. All students, faculty, and staff can take any courses available throughNature Masterclasses.\n\n\nMake the most of this professional development opportunity!\n\nAvailable Courses\nNew!Writing a Research Paper: 2nd Edition\nCreating Successful Research Posters\nEffective Science Communication\nGetting an Academic Research Position\nScientific Writing and Publishing\nFinding Funding Opportunities\nPersuasive Grant Writing\nInterpreting Scientific Results\nData Analysis:\u00a0Planning and Preparing\nData Analysis: Conducting and Troubleshooting\nAdvancing your Scientific Presentations\nNetworking for Researchers\nEffective Collaboration for Researchers\nManaging Research Data to Unlock its Full Potential\nNarrative Tools for Researchers\nExperiments from Idea to Design\nBonus free course: Focus on Peer Review\nGo right to theNature Masterclasses siteORsee course descriptions below. (https://masterclasses.nature.com/, #courses)\nRegister your Account\nGo tohttps://masterclasses.nature.com/register. (https://masterclasses.nature.com/register)\nIn theInstitutionlist, selectCornell University.\nEnter yourCornell email address. Note: You must register with yourCornell emailso that Nature will recognize your access to Cornell's subscription.\nChoose a safe password, complete the rest of the fields, and then clickRegister.\nA confirmation email is sent to your Cornell email address.\u00a0Once your account is confirmed, youcan begin taking classes. (https://masterclasses.nature.com/)\nTake Classes\nAfter you register your account, you can take classes at any time.\nGo tohttps://masterclasses.nature.com/. (https://masterclasses.nature.com/)\nClickLoginin the upper-right.\nComplete\u00a0theRegular Loginfields and then clickLogin.If you need assistance, check\u00a0theHelp pageon theNature Masterclasseswebsite for\u00a0FAQs and contact details for theMasterclassessupport teams. (https://masterclasses.nature.com/faq/16606408)\nCourse Descriptions\nNew!Writing a Research Paper: 2nd Edition (https://masterclasses.nature.com/writing-a-research-paper-2nd-edition/26269116)\nLearn how to write informative, concise, well structured and engaging research papers\nIntroduces researchers to powerful narrative tools and principles of scientific writing\n10-50-minute lessions\nDeveloped in collaboration with a team of 12 experts in writing and evaluating research papers, includingNature PortfolioJournal Editors\nThis 2nd edition of the highly popular \"Writing a Research Paper\" course provides an improved learning experience and enriched content with extensive real-world examples\nWhat's in the course?\nModule 1:Understanding the elements of an effective research paper\nModule 2:Applying narrative tools to your research paper\nModule 3:Using the principles of scientific writing style for your research paper\nModule 4:Writing your research paper section by section\nModule 5:Finalising your research paper for submission\nCreating Successful Research Posters (https://masterclasses.nature.com/creating-successful-research-posters/25907422)\nHow to craft great engaging research posters and prepare a handout and conversation that will captivate your audience.\nFor researchers in the natural sciences who would like to learn how to create and present an effective research poster\n10-35-minute lessons\nWhat's in the course?\nModule 1:Creating Successful Research Posters\nSet communication goals for your poster presentations\nIdentify your audience and select your key message and supporting material\nSelect the visual elements and supporting text for your poster\nDesign a poster that will communicate your key message effectively\nUse your poster to spark great conversations about your research\nEffective Science Communication (https://masterclasses.nature.com/effective-science-communication/25452242)\nHow to effectively communicate research with non-experts\nFor anyone, including researchers in the natural sciences who would like tocommunicate their research to a broader audience\n10-30 minute lessons\nTaught by\u00a08 experts\u00a0in science communication, science writing and editing, science outreach, engagement and presentations, and the Springer Nature press office\nReceive a certificate when you complete the module\nWhat's in the course?\nModule 1:\u00a0Effective Science Communication\nGetting an Academic Research Position (https://masterclasses.nature.com/online-course-getting-an-academic-research-position/24079034)\nHow to get an academic research position that suits you perfectly\nFor researchers in the natural sciences seeking to take their next career step, either as a new postdoc or in a new faculty role\n10-30 minutes lessons\nTaught by\u00a011 experts in research career development, including experienced academic researchers, Nature Portfolio journal Editors, and coaching and careers specialists\nReceive a certificate when you complete each part of the course\nWhat's in the course?\nModule 1:\u00a0Exploring your values, interests, skills and career goals\nModule 2:\u00a0Finding a research position\nModule 3:\u00a0Applying for a research position\nModule 4: Excelling at the interview\nScientific Writing and Publishing (https://masterclasses.nature.com/online-course-in-scientific-writing-and-publishing/16507840)\nOffers guidance on how to write and publish a great research paper\nFor researchers in the natural sciences who want to get published\nShort 10-50-minute lessons\nTaught by Nature Research journal editors \u2013 so you hear tips from the experts\nReceive a certificate when you complete each part of the course\nWhat\u2019s in the course?\nPart 1:Writing a Research Paper:\u00a02nd Edition.How to write informative, concise, well structured and engaging research papers. This 2nd edition provides an improved learning experience and enriched content with extensive real-world examples. (https://masterclasses.nature.com/writing-a-research-paper-2nd-edition/26269116)\nPart 2:Publishing a Research Paper.How to select a journal for publication, submit your article, and navigate the editorial process \u2014 including how to write cover letters, the peer review process, and editorial decisions. (https://masterclasses.nature.com/publishing-a-research-paper/16605574)\nPart 3:Writing and Publishing a Review Paper.What makes a great review paper, how to plan and write a review, and how to referee a review paper. (https://masterclasses.nature.com/writing-and-publishing-a-review-paper/16605582)\nFinding Funding Opportunities (https://masterclasses.nature.com/online-course-finding-funding-opportunities/23376772)\nFor researchers in the natural sciences who want to find funding opportunities\u00a0or mentor others through the process\nShort 10-30 minute lessons\nTaught by 5 experts in obtaining research funding including a former program director at a major funder, experienced researchers, and a research management consultant\nReceive a certificate when you complete this 1 module course\nWhat\u2019s in the course?\nModule 1: Finding Funding Opportunities\nUnderstand the funding landscape and the importance of finding the best-fitting opportunities\nIdentify your funding requirements taking into consideration your personal and professional circumstances\nSearch for and keep track of suitable funding opportunities\nSelect the most appropriate funding opportunities based on your needs\nPersuasive Grant Writing (https://masterclasses.nature.com/grant-writing/18994906)\nFor researchers in the natural sciences who want to use narrative tools to improve the quality of their grant applications to make them more informative and persuasive\nShort 15-minute lessons\nTaught by 9 experts in grant writing including researchers, program officers from funding bodies and the Chief Editor of the Nature Research Editing Service\nReceive a certificate when you complete the 3-module course\nWhat\u2019s in the course?\nModule 1: Before starting your grant application:How narrative tools can improve the overall quality of your grant application\nModule 2: Targeting your audience:How to align your grant application with the requirements and objectives of its audience - your chosen funder\nModule 3: Creating a narrative:Learn to apply narrative tools when writing your grant application to make it more informative and persuasive\nInterpreting Scientific Results (https://masterclasses.nature.com/online-course-interpreting-results/22833282)\nFor researchers in the natural sciences who want to interpret their scientific findings with more confidence, or mentor others through the process\nShort 10-20 minute lessons\nTaught by 5 experts in interpreting results, including a Nature Portfolio journal Editor and experienced researchers, statisticians and data scientists\nReceive a certificate when you complete this 1 module course\nWhat\u2019s in the course?\nModule 1: Interpreting Scientific Results\nSelect appropriate approaches to visualize and prioritize your findings in order to identify the key message\nIdentify the ways in which your data interpretation helps you to address and answer your scientific question\nAdd context to your findings by considering the wider research field\nSummarize and communicate your findings with a focus on your key message, and how to best express caveats and future directions\nData Analysis: Planning and Preparing (https://masterclasses.nature.com/data-analysis-planning-and-preparing/19913800)\nFor researchers in the natural sciences who want to develop their data analysis skills or mentor others through the process\nShort 20-minute lessons\nTaught by 10 experts in data analysis including experienced statisticians and data scientists, journal editors and early career researchers\nReceive a certificate when you complete the 2-module course\nWhat\u2019s in the course?\nModule 1: Introduction to data analysis and the importance of planning:How to create a data analysis plan and get feedback\nModule 2: Preparing your data for analysis:How to apply best practice to collate and merge the data you\u2019ve collected\nData Analysis: Conducting and Troubleshooting (https://masterclasses.nature.com/online-course-data-analysis-2/20133524)\nFor researchers in the natural sciences who want to develop their data analysis skills or mentor others through the process\nShort 10-20 minute lessons\nTaught by 10 experts in data analysis including experienced statisticians and data scientists, journal editors and early career researchers\nReceive a certificate when you complete the 3-module course\nWhat\u2019s in the course?\nModule 1: Introduction to Data Analysis:Understand the importance of conducting effective data analysis\nModule 2: Exploring Your Data and Reviewing Your Analysis Plan:Identify the range of analytic methods available and understand which is\u00a0most suited to your data\nModule 3: Analyzing\u00a0 Your Data:Learn strategies for obtaining feedback, troubleshooting and expressing\u00a0the limitations of your analysis\nAdvancing Your Scientific Presentations (https://masterclasses.nature.com/scientific-presentations/19042840)\nFor researchers in the natural sciences who want to improve the quality of their peer-to-peer scientific presentations with both virtual and face-to-face audiences\nShort 15-minute lessons\nTaught by 10 experts in scientific presentations including researchers and professionals such as the Editor in Chief of Nature who excel at presenting their work, renowned presentation designers & trainers and experts in narrative tools\nReceive a certificate when you complete the 4-module course\nWhat\u2019s in the course?\nModule 1: Overcoming your research presentation challenges:Identify techniques that can help to overcome the challenges that researchers commonly face when creating and delivering oral presentations\nModule 2: Developing the story behind your talk:Build compelling research stories to use as the foundation for your presentations\nModule 3: Building an engaging slide deck:Create professional slide decks that effectively communicate your research findings to your audience\nModule 4: Preparing and navigating your talk:Apply strategies to help you deliver your presentation effectively on the day, in both virtual and face-to-face environments\nNetworking for Researchers (https://masterclasses.nature.com/networking-for-researchers/18993080)\nFor researchers in the natural sciences to identify and use career and research goals to develop their networking strategy, and acquire key skills to build and maintain a professional network in person and online to advance their research and their career\nShort 15-minute lessons\nTaught by 10 expertsin networking including researchers, experienced academic networkers, fellows, networking consultants and communications specialists\nReceive a certificate when you complete the 4-module course\nWhat\u2019s in the course?\nModule 1: Why network?:How to examine the different purposes, challenges and opportunities related to building your network\nModule 2: Getting ready to work:How to prepare key resources to help you build an effective network\nModule 3: Connect with new networking contacts:Strategies to approach and connect with potential network contacts, both in-person and online\nModule 4: Nurturing and harnessing the power of your network:How to follow up on initial approaches and how to apply strategies to leverage your network that will advance your research or career\nEffective Collaboration in Research (https://masterclasses.nature.com/online-course-effective-collaboration-in-research/17078834)\nOffers guidance on how to join in, set up or lead\u00a0collaborative projects\nFor researchers in the natural sciences who want to make the most out of collaborative \u00a0research projects\nEasy-to-use with short 15 minute lessons\nTaught by experts in collaboration including researchers, funders, editors and professionals\nReceive a certificate when you complete each part of the course\nWhat\u2019s in the course?\nPart 1: Introducing collaboration:Why collaborative research is becoming more prevalent\nPart 2: Participating in a collaboration:The pros and cons of collaborating\nPart 3: Leading a collaboration:How collaborative projects can help advance your research and career\nManaging Research Data to Unlock its Full Potential (https://masterclasses.nature.com/managing-research-data/18320206)\nOffers guidance on how to develop one\u2019s data management skills or mentor others through the process\nFor researchers in the natural sciences who want to learn about acquiring practical lifelong skills to manage their data efficiently and comply with evolving requirements, including from funders\nShort 15-minute lessons\nTaught by experts in data management, including researchers, funders, data publishing and institutional data management specialists\nReceive a certificate when you complete the 4-module course\nWhat\u2019s in the course?\nModule 1: Welcome and introduction:Why effective data management is beneficial to your research and your career\nModule 2: Creating and maintaining your data management plans:How to create and maintain a data management plan\nModule 3: Managing data in the short and long term:How to apply best practices for organizing, storing, archiving and quality checking your data\nModule 4: Sharing your data:How to ensure that your data is understandable to yourself and others\nNarrative Tools for Researchers (https://masterclasses.nature.com/online-course-in-narrative-tools/18498356)\nOffers guidance on how to enhance your communication to your peers by using narrative tools to tell your research story\nFor researchers in the natural sciences who want to learn about how to communicate their research to the scientific community in an effective, compelling and memorable way\nEasy-to-use with short 15-minute lessons\nTaught by 10 experts in using narrative techniques in scientific communication, including researchers, Nature editors and science journalists\nReceive a certificate when you complete the 3-module course\nWhat\u2019s in the course?\nModule 1: Why use a story?:The benefits of using a compelling story to communicate your research to your peers and stakeholders, such as funders or industry partners\nModule 2: Building your story:How to build and combine different narrative elements that can help you create a more compelling scientific story\nModule 3: Refining your story:How to refine your story by soliciting feedback and implementing edits\nExperiments: From Idea to Design (https://masterclasses.nature.com/online-course-experiments/23618284)\nEquips you with the right tools to help develop, plan, and refine robust, impactful experiments\nFor researchers in the natural sciences who want to\u00a0develop their experimental design skills\nEasy-to-use with short 15-minute lessons\nTaught by 9 experts in experts in experimental design including experienced researchers andNature PortfolioJournal Editors\nReceive a certificate when you complete the 4-module course\nWhat\u2019s in the course?\nModule 1: Foundations of Experimental Design:The benefits of honing your experimental design skills before embarking on full-scale experiments\nModule 2: Developing your Motivation, Assumptions, and Hypotheses:How to\u00a0prioritize research motivations according to their potential impact, your skill set, and your enthusiasm; identify your assumptions; formulate hypotheses and testable predictions\nModule 3: Assembling your Experimental Plan:Identify the information that you need to collect to test your assumptions, hypotheses, or predictions, and fulfill your research motivation\nModule 4: Utilizing your Experimental Design:Refining your experimental design before conducting your full experiment\nQuick Reference\nRates (/rates)\nForms (/forms)\nPolicies (/policies)\nContacts (/contacts)\nTraining (/training)\nEvents (/events)\nNews & Announcements (/news)\n\u00a9 2019 Cornell University\nWeb Accessibility Help (mailto:rais-help@cornell.edu?subject=researchservices.cornell.edu%20site)"
}