{
    "URL location": "https://researchservices.cornell.edu/covid-19-summit",
    "Last modification date": "2020-12-09T20:50Z",
    "Change frequency": "never",
    "Priority": "0.5",
    "Scraped Text": "Find guidance on funding and agency updates during the federal government transition(updated 3/19/2025) (/federal-transition)\nEssential ToolsFind My GCORASSExternalInstitutional Profile & DUNSIACUC applications (Cayuse Animal Management)Find Your Next Funding OpportunityIBC Applications (RASS-IBC)Research Development (ReD) ServicesIRB Applications (RASS-IRB)ExternalRates and budgetsReport external interests (RASS-COI)Join List ServsRASS Access Request FormAsk EHSExternalWeb Financials (WebFin2)ExternalCornell Data ServicesExternalPI DashboardExternalTravel RegistryExternalResearch Financials (formerly RA Dashboard)ExternalInternational research activitiesExternalRegister for Federal and Non-Federal SystemsDisclose Foreign Collaborations and SupportResearch metrics & executive dashboardsTraining (/about/essential-tools, /gco, http://guide.rass.cornell.edu/, /resources/institutional-profile-duns-and-uei-numbers, /resources/submit-new-iacuc-protocol, /proposal/Find-Your-Next-Funding-Opportunity, /resources/ibc-application-submission-review-and-approval, /research-development, https://rass.cornell.edu/irb, /proposal/budget, /compliance/conflict-of-interest, /resources/research-mailing-lists-list-servs, /resources/get-access-financial-sponsored-projects-data, https://tdx.cornell.edu/TDClient/42/Portal/Requests/TicketRequests/NewForm?ID=q5sab44D6GI_, http://webfin2.cornell.edu/, https://data.research.cornell.edu/, https://pidash.cornell.edu, https://travelregistry.cornell.edu/, http://radash.cornell.edu/, https://navigate.cornell.edu, /resources/register-federal-and-non-federal-systems, /proposal/disclose-foreign-collaborations-and-support, /resources/research-metrics, /training)\nFind My GCO (/gco)\nRASSExternal (http://guide.rass.cornell.edu/)\nInstitutional Profile & DUNS (/resources/institutional-profile-duns-and-uei-numbers)\nIACUC applications (Cayuse Animal Management) (/resources/submit-new-iacuc-protocol)\nFind Your Next Funding Opportunity (/proposal/Find-Your-Next-Funding-Opportunity)\nIBC Applications (RASS-IBC) (/resources/ibc-application-submission-review-and-approval)\nResearch Development (ReD) Services (/research-development)\nIRB Applications (RASS-IRB)External (https://rass.cornell.edu/irb)\nRates and budgets (/proposal/budget)\nReport external interests (RASS-COI) (/compliance/conflict-of-interest)\nJoin List Servs (/resources/research-mailing-lists-list-servs)\nRASS Access Request Form (/resources/get-access-financial-sponsored-projects-data)\nAsk EHSExternal (https://tdx.cornell.edu/TDClient/42/Portal/Requests/TicketRequests/NewForm?ID=q5sab44D6GI_)\nWeb Financials (WebFin2)External (http://webfin2.cornell.edu/)\nCornell Data ServicesExternal (https://data.research.cornell.edu/)\nPI DashboardExternal (https://pidash.cornell.edu)\nTravel RegistryExternal (https://travelregistry.cornell.edu/)\nResearch Financials (formerly RA Dashboard)External (http://radash.cornell.edu/)\nInternational research activitiesExternal (https://navigate.cornell.edu)\nRegister for Federal and Non-Federal Systems (/resources/register-federal-and-non-federal-systems)\nDisclose Foreign Collaborations and Support (/proposal/disclose-foreign-collaborations-and-support)\nResearch metrics & executive dashboards (/resources/research-metrics)\nTraining (/training)\nSearch (/search)\nCOVID-19 Summit 11/4-5\nCornell, Ithaca & Weill Cornell Medicine\nCOVID-19 Summit Speakers & Schedule (/resources/covid-19-summit-speakers-schedule)\nThe 2-day summit brings together all researchers on the Ithaca and New York City campuses of Cornell University with interests in SARS-CoV-2 and COVID-19 research.\u00a0We hope that the summit will spur cross-college, cross-campus, and interdisciplinary\u00a0collaborations to advance COVID-19-related research.\nTopics\nTopics will include, but are not limited to:\nMolecular virology and pathogenesis of SARS-CoV-2 infection\nHost immunology in response to SARS-CoV-2 infection\nCOVID-19 clinical outcomes and health disparities\nVariation\u00a0in host responses to SARS-CoV-2\nLessons learned from the COVID-19 pandemic and pandemic preparedness\nVaccines, therapeutics and diagnostics\nCOVID-19 public health policies\nData science advances for understanding and managing the pandemic\nOne Health perspectives\nPhysical and Engineering Sciences: from understanding SARS-CoV-2 infection to developing vaccines, therapeutics, and detection systems\nSocial sciences and modeling\nRegistration\nRegistration is limited to Cornell, Weill Cornell Medicine, and Cornell Tech participants.\nUse your official Cornell email address when registering.\nNon-Cornell participants will be allowed to participate only if supported by a Cornell faculty member. Email:vp_research@cornell.edufor permission to allow a non-Cornell participant. (mailto:vp_research@cornell.edu)\nSchedule\nSee the schedule. (/resources/covid-19-summit-speakers-schedule)\nSessions over the 2-day period will include a collection of long talks (15 minutes), short talks (8 minutes), and flash talks (3 minutes).\nLong and short talks will be selected by the Organizing Committee, but members of the Cornell community should feel free to suggest speakers.\nThere will be limited time for a few questions immediately after short and long talks, but most audience questions/comments will be reserved to the end of each session when there will be a more generalized discussion period between all the speakers in that session and the audience.\nFlash talks will be selected from abstracts, to be submitted no later than 5 pm on Friday October 30th.\nSubmit Flash Talk Abstract\nAbstracts should be no more than half a page in length\u00a0(max 30 lines, Arial font, size 11 pt, single-space, half-inch margins all around) and should include the following information:\nTitle\nAuthors (indicate presenting author and principal investigator)\nAffiliation\nText of Abstract\nFunding: please indicate if you have been funded by a Cornell seed grant mechanism (from Weill Cornell Medicine, OVPR, Cornell Atkinson Center for Sustainability, Cornell Center for Social Science, or other)\nSubmit your abstract via email tovp_research@cornell.eduno later than\u00a05 PM on Friday, October 30th. Abstracts will be distributed to audience members prior to the Summit. (mailto:vp_research@cornell.edu?subject=Abstract: COVID-19 Summit)\nBrainstorming and Discussion\u00a0Forum\nThere will be a single closing forum on the afternoon of day 2 of the Summit (November 5th). This forum is intended to create opportunities for collaboration and with the ultimate goal of producing a path towards an \u201cEmerging Infectious Disease Center of Excellence\u201d grant submission between the two campuses.\nThe format for this forum is currently in preparation, but will consist of the following:\nOverview of Centers of Excellence Opportunities\nSummary of each of the Summit Sessions by an expert\u00a0(rapporteurs)\nPanel Discussion led by arapporteurand Session Chairs\nIdentification of potential groups for further interactions\nThe goal is to identify groups of people for whom further interaction could lead to projects that can be included in a future Center of Excellence grant proposal. These groups will then be invited to apply for internal funding through a pool of money made available by several sources which include (but is not limited to): The Office of Academic Integration and The Cornell Atkinson Center for Sustainability.\nQuestions?Contact:vp_research@cornell.edu (mailto:vp_research@cornell.edu)\n\nSponsored by theOffice of the Vice President for Research and InnovationOffice of the Vice Provost for Academic IntegrationOffice of the Senior Associate Dean for Research at Weill Cornell Medicine (https://research.cornell.edu/research-division/leadership-contacts, https://academicintegration.cornell.edu/about, https://research.weill.cornell.edu/about-us/leadership)\nCOVID-19 Summit Speakers & Schedule (/resources/covid-19-summit-speakers-schedule)\nQuick Reference\nRates (/rates)\nForms (/forms)\nPolicies (/policies)\nContacts (/contacts)\nTraining (/training)\nEvents (/events)\nNews & Announcements (/news)\n\u00a9 2019 Cornell University\nWeb Accessibility Help (mailto:rais-help@cornell.edu?subject=researchservices.cornell.edu%20site)"
}