{
    "URL location": "https://researchservices.cornell.edu/resources/export-control-quick-reference",
    "Last modification date": "2024-10-23T14:49Z",
    "Change frequency": "yearly",
    "Priority": "0.5",
    "Scraped Text": "Find guidance on funding and agency updates during the federal government transition(updated 3/19/2025) (/federal-transition)\nEssential ToolsFind My GCORASSExternalInstitutional Profile & DUNSIACUC applications (Cayuse Animal Management)Find Your Next Funding OpportunityIBC Applications (RASS-IBC)Research Development (ReD) ServicesIRB Applications (RASS-IRB)ExternalRates and budgetsReport external interests (RASS-COI)Join List ServsRASS Access Request FormAsk EHSExternalWeb Financials (WebFin2)ExternalCornell Data ServicesExternalPI DashboardExternalTravel RegistryExternalResearch Financials (formerly RA Dashboard)ExternalInternational research activitiesExternalRegister for Federal and Non-Federal SystemsDisclose Foreign Collaborations and SupportResearch metrics & executive dashboardsTraining (/about/essential-tools, /gco, http://guide.rass.cornell.edu/, /resources/institutional-profile-duns-and-uei-numbers, /resources/submit-new-iacuc-protocol, /proposal/Find-Your-Next-Funding-Opportunity, /resources/ibc-application-submission-review-and-approval, /research-development, https://rass.cornell.edu/irb, /proposal/budget, /compliance/conflict-of-interest, /resources/research-mailing-lists-list-servs, /resources/get-access-financial-sponsored-projects-data, https://tdx.cornell.edu/TDClient/42/Portal/Requests/TicketRequests/NewForm?ID=q5sab44D6GI_, http://webfin2.cornell.edu/, https://data.research.cornell.edu/, https://pidash.cornell.edu, https://travelregistry.cornell.edu/, http://radash.cornell.edu/, https://navigate.cornell.edu, /resources/register-federal-and-non-federal-systems, /proposal/disclose-foreign-collaborations-and-support, /resources/research-metrics, /training)\nFind My GCO (/gco)\nRASSExternal (http://guide.rass.cornell.edu/)\nInstitutional Profile & DUNS (/resources/institutional-profile-duns-and-uei-numbers)\nIACUC applications (Cayuse Animal Management) (/resources/submit-new-iacuc-protocol)\nFind Your Next Funding Opportunity (/proposal/Find-Your-Next-Funding-Opportunity)\nIBC Applications (RASS-IBC) (/resources/ibc-application-submission-review-and-approval)\nResearch Development (ReD) Services (/research-development)\nIRB Applications (RASS-IRB)External (https://rass.cornell.edu/irb)\nRates and budgets (/proposal/budget)\nReport external interests (RASS-COI) (/compliance/conflict-of-interest)\nJoin List Servs (/resources/research-mailing-lists-list-servs)\nRASS Access Request Form (/resources/get-access-financial-sponsored-projects-data)\nAsk EHSExternal (https://tdx.cornell.edu/TDClient/42/Portal/Requests/TicketRequests/NewForm?ID=q5sab44D6GI_)\nWeb Financials (WebFin2)External (http://webfin2.cornell.edu/)\nCornell Data ServicesExternal (https://data.research.cornell.edu/)\nPI DashboardExternal (https://pidash.cornell.edu)\nTravel RegistryExternal (https://travelregistry.cornell.edu/)\nResearch Financials (formerly RA Dashboard)External (http://radash.cornell.edu/)\nInternational research activitiesExternal (https://navigate.cornell.edu)\nRegister for Federal and Non-Federal Systems (/resources/register-federal-and-non-federal-systems)\nDisclose Foreign Collaborations and Support (/proposal/disclose-foreign-collaborations-and-support)\nResearch metrics & executive dashboards (/resources/research-metrics)\nTraining (/training)\nSearch (/search)\nExport Control Quick Reference\nExport Control Flyer for Download (/sites/default/files/2024-10/Export%20Control%20Flyer.docx)\nRisk Assessment Questionnaire (/sites/default/files/2022-02/Risk%20Assessment%20Questionnaire_0.docx)\nFacts:\nExport Controls apply to transfers out of, as well as some transfers within, the U.S.\nExport Controls apply to U.S. citizens, anywhere in the world.\nExport Controls apply to everyone, regardless of citizenship, in the U.S.\nThe Fundamental Research Exclusion (FRE) is NOT available for physical shipments.\nTo claim the FRE, the research must not have publication,\u00a0dissemination, or participation\u00a0restrictions.\nTransfer of proprietary information to a foreign national in the U.S. may require an export license.\nAny activity with comprehensively sanctioned countries (currently Iran, Cuba, Syria, North Korea, Ukraine, Russia, and Belarus) must be approved by Cornell\u2019s Export Controls Office (ECO).\nPenalties for violations include substantial monetary fines (levied against the organization and the individual) and can include jail time in the case of willful violations.\nMyths:\n\u201cExport Controls do not apply to my shipment because it is non-hazardous.\u201d\n\u201cExport controls do not apply to my shipment because you can order it on Amazon.\u201d\n\u201cEverything is research related, so I do not need to be concerned about Export Controls.\u201d\n\u201cI\u2019m not sending anything out of the U.S., so I do not need to worry about Export Controls.\u201d\nFacts:\nCornell has resources to help.\nYou do not need to make a determination on your own!\nCornell Contacts:\nCornell\u2019s Export Control and Compliance Officer (ECCO) (/contact/kjb6)\nCornell\u2019s Export Control Office (/offices/export-controls-office)\nTraining Resources:\nRequest one-on-one, departmental, or unit-specific training from Cornell\u2019s ECO.\nReview Cornell\u2019sExport Control website. (/export-controls)\nReview one of ourExport Control focused round table events. (/events/march-2023-osp-roundtable-export-controls-and-academia)\nTake introductory or detailed online Export Control classes viaCornell\u2019s Citi course subscription. (/training/citi-online-courses-cornell-researchers-coi-irb-rcr-export-control)\nKarie Jo Barwind - Chief Research Compliance Officer | Research Integrity Officer (/contact/kjb6)\nExport Controls Office (/offices/export-controls-office)\nExport Controls (/export-controls)\nDrusilla Jaiah - Export Control Associate (/contact/dbj43)\nJoi Mindingall - Research Security | Export Control Officer (/contact/jmm793)\nExport Control and Confidentiality Agreements (/resources/export-control-and-confidentiality-agreements)\nDetecting and Reporting Export Controls Violations (/policies/detecting-and-reporting-export-controls-violations)\nUkraine/Russia Transactions Guidance (/news/ukrainerussia-transactions-guidance)\nExport Controls Frequently Asked Questions (FAQ) (/resources/export-controls-frequently-asked-questions-faq)\nUniversity Policy 4.22, Export and Import Control Compliance (https://policy.cornell.edu/policy-library/export-and-import-control-compliance)\nOff-Campus Research (/resources/campus-research)\nQuick Reference\nRates (/rates)\nForms (/forms)\nPolicies (/policies)\nContacts (/contacts)\nTraining (/training)\nEvents (/events)\nNews & Announcements (/news)\n\u00a9 2019 Cornell University\nWeb Accessibility Help (mailto:rais-help@cornell.edu?subject=researchservices.cornell.edu%20site)"
}