{
    "URL location": "https://researchservices.cornell.edu/resources/irb-training",
    "Last modification date": "2024-12-13T18:42Z",
    "Change frequency": "yearly",
    "Priority": "0.5",
    "Scraped Text": "Find guidance on funding and agency updates during the federal government transition(updated 3/19/2025) (/federal-transition)\nEssential ToolsFind My GCORASSExternalInstitutional Profile & DUNSIACUC applications (Cayuse Animal Management)Find Your Next Funding OpportunityIBC Applications (RASS-IBC)Research Development (ReD) ServicesIRB Applications (RASS-IRB)ExternalRates and budgetsReport external interests (RASS-COI)Join List ServsRASS Access Request FormAsk EHSExternalWeb Financials (WebFin2)ExternalCornell Data ServicesExternalPI DashboardExternalTravel RegistryExternalResearch Financials (formerly RA Dashboard)ExternalInternational research activitiesExternalRegister for Federal and Non-Federal SystemsDisclose Foreign Collaborations and SupportResearch metrics & executive dashboardsTraining (/about/essential-tools, /gco, http://guide.rass.cornell.edu/, /resources/institutional-profile-duns-and-uei-numbers, /resources/submit-new-iacuc-protocol, /proposal/Find-Your-Next-Funding-Opportunity, /resources/ibc-application-submission-review-and-approval, /research-development, https://rass.cornell.edu/irb, /proposal/budget, /compliance/conflict-of-interest, /resources/research-mailing-lists-list-servs, /resources/get-access-financial-sponsored-projects-data, https://tdx.cornell.edu/TDClient/42/Portal/Requests/TicketRequests/NewForm?ID=q5sab44D6GI_, http://webfin2.cornell.edu/, https://data.research.cornell.edu/, https://pidash.cornell.edu, https://travelregistry.cornell.edu/, http://radash.cornell.edu/, https://navigate.cornell.edu, /resources/register-federal-and-non-federal-systems, /proposal/disclose-foreign-collaborations-and-support, /resources/research-metrics, /training)\nFind My GCO (/gco)\nRASSExternal (http://guide.rass.cornell.edu/)\nInstitutional Profile & DUNS (/resources/institutional-profile-duns-and-uei-numbers)\nIACUC applications (Cayuse Animal Management) (/resources/submit-new-iacuc-protocol)\nFind Your Next Funding Opportunity (/proposal/Find-Your-Next-Funding-Opportunity)\nIBC Applications (RASS-IBC) (/resources/ibc-application-submission-review-and-approval)\nResearch Development (ReD) Services (/research-development)\nIRB Applications (RASS-IRB)External (https://rass.cornell.edu/irb)\nRates and budgets (/proposal/budget)\nReport external interests (RASS-COI) (/compliance/conflict-of-interest)\nJoin List Servs (/resources/research-mailing-lists-list-servs)\nRASS Access Request Form (/resources/get-access-financial-sponsored-projects-data)\nAsk EHSExternal (https://tdx.cornell.edu/TDClient/42/Portal/Requests/TicketRequests/NewForm?ID=q5sab44D6GI_)\nWeb Financials (WebFin2)External (http://webfin2.cornell.edu/)\nCornell Data ServicesExternal (https://data.research.cornell.edu/)\nPI DashboardExternal (https://pidash.cornell.edu)\nTravel RegistryExternal (https://travelregistry.cornell.edu/)\nResearch Financials (formerly RA Dashboard)External (http://radash.cornell.edu/)\nInternational research activitiesExternal (https://navigate.cornell.edu)\nRegister for Federal and Non-Federal Systems (/resources/register-federal-and-non-federal-systems)\nDisclose Foreign Collaborations and Support (/proposal/disclose-foreign-collaborations-and-support)\nResearch metrics & executive dashboards (/resources/research-metrics)\nTraining (/training)\nSearch (/search)\nIRB Training\nPersonnel named on all IRB protocols must be trained in human participant research ethics\nLearn about Cornell University's requirements for human participant research ethics (IRB) training, who needs to complete it, and how to access it.\nAll research personnel listed on any protocol are required to complete human participant research ethics (IRB) training every five (5) years. NIH-fundedClinical Trialsalso require Good Clinical Practice (GCP) training for all study personnel. (/resources/irb-considerations-clinical-trials)\nACCESSING REQUIRED TRAINING\nWhere do I complete required trainings?\nCornell subscribes to the online program delivered by theCollaborative Institutional Training Initiative (CITI)to provide relevant courses in research ethics. (https://about.citiprogram.org/)\nHow do I access CITI as a Cornell faculty, staff, or student?\nYou can log into CITI via theCornell Single Sign On (SSO), and can follow ourGuide to Accessing CITI Training for Cornell Researchersfor more detailed directions on accessing and beginning CITI training. (http://www.oria.cornell.edu/training/citi/login/index.cfm, /sites/default/files/2022-09/Guide%20to%20Accessing%20CITI%20Training%20for%20Cornell%20Researchers.pdf)\nI am not affiliated with Cornell, but am listed as study personnel on a Cornell IRB Protocol. How do I access the required training?\nIf you are not affiliated with Cornell but you are listed as a research team on an IRB protocol, you will either need to take Cornell's CITI IRB training or provide proof of equivalent training. To take the Cornell CITI training, you can access the CITI Program website viacitiprogram.org, register to create an account, and then add an \"Affiliation\" with Cornell University. You can then take the IRB/Human Subjects Research training provided by Cornell. Follow ourGuide to Accessing CITI Training for Cornell Researchersfor more detailed directions on accessing and beginning CITI training. (https://about.citiprogram.org/, /sites/default/files/2022-09/Guide%20to%20Accessing%20CITI%20Training%20for%20Cornell%20Researchers.pdf)\nHow do I know if I - or others on my protocol - have already completed required training?\nResearchers can checkCourse Completion Records(updated every 60 minutes) to ensure personnel listed on their protocols have completed the required training through CITI. You can also log into your CITI account and access your course history in the 'My Records' tab at the top of the page. (https://irb.cornell.edu/lookup/index.cfm)\nIf neither of those methods work, you can reach out to irbhp@cornell.edu and our staff can assist you.\nIRB TRAINING IN CITI\nHow do I know if I should take the IRB training?\nAll research team members named on a Cornell IRB protocol must complete online human participant research training. This training requirement has been in place for expedited and full board IRB protocols for a number of years, but as of October 1, 2022, this applies to protocols determined to be exempt, as well. The training needs to be completed every five (5) years, and a refresher is available 90 days before the due date.\nThe Cornell IRB runs training via the CITI program - which can beaccessed here. You can follow theGuide to Accessing CITI Trainingto get started. (/training/citi-online-courses-cornell-researchers-coi-irb-rcr-export-control, /sites/default/files/2022-09/Guide%20to%20Accessing%20CITI%20Training%20for%20Cornell%20Researchers.pdf)\nWhich CITI course should I take to complete the IRB training requirement?\nThe training is simply called 'IRB Training.' We previously offered courses with different names, focused on different fields, but have combined them into the singular course with the essential information. If you take 'IRB Basic' or 'IRB - BioMedical Research', those trainings will also be accepted.\nWhat is the content of the IRB training?\nThe IRB Training course consists of eight (8) modules on various research ethics topics such as the conflicts of interest, history and ethical principles, informed consent, privacy and confidentiality, and doing research with vulnerable populations. The course material is made of text and still images with each module followed by a short quiz. The training does not need to be done all in one sitting.\nHow well do I need to do on the IRB course to complete the requirement?\nYou need to receive an 80% or higher on the course to fulfill the IRB Training requirement.\nI took an IRB/research ethics course through a different institution within the last five years. Do I still need to take the Cornell training?\nIt depends on how comparable this previous institution\u2019s training is to Cornell University\u2019s training. The Cornell IRB staff can review your course record or completion report to ensure that all required topics are covered to the rigor that we expect. If they decide that your previous course is not comparable to the Cornell IRB training, they will require you to take Cornell\u2019s.\nYou can submit these separate institutions\u2019 previous records via your RASS-IRB protocol (under Additional Documents > Training Documentation (from non-Cornell sources)) or send it toirbhp@cornell.eduso that a member of the IRB staff can review it. (mailto:irbhp@cornell.edu)\nGOOD CLINICAL PRACTICE (GCP) TRAINING\nHow do I know if I should take the Good Clinical Practice (GCP) training?\nUnder National Institutes of Health (NIH) requirements that became effective January 1, 2017, all personnel involved in the design, conduct, oversight, or management of an NIH clinical trial must also be trained in Good Clinical Practice (GCP).\nWhat CITI course do I take to complete the GCP training requirement?\nWe have multiple courses in CITI that would fulfill the GCP requirement:\nGCP \u2013 Social and Behavioral Research Best Practices for Clinical Research\nGCP for Clinical Trials with Investigational Drugs and Medical Devices (U.S. FDA Focus)\nGCP for Clinical Investigations of Devices\nGCP for Clinical Trials with Investigational Drugs and Biologics\nYou should choose the one that best resembles the research you are conducting.\nHow often do I need to take GCP training?\nPersonnel listed on any NIH clinical trials need to have completed GCP trainingwithin the previous three (3) years.\nI took GCP training from a different institution within the last 3 years. Do I still need to take the Cornell training?\nIt depends. NIH does not specify any particular GCP course to fulfill the requirements. Cornell researchers may complete GCP training online through CITI, or discuss other options with the IRB office.\nALTERNATIVES TO CITI TRAINING\nThe IRB understands that researchers working in the field often hire local enumerators or researchers to collect data for their studies. Since these individuals are often \"engaged\" in human participant research, the federal training requirements apply. Depending upon level of education, language, and web access, online CITI training may not be appropriate as a training mechanism for these data collectors.\nField Training Guides\nJohn Hopkins offersfield training guides(in various languages) in human participant research ethics. These guides are intended for a PI or co-investigator to use in the training of study team members who will (1) obtain informed consent from research participants, or (2) collect data from human subjects (e.g. enumerators). These can be used for in-person (or Zoom) trainings, and may be more appropriate than the online CITI program IRB training when language or internet access is a barrier. (https://publichealth.jhu.edu/offices-and-services/institutional-review-board-irb/training/human-subjects-research-ethics-field-training-guide)\nContactIRB staffto discuss appropriate alternatives to CITI IRB training for these types of cases. (https://researchservices.cornell.edu/offices/IRB)\nAdditional Research Trainings\nTheCenter for Cultural Humilityprovides a variety of research trainings based off of the principles of anti-racism and Community-Based Participatory Research. Their services include an Equitable Research Design Training, Citizen Science Training, and Community Partner Matching. While these trainings are not required for IRB protocols, we encourage researchers to consider signing up. (https://humility.cornell.edu/)\nWeill Cornell IRB Training Requirements\nThe Cornell Ithaca campus and Weill Cornell Medical campus have separate IRBs and different training requirements. For information about Weill's training requirements,visit their website. (https://research.weill.cornell.edu/sites/default/files/policy_forms/irb_human_subjects_research_training_requirements_05.05.2020.pdf)\nIRB News: New Training Requirement for Exempt Research (/news/irb-news-new-training-requirement-exempt-research)\nCITI Online Courses for Cornell Researchers (COI, IRB, RCR, Export Control) (/training/citi-online-courses-cornell-researchers-coi-irb-rcr-export-control)\nIRB CITI Course Completion Records (https://irb.cornell.edu/lookup/)\nCITI Program (https://citiprogram.org)\nNIH Policy on Good Clinical Practice Training (https://grants.nih.gov/grants/guide/notice-files/NOT-OD-16-148.html#_blank)\nAbout the IRB Committee (/resources/about-irb-committee)\nThe Life Cycle of an IRB Protocol (/resources/life-cycle-irb-protocol)\nIRB Announcements & Newsletters (/resources/irb-announcements-newsletters)\nResearch with Human Participants (/compliance/human-research)\nIRB Informed Consent (/resources/irb-informed-consent)\nIRB Considerations: Human Participant Data, Data Sets and Internet Research (/resources/human-participant-data)\nQuick Reference\nRates (/rates)\nForms (/forms)\nPolicies (/policies)\nContacts (/contacts)\nTraining (/training)\nEvents (/events)\nNews & Announcements (/news)\n\u00a9 2019 Cornell University\nWeb Accessibility Help (mailto:rais-help@cornell.edu?subject=researchservices.cornell.edu%20site)"
}