{
    "URL location": "https://researchservices.cornell.edu/resources/subrecipient-monitoring-financial-and-technical",
    "Last modification date": "2023-09-01T13:31Z",
    "Change frequency": "yearly",
    "Priority": "0.5",
    "Scraped Text": "Find guidance on funding and agency updates during the federal government transition(updated 3/19/2025) (/federal-transition)\nEssential ToolsFind My GCORASSExternalInstitutional Profile & DUNSIACUC applications (Cayuse Animal Management)Find Your Next Funding OpportunityIBC Applications (RASS-IBC)Research Development (ReD) ServicesIRB Applications (RASS-IRB)ExternalRates and budgetsReport external interests (RASS-COI)Join List ServsRASS Access Request FormAsk EHSExternalWeb Financials (WebFin2)ExternalCornell Data ServicesExternalPI DashboardExternalTravel RegistryExternalResearch Financials (formerly RA Dashboard)ExternalInternational research activitiesExternalRegister for Federal and Non-Federal SystemsDisclose Foreign Collaborations and SupportResearch metrics & executive dashboardsTraining (/about/essential-tools, /gco, http://guide.rass.cornell.edu/, /resources/institutional-profile-duns-and-uei-numbers, /resources/submit-new-iacuc-protocol, /proposal/Find-Your-Next-Funding-Opportunity, /resources/ibc-application-submission-review-and-approval, /research-development, https://rass.cornell.edu/irb, /proposal/budget, /compliance/conflict-of-interest, /resources/research-mailing-lists-list-servs, /resources/get-access-financial-sponsored-projects-data, https://tdx.cornell.edu/TDClient/42/Portal/Requests/TicketRequests/NewForm?ID=q5sab44D6GI_, http://webfin2.cornell.edu/, https://data.research.cornell.edu/, https://pidash.cornell.edu, https://travelregistry.cornell.edu/, http://radash.cornell.edu/, https://navigate.cornell.edu, /resources/register-federal-and-non-federal-systems, /proposal/disclose-foreign-collaborations-and-support, /resources/research-metrics, /training)\nFind My GCO (/gco)\nRASSExternal (http://guide.rass.cornell.edu/)\nInstitutional Profile & DUNS (/resources/institutional-profile-duns-and-uei-numbers)\nIACUC applications (Cayuse Animal Management) (/resources/submit-new-iacuc-protocol)\nFind Your Next Funding Opportunity (/proposal/Find-Your-Next-Funding-Opportunity)\nIBC Applications (RASS-IBC) (/resources/ibc-application-submission-review-and-approval)\nResearch Development (ReD) Services (/research-development)\nIRB Applications (RASS-IRB)External (https://rass.cornell.edu/irb)\nRates and budgets (/proposal/budget)\nReport external interests (RASS-COI) (/compliance/conflict-of-interest)\nJoin List Servs (/resources/research-mailing-lists-list-servs)\nRASS Access Request Form (/resources/get-access-financial-sponsored-projects-data)\nAsk EHSExternal (https://tdx.cornell.edu/TDClient/42/Portal/Requests/TicketRequests/NewForm?ID=q5sab44D6GI_)\nWeb Financials (WebFin2)External (http://webfin2.cornell.edu/)\nCornell Data ServicesExternal (https://data.research.cornell.edu/)\nPI DashboardExternal (https://pidash.cornell.edu)\nTravel RegistryExternal (https://travelregistry.cornell.edu/)\nResearch Financials (formerly RA Dashboard)External (http://radash.cornell.edu/)\nInternational research activitiesExternal (https://navigate.cornell.edu)\nRegister for Federal and Non-Federal Systems (/resources/register-federal-and-non-federal-systems)\nDisclose Foreign Collaborations and Support (/proposal/disclose-foreign-collaborations-and-support)\nResearch metrics & executive dashboards (/resources/research-metrics)\nTraining (/training)\nSearch (/search)\nSubrecipient Monitoring: Financial and Technical\nSubaward Closeout (/resources/subaward-closeout)\nCornell is required to monitor the programmatic and financial activities of its subrecipients as part of the terms and conditions of its prime awards and as required by the federal government. Cornell is responsible for ensuring that the subrecipient\u2019s work is conducted and completed in a timely manner.\nEstablishing an Account\nA separate KFS subaccount is established by SFS once a fully executed subaward is received from OSP. Units do not need to issue a request for this subaccount. The appropriate allocation is then transferred from the prime award account to the subaward subaccount by SFS.\nTechnical Reports\nCornell is responsible for ensuring that the subrecipient\u2019s work is conducted and completed in a timely manner.\nProgress reports and other technical deliverables must be reviewed by the Cornell PI and discussed with the subrecipient as needed. These reports are usually incorporated as part of the deliverables along with the technical reports submitted to the sponsor by the Cornell PI.\nOSP is responsible for obtaining the other reports required by the subaward terms and conditions. For example, invention, fiscal, property and audit reports may be required.\nProposing a Subaward (/resources/proposing-subaward)\nSubawards: Roles and Responsibilities (/resources/subawards-roles-and-responsibilities)\nIssuing the Subaward Agreement (/resources/issuing-subaward-agreement)\n\nAmendment to Subaward Agreements (/resources/amendment-subaward-agreements)\nSubaward Closeout (/resources/subaward-closeout)\nPayments to Subrecipients on Sponsored Projects (/resources/payments-subrecipients-sponsored-projects)\nSubawards: Risk Assessment (/resources/subawards-risk-assessment)\nFederal Demonstration Partnership (FDP) Expanded Clearinghouse Program (/resources/federal-demonstration-partnership-fdp-expanded-clearinghouse-program)\nSubcontractor Commitment Form (/forms/subcontractor-commitment-form)\nCollaborating with Weill Cornell Medicine (/process/collaborating-weill-cornell-medicine)\nQuick Reference\nRates (/rates)\nForms (/forms)\nPolicies (/policies)\nContacts (/contacts)\nTraining (/training)\nEvents (/events)\nNews & Announcements (/news)\n\u00a9 2019 Cornell University\nWeb Accessibility Help (mailto:rais-help@cornell.edu?subject=researchservices.cornell.edu%20site)"
}