{
    "URL location": "https://researchservices.cornell.edu/resources/account-award-portfolio-dashboard",
    "Last modification date": "2023-08-24T15:05Z",
    "Change frequency": "yearly",
    "Priority": "0.5",
    "Scraped Text": "Find guidance on funding and agency updates during the federal government transition(updated 3/19/2025) (/federal-transition)\nEssential ToolsFind My GCORASSExternalInstitutional Profile & DUNSIACUC applications (Cayuse Animal Management)Find Your Next Funding OpportunityIBC Applications (RASS-IBC)Research Development (ReD) ServicesIRB Applications (RASS-IRB)ExternalRates and budgetsReport external interests (RASS-COI)Join List ServsRASS Access Request FormAsk EHSExternalWeb Financials (WebFin2)ExternalCornell Data ServicesExternalPI DashboardExternalTravel RegistryExternalResearch Financials (formerly RA Dashboard)ExternalInternational research activitiesExternalRegister for Federal and Non-Federal SystemsDisclose Foreign Collaborations and SupportResearch metrics & executive dashboardsTraining (/about/essential-tools, /gco, http://guide.rass.cornell.edu/, /resources/institutional-profile-duns-and-uei-numbers, /resources/submit-new-iacuc-protocol, /proposal/Find-Your-Next-Funding-Opportunity, /resources/ibc-application-submission-review-and-approval, /research-development, https://rass.cornell.edu/irb, /proposal/budget, /compliance/conflict-of-interest, /resources/research-mailing-lists-list-servs, /resources/get-access-financial-sponsored-projects-data, https://tdx.cornell.edu/TDClient/42/Portal/Requests/TicketRequests/NewForm?ID=q5sab44D6GI_, http://webfin2.cornell.edu/, https://data.research.cornell.edu/, https://pidash.cornell.edu, https://travelregistry.cornell.edu/, http://radash.cornell.edu/, https://navigate.cornell.edu, /resources/register-federal-and-non-federal-systems, /proposal/disclose-foreign-collaborations-and-support, /resources/research-metrics, /training)\nFind My GCO (/gco)\nRASSExternal (http://guide.rass.cornell.edu/)\nInstitutional Profile & DUNS (/resources/institutional-profile-duns-and-uei-numbers)\nIACUC applications (Cayuse Animal Management) (/resources/submit-new-iacuc-protocol)\nFind Your Next Funding Opportunity (/proposal/Find-Your-Next-Funding-Opportunity)\nIBC Applications (RASS-IBC) (/resources/ibc-application-submission-review-and-approval)\nResearch Development (ReD) Services (/research-development)\nIRB Applications (RASS-IRB)External (https://rass.cornell.edu/irb)\nRates and budgets (/proposal/budget)\nReport external interests (RASS-COI) (/compliance/conflict-of-interest)\nJoin List Servs (/resources/research-mailing-lists-list-servs)\nRASS Access Request Form (/resources/get-access-financial-sponsored-projects-data)\nAsk EHSExternal (https://tdx.cornell.edu/TDClient/42/Portal/Requests/TicketRequests/NewForm?ID=q5sab44D6GI_)\nWeb Financials (WebFin2)External (http://webfin2.cornell.edu/)\nCornell Data ServicesExternal (https://data.research.cornell.edu/)\nPI DashboardExternal (https://pidash.cornell.edu)\nTravel RegistryExternal (https://travelregistry.cornell.edu/)\nResearch Financials (formerly RA Dashboard)External (http://radash.cornell.edu/)\nInternational research activitiesExternal (https://navigate.cornell.edu)\nRegister for Federal and Non-Federal Systems (/resources/register-federal-and-non-federal-systems)\nDisclose Foreign Collaborations and Support (/proposal/disclose-foreign-collaborations-and-support)\nResearch metrics & executive dashboards (/resources/research-metrics)\nTraining (/training)\nSearch (/search)\nAccount Award Portfolio Dashboard\nGet Access to Financial & Sponsored Projects Data (/resources/get-access-financial-sponsored-projects-data)\nThe Account Award Portfolio dashboard\u00a0is designed to be used by PIs and Account Managers to manage financial activity.\nWho Uses the Account Award Portfolio Dashboard?\nMainly Cornell researchers and people who support them in their work (PIs, Account Managers, and Research Administrators).\nWhat Kinds of Questions Does the Account Award Portfolio Dashboard\u00a0Answer?\nWhat is included in my portfolio of awards and accounts?\nWho is being paid on my projects?\nWhat was purchased on my projects?\nMore Information\nDocumentation:Account Award Portfolio\u00a0documentation (https://confluence.cornell.edu/display/kfsidr/Dashboard+-+Account_Award+Portfolio)\nSupport:kfs-idr@cornell.edu (mailto:kfs-idr@cornell.edu)\nProject Finances (/manage/finances)\nSalary Cap Calculator (/rates/salary-cap-calculator)\nPI Dashboard (/resources/pi-dashboard)\nWebFin2 (/resources/webfin2)\nGet Access to Financial & Sponsored Projects Data (/resources/get-access-financial-sponsored-projects-data)\nBilling (Invoicing) Sponsors (/resources/billing-invoicing-sponsors)\nForeign Currency Awards (/resources/foreign-currency-awards)\nWho Can Help: Finance Staff (/resources/who-can-help-finance-staff)\nAccount Setup Details (/resources/account-setup-details)\nUniform Guidance for Federal Awards (/resources/uniform-guidance-federal-awards)\nPost-award Reference: Employee Benefits and Facility/Administrative Costs (/resources/post-award-reference-employee-benefits-and-facilityadministrative-costs)\nQuick Reference\nRates (/rates)\nForms (/forms)\nPolicies (/policies)\nContacts (/contacts)\nTraining (/training)\nEvents (/events)\nNews & Announcements (/news)\n\u00a9 2019 Cornell University\nWeb Accessibility Help (mailto:rais-help@cornell.edu?subject=researchservices.cornell.edu%20site)"
}