{
    "URL location": "https://researchservices.cornell.edu/resources/sample-proposal-library",
    "Last modification date": "2019-06-18T04:39Z",
    "Change frequency": "never",
    "Priority": "0.5",
    "Scraped Text": "Find guidance on funding and agency updates during the federal government transition(updated 3/19/2025) (/federal-transition)\nEssential ToolsFind My GCORASSExternalInstitutional Profile & DUNSIACUC applications (Cayuse Animal Management)Find Your Next Funding OpportunityIBC Applications (RASS-IBC)Research Development (ReD) ServicesIRB Applications (RASS-IRB)ExternalRates and budgetsReport external interests (RASS-COI)Join List ServsRASS Access Request FormAsk EHSExternalWeb Financials (WebFin2)ExternalCornell Data ServicesExternalPI DashboardExternalTravel RegistryExternalResearch Financials (formerly RA Dashboard)ExternalInternational research activitiesExternalRegister for Federal and Non-Federal SystemsDisclose Foreign Collaborations and SupportResearch metrics & executive dashboardsTraining (/about/essential-tools, /gco, http://guide.rass.cornell.edu/, /resources/institutional-profile-duns-and-uei-numbers, /resources/submit-new-iacuc-protocol, /proposal/Find-Your-Next-Funding-Opportunity, /resources/ibc-application-submission-review-and-approval, /research-development, https://rass.cornell.edu/irb, /proposal/budget, /compliance/conflict-of-interest, /resources/research-mailing-lists-list-servs, /resources/get-access-financial-sponsored-projects-data, https://tdx.cornell.edu/TDClient/42/Portal/Requests/TicketRequests/NewForm?ID=q5sab44D6GI_, http://webfin2.cornell.edu/, https://data.research.cornell.edu/, https://pidash.cornell.edu, https://travelregistry.cornell.edu/, http://radash.cornell.edu/, https://navigate.cornell.edu, /resources/register-federal-and-non-federal-systems, /proposal/disclose-foreign-collaborations-and-support, /resources/research-metrics, /training)\nFind My GCO (/gco)\nRASSExternal (http://guide.rass.cornell.edu/)\nInstitutional Profile & DUNS (/resources/institutional-profile-duns-and-uei-numbers)\nIACUC applications (Cayuse Animal Management) (/resources/submit-new-iacuc-protocol)\nFind Your Next Funding Opportunity (/proposal/Find-Your-Next-Funding-Opportunity)\nIBC Applications (RASS-IBC) (/resources/ibc-application-submission-review-and-approval)\nResearch Development (ReD) Services (/research-development)\nIRB Applications (RASS-IRB)External (https://rass.cornell.edu/irb)\nRates and budgets (/proposal/budget)\nReport external interests (RASS-COI) (/compliance/conflict-of-interest)\nJoin List Servs (/resources/research-mailing-lists-list-servs)\nRASS Access Request Form (/resources/get-access-financial-sponsored-projects-data)\nAsk EHSExternal (https://tdx.cornell.edu/TDClient/42/Portal/Requests/TicketRequests/NewForm?ID=q5sab44D6GI_)\nWeb Financials (WebFin2)External (http://webfin2.cornell.edu/)\nCornell Data ServicesExternal (https://data.research.cornell.edu/)\nPI DashboardExternal (https://pidash.cornell.edu)\nTravel RegistryExternal (https://travelregistry.cornell.edu/)\nResearch Financials (formerly RA Dashboard)External (http://radash.cornell.edu/)\nInternational research activitiesExternal (https://navigate.cornell.edu)\nRegister for Federal and Non-Federal Systems (/resources/register-federal-and-non-federal-systems)\nDisclose Foreign Collaborations and Support (/proposal/disclose-foreign-collaborations-and-support)\nResearch metrics & executive dashboards (/resources/research-metrics)\nTraining (/training)\nSearch (/search)\nSample Proposal Library\nThe Office of Sponsored Programs and Research Development has compiled a library of successful proposals submitted by Cornell faculty members to external sponsors. These proposals are available to Cornell faculty members to provide insight and ideas for successful proposal writing.\nWe also recommend speaking to colleagues who have had success with specific programs.\nThe sponsors for which we have sample proposals are listed below.\nClick the sponsor name to view the list of proposals for that sponsor.\nGo to\u00a0DOD Proposals-Go to\u00a0NIH Proposals-Go to\u00a0NSF Proposals-Go to\u00a0Foundation Proposals (#dod, #nih, #nsf, #foundations)\nIf you have suggestions for additional sponsors or programs to include in the library, or if you would like to donate a proposal, please contactResearch Development. (mailto:proposal-adv-osp@cornell.edu?subject=Suggestions%20and%20donations%20for%20the%20\"Sample%20Proposal%20Library\")\nTo request access to a proposal\nEmailResearch Developmentstating your name, NetID, and the proposal you would like to access. Once access is granted our staff will email you a link to the proposal. (mailto:proposal-adv-osp@cornell.edu?subject=Request%20access%20to%20a%20sample%20proposal&body=Requester's%20Name:%20%0A%0ARequester's%20NetID:%20%0A%0ARequested%20Proposal(s):%20%0A%0A)\nProposal access is limited to full-time members of the Cornell faculty with the following titles:\nProfessor\nAssociate Professor\nAssistant Professor\nUniversity Professor\nSenior Scientist\nSenior Scholar\nResearch Scientist\nPrincipal Research Scientist\n\nFederal Sponsors\nMany of the proposals in this library may have utilized now outdated or specific programmatic guidelines.You should always refer to the current program related guidelines when writing your proposal.\n\nDepartment of Defense (DOD)\nSample proposals awarded in recent years from DoD are listed below, organized by the office from which they were awarded.\nAir Force Office of Scientific Research\nProgram:\nMultidisciplinary University Research Initiative (MURI)\nStandard AFOSR Grants\nYoung Investigator Research Program\nArmy Research Office\nProgram:\nStandard ARO Grants\nOffice of Naval Research\nProgram:\nStandard ONR Grants\nYoung Investigator Program\nNational Institutes of Health (NIH)\nSample proposals awarded in recent years from NIH are listed below, organized by award type. Although every effort has been made to use only standard NIH proposals in the Sample Proposal Library, some proposals may contain elements that respond to a specific Request for Applications announcement. (NIH currentHow to Apply - Application Guide.) (https://grants.nih.gov/grants/how-to-apply-application-guide.html)\nCareer Awards\nProgram:\nPathway to Independence Award (Parent K99/R00)\nDirector's Awards\nProgram:\nDirector's Pioneer Award (DP1)\nDirector's New Innovator Award (DP2)\nResearch Awards\nProgram:\nNational Human Genome Research Institute (Parent R01, Renewal)\nNational Institute on Aging (Parent R01)\nNational Institute on Aging (Parent R21)\nNational Institute of Allergy and Infectious Diseases (Parent R01)\nNational Institute of Biomedical Imaging and Bioengineering (Parent R01)\nNational Institute on Drug Abuse (Parent R01)\nNational Institute of General Medical Sciences Maximizing Investigators' Research Award (MIRA) (R35) Early Investigators award\nNational Institute of General Medical Sciences (Parent R01, Renewal)\nNational Institute of Neurological Disorders and Stroke (Parent R01)\nTraining/Fellowship Awards\nProgram:\nRuth L. Kirschstein Individual Postdoctoral Fellowship (Parent F32)\nRuth L. Kirschstein Individual Predoctoral Fellowship (Parent F31):\n*Coming Soon*\nNational Science Foundation (NSF)\nSample proposals awarded in recent years from NSF are listed below, organized by Directorate and division.\u00a0Although every effort has been made to use only standard NSF proposals in the Sample Proposal Library, some proposals may contain elements that respond to a specific solicitation\u00a0or may have been written and awarded prior to the most recent set of guidelines issued by NSF. (Current NSFProposal & Award Policies & Procedures Guide) (https://www.nsf.gov/publications/pub_summ.jsp?ods_key=pappg)\nCAREER Awards\nDivision:\nChemistry (CHE)\nDivision of Materials Research (DMR)\nIntegrative Organismal Systems (IOS)\nSocial and Economic Sciences (SES)\nComputer & Information Science & Engineering (CISE)\nDivision:\nComputing and Communication Foundations (CCF)\nComputer and Network Systems (CNS)\nEngineering (ENG)\nDivision:\nChemical, Bioengineering, Environmental, and Transport Systems (CBET)\nElectrical, Communications and Cyber Systems (ECCS)\nGeosciences (GEO)\nDivision:\nAtmospheric and Geospace Sciences (AGS)\nEarth Sciences (EAR)\nOcean Sciences (OCE)\nMajor Research Instrumentation (MRI)\nDivision:\nDivision of Chemistry (CHE)\nMathematical & Physical Sciences (MPS)\nDivision:\nAstronomical Sciences (AST)\nMaterials Research (DMR)\nMathematical Sciences (DMS)\nPartnerships for Innovation (PFI)\nDivision:\nAccelerating Innovation Research (AIR)\nSocial, Behavioral & Economic Sciences (SBE)\nDivision:\nBehavioral and Cognitive Sciences (BCS)\nNational Center for Science and Engineering Statistics (NCSES)\nSocial and Economic Sciences (SES)\nNon-Federal Sponsors\nAs with Federal Sponsors,you should always refer to the current program related guidelines when writing your proposal.\nFoundations\nSample proposals awarded from several Foundations are listed below in alphabetical order.\u00a0These proposals may have been written using older, outdated guidelines.\nBeckman Foundation\nBurroughs Wellcome Fund\nCamille and Henry Dreyfus Foundation\nEsther A. and\u00a0Joseph Klingenstein Fund\nHelen Hay Whitney Foundation\nPackard Foundation\nPew Charitable Trusts\nRobert Wood Johnson Foundation\nRussell Sage Foundation\nProposal Development, Review, and Submission (/proposal/develop)\nRegister for Federal and Non-Federal Systems (/resources/register-federal-and-non-federal-systems)\nPre-Award Research Operations (PRO) (/resources/pro-research-operations)\nAdditional Things to Consider when Preparing a Proposal (/resources/additional-things-consider-when-preparing-proposal)\nFind My GCO (Grant & Contract Officer) (/gco)\nProposal Review Guidelines (/resources/proposal-review-guidelines)\nLimited Submissions Funding Opportunities (/resources/limited-submissions-funding-opportunities)\nPI Eligibility (/policies/pi-eligibility)\nInstitutional Profile, DUNS, and UEI Numbers (/resources/institutional-profile-duns-and-uei-numbers)\nRASS (Form 10 is Phased Out) (/forms/rass-form-10-phased-out)\nNFA (Non-Financial Agreements) (/forms/nfa-non-financial-agreements)\nQuick Reference\nRates (/rates)\nForms (/forms)\nPolicies (/policies)\nContacts (/contacts)\nTraining (/training)\nEvents (/events)\nNews & Announcements (/news)\n\u00a9 2019 Cornell University\nWeb Accessibility Help (mailto:rais-help@cornell.edu?subject=researchservices.cornell.edu%20site)"
}