{
    "URL location": "https://researchservices.cornell.edu/resources/irb-guidance-and-resources",
    "Last modification date": "2025-01-15T21:13Z",
    "Change frequency": "yearly",
    "Priority": "0.5",
    "Scraped Text": "Find guidance on funding and agency updates during the federal government transition(updated 3/19/2025) (/federal-transition)\nEssential ToolsFind My GCORASSExternalInstitutional Profile & DUNSIACUC applications (Cayuse Animal Management)Find Your Next Funding OpportunityIBC Applications (RASS-IBC)Research Development (ReD) ServicesIRB Applications (RASS-IRB)ExternalRates and budgetsReport external interests (RASS-COI)Join List ServsRASS Access Request FormAsk EHSExternalWeb Financials (WebFin2)ExternalCornell Data ServicesExternalPI DashboardExternalTravel RegistryExternalResearch Financials (formerly RA Dashboard)ExternalInternational research activitiesExternalRegister for Federal and Non-Federal SystemsDisclose Foreign Collaborations and SupportResearch metrics & executive dashboardsTraining (/about/essential-tools, /gco, http://guide.rass.cornell.edu/, /resources/institutional-profile-duns-and-uei-numbers, /resources/submit-new-iacuc-protocol, /proposal/Find-Your-Next-Funding-Opportunity, /resources/ibc-application-submission-review-and-approval, /research-development, https://rass.cornell.edu/irb, /proposal/budget, /compliance/conflict-of-interest, /resources/research-mailing-lists-list-servs, /resources/get-access-financial-sponsored-projects-data, https://tdx.cornell.edu/TDClient/42/Portal/Requests/TicketRequests/NewForm?ID=q5sab44D6GI_, http://webfin2.cornell.edu/, https://data.research.cornell.edu/, https://pidash.cornell.edu, https://travelregistry.cornell.edu/, http://radash.cornell.edu/, https://navigate.cornell.edu, /resources/register-federal-and-non-federal-systems, /proposal/disclose-foreign-collaborations-and-support, /resources/research-metrics, /training)\nFind My GCO (/gco)\nRASSExternal (http://guide.rass.cornell.edu/)\nInstitutional Profile & DUNS (/resources/institutional-profile-duns-and-uei-numbers)\nIACUC applications (Cayuse Animal Management) (/resources/submit-new-iacuc-protocol)\nFind Your Next Funding Opportunity (/proposal/Find-Your-Next-Funding-Opportunity)\nIBC Applications (RASS-IBC) (/resources/ibc-application-submission-review-and-approval)\nResearch Development (ReD) Services (/research-development)\nIRB Applications (RASS-IRB)External (https://rass.cornell.edu/irb)\nRates and budgets (/proposal/budget)\nReport external interests (RASS-COI) (/compliance/conflict-of-interest)\nJoin List Servs (/resources/research-mailing-lists-list-servs)\nRASS Access Request Form (/resources/get-access-financial-sponsored-projects-data)\nAsk EHSExternal (https://tdx.cornell.edu/TDClient/42/Portal/Requests/TicketRequests/NewForm?ID=q5sab44D6GI_)\nWeb Financials (WebFin2)External (http://webfin2.cornell.edu/)\nCornell Data ServicesExternal (https://data.research.cornell.edu/)\nPI DashboardExternal (https://pidash.cornell.edu)\nTravel RegistryExternal (https://travelregistry.cornell.edu/)\nResearch Financials (formerly RA Dashboard)External (http://radash.cornell.edu/)\nInternational research activitiesExternal (https://navigate.cornell.edu)\nRegister for Federal and Non-Federal Systems (/resources/register-federal-and-non-federal-systems)\nDisclose Foreign Collaborations and Support (/proposal/disclose-foreign-collaborations-and-support)\nResearch metrics & executive dashboards (/resources/research-metrics)\nTraining (/training)\nSearch (/search)\nIRB Guidance and Resources\nCornell IRB guidance and policies, and links to external sources to help you plan, obtain, and maintain IRB approval for your project\nLooking for guidance and resources? The links and documents below will help you to understand the main processes and guidelines used by the Cornell IRB, as well as external policies, regulations and best practices that might apply to your research using human participants.\nCornell IRB Guidance & Procedures\nStart here: if you aren't sure whether your activity is covered under Cornell's Human Research Protection Program, review thisDecision Tree. (/sites/default/files/2019-05/IRB%20Decision%20Tree.pdf)\n\nCornell IRB Procedures \u2013 submitting & managing IRB projects\nPolicy 1:Determining Whether a Research Activity Needs IRB Review and Approval (/policies/irb-policy-1-determining-whether-research-activity-needs-irb-review-and-approval)\nPolicy 3:Expedited and Full Board Reviews (Initial, Amendment, and Continuing) (/policies/irb-policy-3-expedited-and-full-board-reviews-initial-amendment-and-continuing)\nGuidance:Oral Histories, Journalism, and Case Studies (/policies/irb-guidance-oral-histories-journalism-and-case-studies)\nGuidance:Revised Common Rule: Cornell IRB Policies and Procedures (/policies/irb-policy-guidance-revised-common-rule)\nPolicy 2:Requests for Exemption (/policies/irb-policy-2-submission-requirements-and-procedures-exemption-irb-review)\nPolicy 17:Principal Investigator Roles and Responsibilities (/policies/irb-policy-17-pi-roles-and-responsibilities)\nPolicy 8:Closing a Research Protocol (/policies/irb-policy-8-closure-research-protocol)\nPolicy 4:Reporting Unanticipated/Adverse Events (/policies/irb-policy-4-reporting-unanticipatedadverse-events)\nPolicy 5:Managing Noncompliance (/policies/irb-policy-5-managing-noncompliance)\nPolicy 6:Suspensions and Terminations of IRB Protocols (/policies/irb-policy-6-suspension-and-termination-irb-protocols)\nPolicy 7:Reporting Unanticipated Problems to Regulatory Agencies and Sponsors (/policies/irb-policy-7-reporting-unanticipated-problems-noncompliance-suspensions-and-terminations)\nNavigating External Rules and Requirements\nGuidance:NIH Certificates of Confidentiality (/policies/irb-guidance-nih-certificates-confidentiality)\nGuidance:Clinical Trials (/policies/irb-guidance-clinical-trials)\nGuidance:Using HIPAA Data for Research (/sites/default/files/2019-05/HIPAA_Guidance_for_Researchers.pdf)\nPolicy 18:New York State Laws (/policies/irb-policy-18-new-york-state-laws-relevant-human-participant-research)\nGuidance:Revised Common Rule: Cornell IRB Policies and Procedures (/policies/irb-policy-guidance-revised-common-rule)\nGuidance:GDPR Research (/policies/irb-guidance-gdpr-research)\nResearch with Special Populations\nGuidance:Parent/Guardian Permission for Studies involving Children (/sites/default/files/2019-05/Parent-Guardian%20Permission%20for%20Studies%20involving%20Children.pdf)\nGuidance:Managing Risk of Harm to Self or Others (/sites/default/files/2019-05/IRB%20Guidance%20on%20Managing%20Risk%20of%20Harm%20to%20Self%20or%20Others.pdf)\nPolicy:International Human Research (/policies/irb-policy-14-international-human-research)\nGuidance:Preparing Protocols Involving International Research (/sites/default/files/2019-05/Guidance%20on%20IRB%20Review%20of%20International%20Research.pdf)\nGuidance:Research Involving Cognitively Impaired Adults (/sites/default/files/2019-06/Research%20Involving%20Cognitively%20Impaired%20Adults.pdf)\nInformed Consent and Recruitment\nPolicy 9:Recruitment and Payment of HumanResearch Participants (/policies/irb-policy-9-recruitment-and-payment-human-research-participants, /policies/irb-policy-9-recruitment-and-payment-human-research-participants#9:, /policies/irb-policy-9-recruitment-and-payment-human-research-participants)\nPolicy 10:Informed Consent Options, Processes, and Documentation (/policies/irb-policy-10-informed-consent-options-processes-and-documentation)\nPolicy 11:Informed Consent - Research Involving Children (/policies/irb-policy-11-research-involving-children)\nPolicy 12:Informed Consent - Research Involving Prisoners (/policies/irb-policy-12-human-participants-research-involving-prisoners)\nPolicy 13:Informed Consent - Research Involving Normal, Healthy Participants (/policies/irb-policy-13-informed-consent-enrollment-and-other-considerations-research-involving)\nPolicy 15:Informed Consent - Research Involving Cornell Students (/policies/irb-policy-15-research-involving-cornell-students)\nGuidance:Parent/Guardian Permission for Studies Involving Children (/sites/default/files/2019-05/Parent-Guardian%20Permission%20for%20Studies%20involving%20Children.pdf)\nGuidance:Oral Consent (/sites/default/files/2019-05/Guidance_for_protocols_involving_oral_consent.docx)\nInformed Consent 101 Video (https://vod.video.cornell.edu/media/Informed+Consent+101/1_i0zhhdsa)\nResearch Involving Medical Procedures, Testing or Devices\nPolicy 19:Use of Physiological Devices, Biomedical Procedures or Biological Samples in Research (/policies/irb-policy-19-use-physiological-devices-biomedical-procedures-or-biological-samples-human)\nGuidance:Sanitation of Devices that Contact Intact Skin (/sites/default/files/2020-06/IRB_GD_Sanitation%20Skin%20Contact_revised%20June%202020.pdf)\nGuidance:Managing Risk of Harm to Self or Others (/sites/default/files/2019-05/IRB%20Guidance%20on%20Managing%20Risk%20of%20Harm%20to%20Self%20or%20Others.pdf)\nGuidance:Venipuncture for Research on Human Subjects (/policies/venipuncture-guidance-research-human-subjects)\nResearch Involving Technology & Data\nPolicy 16:Computer- and Internet-Based Survey Research (/policies/irb-policy-16-computer-and-internet-based-human-participant-survey-research)\nPolicy 20:Use of Social Networking Sites and Mobile Devices (/policies/irb-policy-20-use-social-networking-sites-or-mobile-devices-human-participant-research)\nGuidance:Research Involving Existing or Secondary Data (/policies/irb-guidance-research-involving-existing-or-secondary-data-documents-or-records)\nExternal Regulations & Guidance\nExternal Regulations & Guidance\nHere is a list of selected laws, regulations and guidelines concerning the conduct of research with human participants:\nThe Federal Policy for the Protection of Human Subjects(the \u201cCommon Rule\u201d) (https://www.ecfr.gov/cgi-bin/retrieveECFR?gp=&SID=83cd09e1c0f5c6937cd9d7513160fc3f&pitd=20180719&n=pt45.1.46&r=PART&ty=HTML)\nThe Belmont Report (https://www.hhs.gov/ohrp/regulations-and-policy/belmont-report/)\nHIPAA Privacy Rule (https://privacyruleandresearch.nih.gov/)\nFamily Educational Rights and Privacy Act(FERPA) (https://www2.ed.gov/policy/gen/guid/fpco/ferpa/index.html)\nFood and Drug Administration(FDA) 21 CFR Regulations (https://www.accessdata.fda.gov/scripts/cdrh/cfdocs/cfcfr/CFRSearch.cfm?CFRPart=50)\nGeneral Data Protection Regulation(GDPR) (https://eur-lex.europa.eu/legal-content/EN/TXT/PDF/?uri=CELEX:32016R0679)\nNew York State\u2019sArticle 24-A: Protection of Human Subjects (https://law.justia.com/codes/new-york/2013/pbh/article-24-a/)\nNew York Civil Rights LawSection 79-l: Confidentiality of records of genetic tests (https://codes.findlaw.com/ny/civil-rights-law/cvr-sect-79-l.html)\nAbout the IRB Committee (/resources/about-irb-committee)\nThe Life Cycle of an IRB Protocol (/resources/life-cycle-irb-protocol)\nIRB Announcements & Newsletters (/resources/irb-announcements-newsletters)\nResearch with Human Participants (/compliance/human-research)\nIRB Informed Consent (/resources/irb-informed-consent)\nIRB Training (/resources/irb-training)\nIRB Considerations: Human Participant Data, Data Sets and Internet Research (/resources/human-participant-data)\nIRB Biomedical Research (/resources/irb-biomedical-research)\nIRB Considerations for International Research (/resources/irb-considerations-international-research)\nIRB Considerations for Clinical Trials (/resources/irb-considerations-clinical-trials)\nMulti-site and Collaborative IRB Research (/resources/multi-site-and-collaborative-irb-research)\nQuick Reference\nRates (/rates)\nForms (/forms)\nPolicies (/policies)\nContacts (/contacts)\nTraining (/training)\nEvents (/events)\nNews & Announcements (/news)\n\u00a9 2019 Cornell University\nWeb Accessibility Help (mailto:rais-help@cornell.edu?subject=researchservices.cornell.edu%20site)"
}