{
    "URL location": "https://researchservices.cornell.edu/resources/federal-demonstration-partnership-fdp-expanded-clearinghouse-program",
    "Last modification date": "2023-09-19T20:55Z",
    "Change frequency": "yearly",
    "Priority": "0.5",
    "Scraped Text": "Find guidance on funding and agency updates during the federal government transition(updated 3/19/2025) (/federal-transition)\nEssential ToolsFind My GCORASSExternalInstitutional Profile & DUNSIACUC applications (Cayuse Animal Management)Find Your Next Funding OpportunityIBC Applications (RASS-IBC)Research Development (ReD) ServicesIRB Applications (RASS-IRB)ExternalRates and budgetsReport external interests (RASS-COI)Join List ServsRASS Access Request FormAsk EHSExternalWeb Financials (WebFin2)ExternalCornell Data ServicesExternalPI DashboardExternalTravel RegistryExternalResearch Financials (formerly RA Dashboard)ExternalInternational research activitiesExternalRegister for Federal and Non-Federal SystemsDisclose Foreign Collaborations and SupportResearch metrics & executive dashboardsTraining (/about/essential-tools, /gco, http://guide.rass.cornell.edu/, /resources/institutional-profile-duns-and-uei-numbers, /resources/submit-new-iacuc-protocol, /proposal/Find-Your-Next-Funding-Opportunity, /resources/ibc-application-submission-review-and-approval, /research-development, https://rass.cornell.edu/irb, /proposal/budget, /compliance/conflict-of-interest, /resources/research-mailing-lists-list-servs, /resources/get-access-financial-sponsored-projects-data, https://tdx.cornell.edu/TDClient/42/Portal/Requests/TicketRequests/NewForm?ID=q5sab44D6GI_, http://webfin2.cornell.edu/, https://data.research.cornell.edu/, https://pidash.cornell.edu, https://travelregistry.cornell.edu/, http://radash.cornell.edu/, https://navigate.cornell.edu, /resources/register-federal-and-non-federal-systems, /proposal/disclose-foreign-collaborations-and-support, /resources/research-metrics, /training)\nFind My GCO (/gco)\nRASSExternal (http://guide.rass.cornell.edu/)\nInstitutional Profile & DUNS (/resources/institutional-profile-duns-and-uei-numbers)\nIACUC applications (Cayuse Animal Management) (/resources/submit-new-iacuc-protocol)\nFind Your Next Funding Opportunity (/proposal/Find-Your-Next-Funding-Opportunity)\nIBC Applications (RASS-IBC) (/resources/ibc-application-submission-review-and-approval)\nResearch Development (ReD) Services (/research-development)\nIRB Applications (RASS-IRB)External (https://rass.cornell.edu/irb)\nRates and budgets (/proposal/budget)\nReport external interests (RASS-COI) (/compliance/conflict-of-interest)\nJoin List Servs (/resources/research-mailing-lists-list-servs)\nRASS Access Request Form (/resources/get-access-financial-sponsored-projects-data)\nAsk EHSExternal (https://tdx.cornell.edu/TDClient/42/Portal/Requests/TicketRequests/NewForm?ID=q5sab44D6GI_)\nWeb Financials (WebFin2)External (http://webfin2.cornell.edu/)\nCornell Data ServicesExternal (https://data.research.cornell.edu/)\nPI DashboardExternal (https://pidash.cornell.edu)\nTravel RegistryExternal (https://travelregistry.cornell.edu/)\nResearch Financials (formerly RA Dashboard)External (http://radash.cornell.edu/)\nInternational research activitiesExternal (https://navigate.cornell.edu)\nRegister for Federal and Non-Federal Systems (/resources/register-federal-and-non-federal-systems)\nDisclose Foreign Collaborations and Support (/proposal/disclose-foreign-collaborations-and-support)\nResearch metrics & executive dashboards (/resources/research-metrics)\nTraining (/training)\nSearch (/search)\nFederal Demonstration Partnership (FDP) Expanded Clearinghouse Program\nTheExpanded Clearinghouse Program, hosted by the Federal Demonstration Partnership (FDP), makes institutional profiles publicly available through an online database to facilitate the quick exchange of standard organizational information required for subaward management. (https://fdpclearinghouse.org/)\nCornell University is participating in a nationwide program to streamline the exchange of institutional information collected from potential subrecipient institutions. As a result of Cornell\u2019s participation in this program, the documentation required of potential subrecipient institutions included in Cornell proposals (Outgoing Subawards) and of Cornell when acting as a subrecipient on another institution\u2019s proposal (Incoming Subawards), have changed as described in detail below.\nDocumentation Requirements for Subrecipients Included in Cornell Proposals (Outgoing Subawards)\nAs of October 2016, institutions participating in this program are no longer required to complete theCornell OSP Subcontractor Commitment Formwhen proposing to participate in a Cornell project as a subrecipient. Instead, participating\u00a0institutions need only to provide project specific data (Subrecipient PI name, project period, total amount requested, cost share amount, authorized signature, compliances, etc.) via a Letter of Intent/Commitment (Sample LOI Template). A list of participating program organizations can be found at theFDP Expanded Clearinghouse Programwebsite. (/forms/subcontractor-commitment-form, /sites/default/files/2022-05/FDP%20ILCO%20%281%29.pdf, https://fdpclearinghouse.org/organizations)\nPotential subrecipient institutions who are not part of the program are still required to complete theCornell OSP Subcontractor Commitment Formwhen participating in projects funded by NSF, all PHS agencies, or any other sponsor who has adopted PHS regulations for Financial Conflict of Interest (FCOI). When participating in projects funded by all other sponsors, institutions who are not part of the program can elect to complete theCornell OSP Subcontractor Commitment FormOR provide project specific data via aLetter of Commitment. (/forms/subcontractor-commitment-form, /forms/subcontractor-commitment-form, /sites/default/files/2022-05/FDP%20ILCO%20%281%29.pdf)\n\nUse the decision tree below to determine the documentation required of each potential subrecipient.\nFDP Expanded Clearinghouse\u00a0Participant List (https://fdpclearinghouse.org/organizations)\n\nPlease contactTammy Wildenstein, Subaward Officer with questions or for additional information. (mailto:cu_subawards@cornell.edu)\nDocumentation Requirements when Cornell is a Subrecipient (Incoming Subawards)\nWhen participating as a subrecipient on a proposal submitted by a fellow participating\u00a0institution, the documentation expectations are reciprocal. Those preparing Cornell\u2019s subrecipient proposal should expect to provide the pass\u2010through sponsor the same level of documentation we would expect if the roles were reversed. Please note that institutions who arenotpart of the program may require additional institutional information and documentation from Cornell.\nPlease contact yourGrant & Contract Officer (GCO)with any questions or for additional information. (/gco)\nTammy Wildenstein - Subaward Officer | Federal Team (/contact/tlw62)\nSubawards in a Proposal (/proposal/subcontracts)\nManaging Subawards (/process/managing-subawards)\nSubaward FAQs (/resources/subaward-faqs)\nProposing a Subaward (/resources/proposing-subaward)\nSubawards: Roles and Responsibilities (/resources/subawards-roles-and-responsibilities)\nSubcontractor Commitment Form (/forms/subcontractor-commitment-form)\nIssuing the Subaward Agreement (/resources/issuing-subaward-agreement)\nSubawards: Risk Assessment (/resources/subawards-risk-assessment)\nPayments to Subrecipients on Sponsored Projects (/resources/payments-subrecipients-sponsored-projects)\nAmendment to Subaward Agreements (/resources/amendment-subaward-agreements)\nQuick Reference\nRates (/rates)\nForms (/forms)\nPolicies (/policies)\nContacts (/contacts)\nTraining (/training)\nEvents (/events)\nNews & Announcements (/news)\n\u00a9 2019 Cornell University\nWeb Accessibility Help (mailto:rais-help@cornell.edu?subject=researchservices.cornell.edu%20site)"
}