{
    "URL location": "https://researchservices.cornell.edu/rates/travel-funded-certain-ny-state-sponsored-awards",
    "Last modification date": "2019-06-18T04:07Z",
    "Change frequency": "never",
    "Priority": "0.5",
    "Scraped Text": "Find guidance on funding and agency updates during the federal government transition(updated 3/19/2025) (/federal-transition)\nEssential ToolsFind My GCORASSExternalInstitutional Profile & DUNSIACUC applications (Cayuse Animal Management)Find Your Next Funding OpportunityIBC Applications (RASS-IBC)Research Development (ReD) ServicesIRB Applications (RASS-IRB)ExternalRates and budgetsReport external interests (RASS-COI)Join List ServsRASS Access Request FormAsk EHSExternalWeb Financials (WebFin2)ExternalCornell Data ServicesExternalPI DashboardExternalTravel RegistryExternalResearch Financials (formerly RA Dashboard)ExternalInternational research activitiesExternalRegister for Federal and Non-Federal SystemsDisclose Foreign Collaborations and SupportResearch metrics & executive dashboardsTraining (/about/essential-tools, /gco, http://guide.rass.cornell.edu/, /resources/institutional-profile-duns-and-uei-numbers, /resources/submit-new-iacuc-protocol, /proposal/Find-Your-Next-Funding-Opportunity, /resources/ibc-application-submission-review-and-approval, /research-development, https://rass.cornell.edu/irb, /proposal/budget, /compliance/conflict-of-interest, /resources/research-mailing-lists-list-servs, /resources/get-access-financial-sponsored-projects-data, https://tdx.cornell.edu/TDClient/42/Portal/Requests/TicketRequests/NewForm?ID=q5sab44D6GI_, http://webfin2.cornell.edu/, https://data.research.cornell.edu/, https://pidash.cornell.edu, https://travelregistry.cornell.edu/, http://radash.cornell.edu/, https://navigate.cornell.edu, /resources/register-federal-and-non-federal-systems, /proposal/disclose-foreign-collaborations-and-support, /resources/research-metrics, /training)\nFind My GCO (/gco)\nRASSExternal (http://guide.rass.cornell.edu/)\nInstitutional Profile & DUNS (/resources/institutional-profile-duns-and-uei-numbers)\nIACUC applications (Cayuse Animal Management) (/resources/submit-new-iacuc-protocol)\nFind Your Next Funding Opportunity (/proposal/Find-Your-Next-Funding-Opportunity)\nIBC Applications (RASS-IBC) (/resources/ibc-application-submission-review-and-approval)\nResearch Development (ReD) Services (/research-development)\nIRB Applications (RASS-IRB)External (https://rass.cornell.edu/irb)\nRates and budgets (/proposal/budget)\nReport external interests (RASS-COI) (/compliance/conflict-of-interest)\nJoin List Servs (/resources/research-mailing-lists-list-servs)\nRASS Access Request Form (/resources/get-access-financial-sponsored-projects-data)\nAsk EHSExternal (https://tdx.cornell.edu/TDClient/42/Portal/Requests/TicketRequests/NewForm?ID=q5sab44D6GI_)\nWeb Financials (WebFin2)External (http://webfin2.cornell.edu/)\nCornell Data ServicesExternal (https://data.research.cornell.edu/)\nPI DashboardExternal (https://pidash.cornell.edu)\nTravel RegistryExternal (https://travelregistry.cornell.edu/)\nResearch Financials (formerly RA Dashboard)External (http://radash.cornell.edu/)\nInternational research activitiesExternal (https://navigate.cornell.edu)\nRegister for Federal and Non-Federal Systems (/resources/register-federal-and-non-federal-systems)\nDisclose Foreign Collaborations and Support (/proposal/disclose-foreign-collaborations-and-support)\nResearch metrics & executive dashboards (/resources/research-metrics)\nTraining (/training)\nSearch (/search)\nTravel Funded by Certain NY State Sponsored Awards\nSome awards from the State of New York (NYS) invoke theOffice of the State Comptroller Travel Manual (\u201cNYS Travel Manual\u201d). Travel on these awards must comply with Cornell's policy as well as the NYS travel manual. (https://www.osc.state.ny.us/agencies/travel/manual.pdf)\nAll Cornell University business travel is subject toUniversity Policy 3.2, Travel Expenses. University business travel funded by a sponsored award may have additional or more specific requirements, as defined by sponsor rules. In all cases, Cornell University travel must comply with the more restrictive of these requirements. (https://www.dfa.cornell.edu/policy/policies/travel-expenses)\nThis page outlines major differences between the University Policy 3.2, Travel Expenses, and the NYS travel manual. Remember that the latter applies only where the award specifically invokes the NYS travel manual. If you have any questions regarding the NYS travel requirements pleasecontact us. (mailto:mailto:sfs-help@cornell.edu)\nTravel Status\nNYS rules define travel status as being at least 35 miles away from both one\u2019s home and one\u2019s regular work site. If circumstances do not meet this definition, the traveler is considered to be traveling in the proximity of the regular worksite.\nWhen one is traveling in the proximity of the worksite,normally neither meals nor lodging are reimbursed. Mileage cost is reimbursable, using either the distance between the traveler\u2019s home and the alternate worksite or the traveler\u2019s normal worksite and the alternate worksite, whichever is less.\nOvernight Travel\nCornell\u2019s policies do not authorize the use of per diem for lodging, nor the payment of lodging costs when no cost was incurred (e.g., staying with friends or relatives). Therefore,you may not use the NYS \u201cUnreceipted Method\u201d (Method 1). All overnight travel must use the \u201cReceipted Method\u201d (Method 2), although receipts are not required in some cases.\nReceipts are required for lodging, and reimbursable costs under NYS rules are limited to thefederal per diem ratesfor the travel region, exclusive of taxes. The balance of the lodging costs must be charged to non-sponsored funds. (https://www.gsa.gov/travel/plan-book/per-diem-rates/per-diem-rates-lookup)\nReceipts are not required for meals, which are reimbursed at thefederal per diem ratesfor the travel region. However, NYS divides the federal per diem rates differently, and does not consider lunch as reimbursable. The table below shows the breakdown of the per diem. (https://www.gsa.gov/travel/plan-book/per-diem-rates/per-diem-rates-lookup)\nPer diem for incidentals may be claimed for all overnight travel. All per diems on the first and last day of travel are subject to reduction in accordance with university policy.\n\n\nExample:\nCurrent per diem rates for Buffalo are $104 for lodging, and $64 for meals and incidentals.\nMaximum lodging charge is $104 plus tax per night, and a fixed allowance of $5 for incidentals and $59 for meals is provided.\nWhere per diem is adjusted, for provided meals or other reasons, breakfast is valued at $11, and dinner at $43.\nForeign travel uses a similar practice of lodging capped at the federal rate, provision of the incidental expenses of the per diem and the allocation of the meal per diem with 20% for breakfast and 80% for dinner.\nSame Day Travel\nBreakfast may be claimedwith receiptsup to the applicable federal per diem, apportioned using the NYS method above,if travel begins at least one hour before normal workday.\nDinner may be claimedwith receiptsup to the applicable federal per diem, apportioned using the NYS method above,if travel ends at least two hours after normal workday.\nWithout receipts, the limit is$5 for breakfastand$12 for dinner.\nAs with overnight travel, no claim may be made for lunch, as the state considers this to be a personal expense.\nTravel and International Activities (/manage/travel)\nTravel Safety and Emergency Planning for Employees Abroad (/resources/travel-safety-and-emergency-planning-employees-abroad)\nKeep Data and Devices Safe when Traveling (/resources/keep-data-and-devices-safe-when-traveling)\nQuick Reference\nRates (/rates)\nForms (/forms)\nPolicies (/policies)\nContacts (/contacts)\nTraining (/training)\nEvents (/events)\nNews & Announcements (/news)\n\u00a9 2019 Cornell University\nWeb Accessibility Help (mailto:rais-help@cornell.edu?subject=researchservices.cornell.edu%20site)"
}