{
    "URL location": "https://researchservices.cornell.edu/close-project",
    "Last modification date": "2024-03-03T01:57Z",
    "Change frequency": "yearly",
    "Priority": "0.5",
    "Scraped Text": "Find guidance on funding and agency updates during the federal government transition(updated 3/19/2025) (/federal-transition)\nEssential ToolsFind My GCORASSExternalInstitutional Profile & DUNSIACUC applications (Cayuse Animal Management)Find Your Next Funding OpportunityIBC Applications (RASS-IBC)Research Development (ReD) ServicesIRB Applications (RASS-IRB)ExternalRates and budgetsReport external interests (RASS-COI)Join List ServsRASS Access Request FormAsk EHSExternalWeb Financials (WebFin2)ExternalCornell Data ServicesExternalPI DashboardExternalTravel RegistryExternalResearch Financials (formerly RA Dashboard)ExternalInternational research activitiesExternalRegister for Federal and Non-Federal SystemsDisclose Foreign Collaborations and SupportResearch metrics & executive dashboardsTraining (/about/essential-tools, /gco, http://guide.rass.cornell.edu/, /resources/institutional-profile-duns-and-uei-numbers, /resources/submit-new-iacuc-protocol, /proposal/Find-Your-Next-Funding-Opportunity, /resources/ibc-application-submission-review-and-approval, /research-development, https://rass.cornell.edu/irb, /proposal/budget, /compliance/conflict-of-interest, /resources/research-mailing-lists-list-servs, /resources/get-access-financial-sponsored-projects-data, https://tdx.cornell.edu/TDClient/42/Portal/Requests/TicketRequests/NewForm?ID=q5sab44D6GI_, http://webfin2.cornell.edu/, https://data.research.cornell.edu/, https://pidash.cornell.edu, https://travelregistry.cornell.edu/, http://radash.cornell.edu/, https://navigate.cornell.edu, /resources/register-federal-and-non-federal-systems, /proposal/disclose-foreign-collaborations-and-support, /resources/research-metrics, /training)\nFind My GCO (/gco)\nRASSExternal (http://guide.rass.cornell.edu/)\nInstitutional Profile & DUNS (/resources/institutional-profile-duns-and-uei-numbers)\nIACUC applications (Cayuse Animal Management) (/resources/submit-new-iacuc-protocol)\nFind Your Next Funding Opportunity (/proposal/Find-Your-Next-Funding-Opportunity)\nIBC Applications (RASS-IBC) (/resources/ibc-application-submission-review-and-approval)\nResearch Development (ReD) Services (/research-development)\nIRB Applications (RASS-IRB)External (https://rass.cornell.edu/irb)\nRates and budgets (/proposal/budget)\nReport external interests (RASS-COI) (/compliance/conflict-of-interest)\nJoin List Servs (/resources/research-mailing-lists-list-servs)\nRASS Access Request Form (/resources/get-access-financial-sponsored-projects-data)\nAsk EHSExternal (https://tdx.cornell.edu/TDClient/42/Portal/Requests/TicketRequests/NewForm?ID=q5sab44D6GI_)\nWeb Financials (WebFin2)External (http://webfin2.cornell.edu/)\nCornell Data ServicesExternal (https://data.research.cornell.edu/)\nPI DashboardExternal (https://pidash.cornell.edu)\nTravel RegistryExternal (https://travelregistry.cornell.edu/)\nResearch Financials (formerly RA Dashboard)External (http://radash.cornell.edu/)\nInternational research activitiesExternal (https://navigate.cornell.edu)\nRegister for Federal and Non-Federal Systems (/resources/register-federal-and-non-federal-systems)\nDisclose Foreign Collaborations and Support (/proposal/disclose-foreign-collaborations-and-support)\nResearch metrics & executive dashboards (/resources/research-metrics)\nTraining (/training)\nSearch (/search)\nClose a Project\nClosing\u00a0a project, including financial and non-financial processes. What to do if a project ends early at Cornell. Support for publishing data and results.\nKey Concepts\nFinancial closeout is a shared responsibility between Sponsored Financial Services and your department.Sponsored Financial services reviews and closes project accounts, and submits the final fiscal report to sponsors.\nProjects are not officially closed until all final deliverables are met. If you continue to see projects in your dashboards that you think should be closed, your research administrator or department administrator may be able to help you see if a final deliverable has not been submitted.\nCompliance protocols and MUAs (IACUC, IBC, IRB) should be closed when a study is complete or the PI is leaving Cornell.For details about closure procedures, contact theIACUC office(animal projects), theIBC office(labs using rs/NA or biohazardous materials), or reviewIRB Policy #8: Closure of a Research Protocol(human participant projects). (/offices/iacuc, /offices/ibc, /policies/irb-policy-8-closure-research-protocol)\nClosing a project early usually happens when thePI moves to a different institution.Sponsored Financial Serviceswill help to complete the required forms for\u00a0the sponsor. (/resources/change-pi-or-key-personnel-and-effort, /offices/sfs)\nDecommissioning and vacating a laboratory.Laboratories must be properly decommissioned prior to leaving the university to ensure that all hazardous materials have been disposed of and equipment and surfaces are free of contamination.Contact EHSas early as possible to begin the process. Also, contact the IBC to close out your MUA (mailto:askehs@cornell.edu)\nTools\nRASS: Enter the date deliverables are submitted to sponsors. (http://guide.rass.cornell.edu/)\nCornell Data Services:get assistance meeting Federal and publisher requirements for public access to research results. (https://data.research.cornell.edu/data-management/planning/funder/)\nOpen Science Foundation (OSF): a scholarly web tool that enhances transparency, fosters collaboration, and increases the visibility of research outputs at leading research institutions. Apartnership between Cornell Universityand theCenter for Open Sciencenow provides a central hub for Cornell research projects. (https://data.research.cornell.edu/content/now-available-osf-institutions-cornell, http://cos.io/)\nDeadlines / Scheduling\nTheproject end date drives the closeout deadlines. Sponsored Financial Services sends reminders about account responsibilities. You can see the project end\u00a0date in thePI Dashboard. (/resources/pi-dashboard)\n90 days before terminationsubmit a request for an extension.Note:Extensions are not always granted. (/resources/no-cost-extensions)\nCost transfers that must be recorded in the general ledgermust be completed no later than 30 days prior to the deadline,or, if no financial report is due,no later than 60 days after the expiration date of the award.\nIf you're leaving the university, there may be requirements for closing and decommissioning your lab.Contact EHSas early as possibleto start the process. (mailto:askehs@cornell.edu)\nSpecial Requirements for Clinical Trials (human participants): For all federally-funded clinical trials, the PImustpost an IRB-approved consent formused for enrollment purposestoClinicalTrials.gov. This must be doneafter the study is closed to recruitment, but no later than 60 days after the last study visit by any participant. For NIH-funded clinical trials, study results must also be posted to the same website. For more information, visitIRB Considerations for Clinical Trials. (https://clinicaltrials.gov/, /resources/irb-considerations-clinical-trials)\nBest Practices\nUnderstand the conditions of your sponsored award and abide by the following policies governing research data retention and retention of records.\nCornell Data Services: Learn about data management and sharing best practices, or request a consultation to get assistance with your specific research data needs. (https://nam12.safelinks.protection.outlook.com/?url=https%3A%2F%2Fdata.research.cornell.edu%2F&data=05%7C02%7Ceh79%40cornell.edu%7C95f3a52ad2594bddb84108dc1d2fe306%7C5d7e43661b9b45cf8e79b14b27df46e1%7C0%7C0%7C638417338713788055%7CUnknown%7CTWFpbGZsb3d8eyJWIjoiMC4wLjAwMDAiLCJQIjoiV2luMzIiLCJBTiI6Ik1haWwiLCJXVCI6Mn0%3D%7C3000%7C%7C%7C&sdata=MCBE2%2BMzb2Shj5TKltr2ADGdiB%2FgXLUSf6CIh9FCSIg%3D&reserved=0)\nPolicy 4.21 Research Data Retention (https://policy.cornell.edu/policy-library/research-data-retention)\nPolicy 4.7 Retention of University Records (https://policy.cornell.edu/policy-library/retention-university-records)\nUniversity Policy 4.21, Research Data Retention (https://policy.cornell.edu/policy-library/research-data-retention)\nUniversity Policy 4.7, Retention of University Records (https://www.dfa.cornell.edu/policy/policies/retention-university-records)\nProject Closeout Financials (/close-project/finances)\nProject Closeout (/close-project/how-to)\nEnd a Project Early (/close-project/end-project-early)\nQuick Reference\nRates (/rates)\nForms (/forms)\nPolicies (/policies)\nContacts (/contacts)\nTraining (/training)\nEvents (/events)\nNews & Announcements (/news)\n\u00a9 2019 Cornell University\nWeb Accessibility Help (mailto:rais-help@cornell.edu?subject=researchservices.cornell.edu%20site)"
}