{
    "URL location": "https://researchservices.cornell.edu/resources/budget-revisions",
    "Last modification date": "2019-06-18T04:10Z",
    "Change frequency": "never",
    "Priority": "0.5",
    "Scraped Text": "Find guidance on funding and agency updates during the federal government transition(updated 3/19/2025) (/federal-transition)\nEssential ToolsFind My GCORASSExternalInstitutional Profile & DUNSIACUC applications (Cayuse Animal Management)Find Your Next Funding OpportunityIBC Applications (RASS-IBC)Research Development (ReD) ServicesIRB Applications (RASS-IRB)ExternalRates and budgetsReport external interests (RASS-COI)Join List ServsRASS Access Request FormAsk EHSExternalWeb Financials (WebFin2)ExternalCornell Data ServicesExternalPI DashboardExternalTravel RegistryExternalResearch Financials (formerly RA Dashboard)ExternalInternational research activitiesExternalRegister for Federal and Non-Federal SystemsDisclose Foreign Collaborations and SupportResearch metrics & executive dashboardsTraining (/about/essential-tools, /gco, http://guide.rass.cornell.edu/, /resources/institutional-profile-duns-and-uei-numbers, /resources/submit-new-iacuc-protocol, /proposal/Find-Your-Next-Funding-Opportunity, /resources/ibc-application-submission-review-and-approval, /research-development, https://rass.cornell.edu/irb, /proposal/budget, /compliance/conflict-of-interest, /resources/research-mailing-lists-list-servs, /resources/get-access-financial-sponsored-projects-data, https://tdx.cornell.edu/TDClient/42/Portal/Requests/TicketRequests/NewForm?ID=q5sab44D6GI_, http://webfin2.cornell.edu/, https://data.research.cornell.edu/, https://pidash.cornell.edu, https://travelregistry.cornell.edu/, http://radash.cornell.edu/, https://navigate.cornell.edu, /resources/register-federal-and-non-federal-systems, /proposal/disclose-foreign-collaborations-and-support, /resources/research-metrics, /training)\nFind My GCO (/gco)\nRASSExternal (http://guide.rass.cornell.edu/)\nInstitutional Profile & DUNS (/resources/institutional-profile-duns-and-uei-numbers)\nIACUC applications (Cayuse Animal Management) (/resources/submit-new-iacuc-protocol)\nFind Your Next Funding Opportunity (/proposal/Find-Your-Next-Funding-Opportunity)\nIBC Applications (RASS-IBC) (/resources/ibc-application-submission-review-and-approval)\nResearch Development (ReD) Services (/research-development)\nIRB Applications (RASS-IRB)External (https://rass.cornell.edu/irb)\nRates and budgets (/proposal/budget)\nReport external interests (RASS-COI) (/compliance/conflict-of-interest)\nJoin List Servs (/resources/research-mailing-lists-list-servs)\nRASS Access Request Form (/resources/get-access-financial-sponsored-projects-data)\nAsk EHSExternal (https://tdx.cornell.edu/TDClient/42/Portal/Requests/TicketRequests/NewForm?ID=q5sab44D6GI_)\nWeb Financials (WebFin2)External (http://webfin2.cornell.edu/)\nCornell Data ServicesExternal (https://data.research.cornell.edu/)\nPI DashboardExternal (https://pidash.cornell.edu)\nTravel RegistryExternal (https://travelregistry.cornell.edu/)\nResearch Financials (formerly RA Dashboard)External (http://radash.cornell.edu/)\nInternational research activitiesExternal (https://navigate.cornell.edu)\nRegister for Federal and Non-Federal Systems (/resources/register-federal-and-non-federal-systems)\nDisclose Foreign Collaborations and Support (/proposal/disclose-foreign-collaborations-and-support)\nResearch metrics & executive dashboards (/resources/research-metrics)\nTraining (/training)\nSearch (/search)\nBudget Revisions\nSometimes it is necessary to consider an expense on a project that initially was not requested from the agency.\nSome agencies allow small percentages of variance in expenses from the original budget without requesting permission. If cumulative expenses exceed the variance, or if there are other restrictions with regard to rebudgeting, a written request through the OSP Grant and Contract Officer for the award needs to be submitted to the agency. The sponsor will be concerned about the scope of the project and whether goals can be met with the changes requested.\u00a0 Costs associated with the rebudgeting request should not be incurred on a project until written permission is granted. Formal changes to a project budget, through issuance of an amendment or modification, shall be reflected in the budget presented in the university's general ledger at the required level of detail.\nFederal awards issued under the terms of the Federal Demonstration Partnership, or more recently under theResearch Terms and Conditions, do not require agency approval of certain budget changes, as long as they do not constitute a change in scope. These types of budget changes are not recorded in the general ledger, and it is the PI and administering unit's shared responsibility to ensure that project spending is consistent with the scope of work and award authority. As a reminder, certain budgetary changes, for example NSF-funded participant costs, or alterations of space, requireprioragency approval. These line items will be reflected in the general ledger on a specific object code, account or sub-account. Further information may be found in the award, agency terms and conditions, the Research Terms and Conditions, or consult SFS. (http://www.nsf.gov/bfa/dias/policy/rtc/index.jsp)\nProject Modifications (/manage/changes-and-deliverables)\nNo-Cost Extensions (/resources/no-cost-extensions)\nChange in PI or Key Personnel and Effort (/resources/change-pi-or-key-personnel-and-effort)\nAmendment to Subaward Agreements (/resources/amendment-subaward-agreements)\nQuick Reference\nRates (/rates)\nForms (/forms)\nPolicies (/policies)\nContacts (/contacts)\nTraining (/training)\nEvents (/events)\nNews & Announcements (/news)\n\u00a9 2019 Cornell University\nWeb Accessibility Help (mailto:rais-help@cornell.edu?subject=researchservices.cornell.edu%20site)"
}