{
    "URL location": "https://researchservices.cornell.edu/policies/detecting-and-reporting-export-controls-violations",
    "Last modification date": "2024-01-11T20:08Z",
    "Change frequency": "yearly",
    "Priority": "0.5",
    "Scraped Text": "Find guidance on funding and agency updates during the federal government transition(updated 3/19/2025) (/federal-transition)\nEssential ToolsFind My GCORASSExternalInstitutional Profile & DUNSIACUC applications (Cayuse Animal Management)Find Your Next Funding OpportunityIBC Applications (RASS-IBC)Research Development (ReD) ServicesIRB Applications (RASS-IRB)ExternalRates and budgetsReport external interests (RASS-COI)Join List ServsRASS Access Request FormAsk EHSExternalWeb Financials (WebFin2)ExternalCornell Data ServicesExternalPI DashboardExternalTravel RegistryExternalResearch Financials (formerly RA Dashboard)ExternalInternational research activitiesExternalRegister for Federal and Non-Federal SystemsDisclose Foreign Collaborations and SupportResearch metrics & executive dashboardsTraining (/about/essential-tools, /gco, http://guide.rass.cornell.edu/, /resources/institutional-profile-duns-and-uei-numbers, /resources/submit-new-iacuc-protocol, /proposal/Find-Your-Next-Funding-Opportunity, /resources/ibc-application-submission-review-and-approval, /research-development, https://rass.cornell.edu/irb, /proposal/budget, /compliance/conflict-of-interest, /resources/research-mailing-lists-list-servs, /resources/get-access-financial-sponsored-projects-data, https://tdx.cornell.edu/TDClient/42/Portal/Requests/TicketRequests/NewForm?ID=q5sab44D6GI_, http://webfin2.cornell.edu/, https://data.research.cornell.edu/, https://pidash.cornell.edu, https://travelregistry.cornell.edu/, http://radash.cornell.edu/, https://navigate.cornell.edu, /resources/register-federal-and-non-federal-systems, /proposal/disclose-foreign-collaborations-and-support, /resources/research-metrics, /training)\nFind My GCO (/gco)\nRASSExternal (http://guide.rass.cornell.edu/)\nInstitutional Profile & DUNS (/resources/institutional-profile-duns-and-uei-numbers)\nIACUC applications (Cayuse Animal Management) (/resources/submit-new-iacuc-protocol)\nFind Your Next Funding Opportunity (/proposal/Find-Your-Next-Funding-Opportunity)\nIBC Applications (RASS-IBC) (/resources/ibc-application-submission-review-and-approval)\nResearch Development (ReD) Services (/research-development)\nIRB Applications (RASS-IRB)External (https://rass.cornell.edu/irb)\nRates and budgets (/proposal/budget)\nReport external interests (RASS-COI) (/compliance/conflict-of-interest)\nJoin List Servs (/resources/research-mailing-lists-list-servs)\nRASS Access Request Form (/resources/get-access-financial-sponsored-projects-data)\nAsk EHSExternal (https://tdx.cornell.edu/TDClient/42/Portal/Requests/TicketRequests/NewForm?ID=q5sab44D6GI_)\nWeb Financials (WebFin2)External (http://webfin2.cornell.edu/)\nCornell Data ServicesExternal (https://data.research.cornell.edu/)\nPI DashboardExternal (https://pidash.cornell.edu)\nTravel RegistryExternal (https://travelregistry.cornell.edu/)\nResearch Financials (formerly RA Dashboard)External (http://radash.cornell.edu/)\nInternational research activitiesExternal (https://navigate.cornell.edu)\nRegister for Federal and Non-Federal Systems (/resources/register-federal-and-non-federal-systems)\nDisclose Foreign Collaborations and Support (/proposal/disclose-foreign-collaborations-and-support)\nResearch metrics & executive dashboards (/resources/research-metrics)\nTraining (/training)\nSearch (/search)\nDetecting and Reporting Export Controls Violations\nCornell\u2019s Export Control Office performs periodic outreach, self-audits, and risk assessment activities. These activities are designed to stop potential violations before they occur, while educating the community on the relevant requirements. If a violation is identified, the Export Controls Office will work with the Office of General Counsel to ensure that the violation is properly reported, and necessary remedial measures are implemented.\nIf you suspect that an export control violation has occurred, you may contact theExport Controls Officeor theExport Control and Compliance Officer. (/offices/export-controls-office, /contact/kjb6)\nYou may also utilize Cornell\u2019s confidential and anonymousEthical Conduct and Compliance Hotline. Please review Cornell\u2019ssecure ethical reporting sitefor more information. (https://audit.cornell.edu/services/ethical-conduct-and-compliance-hotline/#:~:text=You%20may%20file%20a%20report,%2D866%2D293%2D3077., https://secure.ethicspoint.com/domain/media/en/gui/6357/index.html)\nExport Controls (/export-controls)\nDrusilla Jaiah - Export Control Associate (/contact/dbj43)\nJoi Mindingall - Research Security | Export Control Officer (/contact/jmm793)\nExport Control and Confidentiality Agreements (/resources/export-control-and-confidentiality-agreements)\nUkraine/Russia Transactions Guidance (/news/ukrainerussia-transactions-guidance)\nExport Controls Frequently Asked Questions (FAQ) (/resources/export-controls-frequently-asked-questions-faq)\nUniversity Policy 4.22, Export and Import Control Compliance (https://policy.cornell.edu/policy-library/export-and-import-control-compliance)\nOff-Campus Research (/resources/campus-research)\nImport Control (/resources/import-control)\nExport Control Quick Reference (/resources/export-control-quick-reference)\nExport Controls: Regulations and Overview (/policies/export-controls-regulations-and-overview)\nQuick Reference\nRates (/rates)\nForms (/forms)\nPolicies (/policies)\nContacts (/contacts)\nTraining (/training)\nEvents (/events)\nNews & Announcements (/news)\n\u00a9 2019 Cornell University\nWeb Accessibility Help (mailto:rais-help@cornell.edu?subject=researchservices.cornell.edu%20site)"
}