{
    "URL location": "https://researchservices.cornell.edu/resources/irb-considerations-clinical-trials",
    "Last modification date": "2025-01-29T17:40Z",
    "Change frequency": "monthly",
    "Priority": "0.5",
    "Scraped Text": "Find guidance on funding and agency updates during the federal government transition(updated 3/19/2025) (/federal-transition)\nEssential ToolsFind My GCORASSExternalInstitutional Profile & DUNSIACUC applications (Cayuse Animal Management)Find Your Next Funding OpportunityIBC Applications (RASS-IBC)Research Development (ReD) ServicesIRB Applications (RASS-IRB)ExternalRates and budgetsReport external interests (RASS-COI)Join List ServsRASS Access Request FormAsk EHSExternalWeb Financials (WebFin2)ExternalCornell Data ServicesExternalPI DashboardExternalTravel RegistryExternalResearch Financials (formerly RA Dashboard)ExternalInternational research activitiesExternalRegister for Federal and Non-Federal SystemsDisclose Foreign Collaborations and SupportResearch metrics & executive dashboardsTraining (/about/essential-tools, /gco, http://guide.rass.cornell.edu/, /resources/institutional-profile-duns-and-uei-numbers, /resources/submit-new-iacuc-protocol, /proposal/Find-Your-Next-Funding-Opportunity, /resources/ibc-application-submission-review-and-approval, /research-development, https://rass.cornell.edu/irb, /proposal/budget, /compliance/conflict-of-interest, /resources/research-mailing-lists-list-servs, /resources/get-access-financial-sponsored-projects-data, https://tdx.cornell.edu/TDClient/42/Portal/Requests/TicketRequests/NewForm?ID=q5sab44D6GI_, http://webfin2.cornell.edu/, https://data.research.cornell.edu/, https://pidash.cornell.edu, https://travelregistry.cornell.edu/, http://radash.cornell.edu/, https://navigate.cornell.edu, /resources/register-federal-and-non-federal-systems, /proposal/disclose-foreign-collaborations-and-support, /resources/research-metrics, /training)\nFind My GCO (/gco)\nRASSExternal (http://guide.rass.cornell.edu/)\nInstitutional Profile & DUNS (/resources/institutional-profile-duns-and-uei-numbers)\nIACUC applications (Cayuse Animal Management) (/resources/submit-new-iacuc-protocol)\nFind Your Next Funding Opportunity (/proposal/Find-Your-Next-Funding-Opportunity)\nIBC Applications (RASS-IBC) (/resources/ibc-application-submission-review-and-approval)\nResearch Development (ReD) Services (/research-development)\nIRB Applications (RASS-IRB)External (https://rass.cornell.edu/irb)\nRates and budgets (/proposal/budget)\nReport external interests (RASS-COI) (/compliance/conflict-of-interest)\nJoin List Servs (/resources/research-mailing-lists-list-servs)\nRASS Access Request Form (/resources/get-access-financial-sponsored-projects-data)\nAsk EHSExternal (https://tdx.cornell.edu/TDClient/42/Portal/Requests/TicketRequests/NewForm?ID=q5sab44D6GI_)\nWeb Financials (WebFin2)External (http://webfin2.cornell.edu/)\nCornell Data ServicesExternal (https://data.research.cornell.edu/)\nPI DashboardExternal (https://pidash.cornell.edu)\nTravel RegistryExternal (https://travelregistry.cornell.edu/)\nResearch Financials (formerly RA Dashboard)External (http://radash.cornell.edu/)\nInternational research activitiesExternal (https://navigate.cornell.edu)\nRegister for Federal and Non-Federal Systems (/resources/register-federal-and-non-federal-systems)\nDisclose Foreign Collaborations and Support (/proposal/disclose-foreign-collaborations-and-support)\nResearch metrics & executive dashboards (/resources/research-metrics)\nTraining (/training)\nSearch (/search)\nIRB Considerations for Clinical Trials\nDefinitions, resources, and instructions for researchers conducting clinical trials\nIRB regulations now incorporate the broad definition of \u201cclinical trial\u201d adopted by theNational Institutes of Health (NIH).\u00a0 Substantial additional requirements apply to federally-funded clinical trials.\n\u201cClinical trial\u201d is defined in Section 102(b) of the revised IRB regulations (the 'Common Rule') as: \u201ca research study in which one or more human subjects are prospectively assigned to one or more interventions (which may include placebo or other control) to evaluate the effects of the interventions on biomedical or behavioral health-related outcomes.\u201d (https://www.hhs.gov/ohrp/regulations-and-policy/regulations/45-cfr-46/index.html)\nThis is identical to theNIH definition, which that agency has interpreted quite broadly. Case studies issued by NIH describe certain fundamental health-related research previously assumed to be outside of the definition. For federally-funded research that meets the Common Rule definition of clinical trial, Principle Investigators (PIs) have one or more new compliance obligations, depending on the exact funding source. (https://grants.nih.gov/policy/clinical-trials.htm)\nTo facilitate compliance with these additional requirements for clinical trials, approval letters will specify that a project meets the definition of a \u201cclinical trial\u201d when the IRB determines that this is the case, and summarize requirements that may apply as a result. If your study is a clinical trial you as the researcher are ultimately responsible for ensuring compliance with the obligations summarized here:\nAny federal funding:For clinical trials supported by any type of federal funding (NIH, NSF, DOD, etc.), the PI is required to comply with the consent posting requirement described below. In addition, the IRB recommends that federally-funded researchers voluntarily comply with obligations described below that are mandatory only for NIH-funded researchers conducting a clinical trial:\nConsent form posting: The PI must post a copy of an IRB-approved consent form used for enrollment purposes toClinicalTrials.govafter the study is closed to recruitment, but no later than 60 days after the last study visit by any subject. (See additionalOHRP guidanceon this topic.) Please note that the IRB office will not be able to remind PIs to fulfill this obligation in a timely manner. (https://clinicaltrials.gov/, https://www.hhs.gov/ohrp/regulations-and-policy/informed-consent-posting/informed-consent-posting-guidance/index.html)\nNIH funding:If you are a PI who has or is seeking NIH funding for a clinical trial, you are responsible for meeting the following additional compliance obligations:\nApply for the correct FOA: Certain NIH Funding Opportunity Announcements (FOAs) are applicable only to CTs or non-CTs. Applying for the wrong FOA may make your submission ineligible for funding.\nRegistration and reporting onClinicaltrials.gov: Clinical trials in competing applications and contract proposals submitted on or after January 18, 2017 must register, submit updates throughout the project, and post results information onClinicaltrials.gov. Compliance with this requirement is expected to require a significant dedication of time and effort throughout the study. You should register your study onClinicaltrials.govas early as possible (e.g., concurrent with your IRB protocol submission, or right after obtaining IRB approval). The Cornell IRB staff are available to provide assistance if requested, but researchers are primarily responsible for complying with these obligations. (https://clinicaltrials.gov/, https://clinicaltrials.gov/, https://clinicaltrials.gov/)\nTraining in Good Clinical Practices (GCP): Starting January 1, 2017, those involved in the design, conduct, oversight, or management of a NIH clinical trial must be trained in GCP. As a condition of protocol approval, the Cornell IRB will require evidence that all study personnel listed on the protocol have completed GCP training within the last 3 years. NIH does not specify any particular GCP course. Cornell researchers may complete GCP training online through theCITI Program. Note that this training is in addition to basic IRB training required by the IRB. (/training/citi-online-courses-cornell-researchers-coi-irb-rcr-export-control)\nConsent form posting: This requirement is described above.\nAll other projects:Regardless of the funding status or source for your human subjects work, the Cornell IRB strongly recommends that you choose to follow the compliance practices required by NIH as a best practice. Publication in certain journals could be jeopardized if researchers fail to comply with these best practices.\nTraining in Good Clinical Practice (GCP):Researchers on a clinical trialmust be trained in GCP. All study personnel listed on the protocol must have completed GCP training within the last 3 years. GCP training can be completed online throughCITIand is in addition to the IRB training. (https://grants.nih.gov/grants/guide/notice-files/NOT-OD-16-148.html#_blank, /training/citi-online-courses-cornell-researchers-coi-irb-rcr-export-control)\nSee theCornell IRB Clinical Trials Guidance documentfor additional details and information on how to register and provide updates toClinicalTrials.gov. (/policies/irb-guidance-clinical-trials, https://clinicaltrials.gov/)\nIRB Guidance: Clinical Trials (/policies/irb-guidance-clinical-trials)\nClinicalTrials.gov (https://clinicaltrials.gov/)\nNIH's Definition of Clinical Trial (https://grants.nih.gov/policy/clinical-trials/definition.htm)\nFederal Policy for the Protection of Human Subjects (the Common Rule) (https://www.hhs.gov/ohrp/regulations-and-policy/regulations/finalized-revisions-common-rule/index.html)\nAbout the IRB Committee (/resources/about-irb-committee)\nThe Life Cycle of an IRB Protocol (/resources/life-cycle-irb-protocol)\nIRB Announcements & Newsletters (/resources/irb-announcements-newsletters)\nResearch with Human Participants (/compliance/human-research)\nIRB Informed Consent (/resources/irb-informed-consent)\nIRB Training (/resources/irb-training)\nIRB Considerations: Human Participant Data, Data Sets and Internet Research (/resources/human-participant-data)\nQuick Reference\nRates (/rates)\nForms (/forms)\nPolicies (/policies)\nContacts (/contacts)\nTraining (/training)\nEvents (/events)\nNews & Announcements (/news)\n\u00a9 2019 Cornell University\nWeb Accessibility Help (mailto:rais-help@cornell.edu?subject=researchservices.cornell.edu%20site)"
}