{
    "URL location": "https://researchservices.cornell.edu/rates/diem-rates-travel",
    "Last modification date": "2023-05-18T15:13Z",
    "Change frequency": "yearly",
    "Priority": "0.5",
    "Scraped Text": "Find guidance on funding and agency updates during the federal government transition(updated 3/19/2025) (/federal-transition)\nEssential ToolsFind My GCORASSExternalInstitutional Profile & DUNSIACUC applications (Cayuse Animal Management)Find Your Next Funding OpportunityIBC Applications (RASS-IBC)Research Development (ReD) ServicesIRB Applications (RASS-IRB)ExternalRates and budgetsReport external interests (RASS-COI)Join List ServsRASS Access Request FormAsk EHSExternalWeb Financials (WebFin2)ExternalCornell Data ServicesExternalPI DashboardExternalTravel RegistryExternalResearch Financials (formerly RA Dashboard)ExternalInternational research activitiesExternalRegister for Federal and Non-Federal SystemsDisclose Foreign Collaborations and SupportResearch metrics & executive dashboardsTraining (/about/essential-tools, /gco, http://guide.rass.cornell.edu/, /resources/institutional-profile-duns-and-uei-numbers, /resources/submit-new-iacuc-protocol, /proposal/Find-Your-Next-Funding-Opportunity, /resources/ibc-application-submission-review-and-approval, /research-development, https://rass.cornell.edu/irb, /proposal/budget, /compliance/conflict-of-interest, /resources/research-mailing-lists-list-servs, /resources/get-access-financial-sponsored-projects-data, https://tdx.cornell.edu/TDClient/42/Portal/Requests/TicketRequests/NewForm?ID=q5sab44D6GI_, http://webfin2.cornell.edu/, https://data.research.cornell.edu/, https://pidash.cornell.edu, https://travelregistry.cornell.edu/, http://radash.cornell.edu/, https://navigate.cornell.edu, /resources/register-federal-and-non-federal-systems, /proposal/disclose-foreign-collaborations-and-support, /resources/research-metrics, /training)\nFind My GCO (/gco)\nRASSExternal (http://guide.rass.cornell.edu/)\nInstitutional Profile & DUNS (/resources/institutional-profile-duns-and-uei-numbers)\nIACUC applications (Cayuse Animal Management) (/resources/submit-new-iacuc-protocol)\nFind Your Next Funding Opportunity (/proposal/Find-Your-Next-Funding-Opportunity)\nIBC Applications (RASS-IBC) (/resources/ibc-application-submission-review-and-approval)\nResearch Development (ReD) Services (/research-development)\nIRB Applications (RASS-IRB)External (https://rass.cornell.edu/irb)\nRates and budgets (/proposal/budget)\nReport external interests (RASS-COI) (/compliance/conflict-of-interest)\nJoin List Servs (/resources/research-mailing-lists-list-servs)\nRASS Access Request Form (/resources/get-access-financial-sponsored-projects-data)\nAsk EHSExternal (https://tdx.cornell.edu/TDClient/42/Portal/Requests/TicketRequests/NewForm?ID=q5sab44D6GI_)\nWeb Financials (WebFin2)External (http://webfin2.cornell.edu/)\nCornell Data ServicesExternal (https://data.research.cornell.edu/)\nPI DashboardExternal (https://pidash.cornell.edu)\nTravel RegistryExternal (https://travelregistry.cornell.edu/)\nResearch Financials (formerly RA Dashboard)External (http://radash.cornell.edu/)\nInternational research activitiesExternal (https://navigate.cornell.edu)\nRegister for Federal and Non-Federal Systems (/resources/register-federal-and-non-federal-systems)\nDisclose Foreign Collaborations and Support (/proposal/disclose-foreign-collaborations-and-support)\nResearch metrics & executive dashboards (/resources/research-metrics)\nTraining (/training)\nSearch (/search)\nPer Diem Rates for Travel\nPer diem rates are available for meals, lodging, mileage, etc. for travel both domestically and abroad.\nThe Division of Financial Services (DFS) site has detailed information about per diems and travel reimbursement procedures. SeePaying for Travel. (https://www.dfa.cornell.edu/travel/payingfortravel)\nLinks to the Per Diem Rate information provided by the IRS and other agencies.SeeMileage and Per Diem Rateson the Travel website for a complete list of links. (https://finance.cornell.edu/travel/payingfortravel/mileage-perdiem-rates)\nPer diem is automatically calculated when you use Concur to process your travel. All employees must use Concur to submit travel expense reports. SeeReimbursementon the Travel website for more information. (https://finance.cornell.edu/travel/payingfortravel/reimbursement)\nFor manually submitted travel reimbursements (non-employees and students only), seeHow Per Diem is Calculatedon the Travel site for detailed information about calculations, including the first and last day of travel or when some meals are provided. (https://www.dfa.cornell.edu/travel/payingfortravel/reimbursement/perdiem)\nRelated Policy:University Policy 3.2, Travel Expenses (https://policy.cornell.edu/policy-library/travel-expenses)\nBudget, Costs, and Rates (/proposal/budget)\nOverview of Costs for Project Budgets (Budget and Costing Guide) (/resources/overview-costs-project-budgets-budget-and-costing-guide)\nBudget Templates and Budget Justification Templates (/resources/budget-templates-and-budget-justification-templates)\nEmployee Benefit (Fringe) Rates (/rates/employee-benefit-fringe-rates)\nEscalation Rates (/rates/escalation-rates)\nFacilities & Administrative (F&A) Rates (/rates/fa)\nPostdoctoral Associate Minimum Salary (/rates/postdoctoral-associate-minimum-salary)\nGrad Student Tuition, Health Benefits, and Stipend (/rates/grad-student-tuition-health-benefits-and-stipend)\nNIH Salary Cap (/rates/nih-salary-cap)\nWeill Cornell Medicine F&A and Benefits Rates (/rates/weill-cornell-medicine-fa-and-benefits-rates)\nProposing Cost Share (/resources/proposing-cost-share)\nQuick Reference\nRates (/rates)\nForms (/forms)\nPolicies (/policies)\nContacts (/contacts)\nTraining (/training)\nEvents (/events)\nNews & Announcements (/news)\n\u00a9 2019 Cornell University\nWeb Accessibility Help (mailto:rais-help@cornell.edu?subject=researchservices.cornell.edu%20site)"
}