{
    "URL location": "https://researchservices.cornell.edu/resources/transfer-award-another-institution",
    "Last modification date": "2019-07-08T19:32Z",
    "Change frequency": "never",
    "Priority": "0.5",
    "Scraped Text": "Find guidance on funding and agency updates during the federal government transition(updated 3/19/2025) (/federal-transition)\nEssential ToolsFind My GCORASSExternalInstitutional Profile & DUNSIACUC applications (Cayuse Animal Management)Find Your Next Funding OpportunityIBC Applications (RASS-IBC)Research Development (ReD) ServicesIRB Applications (RASS-IRB)ExternalRates and budgetsReport external interests (RASS-COI)Join List ServsRASS Access Request FormAsk EHSExternalWeb Financials (WebFin2)ExternalCornell Data ServicesExternalPI DashboardExternalTravel RegistryExternalResearch Financials (formerly RA Dashboard)ExternalInternational research activitiesExternalRegister for Federal and Non-Federal SystemsDisclose Foreign Collaborations and SupportResearch metrics & executive dashboardsTraining (/about/essential-tools, /gco, http://guide.rass.cornell.edu/, /resources/institutional-profile-duns-and-uei-numbers, /resources/submit-new-iacuc-protocol, /proposal/Find-Your-Next-Funding-Opportunity, /resources/ibc-application-submission-review-and-approval, /research-development, https://rass.cornell.edu/irb, /proposal/budget, /compliance/conflict-of-interest, /resources/research-mailing-lists-list-servs, /resources/get-access-financial-sponsored-projects-data, https://tdx.cornell.edu/TDClient/42/Portal/Requests/TicketRequests/NewForm?ID=q5sab44D6GI_, http://webfin2.cornell.edu/, https://data.research.cornell.edu/, https://pidash.cornell.edu, https://travelregistry.cornell.edu/, http://radash.cornell.edu/, https://navigate.cornell.edu, /resources/register-federal-and-non-federal-systems, /proposal/disclose-foreign-collaborations-and-support, /resources/research-metrics, /training)\nFind My GCO (/gco)\nRASSExternal (http://guide.rass.cornell.edu/)\nInstitutional Profile & DUNS (/resources/institutional-profile-duns-and-uei-numbers)\nIACUC applications (Cayuse Animal Management) (/resources/submit-new-iacuc-protocol)\nFind Your Next Funding Opportunity (/proposal/Find-Your-Next-Funding-Opportunity)\nIBC Applications (RASS-IBC) (/resources/ibc-application-submission-review-and-approval)\nResearch Development (ReD) Services (/research-development)\nIRB Applications (RASS-IRB)External (https://rass.cornell.edu/irb)\nRates and budgets (/proposal/budget)\nReport external interests (RASS-COI) (/compliance/conflict-of-interest)\nJoin List Servs (/resources/research-mailing-lists-list-servs)\nRASS Access Request Form (/resources/get-access-financial-sponsored-projects-data)\nAsk EHSExternal (https://tdx.cornell.edu/TDClient/42/Portal/Requests/TicketRequests/NewForm?ID=q5sab44D6GI_)\nWeb Financials (WebFin2)External (http://webfin2.cornell.edu/)\nCornell Data ServicesExternal (https://data.research.cornell.edu/)\nPI DashboardExternal (https://pidash.cornell.edu)\nTravel RegistryExternal (https://travelregistry.cornell.edu/)\nResearch Financials (formerly RA Dashboard)External (http://radash.cornell.edu/)\nInternational research activitiesExternal (https://navigate.cornell.edu)\nRegister for Federal and Non-Federal Systems (/resources/register-federal-and-non-federal-systems)\nDisclose Foreign Collaborations and Support (/proposal/disclose-foreign-collaborations-and-support)\nResearch metrics & executive dashboards (/resources/research-metrics)\nTraining (/training)\nSearch (/search)\nTransfer an Award from Another Institution\nWhen a Principal Investigator (PI) moves from one institution to another, existing awards may transfer to the new institution with prior approval of the original institution and the sponsor. Planning and collaboration between incoming/outgoing researchers and research administrators can help make the transition smoother for all.\nNCURA magazine article covers the questions on this page in more detail.NCURA Magazine Article: Award Transfers: Anticipate Issues to Forestall Them (Oct/Nov 2018)Authored by Cornell OSP Grant & Contract Officers Bella DiFranzo and Jamie Sprague. (https://www.osp.cornell.edu/Education/protected/NCURA/NCURA_Magazine-Article_AwardTransfers_OctNov2018.pdf)\nCan and Should an Award Transfer?\nBefore initiating an award transfer, considerations should include:\nTerms and conditions. Will the\u00a0terms and conditions allow an award to be transferred?\nAgreement from original institution.Awards are issued to institutions, not PIs directly. In some cases, the original institution may not agree to the transfer.\nOther project personnel.Project personnel may or may not transfer to the new institution with the PI. In those instances, care should be taken to ensure plans are made for continued support for research staff and especially for students supported by the award.\nTime remaining.Transferring an award can be complex, and sometimes time consuming. In some cases, it may be\u00a0best to retain the award at the original institution.\nOther options.Consider other options, including retaining the award at the original institution and assigning a new PI, issuing a subaward to the new institution, or giving the PI a temporary appointment at the original institution.\nCommon Issues\nEach award and relationship is unique, but this list includes some of the issues encountered when transferring an award.Note:See the linked article for more detail about each. (https://www.osp.cornell.edu/Education/protected/NCURA/NCURA_Magazine-Article_AwardTransfers_OctNov2018.pdf)\nCompliance issues\nF&A rate differences\nCost share\nSubawards\nEquipment and other tangible materials\nIntellectual Property (IP)\nInstitutional policy differences\nAward Negotiation and Finalization (/manage/finalization)\nAnnouncing Externally Sponsored Awards: Guidance for Communicators (/policies/announcing-externally-sponsored-awards-guidance-communicators)\nAnnouncing Externally Sponsored Awards: Guidance for Researchers (/policies/announcing-externally-sponsored-awards-guidance-researchers)\nQuick Reference\nRates (/rates)\nForms (/forms)\nPolicies (/policies)\nContacts (/contacts)\nTraining (/training)\nEvents (/events)\nNews & Announcements (/news)\n\u00a9 2019 Cornell University\nWeb Accessibility Help (mailto:rais-help@cornell.edu?subject=researchservices.cornell.edu%20site)"
}