{
    "URL location": "https://researchservices.cornell.edu/resources/register-federal-and-non-federal-systems",
    "Last modification date": "2024-11-14T16:23Z",
    "Change frequency": "yearly",
    "Priority": "0.5",
    "Scraped Text": "Find guidance on funding and agency updates during the federal government transition(updated 3/19/2025) (/federal-transition)\nEssential ToolsFind My GCORASSExternalInstitutional Profile & DUNSIACUC applications (Cayuse Animal Management)Find Your Next Funding OpportunityIBC Applications (RASS-IBC)Research Development (ReD) ServicesIRB Applications (RASS-IRB)ExternalRates and budgetsReport external interests (RASS-COI)Join List ServsRASS Access Request FormAsk EHSExternalWeb Financials (WebFin2)ExternalCornell Data ServicesExternalPI DashboardExternalTravel RegistryExternalResearch Financials (formerly RA Dashboard)ExternalInternational research activitiesExternalRegister for Federal and Non-Federal SystemsDisclose Foreign Collaborations and SupportResearch metrics & executive dashboardsTraining (/about/essential-tools, /gco, http://guide.rass.cornell.edu/, /resources/institutional-profile-duns-and-uei-numbers, /resources/submit-new-iacuc-protocol, /proposal/Find-Your-Next-Funding-Opportunity, /resources/ibc-application-submission-review-and-approval, /research-development, https://rass.cornell.edu/irb, /proposal/budget, /compliance/conflict-of-interest, /resources/research-mailing-lists-list-servs, /resources/get-access-financial-sponsored-projects-data, https://tdx.cornell.edu/TDClient/42/Portal/Requests/TicketRequests/NewForm?ID=q5sab44D6GI_, http://webfin2.cornell.edu/, https://data.research.cornell.edu/, https://pidash.cornell.edu, https://travelregistry.cornell.edu/, http://radash.cornell.edu/, https://navigate.cornell.edu, /resources/register-federal-and-non-federal-systems, /proposal/disclose-foreign-collaborations-and-support, /resources/research-metrics, /training)\nFind My GCO (/gco)\nRASSExternal (http://guide.rass.cornell.edu/)\nInstitutional Profile & DUNS (/resources/institutional-profile-duns-and-uei-numbers)\nIACUC applications (Cayuse Animal Management) (/resources/submit-new-iacuc-protocol)\nFind Your Next Funding Opportunity (/proposal/Find-Your-Next-Funding-Opportunity)\nIBC Applications (RASS-IBC) (/resources/ibc-application-submission-review-and-approval)\nResearch Development (ReD) Services (/research-development)\nIRB Applications (RASS-IRB)External (https://rass.cornell.edu/irb)\nRates and budgets (/proposal/budget)\nReport external interests (RASS-COI) (/compliance/conflict-of-interest)\nJoin List Servs (/resources/research-mailing-lists-list-servs)\nRASS Access Request Form (/resources/get-access-financial-sponsored-projects-data)\nAsk EHSExternal (https://tdx.cornell.edu/TDClient/42/Portal/Requests/TicketRequests/NewForm?ID=q5sab44D6GI_)\nWeb Financials (WebFin2)External (http://webfin2.cornell.edu/)\nCornell Data ServicesExternal (https://data.research.cornell.edu/)\nPI DashboardExternal (https://pidash.cornell.edu)\nTravel RegistryExternal (https://travelregistry.cornell.edu/)\nResearch Financials (formerly RA Dashboard)External (http://radash.cornell.edu/)\nInternational research activitiesExternal (https://navigate.cornell.edu)\nRegister for Federal and Non-Federal Systems (/resources/register-federal-and-non-federal-systems)\nDisclose Foreign Collaborations and Support (/proposal/disclose-foreign-collaborations-and-support)\nResearch metrics & executive dashboards (/resources/research-metrics)\nTraining (/training)\nSearch (/search)\nRegister for Federal and Non-Federal Systems\nFind My GCO (Grant & Contract Officer) (/gco)\nInstitutional Profile, DUNS, and UEI Numbers (/resources/institutional-profile-duns-and-uei-numbers)\nUpdates from Federal Sponsors (/news/updates-federal-sponsors)\nRegister for the federal and non-federal systems used for identifying potential funding sources and submitting proposals.\nCornell has multiple Unique Entity ID (UEI) numbers. Be sure to useG56PUALJ3KT5when registering in online systems.ACornell.eduemail address is required to be affiliated with the university in any online system.\nNOTE: All proposals\u00a0must be\u00a0routed through RASS, Cornell's research administration support system. This is where all of the Cornell approvals and attestations are done. Submission to the sponsor is done according to the sponsor requirements, in a system or through email, etc.For more information about Cornell's research administration support system, see the RASS page. (/forms/rass-form-10-phased-out)\nFind registration\u00a0instructions for the federal and non-federal systems required by particular sponsors\u00a0below.\nGrants.gov\nGrants.gov\nBefore applying for many federal funding opportunities, you will need to register for a Workspace account withGrants.gov. (https://www.grants.gov/)\nRegister for a Grants.gov Workspace Account\nClick theRegisterlink in the top-right corner of theGrants.govbanner. (https://www.grants.gov/register, https://www.grants.gov/)\nClickGet Registered Nowon the Register page.\nComplete theContact InformationandAccount Detailssections. All fields with a red asterisk (*) are required.Email Address: all correspondence withGrants.govwill be sent to this email address.Username: may only contain alphanumeric characters, question marks, periods, dashes, underscores, and the @ symbol. Cannot contain a space, or only numbers.Password: must contain at least eight (8) characters including: at least one (1) uppercase letter (A-Z); at least one (1) lowercase letter (a-z); at least one (1) number (0-9); and at least one (1) special character (e.g. ! @ # $ % ^ & *).Secret Question/Answer: enter a\u00a0question only you would be able to answer and will be able to remember in the future. (https://www.grants.gov/)\nEmail Address: all correspondence withGrants.govwill be sent to this email address. (https://www.grants.gov/)\nUsername: may only contain alphanumeric characters, question marks, periods, dashes, underscores, and the @ symbol. Cannot contain a space, or only numbers.\nPassword: must contain at least eight (8) characters including: at least one (1) uppercase letter (A-Z); at least one (1) lowercase letter (a-z); at least one (1) number (0-9); and at least one (1) special character (e.g. ! @ # $ % ^ & *).\nSecret Question/Answer: enter a\u00a0question only you would be able to answer and will be able to remember in the future.\nSelect whether to subscribe or unsubscribe fromGrants.govCommunications. TheAlertsare important messages about time-sensitive or major system changes. TheNewsletterfeatures training, system enhancement updates, and other resources to help the federal grants community. (https://www.grants.gov/)\nClickContinue.\nClickSend Temporary Code, then go to your email to find the temporary code.\nEnter the temporary code in\u00a0theTemporary Codefield and selectAdd Organization Applicant Profile.\nEnter the DUNS Number for the organization in theDUNSfield if you selected the Organization Applicant Profile option. Cornell's DUNS number is 872612445 (Cornell's Unique Entity ID (UEI) isG56PUALJ3KT5).\nCreate a profile name that will distinguish this organization profile from any other profiles you may have within yourGrants.govaccount. (https://www.grants.gov/)\nEnter your job title for this organization in theJob Titlefield.\nClickSaveto complete the profile creation process.\nDo not write down your account information.\nAdd a profile to an existing Grants.gov account\nLog intoGrants.gov. (https://www.grants.gov/)\nClick theMy Accountlink in the upper-right corner of theGrants.govbanner. (https://www.grants.gov/)\nClick theManage Profilestab.\nClickAdd Profilein theManage Profilestab\nSelect eitherNew ProfileorFrom Existing Account.\nSelect theProfile Typefor the new profile you wish to create.Organization Applicant: If you will work on applications on behalf of an organization, and not yourself, select this option and enter the DUNS number 872612445 (Cornell's Unique Entity ID (UEI) isG56PUALJ3KT5).\nOrganization Applicant: If you will work on applications on behalf of an organization, and not yourself, select this option and enter the DUNS number 872612445 (Cornell's Unique Entity ID (UEI) isG56PUALJ3KT5).\nOnce you add Cornell to your profile, the Office of Sponsored Programs (OSP) will receive an email asking to affiliate you with Cornell University. You can then be granted Manage Workspace rights and\u00a0then create a workspace.\nNational Science Foundation (NSF) Research.gov / Fastlane\nNational Science Foundation (NSF) Research.gov / Fastlane\nResearch.gov and Fastlane are used to conduct NSF business. Eventually, Research.gov will replace Fastlane.\nTo use Research.gov and Fastlane, Cornell faculty and staff need to register and be affiliated. (Your account on Research.gov can be used to log into Fastlane.)\nRegister for a Research.gov/Fastlane account atNSF Research.gov Registration. (https://apps.research.gov/account/registration)\nFind your NSF ID atNSF ID Lookup. (https://identity.research.gov/sso/services/forgotNSFID)\nReset passwords atNSF Password Reset. (https://identity.research.gov/sso/ui/NSFPWResetUserValidation?org=/research)\nInformation on managing your account in Research.gov:Register for New NSF Account|Add or View Roles|View and Edit Your Account Profile|Working at Multiple Organizations or Moving to Another Organization (/sites/default/files/2024-01/Research.gov_RegisterForNewNSFAccount_2023.10.02.pdf, /sites/default/files/2024-01/Research.gov_AddViewRoles_2023.10.02.pdf, /sites/default/files/2024-01/Research.gov_ViewEditAccountProfile_2023.10.02.pdf, /sites/default/files/2024-01/Research.gov_Multiple-Moving-Organizations_2023.10.02.pdf)\nNote: You canmigrate an existing NSF accountto the new account management system. (/sites/default/files/2019-06/NSF%20Migrate%20Existing%20NSF%20Account.pdf)\nGet Training!The Office of Sponsored Programs provides detailed training in Research.gov and Fastlane from proposal preparation to technical report submission. To schedule a training session, contact your assignedGrant &\u00a0Contract Officer. (/gco)\nNational Institutes of Health NIH eRA Commons and ASSIST\nNational Institutes of Health (NIH) eRA Commons and ASSIST\neRA Commons and ASSIST are\u00a0used to submit proposals and communicate with the NIH for sponsored research projects.\nTo use the NIH Commons Cornell faculty and staff first need to register and have a password assigned.\u00a0To register in the NIH eRA Commons / ASSIST system go to theNIH Registration Page. (https://cornell.ca1.qualtrics.com/jfe/form/SV_29wR6rUWlZAJ8fs)\nNote:Registration requests are processed during regular business hours, Monday through Friday, between 8:30 a.m. and 4:30 p.m.Please allow up to four days for your password to be activated.\nSome of the current features of NIH eRA\u00a0Commons /ASSIST are:\nASSIST:Initiate, edit, and complete proposals for submission.\nStatus:Review the current status of grant applications and detailed information associated with grants. Institution officials (Signing Official (SO) or Administrative Official (AO) associated with the institution) can see a summary view of grant applications, review the Notice of Grant Award and the Progress Report page.\nJust-In-Time:Submit Just-In-Time information when requested by the NIH. NIH policy allows the submission of certain elements of a competing application to be deferred. Through this module, institutions can submit information requested after the review, but before award.\nNo-Cost Extension:Automatically extend grants that are eligible for a one-time extension of the final budget period of a project period without additional NIH funds. The system will automatically change the end date for the grant and notify the appropriate NIH staff.\neSNAP:Review non-competing grant data and submit a progress report online.\nInternet Assisted Review (IAR):Submit critiques and preliminary scores for applications. Reviewers, SRAs, and GTAs can view all critiques in preparation for a meeting. IAR creates a preliminary summary statement body containing submitted critiques for the SRA or GTA.\nAdministration:Create and manage user accounts associated with an institution. The institution's Signing Official (SO) can maintain the institution information on file at the NIH.\nDemo Facility:Demo Facilityallows you to try most of the capabilities of the NIH eRA Commons in a sample environment. (https://public.uat.era.nih.gov/commons/public/createDemoAcct.do?mode=create)\nGet Training!The Office of Sponsored Programs provides detailed training in the eRA Commons.\u00a0 To schedule a training session, please contact your assignedGrant & Contract Officer. (/gco)\nMore from the NIH Commons Site\nNIH eRA Commons Site (https://www.era.nih.gov/)\nNIH ASSIST Site (https://public.era.nih.gov/assist/public/login.era?TARGET=https%3A%2F%2Fpublic.era.nih.gov%3A443%2Fassist%2F)\nCommons eSNAP Guide (https://www.era.nih.gov/help-tutorials)\nNASA NSPIRES System\nNASA NSPIRES System\nNSPIRES is used to create proposals and communicate with NASA about sponsored research projects.\nRegistration / submission instructions. (https://science.nasa.gov/researchers/sara/how-to-guide/nspires-submission/)\nRegister for an NSPIRES account. (https://nspires.nasaprs.com/external/registration/createuser!init.do)\nProposal Development, Review, and Submission (/proposal/develop)\nPre-Award Research Operations (PRO) (/resources/pro-research-operations)\nAdditional Things to Consider when Preparing a Proposal (/resources/additional-things-consider-when-preparing-proposal)\nFind My GCO (Grant & Contract Officer) (/gco)\nSample Proposal Library (/resources/sample-proposal-library)\nProposal Review Guidelines (/resources/proposal-review-guidelines)\nLimited Submissions Funding Opportunities (/resources/limited-submissions-funding-opportunities)\nPI Eligibility (/policies/pi-eligibility)\nInstitutional Profile, DUNS, and UEI Numbers (/resources/institutional-profile-duns-and-uei-numbers)\nRASS (Form 10 is Phased Out) (/forms/rass-form-10-phased-out)\nNFA (Non-Financial Agreements) (/forms/nfa-non-financial-agreements)\nQuick Reference\nRates (/rates)\nForms (/forms)\nPolicies (/policies)\nContacts (/contacts)\nTraining (/training)\nEvents (/events)\nNews & Announcements (/news)\n\u00a9 2019 Cornell University\nWeb Accessibility Help (mailto:rais-help@cornell.edu?subject=researchservices.cornell.edu%20site)"
}