{
    "URL location": "https://researchservices.cornell.edu/resources/no-cost-extensions",
    "Last modification date": "2025-02-11T20:39Z",
    "Change frequency": "monthly",
    "Priority": "0.5",
    "Scraped Text": "Find guidance on funding and agency updates during the federal government transition(updated 3/19/2025) (/federal-transition)\nEssential ToolsFind My GCORASSExternalInstitutional Profile & DUNSIACUC applications (Cayuse Animal Management)Find Your Next Funding OpportunityIBC Applications (RASS-IBC)Research Development (ReD) ServicesIRB Applications (RASS-IRB)ExternalRates and budgetsReport external interests (RASS-COI)Join List ServsRASS Access Request FormAsk EHSExternalWeb Financials (WebFin2)ExternalCornell Data ServicesExternalPI DashboardExternalTravel RegistryExternalResearch Financials (formerly RA Dashboard)ExternalInternational research activitiesExternalRegister for Federal and Non-Federal SystemsDisclose Foreign Collaborations and SupportResearch metrics & executive dashboardsTraining (/about/essential-tools, /gco, http://guide.rass.cornell.edu/, /resources/institutional-profile-duns-and-uei-numbers, /resources/submit-new-iacuc-protocol, /proposal/Find-Your-Next-Funding-Opportunity, /resources/ibc-application-submission-review-and-approval, /research-development, https://rass.cornell.edu/irb, /proposal/budget, /compliance/conflict-of-interest, /resources/research-mailing-lists-list-servs, /resources/get-access-financial-sponsored-projects-data, https://tdx.cornell.edu/TDClient/42/Portal/Requests/TicketRequests/NewForm?ID=q5sab44D6GI_, http://webfin2.cornell.edu/, https://data.research.cornell.edu/, https://pidash.cornell.edu, https://travelregistry.cornell.edu/, http://radash.cornell.edu/, https://navigate.cornell.edu, /resources/register-federal-and-non-federal-systems, /proposal/disclose-foreign-collaborations-and-support, /resources/research-metrics, /training)\nFind My GCO (/gco)\nRASSExternal (http://guide.rass.cornell.edu/)\nInstitutional Profile & DUNS (/resources/institutional-profile-duns-and-uei-numbers)\nIACUC applications (Cayuse Animal Management) (/resources/submit-new-iacuc-protocol)\nFind Your Next Funding Opportunity (/proposal/Find-Your-Next-Funding-Opportunity)\nIBC Applications (RASS-IBC) (/resources/ibc-application-submission-review-and-approval)\nResearch Development (ReD) Services (/research-development)\nIRB Applications (RASS-IRB)External (https://rass.cornell.edu/irb)\nRates and budgets (/proposal/budget)\nReport external interests (RASS-COI) (/compliance/conflict-of-interest)\nJoin List Servs (/resources/research-mailing-lists-list-servs)\nRASS Access Request Form (/resources/get-access-financial-sponsored-projects-data)\nAsk EHSExternal (https://tdx.cornell.edu/TDClient/42/Portal/Requests/TicketRequests/NewForm?ID=q5sab44D6GI_)\nWeb Financials (WebFin2)External (http://webfin2.cornell.edu/)\nCornell Data ServicesExternal (https://data.research.cornell.edu/)\nPI DashboardExternal (https://pidash.cornell.edu)\nTravel RegistryExternal (https://travelregistry.cornell.edu/)\nResearch Financials (formerly RA Dashboard)External (http://radash.cornell.edu/)\nInternational research activitiesExternal (https://navigate.cornell.edu)\nRegister for Federal and Non-Federal Systems (/resources/register-federal-and-non-federal-systems)\nDisclose Foreign Collaborations and Support (/proposal/disclose-foreign-collaborations-and-support)\nResearch metrics & executive dashboards (/resources/research-metrics)\nTraining (/training)\nSearch (/search)\nNo-Cost Extensions\nThe Principal Investigator (PI) is expected to complete work under sponsored agreements within the project period specified in the award. However, if the PI needs additional time to complete the approved scope of work, within the limit of funds already made available, the sponsor may consider a request to extend the expiration date of the award at no additional cost.\nMost federal sponsors do not consider the fact that funds remain unobligated at the expiration of the award as sufficient justification for an extension of time. Normally, no single extension may exceed twelve months and only in exceptional cases will more than one extension be granted.\nProcedures for No-Cost Extensions\nThe request must be submitted to OSPusing the change request in RASS.(No-Cost Extensions cannot be requested solely for the purpose of\u00a0utilizing\u00a0remaining funds.)Requestsmustbe submitted to the sponsor by OSP. (http://guide.rass.cornell.edu/)\nIf the project involves the use of humans or animals as research subjects, an updated approval valid for the length of the extension will be necessary.\nIf the portion of the work that involved the use of research subjects is completed, a statement indicating such should be provided.\nThe request should generally contain:\nThe length of time for which the extension is being requested and a justification for the extension.\nA brief statement as to progress and work remaining to be completed.\nAn estimate of funds expected to remain unobligated on the scheduled expiration date.\nUnder the \"Uniform Guidance 2 CFR\u00a0\u00a7200.308 Revision of budget and program plans,\"\u00a0the first\u00a0request for a no-cost extension under all participating Federal agencies (except the Office of Naval Research)\u00a0may be approved by the Office of Sponsored Programs (OSP). (https://www.ecfr.gov/cgi-bin/text-idx?SID=3af89506559b05297e7d0334cb283e24&mc=true&node=se2.1.200_1308&rgn=div8)\nOSP must notify the sponsor at least ten (10) days prior to the expiration of the award and therefore requires the departmental request at least fifteen (15) days prior. After OSP approval of a request, a letter (or for NSF, a FastLane notification) is sent to the sponsor via the program official, with a copy to the grants official.\nSecond no-cost extension\u00a0requests require the approval and\u00a0written authorization of the sponsor. These requests must be submitted to the sponsor forty-five (45) days prior to the expiration of the award and therefore requires the departmental request at least fifty (50) days prior.\nNote: Sponsored Financial Services (SFS) will not extend a project without written notification. If no written notification is received before the report is due, a financial report will be sent to the sponsor under the original end date.\u00a0Should a no-cost extension be received after the reporting period, the end date will be changed, and the project may continue\nProject Modifications (/manage/changes-and-deliverables)\nBudget Revisions (/resources/budget-revisions)\nChange in PI or Key Personnel and Effort (/resources/change-pi-or-key-personnel-and-effort)\nAmendment to Subaward Agreements (/resources/amendment-subaward-agreements)\nQuick Reference\nRates (/rates)\nForms (/forms)\nPolicies (/policies)\nContacts (/contacts)\nTraining (/training)\nEvents (/events)\nNews & Announcements (/news)\n\u00a9 2019 Cornell University\nWeb Accessibility Help (mailto:rais-help@cornell.edu?subject=researchservices.cornell.edu%20site)"
}