{
    "URL location": "https://researchservices.cornell.edu/policies/nih-disclosing-other-support-and-foreign-components",
    "Last modification date": "2021-07-12T17:07Z",
    "Change frequency": "never",
    "Priority": "0.5",
    "Scraped Text": "Find guidance on funding and agency updates during the federal government transition(updated 3/19/2025) (/federal-transition)\nEssential ToolsFind My GCORASSExternalInstitutional Profile & DUNSIACUC applications (Cayuse Animal Management)Find Your Next Funding OpportunityIBC Applications (RASS-IBC)Research Development (ReD) ServicesIRB Applications (RASS-IRB)ExternalRates and budgetsReport external interests (RASS-COI)Join List ServsRASS Access Request FormAsk EHSExternalWeb Financials (WebFin2)ExternalCornell Data ServicesExternalPI DashboardExternalTravel RegistryExternalResearch Financials (formerly RA Dashboard)ExternalInternational research activitiesExternalRegister for Federal and Non-Federal SystemsDisclose Foreign Collaborations and SupportResearch metrics & executive dashboardsTraining (/about/essential-tools, /gco, http://guide.rass.cornell.edu/, /resources/institutional-profile-duns-and-uei-numbers, /resources/submit-new-iacuc-protocol, /proposal/Find-Your-Next-Funding-Opportunity, /resources/ibc-application-submission-review-and-approval, /research-development, https://rass.cornell.edu/irb, /proposal/budget, /compliance/conflict-of-interest, /resources/research-mailing-lists-list-servs, /resources/get-access-financial-sponsored-projects-data, https://tdx.cornell.edu/TDClient/42/Portal/Requests/TicketRequests/NewForm?ID=q5sab44D6GI_, http://webfin2.cornell.edu/, https://data.research.cornell.edu/, https://pidash.cornell.edu, https://travelregistry.cornell.edu/, http://radash.cornell.edu/, https://navigate.cornell.edu, /resources/register-federal-and-non-federal-systems, /proposal/disclose-foreign-collaborations-and-support, /resources/research-metrics, /training)\nFind My GCO (/gco)\nRASSExternal (http://guide.rass.cornell.edu/)\nInstitutional Profile & DUNS (/resources/institutional-profile-duns-and-uei-numbers)\nIACUC applications (Cayuse Animal Management) (/resources/submit-new-iacuc-protocol)\nFind Your Next Funding Opportunity (/proposal/Find-Your-Next-Funding-Opportunity)\nIBC Applications (RASS-IBC) (/resources/ibc-application-submission-review-and-approval)\nResearch Development (ReD) Services (/research-development)\nIRB Applications (RASS-IRB)External (https://rass.cornell.edu/irb)\nRates and budgets (/proposal/budget)\nReport external interests (RASS-COI) (/compliance/conflict-of-interest)\nJoin List Servs (/resources/research-mailing-lists-list-servs)\nRASS Access Request Form (/resources/get-access-financial-sponsored-projects-data)\nAsk EHSExternal (https://tdx.cornell.edu/TDClient/42/Portal/Requests/TicketRequests/NewForm?ID=q5sab44D6GI_)\nWeb Financials (WebFin2)External (http://webfin2.cornell.edu/)\nCornell Data ServicesExternal (https://data.research.cornell.edu/)\nPI DashboardExternal (https://pidash.cornell.edu)\nTravel RegistryExternal (https://travelregistry.cornell.edu/)\nResearch Financials (formerly RA Dashboard)External (http://radash.cornell.edu/)\nInternational research activitiesExternal (https://navigate.cornell.edu)\nRegister for Federal and Non-Federal Systems (/resources/register-federal-and-non-federal-systems)\nDisclose Foreign Collaborations and Support (/proposal/disclose-foreign-collaborations-and-support)\nResearch metrics & executive dashboards (/resources/research-metrics)\nTraining (/training)\nSearch (/search)\nNIH: Disclosing Other Support and Foreign Components\nNASA: Affiliations with China and Disclosing Current & Pending Support (/policies/nasa-affiliations-china-and-disclosing-current-pending-support)\nNSF: Disclosing Current & Pending Support, Biographical Sketches, and International Partnerships (/policies/nsf-disclosing-current-pending-support-biographical-sketches-and-international)\nClarifying guidance from NIH about disclosing other support and foreign components.\nOver the past year, the FBI and federal lawmakers have raised concerns regarding undue foreign influence on federally funded research. As a result, many federal funding agencies, including the National Institutes of Health (NIH), are revisiting what information they require from investigators to appropriately assess other sources of support. A summary of NIH\u2019s efforts to address foreign influence concerns can be found at their webpageProtecting U.S. Biomedical Intellectual Innovation. As part of this effort, NIH issued Policy Notice NOT-OD-19-114,Reminders of NIH Policies on Other Support and on Policies related to Financial Conflicts of Interest and Foreign Componentsand the accompanyingFAQsin July 2019. This clarifying guidance from NIH outlines requirements that differ from what was previously understood to be required of applicants and awardees. A summary of these current NIH requirements follows. (https://grants.nih.gov/policy/protecting-innovation.htm, https://grants.nih.gov/grants/guide/notice-files/NOT-OD-19-114.html, https://grants.nih.gov/grants/faq-other-support-foreign-components.htm)\nDisclosure of Other Support\nNIH policy now requires applicants and awardees to disclose \u201call resources made available to a researcher in support of and/or related to all of their research endeavors, regardless of whether or not they have monetary value and regardless of whether they are based at the institution the researcher identifies for the current grant.\u201d With this clarification, NIH researchers are now required to disclose other support as follows;\nPositions, Appointments, and Affiliations.Any position or scientific appointment held by investigators that is relevant to the application must be disclosedincluding domestic or foreign, paid or unpaid, or full/part-time/voluntary. Titled academic, professional, or institutional appointments, including adjunct, visiting, or honorary must be disclosed. Outside activities that are not research related (e.g. serving on a science advisory board for a start-up company where the investigator will not perform research) do not need to be included in the disclosure, but may still require disclosure to Cornell in the annual financial conflict of interest (fCOI) disclosure.\nFinancial Support.This includes sponsored awards held at Cornell, held at another institution/entity, or held as an individual that support an investigator\u2019s research efforts. This also includes start-up packages from entities other than Cornell, and institutional awards at Cornell or other institutions that are separately budgeted and accounted for. Investigators do not need to disclose Cornell start-up packages, gifts, or endowed chairs, nor do NIH training grants need to be disclosed.\nNon-Financial Resources.This includes non-monetary resources that are uniquely available to key personnel such as office or laboratory space, equipment, supplies, employees, scientific materials, and selection to a foreign \u201ctalents\u201d or similar-type program. Non-financial resources that are available to the Cornell community at large, such as core facilities or shared equipment, do not need to be reported. Non-financial resources that are provided by entities other than Cornell are of particular interest to NIH, and investigators should take care to ensure that all necessary disclosures are made.\nNIH policy remains consistent regarding location and timing of such disclosures;\nAll other support and affiliations must be reported at Just-in-Time (JIT) stage via the Other Support document.\nApplicants are responsible for promptly notifying NIH of any substantive changes to previously submitted JIT information up to the time of award. Please contact your Grant & Contract Officer in the Office of Sponsored Programs for assistance.\nOther support obtained after the initial NIH award period must be disclosed in the annual research performance progress report (RPPR).\nIt should be noted that NIH has not yet updated theOther Support templateto reflect these clarified requirements. Investigators and administrators should modify the current template as needed to ensure compliance with the expanded disclosure requirements, including the reporting of total award amount for any financial support. (https://grants.nih.gov/sites/default/files/competing_othersupport.docx)\nForeign Component\nNIH requires applicants and recipients to determine whether project activities include a foreign component, defined as the existence of any \u201csignificant scientific element or segment of a project\u201d outside of the United States. In other words;\nPerformance of work by a researcher or recipient in a foreign location, whether or not NIH grant funds are expended and/or\nPerformance of work by a researcher in a foreign location employed or paid for by a foreign organization, whether or not NIH grant funds are expended.\nApplicants and recipients should first identify whether a portion of a project will be conducted outside of the U.S. before determining whether such activities are considered significant. Significance should be measured by the investigator within the context of the project as a whole. Examples of a foreign component include collaborations with investigators at a foreign site anticipated to result in co-authorship, the use of facilities or instrumentation at a foreign site, and the receipt of financial support or resources from a foreign entity. Foreign vendors (i.e. relationships that result in a procurement agreement) do not constitute a foreign component.\nForeign components must be disclosed in a proposal as aForeign Justificationattached to theR&R Other Project Information Form. The addition of a foreign component to an awarded project requires NIH\u2019s prior approval. (https://grants.nih.gov/grants/how-to-apply-application-guide/forms-e/general/g.220-r&r-other-project-information-form.htm#6, https://grants.nih.gov/grants/how-to-apply-application-guide/forms-e/general/g.220-r&r-other-project-information-form.htm)\nAdditional information regarding federal agencies\u2019 responses to foreign influence can be found on Cornell Research Services webpageDisclosing International Partnerships to Cornell and External Sponsorsand in the video recording of the November 2019 OSP Roundtable,Disclosing Foreign Relationships and Activities. Additionally, a letter to Cornell researchers from the Vice President for Research and Innovation,\u00a0and the Vice Provost for International Affairs regarding foreign influence can be found on Cornell Research Services webpageGuidelines for the Cornell University Faculty on Academic Integrity and Undue Foreign Influence. (https://researchservices.cornell.edu/policies/disclosing-international-partnerships-cornell-and-external-sponsors, https://vod.video.cornell.edu/media/November+2019+OSP+Roundtable+Zoom+Recording/1_17ovcni7, https://researchservices.cornell.edu/policies/guidelines-on-undue-foreign-influence)\nFor questions regarding NIH other support and foreign component requirements, please contact your assigned Grant & Contract Officer (seehttps://researchservices.cornell.edu/gcofor current assignments). (https://researchservices.cornell.edu/gco)\nDisclose Foreign Collaborations and Support (/proposal/disclose-foreign-collaborations-and-support)\nNASA: Affiliations with China and Disclosing Current & Pending Support (/policies/nasa-affiliations-china-and-disclosing-current-pending-support)\nNSF: Disclosing Current & Pending Support, Biographical Sketches, and International Partnerships (/policies/nsf-disclosing-current-pending-support-biographical-sketches-and-international)\nDisclosing International Partnerships to Cornell and External Sponsors (/policies/disclosing-international-partnerships-cornell-and-external-sponsors)\nQuick Reference\nRates (/rates)\nForms (/forms)\nPolicies (/policies)\nContacts (/contacts)\nTraining (/training)\nEvents (/events)\nNews & Announcements (/news)\n\u00a9 2019 Cornell University\nWeb Accessibility Help (mailto:rais-help@cornell.edu?subject=researchservices.cornell.edu%20site)"
}