{
    "URL location": "https://researchservices.cornell.edu/resources/irb-faqs",
    "Last modification date": "2025-01-29T17:44Z",
    "Change frequency": "monthly",
    "Priority": "0.5",
    "Scraped Text": "Find guidance on funding and agency updates during the federal government transition(updated 3/19/2025) (/federal-transition)\nEssential ToolsFind My GCORASSExternalInstitutional Profile & DUNSIACUC applications (Cayuse Animal Management)Find Your Next Funding OpportunityIBC Applications (RASS-IBC)Research Development (ReD) ServicesIRB Applications (RASS-IRB)ExternalRates and budgetsReport external interests (RASS-COI)Join List ServsRASS Access Request FormAsk EHSExternalWeb Financials (WebFin2)ExternalCornell Data ServicesExternalPI DashboardExternalTravel RegistryExternalResearch Financials (formerly RA Dashboard)ExternalInternational research activitiesExternalRegister for Federal and Non-Federal SystemsDisclose Foreign Collaborations and SupportResearch metrics & executive dashboardsTraining (/about/essential-tools, /gco, http://guide.rass.cornell.edu/, /resources/institutional-profile-duns-and-uei-numbers, /resources/submit-new-iacuc-protocol, /proposal/Find-Your-Next-Funding-Opportunity, /resources/ibc-application-submission-review-and-approval, /research-development, https://rass.cornell.edu/irb, /proposal/budget, /compliance/conflict-of-interest, /resources/research-mailing-lists-list-servs, /resources/get-access-financial-sponsored-projects-data, https://tdx.cornell.edu/TDClient/42/Portal/Requests/TicketRequests/NewForm?ID=q5sab44D6GI_, http://webfin2.cornell.edu/, https://data.research.cornell.edu/, https://pidash.cornell.edu, https://travelregistry.cornell.edu/, http://radash.cornell.edu/, https://navigate.cornell.edu, /resources/register-federal-and-non-federal-systems, /proposal/disclose-foreign-collaborations-and-support, /resources/research-metrics, /training)\nFind My GCO (/gco)\nRASSExternal (http://guide.rass.cornell.edu/)\nInstitutional Profile & DUNS (/resources/institutional-profile-duns-and-uei-numbers)\nIACUC applications (Cayuse Animal Management) (/resources/submit-new-iacuc-protocol)\nFind Your Next Funding Opportunity (/proposal/Find-Your-Next-Funding-Opportunity)\nIBC Applications (RASS-IBC) (/resources/ibc-application-submission-review-and-approval)\nResearch Development (ReD) Services (/research-development)\nIRB Applications (RASS-IRB)External (https://rass.cornell.edu/irb)\nRates and budgets (/proposal/budget)\nReport external interests (RASS-COI) (/compliance/conflict-of-interest)\nJoin List Servs (/resources/research-mailing-lists-list-servs)\nRASS Access Request Form (/resources/get-access-financial-sponsored-projects-data)\nAsk EHSExternal (https://tdx.cornell.edu/TDClient/42/Portal/Requests/TicketRequests/NewForm?ID=q5sab44D6GI_)\nWeb Financials (WebFin2)External (http://webfin2.cornell.edu/)\nCornell Data ServicesExternal (https://data.research.cornell.edu/)\nPI DashboardExternal (https://pidash.cornell.edu)\nTravel RegistryExternal (https://travelregistry.cornell.edu/)\nResearch Financials (formerly RA Dashboard)External (http://radash.cornell.edu/)\nInternational research activitiesExternal (https://navigate.cornell.edu)\nRegister for Federal and Non-Federal Systems (/resources/register-federal-and-non-federal-systems)\nDisclose Foreign Collaborations and Support (/proposal/disclose-foreign-collaborations-and-support)\nResearch metrics & executive dashboards (/resources/research-metrics)\nTraining (/training)\nSearch (/search)\nIRB FAQs\nFrequently Asked Questions Related to Human Participant Research\nHere you will find answers to frequently asked questions about human participant research at Cornell:\nGeneral Topics (#General_Topics)\nThe Application Process (#Application_Process)\nThe Consenting Process (#Consenting_Process)\nTraining-Related Topics (#Training_Topics)\nLifecycle of the Project (#Project_Lifecycle)\n\n\nGeneral Topics\nWhat is an IRB?\nThe Institutional Review Board (IRB) is an administrative body established to protect the rights and welfare of human subjects recruited to participate in a research study conducted under the auspices of the institution with which it is affiliated. The role of the IRB is to ensure the protection of human participants in a research study. Any institution that receives federal funding to conduct research with human participants is required to establish an IRB and to review and approve studies prior to collection of research data. The Cornell IRB operates under a Federalwide Assurance (FWA 0000 4513) through the U.S. Department of Health and Human Services, seecharge. (/sites/default/files/2019-05/IRB-Charge-2014_0.pdf)\nHow do I know if I am conducting research with human participants?\nAlthough the question may seem straightforward, not all interactions with human beings or data collected from humans are considered research under IRB rules. If your project is not considered research, you do not need to submit an application to the IRB office. If your project is considered research under IRB rules, you must submit an application to the IRB office and receive approval before research can begin.\nResearch under IRB regulations (as specified under the \u2018Common Rule\u2019 issued by the Office of Human Research Protections, U.S. Dept. of Health and Human Services) and Cornell policy is defined as a systematic investigation, including research development, testing and evaluation, designed to develop or contribute to generalizable knowledge.\nA human participant is defined as a living (not deceased) individual about whom an investigator (whether professional or student) conducting research obtains (1) data through intervention or interaction with the individual, or obtains (2) identifiable private information about that individual.\nGeneralizable knowledge refers to information that expands the knowledge base of a scientific discipline or other scholarly field of study and can be expressed in theories, principles, or statements of relationships that can be generally applied to our experiences. Activities designed to contribute to generalizable knowledge are those designed to draw general conclusions, inform policy, or generalize findings beyond a single individual or an internal program. The information is collected to share with others in a discipline and is created to make a broad statement (conclusion) about a group of people, procedures, programs, etc.\nAn intervention can include physical procedures by which data are gathered (e.g., venipuncture) and manipulations of the subject or subject's environment for research purposes.\nInteraction includes communication or interpersonal contact between the researcher and subject.\nPrivate information includes information about behavior that occurs in a context in which an individual can reasonably expect that no observation or recording is taking place, and information which has been provided for specific purposes by an individual and which the individual can reasonably expect will not be made public (for example, a medical record). Private information must be individually identifiable (i.e., the identity of a participant is associated with the information or may readily be ascertained by the investigator) in order for obtaining the information to constitute research involving human subjects.\nWhen am I required to submit an IRB application to the IRB office?\nNot all interactions with human beings or data collected from humans are considered research under IRB rules. If your project is not considered research, you do not need to submit an application to the IRB office. If your project is considered research under IRB rules, you must submit an application to the IRB office viaRASS-IRBand receive approval (or an exemption determination) before research can begin. Applications must be submitted to the IRB office for review and approval before data collection begins. This includes proposed research involving existing secondary data and previously collected human fluid and tissue samples. SeePolicy 1. (https://rass.cornell.edu/irb, /policies/irb-policy-1-determining-whether-research-activity-needs-irb-review-and-approval, /sites/default/files/2024-10/IRB_Policy_1_FINAL_01.30.24.pdf)\nI am just doing a simple survey; do I need to submit my proposal to the IRB?\nYes, if the study meets the definition for research with human participants, as explained above. Cornell University's Federalwide Assurance (FWA) with the U.S. Department of Health and Human Services states that all research being conducted under the auspices of this institution is subject to review and approval by the IRB. Written approval from the IRB must be in place before any interventions or interactions with human participants (e.g., recruitment) actually begin.\nI am not collecting any identifying information in my human participant research project. Do I need to submit my proposal to the IRB for review?\nYes, if your research project involves active data collection. IRB regulations require that ALL research involving intervention or interaction with human participants, regardless of whether or not identifying information is being collected, must be submitted for review prior to beginning the study. If your research involves the use of existing data collected from human participants (e.g., secondary datasets, existing biological samples), but there are no identifiers linking human participants to the data/samples themselves, then the activity may not require IRB review and may be considered \"not human participant research\". Please see theIRB's Decision Treeor contact the IRB staff for further guidance. (/sites/default/files/2019-05/IRB%20Decision%20Tree.pdf)\nDo research projects conducted by Cornell students need IRB approval?\nYes, studies conducted by Cornell undergraduate and graduate students need IRB approval, if the project fits the definitions of \"research\" and \"human participants\" as described above. If the project is to be used in the classroom setting only to teach research methods (i.e., only only intended to meet a class requirement), the project may not constitute human participant research. However, this means that at no point during or after the conclusion of the course can the results or the data be used for publication, presentation, or other research purposes. Therefore, students should discuss these limitations with their instructor or faculty advisor so that they can determine whether IRB review is necessary.Please note, undergraduate and graduate theses and dissertations are considered research, and will require IRB approval if human participants are involved.\nCan researchers be subjects in their own studies? Does self-experimentation require IRB review?\nYes, researchers can be subjects in their own studies. However, Cornell policy regards this type of research (investigator self-experimentation) as research with human participants, and generally requires the same review and approval as research that recruits other people as subjects.\nThough investigator self-experimentation may not raise the conventional ethical concerns outlined in theBelmont Report, all human research projects should undergo ethical review to assure the safety of people involved and the integrity of the research at the university. While researchers may be aware of the risks of self-experimentation, they may also be more willing to accept risks that are ill-advised. Application for review with the IRB office allows a neutral third party to raise concerns and/or propose measures to promote the welfare of researchers. (http://www.hhs.gov/ohrp/regulations-and-policy/belmont-report/)\nWhat is a Program Development application? Can I get IRB approval if I am not ready to recruit participants?\nProgram Development approval is an administrative approval granted by IRB staff so that the Principal Investigator can develop research design methods and materials. This type of approval is often used for the purpose of releasing funds. It is also useful if the actual human interaction portion of the research is expected to occur at a later date, but the researcher needs to provide proof to the sponsor that the project scope and intent has been approved by the local IRB.\nImportant Note:Under this type of administrative approval no human participants may be involved in any activities defined as research until the entire project, including data collection procedures and study instruments, recruitment materials and informed consent documents have been reviewed and approved by the IRB. That is, once the project and study instruments are developed and finalized, please amend your protocol inRASS-IRBto include all relevant study details and study instruments, and the IRB will conduct a complete review and approval. Contact IRB staff with questions regarding whether a Program Development approval can be an option for your research project. (https://rass.cornell.edu/irb)\nWhat does \"exempt\" mean? Does this mean I don't have to submit an application for review?\nStudies that meet the definition of regulated research under the Common Rule may fit within one or more categories of \u201cexempt\u201d research. This doesnotmean that such studies do not need IRB review.In order for a research study to be deemed \"exempt\", investigators will need to submit an application to the IRB office, along with study related materials (e.g., consent forms, surveys, questionnaires, interview scripts/outlines, etc.). Please note that this determination of exemption must be made by IRB staff. SeePolicy #2. (/policies/irb-policy-2-submission-requirements-and-procedures-exemption-irb-review)\nI will be collaborating with another institution. Do I need to submit to Cornell's IRB and the other institution?\nTypically, Cornell researchers must receive Cornell IRB approval to conduct research with human participants, regardless of where the research takes place. When collaborative projects are expected to involve researchers from multiple institutions, contact the IRB office to determine next steps.\u00a0 While, in some cases, each investigator should work with their own institution\u2019s IRB, in other cases it might be desirable (or required by a funder) to arrange an IRB reliance/authorization agreement (IAA) to designate one IRB to review and approve the research as a whole.\nMy research will be done in another country. Do I have to obtain IRB review and approval from Cornell?\nYes, Cornell PIs must receive Cornell IRB approval to conduct research with human participants, regardless of where the research takes place.You should also be aware that your project may need local IRB approval (or the equivalent ethical review), in addition to Cornell's. Please seeSOP #14for more information about requirements for international human participant research. (/policies/irb-policy-14-international-human-research)\nI want to conduct a study that involves the use of deception. Is this allowed? What do I need to consider?\nThe use of deception in research is not prohibited by either the federal regulations or Cornell. However, because at some level the use of deception in research violates the trust that the participant puts in the researcher, this method should be considered carefully. Deliberate deception of participants may occur only in situations where withholding information about the nature of the study is necessary to ensure valid results, and never to get participants to do something that they would not do if the information was fully disclosed to them.\nResearchers should describe for the IRB the method, rationale and the process of informing participants of the purpose of the research as early as is feasible - preferably at the conclusion of an individual's participation through a \"debriefing\" process (but no later than at the conclusion of data collection) to permit participants to withdraw their data, if they choose to do so. Additionally, researchers should provide a justification for the deception techniques and document that there are no equally effective non-deceptive techniques available. Please refer to the American Psychological Association'sEthical Principles of Psychologists and Code of Conductfor further guidance. (http://www.apa.org/ethics/code/index.aspx)\nI am planning to do an oral history project; do I need to submit my proposal to the IRB?\nResearch that involves the collection and use of oral histories or life historiesto draw generalizable conclusionsmay meet the federal definition of \"human subjects research\" and require an application to the IRB office. However, not all oral history projects fit this description, and thus would not need IRB review. Please seeGuidance on IRB Review of Projects Collecting Oral (or Life) Histories, Journalism or Case Studiesfor further information. (/sites/default/files/2019-05/Oral_History_IRB_Guidance.pdf)\nI am planning to conduct a pilot study to help refine my data collection procedures and instruments; do I need to submit my proposal to the IRB?\nPilot studies may not meet the regulatory definition of research in need of IRB review. If all of the following statements are true, then no IRB review or approval is needed for your pilot:\n1. The sole intent of this pilot study is to determine the feasibility of a larger study. It is exploratory in nature, helping refine data collection procedures and instruments or preparing a better research design.\n2. There is no intent to publish or disseminate the pilot study outcomes as research data.\n3. The pilot study will be conducted on a small scale (~10 or fewer participants).\nSuch a pilot study would not contribute to generalizable knowledge and therefore isnotconsidered research.\u00a0IRB review is not required.\u00a0Data collection from the pilotcannotbe used as research data.Investigators should still take proper care in protecting human participants (e.g., informed consent process, adequate data security procedures, etc.).\nNote: If your pilot study will involve vulnerable populations or more than minimal risk research procedures, you must consult with theIRB officeprior to data collection. (/offices/IRB)\nI am developing case studies; do I need to submit my proposal to the IRB?\nProjects that use multiple case studies to draw conclusions that are applicable in a generalizable context, or to address a hypothesis, may meet the federal definition of \"human subjects research\" and require review by the IRB office. Other projects involving case studies may not require IRB review. Please seeGuidance on IRB Review of Projects Collecting Oral (or Life) Histories, Journalism or Case Studiesfor further information. (/sites/default/files/2019-05/Oral_History_IRB_Guidance.pdf)\nDoes journalism require IRB review?\nThe reporting of current events, trends, newsworthy issues or stories about people or events generally does not meet the federal definition of \"human subjects research\" and therefore requires no application to the IRB office. However, reporting intended to draw generalizable conclusions may require review by the IRB. Please seeGuidance on IRB Review of Projects Collecting Oral (or Life) Histories, Journalism or Case Studiesfor further information. (/sites/default/files/2019-05/Oral_History_IRB_Guidance.pdf)\nWhen may I begin data collection for my study?\nYou must receive written approval from the IRBbeforebeginning participant recruitment, data collection, or data analysis. A memo will be sent to you via e-mail when your project has IRB approval.\nHow long will it take for me to obtain approval to do my study?\nThat depends on the nature of your study and the characteristics of the people you intend to recruit. Research projects may be eligible for an exemption from IRB committee review, for which you should allow at least 2-3 weeks for administrative review. Research projects that involve only minimal risk to participants but aren't eligible for exemption may be eligible for expedited IRB review, for which you should allow at least 3-4 weeks for review. Projects that involve greater than minimal risk to participants will need to go to the convened full board committee for review, which is scheduled for the first Friday of every month. For applications requiring full board review, you should allow at least 4-6 weeks for review and approval of your study.\nCan the IRB approve a project \"retroactively?\"\nNo. There is no provision in the federal regulations that allow for IRB approval of research that has already been conducted. If data were collected for purposes that the IRB determines to be non-research (e.g., program evaluations for library or educational programs not initially intended to be used for research), IRB approval can be sought for the data analysis going forward.\n\nThe Application Process\nI don't know where to start to write an application. What needs to be included?\nEvery new protocol application must be submitted throughRASS-IRB, which uses a smart form that will lead you through the necessary steps of the application process. You can also learn more about the IRB protocol submission process and what information is needed onour website. Feel free to contact theIRB officefor assistance. (https://rass.cornell.edu/irb, /resources/submit-or-manage-your-irb-protocol, /offices/IRB)\nAre there \"sample\" protocol submissions available for research projects in specific disciplines?\nUnfortunately, not at this time. The IRB staff is available to answer questions about the IRB review process and to assist investigators in the preparation of protocols. On the IRB website there are several IRB policies that can guide the researcher in determining IRB requirements in approving a protocol. The IRB also encourages researchers to consult with colleagues and/or faculty advisors who have done research at Cornell in for advice in preparing research protocols.\nWhat does the IRB look for in an application? Are there standard criteria for evaluation?\nThe IRB evaluates every research protocol according to the ethical principles described in the (Belmont Report). Basically, this means the IRB considers whether the risks and benefits of a study are acceptable and managed appropriately, and whether individuals being asked to participate are adequately informed about the research and its possible risks. (http://www.hhs.gov/ohrp/humansubjects/guidance/belmont.html)\nConsidered another way, investigators could look at their plans from the point of view of a subject, or an observer concerned about responsible research. Who are the subjects and how are they recruited? Could they be lured or coerced to participate? Is it through an institution that may have responsibilities toward them (e.g., a school or hospital) and should be consulted? Do they understand, in advance, what they are agreeing to participate in and give their consent willingly? What will they actually do, and what is done to them, during the study? Is it possible that the experience might be injurious, painful, uncomfortable, needlessly boring, embarrassing, offensive, or otherwise stressful? Might there be long-term consequences? Could the subject be endangered, compromised or embarrassed if information collected leaked out? There are many possible considerations, but they should not be difficult to understand if one assumes the subject's perspective. The IRB's role is to look at the study from this perspective and to ensure that proper precautions are taken to protect individuals when they agree to participate in research.\n\nThe Consenting Process\nWhat does \"informed consent\" mean? What are its essential components?\nFully informing participants of the risks, benefits, and procedures involved in a study is a standard requirement in research with human participants. Ethically and legally, consent is not considered to be \"informed\" unless the investigator discloses all the facts, risks, and discomforts that might be expected to influence an individual's decision to willingly participate in a research protocol. This applies to ALL types of research including surveys, interviews, and observations in which participants are identified, and other experiments, such as diet, drug and exercise studies. For a complete list of the components of informed consent that are considered essential by the Cornell IRB, please refer toSOP #10. (/policies/irb-policy-10-informed-consent-options-processes-and-documentation, /sites/default/files/2019-05/SOP%2010%20-%20Informed%20Consent.pdf)\nAre there different types of informed consent? What are they?\nThe informed consent process can take various forms:\nSigned informed consent is the standard expectation in research with human participants. This is in the form of a document with the elements of informed consent, signed and dated by the participant and kept as a record by the researcher.\nIn research with children (individuals under 18 years old), assent of the child and parental permission are standard requirements. Please refer toSOP #11. (/policies/irb-policy-11-research-involving-children, /sites/default/files/2019-05/SOP%2011%20-%20Children.pdf)\nIn some circumstances, investigators can seek alternatives to standard informed consent procedures, such as:A waiver of using a signed consent form (e.g., giving participants an information sheet but not collecting signatures)A waiver of written consent (e.g., using oral consent procedures)A waiver of some or all of the elements of informed consent (e.g., in research that involves deception)\nA waiver of using a signed consent form (e.g., giving participants an information sheet but not collecting signatures)\nA waiver of written consent (e.g., using oral consent procedures)\nA waiver of some or all of the elements of informed consent (e.g., in research that involves deception)\nIt is not uncommon for a research project to involve one or more of the above scenarios. For a complete list of the options for informed consent procedures, and the requirements for approval, please refer toSOP #10. (/policies/irb-policy-10-informed-consent-options-processes-and-documentation, /sites/default/files/2019-05/SOP%2010%20-%20Informed%20Consent.pdf)\nWhat do the terms \"consent\" and \"assent\" mean? Aren't they the same thing?\nBoth consent and assent involve informing potential participants about the research and its risks and benefits, and documenting their understanding and agreement to participate.\nThe reason the different terms are used has to do with the age of the participants. In research involvingadults, \"consent\"is obtained from individuals to participate in the study. In research involving minors, a parent must give permission to allow the child to participate in the research, andchildrenwho are able to understand information about participation are asked to\"assent\"or agree to participate as well.\nDo I always have to obtain the informed consent of research participants?\nThe Cornell IRB is responsible for ensuring that basic ethical principles are abided by in all research. The expectation that the informed consent of research participants be obtained is based upon the Belmont principle of respect for persons, and regarded as extremely important in conducting ethical research. The IRB has the authority to waive some or all of the federal requirements for informed consent in certain extenuating circumstances. A request for waiver of informed consent must be specifically justified by the researcher in the proposal to the IRB.\nWhat is signed informed consent?\nUsed most commonly, signed informed consent allows prospective participants to document their agreement to take part in research activities by signing and dating the consent document.\nDo research participants always have to sign the consent document?\nNot always. In certain situations, the IRB can waive the requirement that you obtain the participant's signature on the consent form.\nWhat is a \"waiver of documentation\" of informed consent?\nA waiver of documentation of informed consent is a request whereby a signed consent document is not required. Examples include implied and verbal consent. Consent will still be obtained from participants; however, they will not be required to sign the consent form. There are only two circumstances when the IRB may waive the requirement to obtain a signed consent form:\nThe only record linking the research participant and the research would be the consent document and the principal risk would be potential harm resulting from a breach of confidentiality (participant must be asked if he/she want documentation) OR\nThe research presents no more than minimal risk of harm to participants and involves no procedure for which written consent is normally required outside of the research context (for example, no risk surveys or interviews)\nNote: The IRB will take into consideration the risks and potential harms involved in the research and consent process before granting a waiver of documentation of informed consent. In the case of international research, there may be unique cultural or social circumstances that factor into the review process.\nWhat is a \"waiver\" of informed consent? How is it different from a \"waiver of documentation\" of informed consent?\n\"Waiver of documentation of consent\" means a participant may consent by oral or implied consent, versus a \"waiver of informed consent\", which could: (1) alter some or all of the required elements of informed consent, or (2) completely waive the requirement to obtain informed consent (with or without a signature). The IRB may approve a consent procedure which does not include or alters some or all of the required elements of informed consent provided all of the following are true:\nThe research involves no more than minimal risk\nThe waiver of informed consent will not adversely affect the rights and welfare of the subjects\nIt is not practicable to conduct the research without the waiver or alteration\nWhenever appropriate, participants will be provided with additional pertinent information after their participation.\nExamples of types of studies in which some or all elements of consent have been waived include retrospective chart reviews, studies of existing pathology specimens, ethnographic research, studies that require deception or passive (opt-out) consent.\nNote: The IRB will take into consideration the risks and potential harms involved in the research before granting a waiver of informed consent. Additionally, there are restrictions for when the IRB may waive the requirements for child assent and parental permission. Please refer toSOP #11for full details. (/policies/irb-policy-11-research-involving-children)\nDo I always have to obtain written permission from parents for children to participate?\nNo. There are two sets of circumstances where the IRB may waive the requirement for parental permission:\nThe first involves research or demonstration projects thatAre conducted by or subject to the approval of state or local government officials and are designed to study, evaluate, or otherwise examine: (i) public benefit or service programs; (ii) procedures for obtaining benefits or services under those programs; (iii) possible changes in or alternatives to those programs or procedures; or (iv) possible changes in methods or levels of payment for benefits or services under those programs; andCould not practicably be carried out without the waiver or alteration.\nAre conducted by or subject to the approval of state or local government officials and are designed to study, evaluate, or otherwise examine: (i) public benefit or service programs; (ii) procedures for obtaining benefits or services under those programs; (iii) possible changes in or alternatives to those programs or procedures; or (iv) possible changes in methods or levels of payment for benefits or services under those programs; and\nCould not practicably be carried out without the waiver or alteration.\nThe second involves research thatPoses no more than minimal risk to the children;Would not adversely affect the rights and welfare of children if the IRB approved a waiver or alteration of the requirement for parental permission;Could not be carried out without the waiver or alteration; andWhenever appropriate, would provide the children with additional pertinent information after participation.\nPoses no more than minimal risk to the children;\nWould not adversely affect the rights and welfare of children if the IRB approved a waiver or alteration of the requirement for parental permission;\nCould not be carried out without the waiver or alteration; and\nWhenever appropriate, would provide the children with additional pertinent information after participation.\nI am not collecting any identifying information. Do I still need an informed consent form?\nYes. If the proposed study is truly \"anonymous\" - no collection or use of any identifiers (e.g., names, addresses, phone numbers, signatures, social security numbers, drivers license numbers, etc.) - a modified informed consent form (often called an information sheet) may be used. That is, all of the elements of consent must be documented for the participant, but the signature line is replaced with a statement informing the participant that completion and return of the survey is considered implied consent. If, however, the procedures involve risk or biological sample collections, written consent may be required.\nFor more information about the possibilities for waiver of signed or written informed consent, please refer toSOP # 10. (/policies/irb-policy-10-informed-consent-options-processes-and-documentation, /sites/default/files/2019-05/SOP%2010%20-%20Informed%20Consent.pdf)\nWhat is \"implied\" consent?\nImplied consent is the tacit indication that a person has knowingly agreed to participate in research by performing a research activity or task. By completing the research task (e.g., completion of a questionnaire, interview, survey, etc.), the participant has provided consent to participate in the research.\nImplied consent is actually a type of a waiver of documentation of informed consent. Before granting such a waiver, the IRB may require the researcher to provide the participants with a written summary or an information sheet about the research, including: (1) purpose of research; (2) time involved; (3) assessment of minimal risk; (4) statement regarding benefit to participants; (5) contact for questions about the research; and (6) contact for questions about rights as a research participant.\nThere are a number of instances where this type of consent is helpful. For example, you wish to mail out a survey. The survey does not ask for any identifiable information. The cover letter accompanying the survey could be written in such a manner as to serve as the \"implied\" informed consent form. The letter would need to contain a statement indicating that completion and return of the survey implies consent to participate in the research.\nHow is the consent process handled for internet-based research?\nFor internet-based surveys, it is sometimes appropriate to use implied informed consent. Participants would still need to be presented with the consent information, but would be informed that their consent is implied by submitting the completed survey.\nIf, for study design purposes, the researcher needs to keep track of who participated or if the IRB determines that some sort of documented consent is required, instead of \"signed\" informed consent, the researcher may email the consent form to participants who may then type their name and the date into the spaces provided on the consent form, and return it to the researcher via email. This process may be appropriate for data collected via email, chat rooms, online interviews, etc. Alternatively, some Internet-based survey vendors and/or software packages provide a means to record whether a respondent has consented to participate before beginning a survey (e.g., a date/time stamp feature).\nWhat are the consent requirements for phone-based research?\nFor protocols involving oral consent the following information is required to be communicated to the participant:\nStudy purpose and procedures involved\nWhat will participant be asked to do - as well as the amount of time participant will spend\nThe voluntary nature of participation in the study\nThe participant is free to withdraw at any time\nThe information collected will remain confidential\nOffer the participant contact information for the researcher and/or the IRB\nIt may be pertinent to request the PI to offer additional information depending on the nature of the study. It is up to the IRB Administrator to suggest additional information to be included in order to further protect the participant.\nAre there any sample consent forms or consent form templates available for review?\nReview theForms and Templates pagefor informed consent form templates and guidance. (/forms/irb-consent-form-templates)\n\nTraining-Related Topics\nWhat are the IRB requirements for training?\nAt Cornell University, all investigators and research staff much successfully complete the CITI Program for training in the ethical conduct of research with human participants and update it at least once every five years.\nAdditionally, investigators and research staff must be qualified by training and experience for the research they will be conducting. It is important to understand that the responsibility for the welfare of participants lies with the principal investigator, even when participants have given consent. Investigators and research staff must have the necessary training and expertise to:\nEnsure the rights, welfare and safety of participants are protected\nComply with regulations concerning IRB review and approval, includingInformed consent requirementsReporting requirementsMaintenance and retention of records (keep complete files during and 5 years after research ends)\nInformed consent requirements\nReporting requirements\nMaintenance and retention of records (keep complete files during and 5 years after research ends)\nSupervise research conduct\nApply relevant professional standards that are applicable to the research\nWho is required to complete the IRB human participants training?\nAll faculty, students, and staff proposing to use human participants in research under the auspices of Cornell University are required to complete the IRB human participants training. Approvals for including human participants in proposed research projects will not be granted until this training has been completed and verified by IRB staff. For additional information on this topic, please seeSOP 3. (/policies/irb-policy-3-expedited-and-full-board-reviews-initial-amendment-and-continuing, /sites/default/files/2019-05/SOP%203%20-%20Initial%20and%20Continuing%20IRB%20Review%20Procedures.pdf)\nHow can I take the required training?\nYou can access thehuman participant training online. The IRB may accept alternate training in lieu of the CITI training if the researcher can produce documentation related to the training course/s, the institution offering the training, the date of completion and the score received. Such documentation should accompany the proposal submission or be sent to the IRB office upon request. (/training/citi-online-courses-cornell-researchers-coi-irb-rcr-export-control)\nDoes the IRB Office provide any other training for investigators about the IRB?\nYes. The Institutional Review Board office staff strives to provide information and assistance to investigators and research staff in several ways. The IRB may hold formal seminars to help educate the research community about different IRB and human research topics. Arrangements can also be made to have IRB staff present informational sessions for small groups, which can be tailored for the needs of a specific group.\n\nLifecycle of the Project\nWhen should a modification (amendment) to an approved research study be submitted?\nAny changes to a project that has received IRB approval or exemption must be reviewed and approved before the changes are implemented. Most amendment requests must be submitted throughRASS-IRB; however, forprotocols that received an exemption determinationprior to the implementation of RASS-IRB(which went live on Feb. 1, 2022), amendments can continue to be submitted by sending an email to irbhp@cornell.edu, identifying the protocol (protocol number, title, PI), describing the proposed changes, and attaching any documents that need to be changed, such as consent forms. (https://rass.cornell.edu/irb)\nDo I need to obtain continued approval (renewal) for my research study?\nAnnual continuing review (renewal) is generally required for protocols that received Full Board (Convened Committee) initial review. In some cases, an annual continuing review may also be required for protocols that received Expedited review (e.g., upon a sponsor's request).\nAs a courtesy, several weeks in advance of the expiration date for protocols in need of continuing review, the IRB office will email the PI and any faculty advisor reminding them of the impending expiration. A request for continuing reviewmust be submitted to the IRB viaRASS-IRBa minimum of 4 weeks prior to the expiration date. If the protocol is not granted continuing approval before expiration, all research on the study must cease until continuing approval is granted. (https://rass.cornell.edu/irb)\nInstitutional Review Board for Human Participant Research (IRB) Office (/offices/IRB)\nAbout the IRB Committee (/resources/about-irb-committee)\nThe Life Cycle of an IRB Protocol (/resources/life-cycle-irb-protocol)\nIRB Announcements & Newsletters (/resources/irb-announcements-newsletters)\nResearch with Human Participants (/compliance/human-research)\nIRB Informed Consent (/resources/irb-informed-consent)\nIRB Training (/resources/irb-training)\nIRB Considerations: Human Participant Data, Data Sets and Internet Research (/resources/human-participant-data)\nIRB Biomedical Research (/resources/irb-biomedical-research)\nIRB Considerations for International Research (/resources/irb-considerations-international-research)\nIRB Considerations for Clinical Trials (/resources/irb-considerations-clinical-trials)\nQuick Reference\nRates (/rates)\nForms (/forms)\nPolicies (/policies)\nContacts (/contacts)\nTraining (/training)\nEvents (/events)\nNews & Announcements (/news)\n\u00a9 2019 Cornell University\nWeb Accessibility Help (mailto:rais-help@cornell.edu?subject=researchservices.cornell.edu%20site)"
}