{
    "URL location": "https://researchservices.cornell.edu/resources/life-cycle-irb-protocol",
    "Last modification date": "2024-09-06T13:50Z",
    "Change frequency": "yearly",
    "Priority": "0.5",
    "Scraped Text": "Find guidance on funding and agency updates during the federal government transition(updated 3/19/2025) (/federal-transition)\nEssential ToolsFind My GCORASSExternalInstitutional Profile & DUNSIACUC applications (Cayuse Animal Management)Find Your Next Funding OpportunityIBC Applications (RASS-IBC)Research Development (ReD) ServicesIRB Applications (RASS-IRB)ExternalRates and budgetsReport external interests (RASS-COI)Join List ServsRASS Access Request FormAsk EHSExternalWeb Financials (WebFin2)ExternalCornell Data ServicesExternalPI DashboardExternalTravel RegistryExternalResearch Financials (formerly RA Dashboard)ExternalInternational research activitiesExternalRegister for Federal and Non-Federal SystemsDisclose Foreign Collaborations and SupportResearch metrics & executive dashboardsTraining (/about/essential-tools, /gco, http://guide.rass.cornell.edu/, /resources/institutional-profile-duns-and-uei-numbers, /resources/submit-new-iacuc-protocol, /proposal/Find-Your-Next-Funding-Opportunity, /resources/ibc-application-submission-review-and-approval, /research-development, https://rass.cornell.edu/irb, /proposal/budget, /compliance/conflict-of-interest, /resources/research-mailing-lists-list-servs, /resources/get-access-financial-sponsored-projects-data, https://tdx.cornell.edu/TDClient/42/Portal/Requests/TicketRequests/NewForm?ID=q5sab44D6GI_, http://webfin2.cornell.edu/, https://data.research.cornell.edu/, https://pidash.cornell.edu, https://travelregistry.cornell.edu/, http://radash.cornell.edu/, https://navigate.cornell.edu, /resources/register-federal-and-non-federal-systems, /proposal/disclose-foreign-collaborations-and-support, /resources/research-metrics, /training)\nFind My GCO (/gco)\nRASSExternal (http://guide.rass.cornell.edu/)\nInstitutional Profile & DUNS (/resources/institutional-profile-duns-and-uei-numbers)\nIACUC applications (Cayuse Animal Management) (/resources/submit-new-iacuc-protocol)\nFind Your Next Funding Opportunity (/proposal/Find-Your-Next-Funding-Opportunity)\nIBC Applications (RASS-IBC) (/resources/ibc-application-submission-review-and-approval)\nResearch Development (ReD) Services (/research-development)\nIRB Applications (RASS-IRB)External (https://rass.cornell.edu/irb)\nRates and budgets (/proposal/budget)\nReport external interests (RASS-COI) (/compliance/conflict-of-interest)\nJoin List Servs (/resources/research-mailing-lists-list-servs)\nRASS Access Request Form (/resources/get-access-financial-sponsored-projects-data)\nAsk EHSExternal (https://tdx.cornell.edu/TDClient/42/Portal/Requests/TicketRequests/NewForm?ID=q5sab44D6GI_)\nWeb Financials (WebFin2)External (http://webfin2.cornell.edu/)\nCornell Data ServicesExternal (https://data.research.cornell.edu/)\nPI DashboardExternal (https://pidash.cornell.edu)\nTravel RegistryExternal (https://travelregistry.cornell.edu/)\nResearch Financials (formerly RA Dashboard)External (http://radash.cornell.edu/)\nInternational research activitiesExternal (https://navigate.cornell.edu)\nRegister for Federal and Non-Federal Systems (/resources/register-federal-and-non-federal-systems)\nDisclose Foreign Collaborations and Support (/proposal/disclose-foreign-collaborations-and-support)\nResearch metrics & executive dashboards (/resources/research-metrics)\nTraining (/training)\nSearch (/search)\nThe Life Cycle of an IRB Protocol\nThis resource is intended to guide Cornell researchers through the process of submitting, modifying, and closing a human participant research project that requires Institutional Review Board (IRB) oversight. It is addressed to Principal Investigators (PIs) but can provide guidance for anybody involved in the human participant research process.\nWhile specific websites and resources will be linked where appropriate, a few central resources are:\nirbhp@cornell.edu\u2013 the e-mail address for the Institutional Review Board team. (mailto:irbhp@cornell.edu)\nMicrosoft Bookings\u2013 the page to make an appointment with IRB Administrators or RASS-IRB support. (https://outlook.office365.com/owa/calendar/RASSIRBTraining@cornellprod.onmicrosoft.com/bookings/)\nRASS-IRB\u2013 the protocol management system used for all Cornell University IRB protocols. (https://rass.cornell.edu/irb)\nRASS Guides Site\u2013 a website containing walk-throughs for many essential processes in the protocol life cycle process. (https://guide.rass.cornell.edu/institutional-review-board-for-human-participant-research)\nIRB Guidance and Policies\u2013 a page on the IRB website listing all guidance and policies regarding human participant research projects at Cornell University. (https://researchservices.cornell.edu/resources/irb-guidance-and-resources)\nStep 1: Determine whether or not your project requires a submission to the IRB.\nNot every project involving human information or biospecimens needs IRB oversight - the IRB only has oversight over activities that meet the regulatory definition of \u2018human subjects research.\u2019 Thisguidance documentis a decision tree that leads you through the many factors that determine whether or not a particular activity requires IRB review - but if you have any questions about it, or if you would like to confirm the decision, you can reach out to our office atirbhp@cornell.eduor make an appointment to meet with an IRB Administrator. For a more detailed overview of this topic, you can read throughPolicy 1. (https://www.hhs.gov/ohrp/regulations-and-policy/regulations/45-cfr-46/revised-common-rule-regulatory-text/index.html#46.102, https://researchservices.cornell.edu/sites/default/files/2019-05/IRB%20Decision%20Tree.pdf, mailto:irbhp@cornell.edu, /policies/irb-policy-1-determining-whether-research-activity-needs-irb-review-and-approval)\nStep 2: Prepare your protocol.\nIf you have determined that your project meets the definition of human subjects research, you should prepare the materials needed for your IRB protocol. These materials are dependent on your research protocol, but we will be looking for:\nThe full text of anydata collection instruments(ex. surveys, interview questions, stimuli, other forms or documents utilized with human participants) included in your research. You can make changes to these documents after the protocol is approved, but will need to submit an amendment and have it approved before any changes can be instituted in your protocol.\nInformed consentforms (We havetemplatesavailable.) (/forms/irb-consent-form-templates)\nRecruitment materials(How will participants be finding out about your research? We will want to see any posters/e-mails/social media posts that you will be using to advertise your study. For more information about what information is required in recruitment materials, you can look atPolicy 9.) (/policies/irb-policy-9-recruitment-and-payment-human-research-participants)\nThe human subject research ethicstraining recordsof everybody on your research team, including yourself. (People with Cornell NetIDs who have taken a Cornell IRB course through the online CITI Program will have their training automatically synched with the RASS-IRB system. Otherwise, you should upload the Training Completion Reports to the protocol. For more information about our training requirements, please visit theIRB Trainingpage.) (/resources/irb-training)\nAnything else providinginsight into the participant experience(ex. standard operating procedures for biological specimen collection, debriefing scripts if you are using deception, letters of permission or approval from a hosting institution, etc.)\nYou should upload documents to the relevant sections on your protocol in RASS-IRB, and only need to add documents that are relevant to your research. (For instance, if your project only involves a survey, you would not need to provide a standard operating procedure for the collection of specimens.)\nIf you are a student, you should also ensure that you have a faculty member ready to serve as your advisor for this project. The duties of the faculty advisor are to provide a student PI with guidance on human participant research topics and take responsibility for overseeing the compliance with IRB policies and procedures. The faculty advisor does not need to be involved in the actual conduct of the research; however, they should offer some oversight or guidance. You should discuss this project with any potential faculty advisors to make sure they are willing to take on these responsibilities.\nStep 3: Submit a protocol through RASS-IRB.\nThe Cornell IRB only accepts new protocol applications through theRASS-IRB portal. We have aRASS Guides websitecontaining a multitude of detailed walk-throughs for any number of processes, includingthis guidance documentexplaining how to submit a new application. (https://rass.cornell.edu/irb, https://guide.rass.cornell.edu/, https://guide.rass.cornell.edu/institutional-review-board-for-human-participant-research/create-an-irb-protocol/)\nWhile you are entering information about your protocol into the system, it will automatically assign your protocol a review level based off of regulatory definitions. These levels are: Exempt (subject to administrative review), Expedited (reviewed by a single designated committee member rather than the entire committee) and Full Board (also called \u201cConvened Committee,\u201d reviewed by the entire IRB Committee).\nAs part of this process, all members of your research team (except for students) will be required to complete aConflict of Interest Project-Specific Disclosure. Additionally, the PI \u2013 and the Faculty Advisor, if there is one \u2013 are required to attest that they are willing to take on the responsibilities associated with those roles. These are considered \u2018pre-approval requirements\u2019 and you can check on their status in the Requirements table at the bottom of your protocol. If you are required to provide an attestation, you will receive an email notification, as well as a task on your\"My Tasks\" listin RASS. (/news/conflict-interest-system-launch-plan, https://rass.cornell.edu/mytasks)\nIf you have any questions that have not been addressed by the RASS Guides site, our team is available to provide assistance. For questions related to technical workings of the RASS site (i.e. login troubles, documents not uploading) you can contact our System Administrator colleagues atrass@research.cornell.edu, or make an appointment for support. For questions related to the content of the protocol (i.e. training documentation, requirements for certain application sections) please reach out to IRB Staff viairbhp@cornell.edu, or make an appointment with an IRB Administrator. (mailto:rass@research.cornell.edu, mailto:irbhp@cornell.edu)\nThe earlier you submit your protocol, the better. If you are under a tight timeline, please let the IRB staff know as soon as possible. Please be aware, though, that the IRB office is small and very busy. Each Administrator manages the review of 30-40 protocol submissions each month, on average. Protocols are usually reviewed first come, first served, so prioritizing your protocol over someone else\u2019s will be done at the discretion of the staff.\nStep 4: IRB Administrators/Members will review, make comments, ask questions.\nDuring this step, the IRB Administrators will be reviewing your protocol to ensure that the research you are conducting is compliant with human participant research regulations and protections. An IRB Member may also review your protocol at this point, depending on the review level.\nThe timeline by which you should expect comments to be returned varies based on the review level, the completeness of your initial application, the complexity of the research, and the workload of the IRB Administrator assigned to review your protocol. Our goal is to complete initial review and return a protocol with feedbackwithin two to three weeks of attestation. If it has been longer than this time period for your protocol and you have not heard from an IRB Administrator or received the protocol back, please feel free to reach out toirbhp@cornell.edufor any updates. (mailto:irbhp@cornell.edu)\nPlease note that Administrators cannot begin reviewing protocols while there is an attestation pending from the PI or Faculty Advisor.\nWhile your protocol is under review, you cannot edit it. If during this period you need to make a change to the protocol, please write in toirbhp@cornell.edu, and we can return the protocol to you for you to make changes and re-submit. (mailto:irbhp@cornell.edu)\nStep 5: You take feedback into account, reviewing and responding to comments.\nWhen the initial review is complete, the IRB Administrator will return the protocol with any feedback. You will receive an e-mail when this occurs, and will be able to access and edit the protocol again. We have aRASS Guides documentthat explains how to view and address any questions or requests for changes. If you need clarification about any of these comments, you can write in toirbhp@cornell.eduor make an appointment to meet with the IRB Administrator to discuss. (https://guide.rass.cornell.edu/institutional-review-board-for-human-participant-research/address-feedback-from-irb-review/, mailto:irbhp@cornell.edu)\nOnce you have made the requested edits, you re-submit the protocol so that the Administrator can re-review. Typically, this re-review process is shorter than the initial review, and our Administrators and reviewers try to get additional feedback or a decision regarding approval back within one to two weeks of this re-submission.\nIf your protocol is receiving Expedited or Full Board review, once the IRB Administrator conducting the initial review is satisfied, they will send it to IRB Committee members, who will also provide feedback and may request additional changes to the protocol. If your protocol is receiving Full Board review, it will be discussed atone of the monthly committee meetings. (/resources/about-irb-committee)\nStep 6: Approval\nExpect Exemption determinations to take 3-4 weeks from start to finish, Expedited approvals 4-6 weeks, and Full Board approvals 4-8 weeks. The more complete your application is from the start, and the quicker you respond to review comments, the faster you will receive your approval.\nWhen the reviewers (the IRB Administrator, the IRB Committee members, or the entire IRB Committee) are satisfied with the protocol, the PI and anyone else with editing permissions on the protocol will be sent a notice that the protocol was approved, or was determined to be exempt (the equivalent of approval for Exempt review).You cannot conduct any human participant research, including recruitment, as part of this project before you have received IRB approval.\nStep 7: Amendments, unanticipated problems, and continuing reviews.\nIf you are changing any of the information that you have told the IRB in your initial protocol \u2013 surveys, procedures, research team personnel, informed consent documents, recruitment, etc. \u2013 you should submit an amendment for the protocol. We have aRASS Guides documentdetailing the steps in RASS to submit an amendment. (https://guide.rass.cornell.edu/institutional-review-board-for-human-participant-research/amend-an-irb-protocol/)\nFor Exempt protocols, you do not need to amend the protocol for changes to the research team, excluding the roles of PI or Faculty advisor. This is the only change to a protocol that does not require an amendment. If you are unsure if your change requires an amendment, you can reach out toirbhp@cornell.edu. (mailto:irbhp@cornell.edu)\nResearchers are required to submit a report if there is an unanticipated/adverse event or a protocol deviation. We have more information regarding IRB policies aroundunanticipated/adverse eventsandinstances of noncompliance(including protocol deviations) in Policies 4 and 5 respectively. You should submit these reports via RASS-IRB, and can utilize these RASS Guides for submittingprotocol deviationandunexpected eventreports. (/policies/irb-policy-4-reporting-unanticipatedadverse-events, /policies/irb-policy-5-managing-noncompliance, https://guide.rass.cornell.edu/institutional-review-board-for-human-participant-research/submit-a-protocol-deviation/, https://guide.rass.cornell.edu/institutional-review-board-for-human-participant-research/submit-an-adverse-event/)\nAdditionally, the IRB is required to review every Full Board protocol annually via the continuing review process. You will receive an e-mail notification about 60 days before your protocol\u2019s expiration date. If you are still enrolling participants, interacting with participants, and/or obtaining and analyzing personally identifiable information, you must submit a continuing review request. Our RASS Guides website contains a\u00a0walk-through forsubmitting a continuing review request. (https://guide.rass.cornell.edu/institutional-review-board-for-human-participant-research/submit-continuing-review/)\nStep 8: Closing the protocol.\nWhen your protocol is complete \u2013 if the study is permanently closed to enrollment, all participants have completed all study-related interventions, the collection and analysis of private identifiable information is complete, and any remaining study activities are limited to analysis of de-identified data only\u2013 you shouldsubmit a closure request for your protocol. You can also close the protocol if you do not plan to complete the study, or if the protocol is continuing under the purview of a different IRB. (https://blogs.cornell.edu/rass/institutional-review-board-for-human-participant-research/submit-a-request-to-close-a-protocol/)\nIf you do not have access to a protocol but need to close it, you can reach out toirbhp@cornell.edufor assistance. (mailto:irbhp@cornell.edu)\nPlease be sure to maintain your human participant research records\u2014including signed and dated consent documents\u2014for at least three years following completion of the study. Records may need to be kept longer per funders\u2019 or other regulators\u2019 requirements. SeeCornell University Policy 4.21, Research Data Retentionfor additional information. (https://www.dfa.cornell.edu/policy/policies/research-data-retention)\nRASS-IRB System (https://rass.cornell.edu/irb)\nAbout the IRB Committee (/resources/about-irb-committee)\nIRB Announcements & Newsletters (/resources/irb-announcements-newsletters)\nResearch with Human Participants (/compliance/human-research)\nIRB Informed Consent (/resources/irb-informed-consent)\nIRB Training (/resources/irb-training)\nIRB Considerations: Human Participant Data, Data Sets and Internet Research (/resources/human-participant-data)\nIRB Biomedical Research (/resources/irb-biomedical-research)\nIRB Considerations for International Research (/resources/irb-considerations-international-research)\nIRB Considerations for Clinical Trials (/resources/irb-considerations-clinical-trials)\nMulti-site and Collaborative IRB Research (/resources/multi-site-and-collaborative-irb-research)\nQuick Reference\nRates (/rates)\nForms (/forms)\nPolicies (/policies)\nContacts (/contacts)\nTraining (/training)\nEvents (/events)\nNews & Announcements (/news)\n\u00a9 2019 Cornell University\nWeb Accessibility Help (mailto:rais-help@cornell.edu?subject=researchservices.cornell.edu%20site)"
}