{
    "URL location": "https://researchservices.cornell.edu/resources/working-nih",
    "Last modification date": "2024-07-05T16:49Z",
    "Change frequency": "yearly",
    "Priority": "0.5",
    "Scraped Text": "Find guidance on funding and agency updates during the federal government transition(updated 3/19/2025) (/federal-transition)\nEssential ToolsFind My GCORASSExternalInstitutional Profile & DUNSIACUC applications (Cayuse Animal Management)Find Your Next Funding OpportunityIBC Applications (RASS-IBC)Research Development (ReD) ServicesIRB Applications (RASS-IRB)ExternalRates and budgetsReport external interests (RASS-COI)Join List ServsRASS Access Request FormAsk EHSExternalWeb Financials (WebFin2)ExternalCornell Data ServicesExternalPI DashboardExternalTravel RegistryExternalResearch Financials (formerly RA Dashboard)ExternalInternational research activitiesExternalRegister for Federal and Non-Federal SystemsDisclose Foreign Collaborations and SupportResearch metrics & executive dashboardsTraining (/about/essential-tools, /gco, http://guide.rass.cornell.edu/, /resources/institutional-profile-duns-and-uei-numbers, /resources/submit-new-iacuc-protocol, /proposal/Find-Your-Next-Funding-Opportunity, /resources/ibc-application-submission-review-and-approval, /research-development, https://rass.cornell.edu/irb, /proposal/budget, /compliance/conflict-of-interest, /resources/research-mailing-lists-list-servs, /resources/get-access-financial-sponsored-projects-data, https://tdx.cornell.edu/TDClient/42/Portal/Requests/TicketRequests/NewForm?ID=q5sab44D6GI_, http://webfin2.cornell.edu/, https://data.research.cornell.edu/, https://pidash.cornell.edu, https://travelregistry.cornell.edu/, http://radash.cornell.edu/, https://navigate.cornell.edu, /resources/register-federal-and-non-federal-systems, /proposal/disclose-foreign-collaborations-and-support, /resources/research-metrics, /training)\nFind My GCO (/gco)\nRASSExternal (http://guide.rass.cornell.edu/)\nInstitutional Profile & DUNS (/resources/institutional-profile-duns-and-uei-numbers)\nIACUC applications (Cayuse Animal Management) (/resources/submit-new-iacuc-protocol)\nFind Your Next Funding Opportunity (/proposal/Find-Your-Next-Funding-Opportunity)\nIBC Applications (RASS-IBC) (/resources/ibc-application-submission-review-and-approval)\nResearch Development (ReD) Services (/research-development)\nIRB Applications (RASS-IRB)External (https://rass.cornell.edu/irb)\nRates and budgets (/proposal/budget)\nReport external interests (RASS-COI) (/compliance/conflict-of-interest)\nJoin List Servs (/resources/research-mailing-lists-list-servs)\nRASS Access Request Form (/resources/get-access-financial-sponsored-projects-data)\nAsk EHSExternal (https://tdx.cornell.edu/TDClient/42/Portal/Requests/TicketRequests/NewForm?ID=q5sab44D6GI_)\nWeb Financials (WebFin2)External (http://webfin2.cornell.edu/)\nCornell Data ServicesExternal (https://data.research.cornell.edu/)\nPI DashboardExternal (https://pidash.cornell.edu)\nTravel RegistryExternal (https://travelregistry.cornell.edu/)\nResearch Financials (formerly RA Dashboard)External (http://radash.cornell.edu/)\nInternational research activitiesExternal (https://navigate.cornell.edu)\nRegister for Federal and Non-Federal Systems (/resources/register-federal-and-non-federal-systems)\nDisclose Foreign Collaborations and Support (/proposal/disclose-foreign-collaborations-and-support)\nResearch metrics & executive dashboards (/resources/research-metrics)\nTraining (/training)\nSearch (/search)\nWorking with NIH\nNIH resources to enhance proposal competitiveness.\nResearch Development (ReD) Team (/research-development)\nWorking with NSF (/resources/working-nsf)\nWorking with DoD (/resources/working-dod)\nGrant Writing Training and Resources (/resources/grant-writing-training-and-resources)\nTheNational Institutes of Health(NIH), part of the Department of Health and Human Services (DHHS), funds basic, translational, and clinical research in fields relevant to human health.\u00a0In addition to research grants, support is also provided for research-related activities, including fellowships and training programs, career development, loan repayment, scientific conferences, and shared resources. (https://www.nih.gov/)\nCongrats to the Cornell FIRST grant team!NIH grant will support strengthening faculty diversity. (https://news.cornell.edu/stories/2021/09/nih-grant-will-support-strengthening-faculty-diversity)\nHelpful resources include:\nAbout Grants Home Page(includes sections on the grants process overview, getting started, application process and more) (https://grants.nih.gov/grants/about_grants.htm)\nNIH Grants YouTube Channel(includes videos on application submission, eRA, NIH Peer review, and more) (https://www.youtube.com/user/nihgrants)\nAll About Grants Podcasts(includes a multitude of topics from Preparing your application through post award activities) (https://grants.nih.gov/news/virtual-learning/podcasts.htm)\nNIH Activity Codes (https://grants.nih.gov/grants/funding/ac_search_results.htm)\nNIH's response to COVID-19 (https://covid19.nih.gov/)\nAdditional Resources\nClick hereto learn more about the SciENcv (Science Experts Network Curriculum Vitae) format used by NIH for grant submissions. For tips and tricks on how to create and manage accounts, be sure to watch ourOSP December Roundtable Zoom presentation! (https://www.ncbi.nlm.nih.gov/sciencv/, https://www.youtube.com/watch?v=SAA4O83mqRE)\nNIH Grants Process: A Brief Walk Through for Beginners\nhttps://grants.nih.gov/learning-center/nih-grants-process-beginners-walk-through-webinar (https://grants.nih.gov/learning-center/nih-grants-process-beginners-walk-through-webinar)\nNIH RePORTER and Matchmaker\nThe Research Portfolio Online Reporting Tools (RePORT) provides access to reports, data, and analyses of NIH research activities, including information on NIH expenditures and the results of NIH-supported research.\nA powerful query interface associated with NIH RePORTER, Matchmaker allows you to identify NIH funded projects that are similar to your supplied abstracts, research bios, or other scientific text.\u00a0Also included is a Program Official tab that identifies program officials associated with your matched projects. From the list of program officials, you are one click away from their contact information and matched projects in their portfolios.\nUsing RePort to Understand Who and What NIH Fundsslide presentation from NIH October 2020 conference. (https://cornell.app.box.com/file/735594809856)\nClick here forNIH RePORTERandNIH MATCHMAKER (https://reporter.nih.gov/, https://projectreporter.nih.gov/reporter_matchmaker.cfm)\nNIH Center for Scientific Review's Early Career Reviewer (ECR) Program\nThe ECR Program aims to help early-career scientists (Assistant Professor level or equivalent)\u00a0become more competitive as grant applicants through first-hand experience with peer review, and to enrich and diversify the Center for Scientific Review's (CSR)\u00a0pool of trained reviewers.\nLearn more about theCSR Early Career Reviewer Program (https://public.csr.nih.gov/ForReviewers/BecomeAReviewer/ECR#)\nNIH Early Stage Investigator (ESI) Eligibility\nNIH defines an Early Stage Investigator (ESI) as a Program Director/Principal Investigator (PD/PI) who has completed their terminal research degree or end of post-graduate clinical training, whichever date is later, within the past 10 years and who has not previously competed successfully as PD/PI for a substantial NIH independent research award.Click here to learn more about NIH ESI Policies. (https://grants.nih.gov/policy/early-stage/index.htm)\nESI Status Has Its Benefits:\nNIH sets funding target ESIs and prioritizes R01 applications with meritorious scores for funding\u00a0 (i.e., attempt to create greater parity in success rates among early-stage and established investigators).\nPeer reviewers look more at potential than advanced track recordWeigh academic and research backgroundExpect new R01 investigators to have fewer preliminary data/publications than more established researchers\nWeigh academic and research background\nExpect new R01 investigators to have fewer preliminary data/publications than more established researchers\nWhen feasible, early-stage investigator applications are not interspersed with those of established investigators at the review meeting\nRigor and Reproducibility Resources\nNIH has provided some useful resources to assist PIs in understanding the new regulations surrounding Rigor and Reproducibility, includingthis helpful infographic explaining which sections of the grant cover which areas of Rigor and Reproducibility, andthis overview of new guidelines as they relate to an R01 submission. (https://grants.nih.gov/grants/RigorandReproducibilityChart508.pdf, https://grants.nih.gov/reproducibility/documents/grant-guideline.pdf)\nAs part of the Responsible Conduct of Research (RCR) education efforts, theOffice of Research Integrity and Assurance (ORIA) has compiled a robust summary of current reference materials, tools and discussion documents, related to Rigor and Reproducibility (R&R). (https://researchservices.cornell.edu/resources/rcr-case-studies-and-discussion-materials)\nResearch Training Grants Resources (T32)\nThe purpose of NIH T32 grants is to enable institutions to recruit individuals selected by them for predoctoral and postdoctoral research training in specified shortage areas. The goal of this program is to prepare qualified predoctoral and/or postdoctoral trainees for careers that have a significant impact on the health-related research needs of the Nation.\nT32 program webpage (https://researchtraining.nih.gov/programs/training-grants/T32)\nCornell\u00a0RCR Templates and Samples (https://researchservices.cornell.edu/resources/nih-training-grant-applications-rcr-templates-and-samples)\nCornell requirements for training for human participant research for trainees on NIH grants (/sites/default/files/2019-06/Human%20Subjects%20training-NIH.pdf)\nNIH Recruitment and Retention Plan to Enhance Diversity (/sites/default/files/2019-06/Recruitment%20Plan%20to%20Enhance%20Diversity-NIH.pdf)\nPlan for Instruction in the Responsible Conduct of Research (/sites/default/files/2019-06/Responsible-conduct-research.pdf)\nT.420 - PHS 398 Research Training Program Plan- Vertebrate Animals (/sites/default/files/2019-06/Vertebrate%20animals%20training-PHS.pdf)\nNIH Minority Health and Health Disparities Strategic Plan 2021-2025\nhttps://nimhd.nih.gov/about/strategic-plan/nih-strategic-plan-directors-foreword.html (https://nimhd.nih.gov/about/strategic-plan/nih-strategic-plan-directors-foreword.html)\nNIH Wide Strategic Plan 2021-2025\nchrome-extension://efaidnbmnnnibpcajpcglclefindmkaj/https://www.nih.gov/sites/default/files/about-nih/strategic-plan-fy2021-2025-508.pdf (https://www.nih.gov/sites/default/files/about-nih/strategic-plan-fy2021-2025-508.pdf)\nNIH Program Project/Center Grants\nProgram Project/Center Grants are large, multi-project efforts that generally include a diverse array of research activities. NIH Institutes and Centers (ICs) issue funding opportunity announcements to indicate their interest in funding this type of program.\u00a0ICs may vary in the way they use activity codes. Look closely at funding opportunity announcements\u00a0to determine which ICs participate and the specifics of eligibility.\nP01 Research Program Project Grants\nSupport for integrated, multi-project research projects involving a number of independent investigators who share knowledge and common resources.\nEach project contributes or is directly related to the common theme of the total research effort, thus forming a system of research activities and projects directed toward a well-defined research program goal.\nP20 Exploratory Grants\nOften used to support planning activities associated with large multi-project program project grants.\nP30 Center Core Grants\nSupport shared resources and facilities for categorical research by a number of investigators from different disciplines who provide a multidisciplinary approach to a joint research effort or from the same discipline who focus on a common research problem.\nThe core grant is integrated with the center's component projects or program projects, though funded independently from them.\nP50 Specialized Centers\nSupport any part of the full range of research and development from very basic to clinical.\nMay involve ancillary supportive activities such as protracted patient care necessary to the primary research or R&D effort.\nThe spectrum of activities comprises a multidisciplinary attack on a specific disease entity or biomedical problem area.\nReceive continuous attention from staff funding IC.\nCenters may serve as regional or national resources for special research purposes.\nU48 Health Promotion and Disease Prevention Research Centers - Cooperative Agreements\nIn cooperation with schools of public health, medicine\u00a0or osteopathy.\nSupport establishment and maintenance of interdisciplinary academic centers focused on health issues or themes of national importance and to promote translation of the results of the school\u2019s research into improved public health practice.\nU54 Specialized Centers - Cooperative Agreements\nSupport any part of the full range of research and development from very basic to clinical.\nMay involve ancillary supportive activities such as protracted patient care necessary to the primary research or R&D effort.\nThe spectrum of activities comprises a multidisciplinary attack on a specific disease entity or biomedical problem area.\nReceive continuous attention from staff funding IC.\nCenters may also serve as regional or national resources for special research purposes, with funding component staff helping to identify appropriate priority needs.\n\n\nIf you intend to apply for a Program Project/Center Grant, please contactResearch Development. (mailto:proposal-adv-osp@cornell.edu)\nPhoto: Chun Han, a Nancy M. and Samuel C. Fleming Assistant Professor in the Department of Molecular Biology and Genetics and the Weill Institute for Cell and Molecular Biology studies the mechanisms of dendrite morphogenesis and neurodegeneration usingDrosophilasensory neurons as a model system.\nResearch Development (ReD) Team (/research-development)\nGrant Writing Resources at Cornell (/resources/grant-writing-resources-cornell)\nDoD Funding for Early Career Faculty (/resources/dod-funding-early-career-faculty)\nNSF Broader Impacts Resources (/resources/nsf-broader-impacts-resources)\nWorking with DoD (/resources/working-dod)\nWorking with NSF (/resources/working-nsf)\nResearch Concierge Service (/research-concierge)\nQuick Reference\nRates (/rates)\nForms (/forms)\nPolicies (/policies)\nContacts (/contacts)\nTraining (/training)\nEvents (/events)\nNews & Announcements (/news)\n\u00a9 2019 Cornell University\nWeb Accessibility Help (mailto:rais-help@cornell.edu?subject=researchservices.cornell.edu%20site)"
}