{
    "URL location": "https://researchservices.cornell.edu/resources/additional-things-consider-when-preparing-proposal",
    "Last modification date": "2020-08-21T20:19Z",
    "Change frequency": "never",
    "Priority": "0.5",
    "Scraped Text": "Find guidance on funding and agency updates during the federal government transition(updated 3/19/2025) (/federal-transition)\nEssential ToolsFind My GCORASSExternalInstitutional Profile & DUNSIACUC applications (Cayuse Animal Management)Find Your Next Funding OpportunityIBC Applications (RASS-IBC)Research Development (ReD) ServicesIRB Applications (RASS-IRB)ExternalRates and budgetsReport external interests (RASS-COI)Join List ServsRASS Access Request FormAsk EHSExternalWeb Financials (WebFin2)ExternalCornell Data ServicesExternalPI DashboardExternalTravel RegistryExternalResearch Financials (formerly RA Dashboard)ExternalInternational research activitiesExternalRegister for Federal and Non-Federal SystemsDisclose Foreign Collaborations and SupportResearch metrics & executive dashboardsTraining (/about/essential-tools, /gco, http://guide.rass.cornell.edu/, /resources/institutional-profile-duns-and-uei-numbers, /resources/submit-new-iacuc-protocol, /proposal/Find-Your-Next-Funding-Opportunity, /resources/ibc-application-submission-review-and-approval, /research-development, https://rass.cornell.edu/irb, /proposal/budget, /compliance/conflict-of-interest, /resources/research-mailing-lists-list-servs, /resources/get-access-financial-sponsored-projects-data, https://tdx.cornell.edu/TDClient/42/Portal/Requests/TicketRequests/NewForm?ID=q5sab44D6GI_, http://webfin2.cornell.edu/, https://data.research.cornell.edu/, https://pidash.cornell.edu, https://travelregistry.cornell.edu/, http://radash.cornell.edu/, https://navigate.cornell.edu, /resources/register-federal-and-non-federal-systems, /proposal/disclose-foreign-collaborations-and-support, /resources/research-metrics, /training)\nFind My GCO (/gco)\nRASSExternal (http://guide.rass.cornell.edu/)\nInstitutional Profile & DUNS (/resources/institutional-profile-duns-and-uei-numbers)\nIACUC applications (Cayuse Animal Management) (/resources/submit-new-iacuc-protocol)\nFind Your Next Funding Opportunity (/proposal/Find-Your-Next-Funding-Opportunity)\nIBC Applications (RASS-IBC) (/resources/ibc-application-submission-review-and-approval)\nResearch Development (ReD) Services (/research-development)\nIRB Applications (RASS-IRB)External (https://rass.cornell.edu/irb)\nRates and budgets (/proposal/budget)\nReport external interests (RASS-COI) (/compliance/conflict-of-interest)\nJoin List Servs (/resources/research-mailing-lists-list-servs)\nRASS Access Request Form (/resources/get-access-financial-sponsored-projects-data)\nAsk EHSExternal (https://tdx.cornell.edu/TDClient/42/Portal/Requests/TicketRequests/NewForm?ID=q5sab44D6GI_)\nWeb Financials (WebFin2)External (http://webfin2.cornell.edu/)\nCornell Data ServicesExternal (https://data.research.cornell.edu/)\nPI DashboardExternal (https://pidash.cornell.edu)\nTravel RegistryExternal (https://travelregistry.cornell.edu/)\nResearch Financials (formerly RA Dashboard)External (http://radash.cornell.edu/)\nInternational research activitiesExternal (https://navigate.cornell.edu)\nRegister for Federal and Non-Federal Systems (/resources/register-federal-and-non-federal-systems)\nDisclose Foreign Collaborations and Support (/proposal/disclose-foreign-collaborations-and-support)\nResearch metrics & executive dashboards (/resources/research-metrics)\nTraining (/training)\nSearch (/search)\nAdditional Things to Consider when Preparing a Proposal\nProposal Development, Review, and Submission (/proposal/develop)\nProposal Preparation and Processing Responsibilities (/resources/proposal-preparation-and-processing-responsibilities)\nAppendix A: Where to Route a Funding Request (/resources/appendix-where-route-funding-request)\nAppendix B: Office Responsible for Post-Award Administration (/resources/appendix-b-office-responsible-post-award-administration)\nThis page is designed to provide faculty and staff from any University unit (except the Weill Medical College) with additional information to assist in the preparation and submission of a sponsored project proposal through Office of Sponsored Programs (OSP)\nPOLICY CONSIDERATIONS\nGeneral policy considerations related to sponsored project activities are outlined inSection 6.2 of the Cornell University Faculty Handbook. The following considerations are those that investigators will frequently encounter when preparing a proposal. YourGrant and Contract Officer (GCO)can provide additional guidance with other questions or concerns that may arise. (http://theuniversityfaculty.cornell.edu/the-new-faculty-handbook/6-policies-and-assistance/6-2-research/, /gco)\nTypes of Proposals\nA proposal is a request for support of sponsored research, instruction, or extension projects, and generally consists of a cover page, brief project summary, technical or narrative section, biographical sketches of the key personnel, and a detailed budget. Common proposal types include:\nSolicited proposals, submitted in response to a specific solicitation issued by a sponsor. Such solicitations, typically called Request for Proposals (RFP), or Request for Quotations (RFQ), are usually specific in their requirements regarding format and technical content, and may stipulate certain award terms and conditions (seeProposal Preparation and Processing Responsibilities). Broad Agency Announcements (BAAs) are not considered formal solicitations. (/resources/proposal-preparation-and-processing-responsibilities)\nUnsolicitedproposals, submitted to a sponsor that has not issued a specific solicitation but is believed by the investigator to have an interest in the subject.\nPreproposals, requested when a sponsor wishes to minimize an applicant's effort in preparing a full proposal. Preproposals are usually in the form of a letter of intent or brief abstract. After the preproposal is reviewed, the sponsor notifies the investigator if a full proposal is warranted.\nContinuation or Non-Competing proposals,confirm the original proposal and funding requirements of a multi-year project for which the sponsor has already provided funding for an initial period (normally one year). Continued support is usually contingent on satisfactory work progress and the availability of funds.\nRenewal or competing proposals, are requests for continued support for an existing project that is about to terminate, and, from the sponsor's viewpoint, generally have the same status as an unsolicited proposal.\nAppropriateness\n\"In 1989 the Cornell Faculty Council of Representatives adopted a resolution endorsing the right of faculty to pursue research of their choosing, as long as that research: is within the guidelines of scholarly quality; is accessible to all interested scholars; and is in compliance with the laws of the land.\" More specifically, only proposals to sponsors whose terms and conditions allow freedom of access and publication are acceptable to Cornell. The University does not permit government classified research, research projects that do not permit the free and open publication, presentation, or discussion of the results, nor the exclusion of hiring foreign nationals.\nConsortiums/Joint/Collaborative Proposals\nProposals for research to be conducted by Cornell and one or more other parties as a joint venture or partnership will occasionally raise questions concerning the legal relationship and liability of each party. When such questions arise OSP will review the arrangement and/or special concerns with University Counsel, unless the arrangements are clearly intended to establish a traditional contractor-subcontractor, consortium, or joint study relationship.\nA consortium arrangement exists when two or more organizations agree to participate in a collaborative project. It is not necessary for a consortium to be a formal or legal agreement. One participant will be designated as the lead institution at the time of proposal submission and accepts full funding and responsibility from the sponsor. Subcontracts are then used to transfer part of the work and appropriate funds to the other participant(s). All conditions imposed by the sponsor on Cornell are also imposed on the subcontractor(s).\nWhen Cornell is the lead institution OSP requires a statement from each participating organization that includes a full cost budget and work scope, and is signed by an authorized representative.Your GCOcan provide you with further details. (/gco)\nConsultants\nConsultants and subcontractors are independent contractors and not employees or agents of the University. Special review and approval procedures are required if a project anticipates using consultants. Designation of independent contractor status is governed by the Internal Revenue's Code of Common Law. Cornell may be subjected to significant institutional tax penalties should the individual be incorrectly classified as an independent contractor. In addition, contracting with an independent contractor may expose the University to significant financial risk if the consultant has limited net worth or inadequate insurance coverage.\nA consultant should not be confused with a subcontractor. Both are different in their activity and relationship to the Statement of Work (SOW). A consultant guides, aides, or provides other technical or professional service to the principal investigator. While a consultant may impact the results of the SOW, they do not conduct work resulting in the satisfaction of a portion of the SOW. A subcontractor conducts a part of the SOW and is responsible for the outcome of that work.\nQuestions concerning the use or status of an independent contractor should be directed toyour GCOwell in advance of the proposal deadline. (/gco)\nMore information on Consultants and Subcontractors can be found in theBudget and Costing Guide. (/resources/overview-costs-project-budgets-budget-and-costing-guide)\nContracts\nAt the time of proposal submission a sponsor will often require an indication of what terms and conditions will be acceptable to Cornell in the event of an award. Exceptions to a sponsor's terms and conditions are addressed by the GCO in a transmittal letter. For commercial sponsors OSP will often include a copy of the standard Cornell agreement. Investigators who are aware of special sponsor requirements should discuss them with their GCO well in advance of the proposal deadline.\nCornell will normally only enter into agreements that adhere to the following principles: the research is conducted on a best efforts basis without guarantee of success and without financial risk or liability to the University; costs are fully reimbursed unless cost-sharing has been approved; and, there are no restrictions on the dissemination of the research results except: 1) those that relate to the protection of a sponsor's proprietary information; 2) the rights of privacy of individuals; or 3) establishing rights in patentable inventions and other intellectual property.\nIntellectual Property\nIntellectual property is addressed in the terms and conditions negotiated by OSP when accepting an award. For most awards Cornell will retain ownership of intellectual property developed on sponsored projects in order to avoid conflicting commitments to various sponsors. In the case of patents, policy requires the University to retain ownership unless a special waiver is approved by the Vice Provost for Research. Sponsor rights are protected through appropriate licensing arrangements.\nAs with patents, Cornell prefers to retain ownership of copyrights. In some instances Cornell will allow the sponsor to own the copyright on deliverable reports, while retaining the right of use for University purposes.\nContactCornell's Center for Technology Licensingfor more information. Additional information can be foundHERE. (/offices/ctl, /commercialize)\nPrincipal Investigator (PI) Responsibility\nThe principal investigator or project director is responsible for the conduct of the research or other activity being supported by a sponsored project. Responsibility includes the technical direction of the work and other contractual obligations such as reporting, proper cost assignment, and supervision of project personnel and subcontractors. Additional information can be found on theProposal Preparation and Processing Responsibilitiespage. (/resources/proposal-preparation-and-processing-responsibilities)\nInformation on who can serve as a PI can be foundHERE. (/policies/pi-eligibility)\nProposal Components\nFormat and Content\nSponsors frequently revise proposal guidelines and other requirements (e.g., page limits, font sizes, margins, number of copies). Guidelines can vary not only among sponsors, but also among programs within an agency. Questions concerning proposal requirements that are not addressed in the sponsor's guidelines can usually be answered by the appropriate GCO inCALS,CVM, orOSP. In general, both government and non-government sponsors require the following: (/offices/cals-office-sponsored-research, /offices/cvm-cro, /gco)\nCover or title page:This should include the title of the proposed project, name(s) and title(s) of the principal investigator and co-investigators (if any), proposed project period, dollar amount, sponsor, the date, and any required College or department signatures. As the legal entity submitting the proposal on behalf of the investigator, Cornell University, with OSP's address, should be used for the institutional address.\nIntroduction:A brief description of the proposed project's objectives, any direct or closely related work which may be in progress, and any other pertinent background information as required by the sponsor.\nTable of contentsor index with page references.\nDetailed program description, including an explanation of the objectives in clear and concise terms, and a description of the procedures to be followed in carrying out the objectives.\nDescription ofcurrent facilities and equipment, and the percentage of time they will be available for the proposed project.\nList of personnel:Include the names and titles of all professional personnel. Since named personnel might be used within key personnel clauses in an agreement, nonprofessional personnel should be listed by title or function only.\nCurriculum vit\u00e6of key personnel: Include only professional and academic essentials and avoid personal background information.\nList of principal investigator'spublications: Include only those that are relevant or significant to the proposed project. The list should not include items such as publications being printed, or invited lectures.\nBudget with justificationsand supporting documentation, where appropriate. See the\"Budget and Costing Guide\"for guidance and sample templates found in the appendices. (/resources/overview-costs-project-budgets-budget-and-costing-guide)\nConcurrent submission:When the same proposal is being submitted to other sponsors a statement should appear in each proposal indicating that it is a concurrent submission.\nList of key personnel'scurrent or pending supportshould include:the source of support;project title;percent effort;dates of project period;annual costs; andhow this project does not overlap or duplicate projects supported by other funds. The statement \"No overlap\" is considered insufficient by most sponsors.\nthe source of support;\nproject title;\npercent effort;\ndates of project period;\nannual costs; and\nhow this project does not overlap or duplicate projects supported by other funds. The statement \"No overlap\" is considered insufficient by most sponsors.\nIf required, includeletters of collaboration, subcontractor proposals, and other supporting documentation.\nSpecial requests or justifications:These could include: a change of principal investigator on renewal or continuation proposals, use of unexpended funds from a prior budget period, or the temporary absence of the principal investigator.\nCertifications and representationsand other forms that may be required. These should be prepared by the department for signature by OSP.\n\nUnexpended Funds\nFor continuation or renewal proposals most sponsors require an estimate of unexpended funds and reserve the right to approve the use of those funds for future budget periods. This should be discussed with your GCO well in advance of a resubmission to determine whether a carry forward request or a no-cost extension is more appropriate.\nProposal Development, Review, and Submission (/proposal/develop)\nRegister for Federal and Non-Federal Systems (/resources/register-federal-and-non-federal-systems)\nPre-Award Research Operations (PRO) (/resources/pro-research-operations)\nFind My GCO (Grant & Contract Officer) (/gco)\nSample Proposal Library (/resources/sample-proposal-library)\nProposal Review Guidelines (/resources/proposal-review-guidelines)\nLimited Submissions Funding Opportunities (/resources/limited-submissions-funding-opportunities)\nPI Eligibility (/policies/pi-eligibility)\nInstitutional Profile, DUNS, and UEI Numbers (/resources/institutional-profile-duns-and-uei-numbers)\nRASS (Form 10 is Phased Out) (/forms/rass-form-10-phased-out)\nNFA (Non-Financial Agreements) (/forms/nfa-non-financial-agreements)\nQuick Reference\nRates (/rates)\nForms (/forms)\nPolicies (/policies)\nContacts (/contacts)\nTraining (/training)\nEvents (/events)\nNews & Announcements (/news)\n\u00a9 2019 Cornell University\nWeb Accessibility Help (mailto:rais-help@cornell.edu?subject=researchservices.cornell.edu%20site)"
}