{
    "URL location": "https://researchservices.cornell.edu/resources/biomedical-equipment-and-testing-rapid-response-betrr",
    "Last modification date": "2020-06-25T01:14Z",
    "Change frequency": "never",
    "Priority": "0.5",
    "Scraped Text": "Find guidance on funding and agency updates during the federal government transition(updated 3/19/2025) (/federal-transition)\nEssential ToolsFind My GCORASSExternalInstitutional Profile & DUNSIACUC applications (Cayuse Animal Management)Find Your Next Funding OpportunityIBC Applications (RASS-IBC)Research Development (ReD) ServicesIRB Applications (RASS-IRB)ExternalRates and budgetsReport external interests (RASS-COI)Join List ServsRASS Access Request FormAsk EHSExternalWeb Financials (WebFin2)ExternalCornell Data ServicesExternalPI DashboardExternalTravel RegistryExternalResearch Financials (formerly RA Dashboard)ExternalInternational research activitiesExternalRegister for Federal and Non-Federal SystemsDisclose Foreign Collaborations and SupportResearch metrics & executive dashboardsTraining (/about/essential-tools, /gco, http://guide.rass.cornell.edu/, /resources/institutional-profile-duns-and-uei-numbers, /resources/submit-new-iacuc-protocol, /proposal/Find-Your-Next-Funding-Opportunity, /resources/ibc-application-submission-review-and-approval, /research-development, https://rass.cornell.edu/irb, /proposal/budget, /compliance/conflict-of-interest, /resources/research-mailing-lists-list-servs, /resources/get-access-financial-sponsored-projects-data, https://tdx.cornell.edu/TDClient/42/Portal/Requests/TicketRequests/NewForm?ID=q5sab44D6GI_, http://webfin2.cornell.edu/, https://data.research.cornell.edu/, https://pidash.cornell.edu, https://travelregistry.cornell.edu/, http://radash.cornell.edu/, https://navigate.cornell.edu, /resources/register-federal-and-non-federal-systems, /proposal/disclose-foreign-collaborations-and-support, /resources/research-metrics, /training)\nFind My GCO (/gco)\nRASSExternal (http://guide.rass.cornell.edu/)\nInstitutional Profile & DUNS (/resources/institutional-profile-duns-and-uei-numbers)\nIACUC applications (Cayuse Animal Management) (/resources/submit-new-iacuc-protocol)\nFind Your Next Funding Opportunity (/proposal/Find-Your-Next-Funding-Opportunity)\nIBC Applications (RASS-IBC) (/resources/ibc-application-submission-review-and-approval)\nResearch Development (ReD) Services (/research-development)\nIRB Applications (RASS-IRB)External (https://rass.cornell.edu/irb)\nRates and budgets (/proposal/budget)\nReport external interests (RASS-COI) (/compliance/conflict-of-interest)\nJoin List Servs (/resources/research-mailing-lists-list-servs)\nRASS Access Request Form (/resources/get-access-financial-sponsored-projects-data)\nAsk EHSExternal (https://tdx.cornell.edu/TDClient/42/Portal/Requests/TicketRequests/NewForm?ID=q5sab44D6GI_)\nWeb Financials (WebFin2)External (http://webfin2.cornell.edu/)\nCornell Data ServicesExternal (https://data.research.cornell.edu/)\nPI DashboardExternal (https://pidash.cornell.edu)\nTravel RegistryExternal (https://travelregistry.cornell.edu/)\nResearch Financials (formerly RA Dashboard)External (http://radash.cornell.edu/)\nInternational research activitiesExternal (https://navigate.cornell.edu)\nRegister for Federal and Non-Federal Systems (/resources/register-federal-and-non-federal-systems)\nDisclose Foreign Collaborations and Support (/proposal/disclose-foreign-collaborations-and-support)\nResearch metrics & executive dashboards (/resources/research-metrics)\nTraining (/training)\nSearch (/search)\nBiomedical Equipment and Testing Rapid Response (BETRR)\nTo identify and act on practical proposals to significantly and rapidly increase the availability of equipment and test kits needed to mitigate the COVID-19 pandemic.\nDo I Need to Submit a BETTR Application?\nApplications \u00a0to conduct \u201cessential\u201d research relating to biomedical equipment or testing are now not required to be submitted\u00a0to the BETRR program in light of the University\u2019s Research Reactivation Plan. However, if you would like to discuss your research idea(s), please contactBETRR. (mailto:Biomedical%20Equipment%20and%20Testing%20Rapid%20Response%20(BETRR)%20(betrr@cornell.edu))\nSee theResearch and Operations Reactivation Committee reportfor details on how to submit your Research Reactivation Plan\u00a0to conduct on-campus research. You are advised to contact your building or facilities manager prior to developing a plan to obtain further instruction and guidance. Some colleges and units have developed special application forms. (https://covid.cornell.edu/_assets/files/20200522-research-reactivation-report.pdf)\nCALS Application Details (https://cals.cornell.edu/covid-19-response/college-communications/application-restarting-research-now-available)\nEngineering Application Details (https://www.engineering.cornell.edu/news/cornell-engineering-coronavirus-resources-and-updates#research)\nWhat are the Priorities?\nThe principal equipment and supplies known to be needed are:\nPersonal Protective Equipment (PPE), especially n95 respirators and surgical masks\nMedical devices, especially ventilators that may save the lives of those critically ill with the virus\nTest kits for identifying the presence of infection in the general population\nOther devices and supplies that are demonstrated to be equally important and equally restricted in availability will also be considered.\nHow BETRR Can Help\nBETRR will facilitate designation of accepted proposals as essential research activities which will open the possibility of using Cornell facilities. BETRR will also assist in expanding funding for proposals that clearly benefit the BETRR purpose by operating at a larger scale.\nScope\nA wide range of proposals will be deemed appropriate, including, but not limited to, proposals related to:\nFacilitate collaborations among private companies, and possibly government agencies, to bring alternative industrial capability into the production processes\nSimplify product designs, manufacturing processes, or quality assurance methods to increase production rates\nRepurpose existing products for BETRR applications\nProposals will be considered from Cornell faculty and staff as well as from companies desiring to make use of Cornell expertise or facilities. Acceptable proposals will provide a concrete action plan to significantly impact the availability of equipment and test kits on an industrial scale in time to help mitigate the current crisis. Possibilities for fast-tracking or waiving any required regulatory approvals will be considered in proposal reviews. Proposals for long term research or involving assumptions that can not be quickly verified will not be accepted.\nIf You Want to Submit to BETTR\nSend a succinct, no more than five pages of 11 point type, application to:betrr@cornell.edu (mailto:betrr@cornell.edu)\nThe application must include:\nProject Title\nPI(s)\nDepartment(s) involved and name of Chair(s)\nExpected start and end date\nDescription of the work proposed and how it will impact the availability of equipment or test kits\nEvidence for likelihood of short-term success\nFunding source\nList of Personnel. For each person:Name, position/titleExpertiseRole on the project (What will they do?)If graduate student, explain relationship of the proposed study to their thesis/dissertation topic\nName, position/title\nExpertise\nRole on the project (What will they do?)\nIf graduate student, explain relationship of the proposed study to their thesis/dissertation topic\nPlans for on-site oversight\nFacilities and Services required\nPlans for restricting community spread of COVID-19 among research staff\nQuick Reference\nRates (/rates)\nForms (/forms)\nPolicies (/policies)\nContacts (/contacts)\nTraining (/training)\nEvents (/events)\nNews & Announcements (/news)\n\u00a9 2019 Cornell University\nWeb Accessibility Help (mailto:rais-help@cornell.edu?subject=researchservices.cornell.edu%20site)"
}