{
    "URL location": "https://researchservices.cornell.edu/policies/announcing-externally-sponsored-awards-guidance-communicators",
    "Last modification date": "2024-03-05T22:49Z",
    "Change frequency": "yearly",
    "Priority": "0.5",
    "Scraped Text": "Find guidance on funding and agency updates during the federal government transition(updated 3/19/2025) (/federal-transition)\nEssential ToolsFind My GCORASSExternalInstitutional Profile & DUNSIACUC applications (Cayuse Animal Management)Find Your Next Funding OpportunityIBC Applications (RASS-IBC)Research Development (ReD) ServicesIRB Applications (RASS-IRB)ExternalRates and budgetsReport external interests (RASS-COI)Join List ServsRASS Access Request FormAsk EHSExternalWeb Financials (WebFin2)ExternalCornell Data ServicesExternalPI DashboardExternalTravel RegistryExternalResearch Financials (formerly RA Dashboard)ExternalInternational research activitiesExternalRegister for Federal and Non-Federal SystemsDisclose Foreign Collaborations and SupportResearch metrics & executive dashboardsTraining (/about/essential-tools, /gco, http://guide.rass.cornell.edu/, /resources/institutional-profile-duns-and-uei-numbers, /resources/submit-new-iacuc-protocol, /proposal/Find-Your-Next-Funding-Opportunity, /resources/ibc-application-submission-review-and-approval, /research-development, https://rass.cornell.edu/irb, /proposal/budget, /compliance/conflict-of-interest, /resources/research-mailing-lists-list-servs, /resources/get-access-financial-sponsored-projects-data, https://tdx.cornell.edu/TDClient/42/Portal/Requests/TicketRequests/NewForm?ID=q5sab44D6GI_, http://webfin2.cornell.edu/, https://data.research.cornell.edu/, https://pidash.cornell.edu, https://travelregistry.cornell.edu/, http://radash.cornell.edu/, https://navigate.cornell.edu, /resources/register-federal-and-non-federal-systems, /proposal/disclose-foreign-collaborations-and-support, /resources/research-metrics, /training)\nFind My GCO (/gco)\nRASSExternal (http://guide.rass.cornell.edu/)\nInstitutional Profile & DUNS (/resources/institutional-profile-duns-and-uei-numbers)\nIACUC applications (Cayuse Animal Management) (/resources/submit-new-iacuc-protocol)\nFind Your Next Funding Opportunity (/proposal/Find-Your-Next-Funding-Opportunity)\nIBC Applications (RASS-IBC) (/resources/ibc-application-submission-review-and-approval)\nResearch Development (ReD) Services (/research-development)\nIRB Applications (RASS-IRB)External (https://rass.cornell.edu/irb)\nRates and budgets (/proposal/budget)\nReport external interests (RASS-COI) (/compliance/conflict-of-interest)\nJoin List Servs (/resources/research-mailing-lists-list-servs)\nRASS Access Request Form (/resources/get-access-financial-sponsored-projects-data)\nAsk EHSExternal (https://tdx.cornell.edu/TDClient/42/Portal/Requests/TicketRequests/NewForm?ID=q5sab44D6GI_)\nWeb Financials (WebFin2)External (http://webfin2.cornell.edu/)\nCornell Data ServicesExternal (https://data.research.cornell.edu/)\nPI DashboardExternal (https://pidash.cornell.edu)\nTravel RegistryExternal (https://travelregistry.cornell.edu/)\nResearch Financials (formerly RA Dashboard)External (http://radash.cornell.edu/)\nInternational research activitiesExternal (https://navigate.cornell.edu)\nRegister for Federal and Non-Federal Systems (/resources/register-federal-and-non-federal-systems)\nDisclose Foreign Collaborations and Support (/proposal/disclose-foreign-collaborations-and-support)\nResearch metrics & executive dashboards (/resources/research-metrics)\nTraining (/training)\nSearch (/search)\nAnnouncing Externally Sponsored Awards: Guidance for Communicators\nAnnouncing Externally Sponsored Awards: Guidance for Researchers (/policies/announcing-externally-sponsored-awards-guidance-researchers)\nCornell\u2019s Office of Sponsored Programs (OSP) reviews and finalizes all sponsored awards on behalf of Cornell. These are also calledresearch awards, in the form of grants or contracts with external sponsors such as federal agencies, foundations, or companies.\nPublic announcements should occur only AFTER the grant or award agreement has been finalized by OSP and is in effect. Exceptions may be made if the sponsor provides written permission to announce the award before OSP finalizes the awardandthe Office of the Vice President for Research & Innovation approves the exception.\nHow long it takes to finalize an award\u00a0varies due to particularities of the award itself and the volume of awards that OSP is processing. Although OSP cannot predict when an award will be finalized, OSP may be able to provide information to help communicators plan and prepare so the public announcement can be ready for publication as soon as the award\u00a0is finalized. Emailosp-help@cornell.edufor assistance. (mailto:osp-help@cornell.edu)\nAward announcementsmust comply with the terms of the grant or award agreement. Emailosp-help@cornell.eduor contact the Grant and Contract Officer (GCO) to learn about any communications restrictions. The Lead PI will be able to provide the name of the GCO. (mailto:osp-help@cornell.edu)\nHow to Check Whether an Award Has Been Finalized\nEvery Cornell staff member with a NetID can determine whether an award has been finalized using the Research Administration Support System (RASS).\nNote: RASS includes awards to faculty who are based on Cornell\u2019s Ithaca, Geneva, and Cornell Tech campuses, as well as faculty at remote campuses such as the Duck Research Laboratory on Long Island and the Shoals Marine Laboratory in New Hampshire. It does not include Weill Cornell Medicine campuses in New York City or Qatar.\nGo torass.cornell.edu. (https://rass.cornell.edu/)\nLog in with your NetID.\nFrom theGrants & Contractsmenu, selectExplore Ithaca Awards. (This includes Ithaca, Geneva, and Cornell Tech campuses.)\nIn thePI/Co-PI field, type the name of a researcher affiliated with the award. Click the name of the PI you're searching for. (The PI/Co-PI is often the easiest way to search for an award, but you can also use project title, OSP #, or any other field.)\nClick the greenSearchbutton.\nA list of awards will appear at the bottom of the page. Find the award you are interested in.\nIfAwardappears in theStagecolumn ANDAward Finalizedappears in theStatuscolumn, the award\u00a0has been finalized.If you see anything in theStatuscolumn other thanAward Finalized, the award\u00a0has not been finalized.IfAward Amendmentappears in theStagecolumn, or if the award you\u2019re looking for does not appear at all, contactresearch@cornell.edufor information about whether the award is ready to be publicly announced. (mailto:research@cornell.edu)\nIf you see anything in theStatuscolumn other thanAward Finalized, the award\u00a0has not been finalized.\nIfAward Amendmentappears in theStagecolumn, or if the award you\u2019re looking for does not appear at all, contactresearch@cornell.edufor information about whether the award is ready to be publicly announced. (mailto:research@cornell.edu)\nOnce the award is finalized, emailosp-help@cornell.eduto ask whether the grant or award agreement restricts communications about the award.Note:\u00a0In some cases, the grant or award agreement may stipulate that the sponsor must be given an opportunity to review the announcement prior to publication. (mailto:osp-help@cornell.edu)\nAnnouncement Review and Approval\nThe Lead PI should always review the announcement prior to publication. To comply with the terms of the award, the sponsor may also need to review the announcement. If you are unsure who needs to review the announcement, emailosp-help@cornell.eduor contact the Grant and Contract Officer (GCO). The Lead PI will be able to provide the name of the GCO or you can find the GCO's name on the Explore Ithaca Awards page. (mailto:osp-help@cornell.edu)\nAnnouncements by Sub-Awardees\nIt is not unusual for a Cornell-led project to include funding for one or more researchers at other institutions (sub-awardees). Sub-awardees are expected to wait until Cornell has had an opportunity to announce the award before they announce the award themselves.\nCornell PIs may ask communicators for assistance in coordinating communications when Cornell-led projects involve sub-awardees.\nIf a Cornell researcher is a sub-awardee on a project led by another organization, contact the lead organization regarding public announcements about the award. You should expect the lead organization to coordinate communications regarding the award.\nAward Negotiation and Finalization (/manage/finalization)\nAnnouncing Externally Sponsored Awards: Guidance for Researchers (/policies/announcing-externally-sponsored-awards-guidance-researchers)\nTransfer an Award from Another Institution (/resources/transfer-award-another-institution)\nQuick Reference\nRates (/rates)\nForms (/forms)\nPolicies (/policies)\nContacts (/contacts)\nTraining (/training)\nEvents (/events)\nNews & Announcements (/news)\n\u00a9 2019 Cornell University\nWeb Accessibility Help (mailto:rais-help@cornell.edu?subject=researchservices.cornell.edu%20site)"
}