{
    "URL location": "https://researchservices.cornell.edu/resources/funding-opportunity-bezos-earth-fund-grand-challenge",
    "Last modification date": "2024-09-24T17:52Z",
    "Change frequency": "yearly",
    "Priority": "0.5",
    "Scraped Text": "Find guidance on funding and agency updates during the federal government transition(updated 3/19/2025) (/federal-transition)\nEssential ToolsFind My GCORASSExternalInstitutional Profile & DUNSIACUC applications (Cayuse Animal Management)Find Your Next Funding OpportunityIBC Applications (RASS-IBC)Research Development (ReD) ServicesIRB Applications (RASS-IRB)ExternalRates and budgetsReport external interests (RASS-COI)Join List ServsRASS Access Request FormAsk EHSExternalWeb Financials (WebFin2)ExternalCornell Data ServicesExternalPI DashboardExternalTravel RegistryExternalResearch Financials (formerly RA Dashboard)ExternalInternational research activitiesExternalRegister for Federal and Non-Federal SystemsDisclose Foreign Collaborations and SupportResearch metrics & executive dashboardsTraining (/about/essential-tools, /gco, http://guide.rass.cornell.edu/, /resources/institutional-profile-duns-and-uei-numbers, /resources/submit-new-iacuc-protocol, /proposal/Find-Your-Next-Funding-Opportunity, /resources/ibc-application-submission-review-and-approval, /research-development, https://rass.cornell.edu/irb, /proposal/budget, /compliance/conflict-of-interest, /resources/research-mailing-lists-list-servs, /resources/get-access-financial-sponsored-projects-data, https://tdx.cornell.edu/TDClient/42/Portal/Requests/TicketRequests/NewForm?ID=q5sab44D6GI_, http://webfin2.cornell.edu/, https://data.research.cornell.edu/, https://pidash.cornell.edu, https://travelregistry.cornell.edu/, http://radash.cornell.edu/, https://navigate.cornell.edu, /resources/register-federal-and-non-federal-systems, /proposal/disclose-foreign-collaborations-and-support, /resources/research-metrics, /training)\nFind My GCO (/gco)\nRASSExternal (http://guide.rass.cornell.edu/)\nInstitutional Profile & DUNS (/resources/institutional-profile-duns-and-uei-numbers)\nIACUC applications (Cayuse Animal Management) (/resources/submit-new-iacuc-protocol)\nFind Your Next Funding Opportunity (/proposal/Find-Your-Next-Funding-Opportunity)\nIBC Applications (RASS-IBC) (/resources/ibc-application-submission-review-and-approval)\nResearch Development (ReD) Services (/research-development)\nIRB Applications (RASS-IRB)External (https://rass.cornell.edu/irb)\nRates and budgets (/proposal/budget)\nReport external interests (RASS-COI) (/compliance/conflict-of-interest)\nJoin List Servs (/resources/research-mailing-lists-list-servs)\nRASS Access Request Form (/resources/get-access-financial-sponsored-projects-data)\nAsk EHSExternal (https://tdx.cornell.edu/TDClient/42/Portal/Requests/TicketRequests/NewForm?ID=q5sab44D6GI_)\nWeb Financials (WebFin2)External (http://webfin2.cornell.edu/)\nCornell Data ServicesExternal (https://data.research.cornell.edu/)\nPI DashboardExternal (https://pidash.cornell.edu)\nTravel RegistryExternal (https://travelregistry.cornell.edu/)\nResearch Financials (formerly RA Dashboard)External (http://radash.cornell.edu/)\nInternational research activitiesExternal (https://navigate.cornell.edu)\nRegister for Federal and Non-Federal Systems (/resources/register-federal-and-non-federal-systems)\nDisclose Foreign Collaborations and Support (/proposal/disclose-foreign-collaborations-and-support)\nResearch metrics & executive dashboards (/resources/research-metrics)\nTraining (/training)\nSearch (/search)\nFunding Opportunity: Bezos Earth Fund Grand Challenge\nPre-Award Research Operations (PRO) (/resources/pro-research-operations)\nDeadline has passed.\nThe Bezos Earth Fund AI for Climate and Nature Grand Challenge will award up to $100 million in grants. The goal is to see how modern AI might help address climate change and nature loss and inspire deeper collaboration between groups on the front line of environmental solutions and leading AI technology providers.\nThe Grand Challenges is seeking transformative ideas that will accelerate efforts to address climate change and nature loss through the use of modern AI focusing on sustainable proteins, power grid optimization, biodiversity conservation and other visional wildcard solutions.\nThe Grand Challenges competition is comprised of three phases. The first phase will award up to 30 seed grants of up to $50,000. Successful applicants will be eligible to submit to Phase 2 (implementation plans). Fifteen implementation grants of up to $2 million will be awarded. Phase 3 details have not yet been released.\nDeadlines for Phase 1 Seed Grants\nNotification of Intent to Submit with Cornell PRO Team\nFriday, July 12 at 5:00 p.m.\nCornell OSP deadline for full review (required)\nTuesday, July 23 at 5:00 p.m.\nSponsor Deadline\nJuly 30, 2024 at 5:59 p.m.\nCornell Requirements Prior to Submission\nCornell requires certain conditions to be met for any researcher who applies to this opportunity. Any Cornell researcher who applies to this opportunity MUST:\nDevelop their proposal with the support of thePRO Team in the Office of Sponsored Programs. This applies to all researchers in all colleges and schools, even those that are not normally supported by the PRO Team.Cornell researchers must register their intent to submit by close of business on Friday, July 12.Submit this form to start. (/resources/pro-research-operations, https://cornell.ca1.qualtrics.com/jfe/form/SV_9KyeTUVtgh8ptfT)\nProposals must be ready for full review by the Cornell Office of Sponsored Programs by Tuesday July 23. This deadline is not flexible.Full proposal review is required. (/resources/proposal-review-guidelines)\nSponsor Requirements\nProposals are submitted via an online form on the competition website. Researchers may not submit proposals without Cornell OSP review and approval (see above for required deadlines).\nProposal submissions require Cornell to agree to theGrand Challenges Agreementwhich includes required terms regarding eligibility, intellectual property rights, and waivers of confidentiality and liability.This agreement must be signed by an AOR, Authorized Organizational Representative.For Cornell, this is a Grant and Contract Officer in the Office of Sponsored Programs. If the proposal includes any contributing entities (for example subaward institutions, collaborators, etc.), the agreement must also be signed by an AOR from those entities. (https://www.aiforclimateandnature.org/grand-challenge-agreement/)\nNote: Researchers are cautioned that information within proposals submitted to this sponsor will not be kept in confidence, according to the sponsor.The Bezos Earth Foundation claims a perpetual non-exclusive royalty-free, sublicensable license to all material included in the proposal.This means that Bezos Earth Fund (BEF) may use any ideas, concepts, innovations, discoveries, designs, formulae, know-how, or developments provided as part of the proposal submission. Researchers should not include any such material that may be protected by copyright or other third-party rights or material that they do not wish to be shared or should not be shared (due to those other prior rights and protections) at BEF\u2019s discretion.\n\nFind Your Next Funding Opportunity (/proposal/Find-Your-Next-Funding-Opportunity)\nUpstate New York Energy Storage Engine (/resources/upstate-new-york-energy-storage-engine)\nCornell Postdoc Parental Leave Support (PD PaLS) Program (/resources/postdoc-parental-leave-pd-pals)\nFoundation Funding (/resources/foundation-funding)\nLimited Submissions Funding Opportunities (/resources/limited-submissions-funding-opportunities)\nRecurring and Prestigious Funding Opportunities (/resources/recurring-and-prestigious-funding-opportunities)\nFaculty Recognition Prizes and Awards (/faculty-awards)\nInternal Funding for Faculty, Postdocs & Students (/resources/internal-funding-faculty-postdocs-students)\nEarly Career Faculty Research Funding (/resources/early-career-funding)\nGrants for Women and Underrepresented Communities (/resources/grants-women-and-underrepresented-communities)\nExternal Funding for Postdoctoral Fellows (/resources/postdoctoral-fellows-funding)\nQuick Reference\nRates (/rates)\nForms (/forms)\nPolicies (/policies)\nContacts (/contacts)\nTraining (/training)\nEvents (/events)\nNews & Announcements (/news)\n\u00a9 2019 Cornell University\nWeb Accessibility Help (mailto:rais-help@cornell.edu?subject=researchservices.cornell.edu%20site)"
}