{
    "URL location": "https://researchservices.cornell.edu/",
    "Last modification date": NaN,
    "Change frequency": "weekly",
    "Priority": "1",
    "Scraped Text": "Find guidance on funding and agency updates during the federal government transition(updated 3/19/2025) (/federal-transition)\nEssential ToolsFind My GCORASSExternalInstitutional Profile & DUNSIACUC applications (Cayuse Animal Management)Find Your Next Funding OpportunityIBC Applications (RASS-IBC)Research Development (ReD) ServicesIRB Applications (RASS-IRB)ExternalRates and budgetsReport external interests (RASS-COI)Join List ServsRASS Access Request FormAsk EHSExternalWeb Financials (WebFin2)ExternalCornell Data ServicesExternalPI DashboardExternalTravel RegistryExternalResearch Financials (formerly RA Dashboard)ExternalInternational research activitiesExternalRegister for Federal and Non-Federal SystemsDisclose Foreign Collaborations and SupportResearch metrics & executive dashboardsTraining (/about/essential-tools, /gco, http://guide.rass.cornell.edu/, /resources/institutional-profile-duns-and-uei-numbers, /resources/submit-new-iacuc-protocol, /proposal/Find-Your-Next-Funding-Opportunity, /resources/ibc-application-submission-review-and-approval, /research-development, https://rass.cornell.edu/irb, /proposal/budget, /compliance/conflict-of-interest, /resources/research-mailing-lists-list-servs, /resources/get-access-financial-sponsored-projects-data, https://tdx.cornell.edu/TDClient/42/Portal/Requests/TicketRequests/NewForm?ID=q5sab44D6GI_, http://webfin2.cornell.edu/, https://data.research.cornell.edu/, https://pidash.cornell.edu, https://travelregistry.cornell.edu/, http://radash.cornell.edu/, https://navigate.cornell.edu, /resources/register-federal-and-non-federal-systems, /proposal/disclose-foreign-collaborations-and-support, /resources/research-metrics, /training)\nFind My GCO (/gco)\nRASSExternal (http://guide.rass.cornell.edu/)\nInstitutional Profile & DUNS (/resources/institutional-profile-duns-and-uei-numbers)\nIACUC applications (Cayuse Animal Management) (/resources/submit-new-iacuc-protocol)\nFind Your Next Funding Opportunity (/proposal/Find-Your-Next-Funding-Opportunity)\nIBC Applications (RASS-IBC) (/resources/ibc-application-submission-review-and-approval)\nResearch Development (ReD) Services (/research-development)\nIRB Applications (RASS-IRB)External (https://rass.cornell.edu/irb)\nRates and budgets (/proposal/budget)\nReport external interests (RASS-COI) (/compliance/conflict-of-interest)\nJoin List Servs (/resources/research-mailing-lists-list-servs)\nRASS Access Request Form (/resources/get-access-financial-sponsored-projects-data)\nAsk EHSExternal (https://tdx.cornell.edu/TDClient/42/Portal/Requests/TicketRequests/NewForm?ID=q5sab44D6GI_)\nWeb Financials (WebFin2)External (http://webfin2.cornell.edu/)\nCornell Data ServicesExternal (https://data.research.cornell.edu/)\nPI DashboardExternal (https://pidash.cornell.edu)\nTravel RegistryExternal (https://travelregistry.cornell.edu/)\nResearch Financials (formerly RA Dashboard)External (http://radash.cornell.edu/)\nInternational research activitiesExternal (https://navigate.cornell.edu)\nRegister for Federal and Non-Federal Systems (/resources/register-federal-and-non-federal-systems)\nDisclose Foreign Collaborations and Support (/proposal/disclose-foreign-collaborations-and-support)\nResearch metrics & executive dashboards (/resources/research-metrics)\nTraining (/training)\nSearch (/search)\nYour Research Starts Here\nPrepare a ProposalResearch Development ServicesSubawards in a ProposalFind Your Next Funding OpportunityDisclose Foreign Collaborations and SupportProposal Development, Review, and SubmissionPlanning for Animals, Human Participants, r/sNA, Hazardous Materials, RadiationBudgets, Costs, and RatesCollaborate with Weill Cornell Medicine (/proposal, /research-development, /proposal/subcontracts, /proposal/Find-Your-Next-Funding-Opportunity, /proposal/disclose-foreign-collaborations-and-support, /proposal/develop, /proposal/live-subjects-and-hazards, /proposal/budget, /process/collaborating-weill-cornell-medicine)\nResearch Development Services (/research-development)\nSubawards in a Proposal (/proposal/subcontracts)\nFind Your Next Funding Opportunity (/proposal/Find-Your-Next-Funding-Opportunity)\nDisclose Foreign Collaborations and Support (/proposal/disclose-foreign-collaborations-and-support)\nProposal Development, Review, and Submission (/proposal/develop)\nPlanning for Animals, Human Participants, r/sNA, Hazardous Materials, Radiation (/proposal/live-subjects-and-hazards)\nBudgets, Costs, and Rates (/proposal/budget)\nCollaborate with Weill Cornell Medicine (/process/collaborating-weill-cornell-medicine)\nManage a ProjectAward Negotiation and FinalizationTravel and International ActivitiesProject FinancesProject ModificationsResearch Project StaffingGet Confidential Info, Data, Equipment, or MaterialsManaging SubawardsAnimals, Human Participants, r/sNA, Hazardous Materials, Radiation (/manage, /manage/finalization, /manage/travel, /manage/finances, /manage/changes-and-deliverables, /manage/staffing, /manage/get-confidential-information-data-equipment-or-materials, /process/managing-subawards, /manage/live-subjects-and-hazards)\nAward Negotiation and Finalization (/manage/finalization)\nTravel and International Activities (/manage/travel)\nProject Finances (/manage/finances)\nProject Modifications (/manage/changes-and-deliverables)\nResearch Project Staffing (/manage/staffing)\nGet Confidential Info, Data, Equipment, or Materials (/manage/get-confidential-information-data-equipment-or-materials)\nManaging Subawards (/process/managing-subawards)\nAnimals, Human Participants, r/sNA, Hazardous Materials, Radiation (/manage/live-subjects-and-hazards)\nClose a ProjectProject Closeout FinancialsProject CloseoutEnd a Project Early (/close-project, /close-project/finances, /close-project/how-to, /close-project/end-project-early)\nProject Closeout Financials (/close-project/finances)\nProject Closeout (/close-project/how-to)\nEnd a Project Early (/close-project/end-project-early)\nCorporate Partnership & InnovationProtecting an Invention, Creation, DiscoveryEntrepreneurial and Startup Company ResourcesGateway to Partnership ProgramEngaging with Industry (/commercialize, /commercialize/protect-ip, /commercialize/resources, /process/gateway-partnership-program, /commercialize/engaging-companies)\nProtecting an Invention, Creation, Discovery (/commercialize/protect-ip)\nEntrepreneurial and Startup Company Resources (/commercialize/resources)\nGateway to Partnership Program (/process/gateway-partnership-program)\nEngaging with Industry (/commercialize/engaging-companies)\nCompliance, Ethics, SafetyResponsible Conduct of Research (RCR)Export ControlsResearch with Human ParticipantsResearch SecurityWork with Live Vertebrate AnimalsResearch SafetyRegulated Biological Materials in ResearchFinancial ManagementConflicts of Interest (/compliance, /compliance/rcr, /export-controls, /compliance/human-research, /research-security, /compliance/live-vertebrate-animal-research, /compliance/research-safety, /compliance/rsna-or-biohazardous-research, /compliance/financial-management, /compliance/conflict-of-interest)\nResponsible Conduct of Research (RCR) (/compliance/rcr)\nExport Controls (/export-controls)\nResearch with Human Participants (/compliance/human-research)\nResearch Security (/research-security)\nWork with Live Vertebrate Animals (/compliance/live-vertebrate-animal-research)\nResearch Safety (/compliance/research-safety)\nRegulated Biological Materials in Research (/compliance/rsna-or-biohazardous-research)\nFinancial Management (/compliance/financial-management)\nConflicts of Interest (/compliance/conflict-of-interest)\nEssential Tools\nFind My GCO (/gco)\nInstitutional Profile & DUNS (/resources/institutional-profile-duns-and-uei-numbers)\nRates and budgets (/proposal/budget)\nJoin List Servs (/resources/research-mailing-lists-list-servs)\nResearch Development (ReD) Services (/research-development)\nFind Your Next Funding Opportunity (/proposal/Find-Your-Next-Funding-Opportunity)\nRegister for Federal and Non-Federal Systems (/resources/register-federal-and-non-federal-systems)\nDisclose Foreign Collaborations and Support (/proposal/disclose-foreign-collaborations-and-support)\nWeb Financials (WebFin2)External (http://webfin2.cornell.edu/)\nPl DashboardExternal (https://pidash.cornell.edu)\nResearch Financials (formerly RA Dashboard)External (http://radash.cornell.edu/)\nRASSExternal (http://guide.rass.cornell.edu/)\nIACUC applications (Cayuse Animal Management System) (/resources/submit-new-iacuc-protocol)\nIBC applications (RASS-IBC) (/resources/ibc-application-submission-review-and-approval)\nIRB Applications (RASS-IRB)External (https://rass.cornell.edu/irb)\nReport external interests (RASS-COI) (/compliance/conflict-of-interest)\nRASS Access Request FormExternal (https://researchservices.cornell.edu/resources/get-access-financial-sponsored-projects-data)\nAskEHSExternal (https://tdx.cornell.edu/TDClient/42/Portal/Requests/TicketRequests/NewForm?ID=q5sab44D6GI_)\nCornell Data ServicesExternal (https://data.research.cornell.edu/)\nTravel RegistryExternal (https://travelregistry.cornell.edu/)\nInternational research activitiesExternal (https://navigate.cornell.edu)\nTraining (/training)\nResearch metrics & executive dashboards (/resources/research-metrics)\nFind My GCO (/gco)\nInstitutional Profile & DUNS (/resources/institutional-profile-duns-and-uei-numbers)\nRates and budgets (/proposal/budget)\nJoin List Servs (/resources/research-mailing-lists-list-servs)\nResearch Development (ReD) Services (/research-development)\nFind Your Next Funding Opportunity (/proposal/Find-Your-Next-Funding-Opportunity)\nRegister for Federal and Non-Federal Systems (/resources/register-federal-and-non-federal-systems)\nDisclose Foreign Collaborations and Support (/proposal/disclose-foreign-collaborations-and-support)\nWeb Financials (WebFin2)External (http://webfin2.cornell.edu/)\nPl DashboardExternal (https://pidash.cornell.edu)\nResearch Financials (formerly RA Dashboard)External (http://radash.cornell.edu/)\nRASSExternal (http://guide.rass.cornell.edu/)\nIACUC applications (Cayuse Animal Management System) (/resources/submit-new-iacuc-protocol)\nIBC applications (RASS-IBC) (/resources/ibc-application-submission-review-and-approval)\nIRB Applications (RASS-IRB)External (https://rass.cornell.edu/irb)\nReport external interests (RASS-COI) (/compliance/conflict-of-interest)\nRASS Access Request FormExternal (https://researchservices.cornell.edu/resources/get-access-financial-sponsored-projects-data)\nAskEHSExternal (https://tdx.cornell.edu/TDClient/42/Portal/Requests/TicketRequests/NewForm?ID=q5sab44D6GI_)\nCornell Data ServicesExternal (https://data.research.cornell.edu/)\nTravel RegistryExternal (https://travelregistry.cornell.edu/)\nInternational research activitiesExternal (https://navigate.cornell.edu)\nTraining (/training)\nResearch metrics & executive dashboards (/resources/research-metrics)\nHow do I...\nWe aim to support you at every step along the way, but let's start with the most commonly asked and important questions.\nFind fundingLimited submissionsRecurring and prestigious funding opportunitiesFaculty recognition prizes & awards (/proposal/Find-Your-Next-Funding-Opportunity, /resources/limited-submissions-funding-opportunities, /resources/recurring-and-prestigious-funding-opportunities, /faculty-awards)\nLimited submissions (/resources/limited-submissions-funding-opportunities)\nRecurring and prestigious funding opportunities (/resources/recurring-and-prestigious-funding-opportunities)\nFaculty recognition prizes & awards (/faculty-awards)\nDevelop a proposal, program, project, grantGet help with large & center grantsGet help with complianceFind sample proposals, templates, and toolsGrant writing resources and workshopsFind NSF Broader Impacts Resources (/proposal, /research-development, /compliance, /resources/sample-proposal-library, /resources/grant-writing-resources-cornell, /resources/nsf-broader-impacts-resources)\nGet help with large & center grants (/research-development)\nGet help with compliance (/compliance)\nFind sample proposals, templates, and tools (/resources/sample-proposal-library)\nGrant writing resources and workshops (/resources/grant-writing-resources-cornell)\nFind NSF Broader Impacts Resources (/resources/nsf-broader-impacts-resources)\nGet help with an MTA, NDA, or DUA (/manage/get-confidential-information-data-equipment-or-materials)\nIdentify My Grant & Contract Officer (/gco)\nPlan for research continuity (/news/research-continuity-during-unexpected-disruptions)\nFind information about policies and complianceAsk about foreign activities and export control issuesDisclose foreign collaborations and support (/compliance, /export-controls, /proposal/disclose-foreign-collaborations-and-support)\nAsk about foreign activities and export control issues (/export-controls)\nDisclose foreign collaborations and support (/proposal/disclose-foreign-collaborations-and-support)\nLearn about research and lab safetyComply with regulated biological materials in research (/compliance/research-safety, /compliance/rsna-or-biohazardous-research)\nComply with regulated biological materials in research (/compliance/rsna-or-biohazardous-research)\nCommercialize an ideaDisclose a discovery or technologyEngage with Industry PartnersGet technology licensing support (/commercialize, /commercialize/protect-ip, /commercialize/engaging-companies, /offices/ctl)\nDisclose a discovery or technology (/commercialize/protect-ip)\nEngage with Industry Partners (/commercialize/engaging-companies)\nGet technology licensing support (/offices/ctl)\nClose out a research project (/close-project)\nNews & Announcements\n2025 Federal Research Policy Updates (/federal-transition)\nFind guidance and resources to navigate new research-specific requirements, regulations, or systems for working with federal sponsors.\u2026\nSignificant NSF Policy Updates, Effective 5/20/2024 (/news/significant-nsf-policy-updates-effective-5202024)\nThe National Science Foundation (NSF) has published revisions to their core policy documents that represent significant changes for NSF\u2026\nUpdated Travel Reimbursement Requirements (/news/updated-travel-reimbursement-requirements)\nAll Cornell-related international travel must be preregistered in theCornell\u2026 (https://travelregistry.cornell.edu/)\nEvents\nUIDP | Partnership Perspectives - Senior Fellow Sharing Series (/events/uidp-partnership-perspectives-senior-fellow-sharing-series)\nUIDP 2025 Annual Meeting Notice (/events/uidp-2025-annual-meeting-notice)\nQuick Reference\nRates (/rates)\nForms (/forms)\nPolicies (/policies)\nContacts (/contacts)\nTraining (/training)\nEvents (/events)\nNews & Announcements (/news)\n\u00a9 2019 Cornell University\nWeb Accessibility Help (mailto:rais-help@cornell.edu?subject=researchservices.cornell.edu%20site)"
}