{
    "URL location": "https://researchservices.cornell.edu/resources/irb-newsletter-fall-2021",
    "Last modification date": "2021-11-17T17:44Z",
    "Change frequency": "never",
    "Priority": "0.5",
    "Scraped Text": "Find guidance on funding and agency updates during the federal government transition(updated 3/19/2025) (/federal-transition)\nEssential ToolsFind My GCORASSExternalInstitutional Profile & DUNSIACUC applications (Cayuse Animal Management)Find Your Next Funding OpportunityIBC Applications (RASS-IBC)Research Development (ReD) ServicesIRB Applications (RASS-IRB)ExternalRates and budgetsReport external interests (RASS-COI)Join List ServsRASS Access Request FormAsk EHSExternalWeb Financials (WebFin2)ExternalCornell Data ServicesExternalPI DashboardExternalTravel RegistryExternalResearch Financials (formerly RA Dashboard)ExternalInternational research activitiesExternalRegister for Federal and Non-Federal SystemsDisclose Foreign Collaborations and SupportResearch metrics & executive dashboardsTraining (/about/essential-tools, /gco, http://guide.rass.cornell.edu/, /resources/institutional-profile-duns-and-uei-numbers, /resources/submit-new-iacuc-protocol, /proposal/Find-Your-Next-Funding-Opportunity, /resources/ibc-application-submission-review-and-approval, /research-development, https://rass.cornell.edu/irb, /proposal/budget, /compliance/conflict-of-interest, /resources/research-mailing-lists-list-servs, /resources/get-access-financial-sponsored-projects-data, https://tdx.cornell.edu/TDClient/42/Portal/Requests/TicketRequests/NewForm?ID=q5sab44D6GI_, http://webfin2.cornell.edu/, https://data.research.cornell.edu/, https://pidash.cornell.edu, https://travelregistry.cornell.edu/, http://radash.cornell.edu/, https://navigate.cornell.edu, /resources/register-federal-and-non-federal-systems, /proposal/disclose-foreign-collaborations-and-support, /resources/research-metrics, /training)\nFind My GCO (/gco)\nRASSExternal (http://guide.rass.cornell.edu/)\nInstitutional Profile & DUNS (/resources/institutional-profile-duns-and-uei-numbers)\nIACUC applications (Cayuse Animal Management) (/resources/submit-new-iacuc-protocol)\nFind Your Next Funding Opportunity (/proposal/Find-Your-Next-Funding-Opportunity)\nIBC Applications (RASS-IBC) (/resources/ibc-application-submission-review-and-approval)\nResearch Development (ReD) Services (/research-development)\nIRB Applications (RASS-IRB)External (https://rass.cornell.edu/irb)\nRates and budgets (/proposal/budget)\nReport external interests (RASS-COI) (/compliance/conflict-of-interest)\nJoin List Servs (/resources/research-mailing-lists-list-servs)\nRASS Access Request Form (/resources/get-access-financial-sponsored-projects-data)\nAsk EHSExternal (https://tdx.cornell.edu/TDClient/42/Portal/Requests/TicketRequests/NewForm?ID=q5sab44D6GI_)\nWeb Financials (WebFin2)External (http://webfin2.cornell.edu/)\nCornell Data ServicesExternal (https://data.research.cornell.edu/)\nPI DashboardExternal (https://pidash.cornell.edu)\nTravel RegistryExternal (https://travelregistry.cornell.edu/)\nResearch Financials (formerly RA Dashboard)External (http://radash.cornell.edu/)\nInternational research activitiesExternal (https://navigate.cornell.edu)\nRegister for Federal and Non-Federal Systems (/resources/register-federal-and-non-federal-systems)\nDisclose Foreign Collaborations and Support (/proposal/disclose-foreign-collaborations-and-support)\nResearch metrics & executive dashboards (/resources/research-metrics)\nTraining (/training)\nSearch (/search)\nIRB Newsletter Fall 2021\nPublished 10/28/2021\nGreetings, Cornell research community! We hope your semester is off to a promising start. As we move further into fall, we want to inform you about some updates regarding in-person human research studies and other things going on in the Cornell IRB world.\nCONTENTS1. Updated IRB guidance on research during the COVID-19 pandemic2. New online IRB system in development3. Tips on submitting a new protocol application\n1. Updated IRB guidance on research during the COVID-19 pandemic\nWe recently updated ourguidance for researchers conducting on-campus human participant research during the COVID-19 pandemic. This guidance is a living document and will continue to be updated periodically as New York State and Cornell University public health restrictions change. We encourage all researchers to review the document, as well as theIRB COVID-19 FAQs webpage. Below are some changes we want to highlight: (/policies/irb-policy-guidance-person-research-during-covid-19-pandemic, /resources/irb-covid-19-faqs)\nResearchers and study participants generally must adhere to the same campus-wide public health requirements as other Cornell community members and visitors to campus. Learn about Cornell\u2019s current face masking and physical distancing requirements on the mainCornell COVID-19 Response website. (https://covid.cornell.edu/)\nIf your human participant research project involves procedures that don't meet the campus public health requirements, then the protocol will need additional review from EHS (Environment, Health and Safety). Please reach out to the IRB team, and we will help facilitate this review.\nAs part of revising IRB guidance for research during the pandemic, theSample Study Participant COVID-19 Information Sheetand theStudy Participant Self-Screening Attestationhave been updated. They can also be found at the bottom of theIRB COVID-19 guidance webpage. (/sites/default/files/2020-07/Cornell%20IRB%20-%20Sample%20Study%20Participant%20COVID-19%20Information%20Sheet.docx, /sites/default/files/2020-07/Cornell%20IRB%20-%20Sample%20Study%20Participant%20COVID-19%20Self-Screening%20Attestation.docx, /policies/irb-policy-guidance-person-research-during-covid-19-pandemic)\n2. New online IRB system in development\nWe are very excited to announce that a new online IRB protocol management system is being developed! It is being built on the same platform as the Sponsored Research system (called theResearch Administration Support System, aka RASS). We anticipate transitioning to the new system in 2022. The new system will help streamline many of the IRB submission and review processes, making it easier to keep track of your protocols and communications with the IRB administrative team, and hopefully shorten review times, as well. (https://rass.cornell.edu)\nThere is still a lot of work to be done prior to launching the new system, and we will be in touch with the research community more often in the coming months. Please keep an eye out for updates. If you are interested in helping us test the new system, please email us atirbhp@cornell.edu. We have also been working hard to clean up the protocol records in our current system in order to prepare to migrate the data to the new system; some of you may have already heard about this project over the summer, when we were emailing investigators about closing older protocols. If you have any other protocol that can be closed*, please emailirbhp@cornell.eduto let us know. The fewer protocols we migrate to the new system, the easier the migration and data validation process will be. Thank you for your support and assistance! (mailto:irbhp@cornell.edu, mailto:irbhp@cornell.edu)\n*IRB Protocols can be closed if they meet the following criteria:1. Any enrollment of participants is permanently closed;2. All participant interventions and interactions are complete, including collection of long-term follow-up data/samples;3. No additional identifiable private information will be obtained; and4. Any analysis of identifiable private information is complete.Note: Once an IRB protocol has been closed, investigators may continue to perform data analysis, manuscript preparation, and publication activities, as long as identifiable information is NOT being accessed. Data and samples\u2014including identifiable private information\u2014may be kept after a protocol has been closed, in accordance with the IRB-approved research plan and informed consent documents. If you plan to use those identifiable data/samples for future research, you must obtain IRB approval prior to beginning the new research project.\n3. Tips on submitting a new protocol application\nWhether you are new to human subjects research or have past experience with the IRB, we hope these tips will help to guide you through the IRB application process:\nThe Forms\u2013 We are currently using a paper-based process, so all application forms are available for download on our website. The forms can be digitally filled out, and then attached in an email sent toirbhp@cornell.edu. You can find thenew protocol application formhere(which should be used for all protocol review types, including those that may be exempt), and theamendment request formhere. (mailto:irbhp@cornell.edu, /forms/irb-new-protocol-application-form, /forms/irb-amendment-form)\nDecision Tree\u2013 When preparing a new project, consult theHuman Subjects Decision Treeto determine whether your project requires any sort of IRB review. This tree is designed to give you better understanding of how Human Research Protection Program staff determine whether projects meet the regulatory definition of human subjects research. As always, check with the IRB team (irbhp@cornell.edu) if you have questions or if you need an official determination. (/sites/default/files/2019-05/IRB%20Decision%20Tree.pdf, mailto:irbhp@cornell.edu)\nReview/Approval Times\u2013 Please expect,at minimum, 2-3 weeks for exempt reviews, 3-4 weeks for expedited reviews, 2-3 weeks for exempt or expedited amendments, and 4-6 weeks for all full board reviews. We are a small team that handles 125 submissions, on average, each month. We appreciate your continued patience.\nTraining\u2013 Have all members of your research team complete the onlinehuman subjects research ethicstraining, ideally prior to submission of your application.Note: while the training is currently not required for exempt research, we always strongly recommend it, regardless of review level. (/resources/irb-training)\nFor students,consult your faculty advisorin designing your study, as well as for review and sign-off on the final IRB protocol application and research materials. You must include your advisor\u2019s signature on the application form, or their attestation via email, when submitting a new protocol, amendment, or request for continuing review.\nConsult theIRB FAQsto inform your study design and materials. Consult theIRB COVID-19 FAQsto inform your research activities during the COVID-19 pandemic. (/resources/irb-faqs, /resources/irb-covid-19-faqs)\nWhat to submit with your IRB application:A completed application form with a clear description of your research and proceduresInformed consent form/script (translations as needed)Research instruments (surveys, questionnaires, interview scripts, SOPs)Recruitment materials (flyers, posters, emails, online messages, verbal scripts)Documentation of approval/support for research being conducted at other locations (e.g., in high schools, at a library, etc.)\nA completed application form with a clear description of your research and procedures\nInformed consent form/script (translations as needed)\nResearch instruments (surveys, questionnaires, interview scripts, SOPs)\nRecruitment materials (flyers, posters, emails, online messages, verbal scripts)\nDocumentation of approval/support for research being conducted at other locations (e.g., in high schools, at a library, etc.)\nAs always, reach out to the IRB Team (irbhp@cornell.edu) if you have any questions or concerns related to the application process or your project. (mailto:irbhp@cornell.edu)\n\n\n\nResearch with Human Participants (/compliance/human-research)\nInstitutional Review Board for Human Participant Research (IRB) Office (/offices/IRB)\nQuick Reference\nRates (/rates)\nForms (/forms)\nPolicies (/policies)\nContacts (/contacts)\nTraining (/training)\nEvents (/events)\nNews & Announcements (/news)\n\u00a9 2019 Cornell University\nWeb Accessibility Help (mailto:rais-help@cornell.edu?subject=researchservices.cornell.edu%20site)"
}