{
    "URL location": "https://researchservices.cornell.edu/events/may-2021-osp-roundtable-changes-nih-biosketch-and-other-support-document-requirements",
    "Last modification date": "2022-10-16T20:07Z",
    "Change frequency": "never",
    "Priority": "0.5",
    "Scraped Text": "Find guidance on funding and agency updates during the federal government transition(updated 3/19/2025) (/federal-transition)\nEssential ToolsFind My GCORASSExternalInstitutional Profile & DUNSIACUC applications (Cayuse Animal Management)Find Your Next Funding OpportunityIBC Applications (RASS-IBC)Research Development (ReD) ServicesIRB Applications (RASS-IRB)ExternalRates and budgetsReport external interests (RASS-COI)Join List ServsRASS Access Request FormAsk EHSExternalWeb Financials (WebFin2)ExternalCornell Data ServicesExternalPI DashboardExternalTravel RegistryExternalResearch Financials (formerly RA Dashboard)ExternalInternational research activitiesExternalRegister for Federal and Non-Federal SystemsDisclose Foreign Collaborations and SupportResearch metrics & executive dashboardsTraining (/about/essential-tools, /gco, http://guide.rass.cornell.edu/, /resources/institutional-profile-duns-and-uei-numbers, /resources/submit-new-iacuc-protocol, /proposal/Find-Your-Next-Funding-Opportunity, /resources/ibc-application-submission-review-and-approval, /research-development, https://rass.cornell.edu/irb, /proposal/budget, /compliance/conflict-of-interest, /resources/research-mailing-lists-list-servs, /resources/get-access-financial-sponsored-projects-data, https://tdx.cornell.edu/TDClient/42/Portal/Requests/TicketRequests/NewForm?ID=q5sab44D6GI_, http://webfin2.cornell.edu/, https://data.research.cornell.edu/, https://pidash.cornell.edu, https://travelregistry.cornell.edu/, http://radash.cornell.edu/, https://navigate.cornell.edu, /resources/register-federal-and-non-federal-systems, /proposal/disclose-foreign-collaborations-and-support, /resources/research-metrics, /training)\nFind My GCO (/gco)\nRASSExternal (http://guide.rass.cornell.edu/)\nInstitutional Profile & DUNS (/resources/institutional-profile-duns-and-uei-numbers)\nIACUC applications (Cayuse Animal Management) (/resources/submit-new-iacuc-protocol)\nFind Your Next Funding Opportunity (/proposal/Find-Your-Next-Funding-Opportunity)\nIBC Applications (RASS-IBC) (/resources/ibc-application-submission-review-and-approval)\nResearch Development (ReD) Services (/research-development)\nIRB Applications (RASS-IRB)External (https://rass.cornell.edu/irb)\nRates and budgets (/proposal/budget)\nReport external interests (RASS-COI) (/compliance/conflict-of-interest)\nJoin List Servs (/resources/research-mailing-lists-list-servs)\nRASS Access Request Form (/resources/get-access-financial-sponsored-projects-data)\nAsk EHSExternal (https://tdx.cornell.edu/TDClient/42/Portal/Requests/TicketRequests/NewForm?ID=q5sab44D6GI_)\nWeb Financials (WebFin2)External (http://webfin2.cornell.edu/)\nCornell Data ServicesExternal (https://data.research.cornell.edu/)\nPI DashboardExternal (https://pidash.cornell.edu)\nTravel RegistryExternal (https://travelregistry.cornell.edu/)\nResearch Financials (formerly RA Dashboard)External (http://radash.cornell.edu/)\nInternational research activitiesExternal (https://navigate.cornell.edu)\nRegister for Federal and Non-Federal Systems (/resources/register-federal-and-non-federal-systems)\nDisclose Foreign Collaborations and Support (/proposal/disclose-foreign-collaborations-and-support)\nResearch metrics & executive dashboards (/resources/research-metrics)\nTraining (/training)\nSearch (/search)\nMay 2021 OSP Roundtable - Changes to NIH Biosketch and Other Support Document Requirements\nMay 2021 OSP Roundtable - Changes to NIH Biosketch and Other Support Document Requirements\nThe National Institutes of Health (NIH) recently published policy notices(NOT-OD-21-073andNOT-OD-21-110) that implement significant changes to required disclosures of foreign collaborations, appointments, and research support. Some of these changes will become effective Tuesday, May 25th for proposal, Just-in-Time (JIT), and Research Project Progress Report (RPPR) submissions, while the use of the updated forms will be required in January 2022. We strongly encourage all NIH-funded faculty and research administrators to attend this session. (https://grants.nih.gov/grants/guide/notice-files/NOT-OD-21-073.html, https://grants.nih.gov/grants/guide/notice-files/NOT-OD-21-110.html)\nPresenters:\nMary-MargaretKlempa,Senior Director - Office of Sponsored Programs and Research Development\nJamie Sprague,Sr. Grant & Contract Officer - Team Lead: Federal Team\n\n\nFeatured\nContact Info: 607-255-5014 (p) | 607-255-5058 (f) |osp-help@cornell.edu (mailto:osp-help@cornell.edu)\nWelcome\nOSP oversees the administration of sponsored programs at Cornell University including sponsored research, instruction,\u00a0and extension. OSP operates through delegation of authority from the University Board of Trustees...\nCornell's Research Development (ReD) Team promotes and facilitates research and innovation across the Ithaca campus, AgriTech, Cornell Tech, and Weill Cornell Medicine. We provide a range of services to help researchers enhance their skills as effective communicators, as grant proposal writers, and...\nQuick Reference\nRates (/rates)\nForms (/forms)\nPolicies (/policies)\nContacts (/contacts)\nTraining (/training)\nEvents (/events)\nNews & Announcements (/news)\n\u00a9 2019 Cornell University\nWeb Accessibility Help (mailto:rais-help@cornell.edu?subject=researchservices.cornell.edu%20site)"
}