{
    "URL location": "https://researchservices.cornell.edu/news/new-nih-forms-h-effective-proposals-due-1252023",
    "Last modification date": "2022-09-15T18:28Z",
    "Change frequency": "never",
    "Priority": "0.5",
    "Scraped Text": "Find guidance on funding and agency updates during the federal government transition(updated 3/19/2025) (/federal-transition)\nEssential ToolsFind My GCORASSExternalInstitutional Profile & DUNSIACUC applications (Cayuse Animal Management)Find Your Next Funding OpportunityIBC Applications (RASS-IBC)Research Development (ReD) ServicesIRB Applications (RASS-IRB)ExternalRates and budgetsReport external interests (RASS-COI)Join List ServsRASS Access Request FormAsk EHSExternalWeb Financials (WebFin2)ExternalCornell Data ServicesExternalPI DashboardExternalTravel RegistryExternalResearch Financials (formerly RA Dashboard)ExternalInternational research activitiesExternalRegister for Federal and Non-Federal SystemsDisclose Foreign Collaborations and SupportResearch metrics & executive dashboardsTraining (/about/essential-tools, /gco, http://guide.rass.cornell.edu/, /resources/institutional-profile-duns-and-uei-numbers, /resources/submit-new-iacuc-protocol, /proposal/Find-Your-Next-Funding-Opportunity, /resources/ibc-application-submission-review-and-approval, /research-development, https://rass.cornell.edu/irb, /proposal/budget, /compliance/conflict-of-interest, /resources/research-mailing-lists-list-servs, /resources/get-access-financial-sponsored-projects-data, https://tdx.cornell.edu/TDClient/42/Portal/Requests/TicketRequests/NewForm?ID=q5sab44D6GI_, http://webfin2.cornell.edu/, https://data.research.cornell.edu/, https://pidash.cornell.edu, https://travelregistry.cornell.edu/, http://radash.cornell.edu/, https://navigate.cornell.edu, /resources/register-federal-and-non-federal-systems, /proposal/disclose-foreign-collaborations-and-support, /resources/research-metrics, /training)\nFind My GCO (/gco)\nRASSExternal (http://guide.rass.cornell.edu/)\nInstitutional Profile & DUNS (/resources/institutional-profile-duns-and-uei-numbers)\nIACUC applications (Cayuse Animal Management) (/resources/submit-new-iacuc-protocol)\nFind Your Next Funding Opportunity (/proposal/Find-Your-Next-Funding-Opportunity)\nIBC Applications (RASS-IBC) (/resources/ibc-application-submission-review-and-approval)\nResearch Development (ReD) Services (/research-development)\nIRB Applications (RASS-IRB)External (https://rass.cornell.edu/irb)\nRates and budgets (/proposal/budget)\nReport external interests (RASS-COI) (/compliance/conflict-of-interest)\nJoin List Servs (/resources/research-mailing-lists-list-servs)\nRASS Access Request Form (/resources/get-access-financial-sponsored-projects-data)\nAsk EHSExternal (https://tdx.cornell.edu/TDClient/42/Portal/Requests/TicketRequests/NewForm?ID=q5sab44D6GI_)\nWeb Financials (WebFin2)External (http://webfin2.cornell.edu/)\nCornell Data ServicesExternal (https://data.research.cornell.edu/)\nPI DashboardExternal (https://pidash.cornell.edu)\nTravel RegistryExternal (https://travelregistry.cornell.edu/)\nResearch Financials (formerly RA Dashboard)External (http://radash.cornell.edu/)\nInternational research activitiesExternal (https://navigate.cornell.edu)\nRegister for Federal and Non-Federal Systems (/resources/register-federal-and-non-federal-systems)\nDisclose Foreign Collaborations and Support (/proposal/disclose-foreign-collaborations-and-support)\nResearch metrics & executive dashboards (/resources/research-metrics)\nTraining (/training)\nSearch (/search)\nNew NIH \"FORMS-H\" Effective for Proposals due 1/25/2023\nWorking with NIH (/resources/working-nih)\nEffective January 25, 2023, all applications submitted to the National Institutes of Health (NIH), the U.S. Food and Drug Administration (FDA), and the Agency for Healthcare Research and Quality (AHRQ) will be required to use grant application forms and application guide instruction \u201cFORMS-H\u201d. The current \u201cFORMS-G\u201d forms and instructions must be utilized for due dates on or before January 24, 2023.\nKey changesto the forms reflect updates to implement NIH\u2019s NIH Data Management and Sharing Policy, seeNIH Policy Notice NOT-OD-22-189for additional details. (https://grants.nih.gov/grants/electronicreceipt/files/high-level-form-change-summary-FORMS-H.pdf, https://grants.nih.gov/grants/guide/notice-files/NOT-OD-22-189.html)\nNIH will publish a FORMS-H application guides (found here) no later than October 25, 2022, and will make the necessary updates to Funding Opportunity Announcements (FOAs) (parent announcements found here)October 25-November 25, 2022. (https://grants.nih.gov/grants/how-to-apply-application-guide.html, https://grants.nih.gov/grants/guide/parent_announcements.htm)\nDuring the transition period, both FORMS-G and FORMS-H application packages will be active simultaneously. Applicants must choose the appropriate application package for their due date when presented with both FORMS-G and FORMS-H application packages on the same FOA (see table below).Applications submitted using the incorrect application package for their due date may be withdrawn and removed from funding consideration.\nIf your intended due date is...\nYou must use...\nOn or before January 24, 2023, including:\nApplications submitted for due dates on or before January 24, 2023\nApplications submitted underNIH Late Policy2-week window of consideration for intended due dates on or before January 24, 2023 (https://grants.nih.gov/grants/how-to-apply-application-guide/due-dates-and-submission-policies/submission-policies.htm#la)\nApplications submitted by February 1, 2023 under NIHContinuous Submission Policyfor the January 7, 2023 AIDS intended due date (https://grants.nih.gov/grants/peer/continuous_submission.htm)\nFORMS-G application package\nOn or after January 25, 2023, including:\nApplications submitted for due dates on or after January 25, 2023\nAll application types (New, Resubmission, Renewal, Revision)\nApplications submitted early for intended due dates on or after January 25, 2023\nFORMS-H application package\nAdditional detailed information from NIH regarding this change can be found inNIH Policy Notice NOT-OD-22-195.\u00a0Please direct any questions to yourGrant & Contract Officer. (https://grants.nih.gov/grants/guide/notice-files/NOT-OD-22-195.html, /gco)\nQuick Reference\nRates (/rates)\nForms (/forms)\nPolicies (/policies)\nContacts (/contacts)\nTraining (/training)\nEvents (/events)\nNews & Announcements (/news)\n\u00a9 2019 Cornell University\nWeb Accessibility Help (mailto:rais-help@cornell.edu?subject=researchservices.cornell.edu%20site)"
}