{
    "URL location": "https://researchservices.cornell.edu/offices/osp",
    "Last modification date": "2024-11-19T16:00Z",
    "Change frequency": "yearly",
    "Priority": "0.5",
    "Scraped Text": "Find guidance on funding and agency updates during the federal government transition(updated 3/19/2025) (/federal-transition)\nEssential ToolsFind My GCORASSExternalInstitutional Profile & DUNSIACUC applications (Cayuse Animal Management)Find Your Next Funding OpportunityIBC Applications (RASS-IBC)Research Development (ReD) ServicesIRB Applications (RASS-IRB)ExternalRates and budgetsReport external interests (RASS-COI)Join List ServsRASS Access Request FormAsk EHSExternalWeb Financials (WebFin2)ExternalCornell Data ServicesExternalPI DashboardExternalTravel RegistryExternalResearch Financials (formerly RA Dashboard)ExternalInternational research activitiesExternalRegister for Federal and Non-Federal SystemsDisclose Foreign Collaborations and SupportResearch metrics & executive dashboardsTraining (/about/essential-tools, /gco, http://guide.rass.cornell.edu/, /resources/institutional-profile-duns-and-uei-numbers, /resources/submit-new-iacuc-protocol, /proposal/Find-Your-Next-Funding-Opportunity, /resources/ibc-application-submission-review-and-approval, /research-development, https://rass.cornell.edu/irb, /proposal/budget, /compliance/conflict-of-interest, /resources/research-mailing-lists-list-servs, /resources/get-access-financial-sponsored-projects-data, https://tdx.cornell.edu/TDClient/42/Portal/Requests/TicketRequests/NewForm?ID=q5sab44D6GI_, http://webfin2.cornell.edu/, https://data.research.cornell.edu/, https://pidash.cornell.edu, https://travelregistry.cornell.edu/, http://radash.cornell.edu/, https://navigate.cornell.edu, /resources/register-federal-and-non-federal-systems, /proposal/disclose-foreign-collaborations-and-support, /resources/research-metrics, /training)\nFind My GCO (/gco)\nRASSExternal (http://guide.rass.cornell.edu/)\nInstitutional Profile & DUNS (/resources/institutional-profile-duns-and-uei-numbers)\nIACUC applications (Cayuse Animal Management) (/resources/submit-new-iacuc-protocol)\nFind Your Next Funding Opportunity (/proposal/Find-Your-Next-Funding-Opportunity)\nIBC Applications (RASS-IBC) (/resources/ibc-application-submission-review-and-approval)\nResearch Development (ReD) Services (/research-development)\nIRB Applications (RASS-IRB)External (https://rass.cornell.edu/irb)\nRates and budgets (/proposal/budget)\nReport external interests (RASS-COI) (/compliance/conflict-of-interest)\nJoin List Servs (/resources/research-mailing-lists-list-servs)\nRASS Access Request Form (/resources/get-access-financial-sponsored-projects-data)\nAsk EHSExternal (https://tdx.cornell.edu/TDClient/42/Portal/Requests/TicketRequests/NewForm?ID=q5sab44D6GI_)\nWeb Financials (WebFin2)External (http://webfin2.cornell.edu/)\nCornell Data ServicesExternal (https://data.research.cornell.edu/)\nPI DashboardExternal (https://pidash.cornell.edu)\nTravel RegistryExternal (https://travelregistry.cornell.edu/)\nResearch Financials (formerly RA Dashboard)External (http://radash.cornell.edu/)\nInternational research activitiesExternal (https://navigate.cornell.edu)\nRegister for Federal and Non-Federal Systems (/resources/register-federal-and-non-federal-systems)\nDisclose Foreign Collaborations and Support (/proposal/disclose-foreign-collaborations-and-support)\nResearch metrics & executive dashboards (/resources/research-metrics)\nTraining (/training)\nSearch (/search)\nOffice of Sponsored Programs (OSP) & Research Development\nOffice of Sponsored Programs (OSP) & Research Development\nContact Info: 607-255-5014 (p) | 607-255-5058 (f) |osp-help@cornell.edu (mailto:osp-help@cornell.edu)\nWelcome\nOSP oversees the administration of sponsored programs at Cornell University including sponsored research, instruction,\u00a0and extension. OSP operates through delegation of authority from the University Board of Trustees as a unit of the Office of the Vice President for Research and Innovation (OVPRI). Grant and Contract Officers (GCOs) in OSP are authorized to sign and submit proposals to sponsors. GCOs in the research offices of the College of Agriculture and Life Sciences and the College of Veterinary Medicine have limited transaction authority to sign and submit proposals where the terms and conditions are compliant with Cornell policy. Only OSP GCOs are authorized to negotiate and sign awards, contracts, incoming material transfer agreements, non-disclosure agreements,\u00a0and restricted access datasets for Cornell sponsored projects.\nOSP offers a wide range of services including:\nReviewing and submitting proposals\nLiaising with sponsors on behalf of PIs and units\nGrant award negotiation and acceptance\nContract negotiation (e.g., non-disclosure agreements, material transfer agreements, etc.)\nPost-award changes (e.g., rebudgeting, non-cost extension, award transfer, etc.)\nAward close-out (non-financial)\nSponsored project data collection\nEducation, professional development, and outreach\nTraining from OSP (https://researchservices.cornell.edu/training?f%5B0%5D=office%3A2361)\nResearch Mailing Lists (List Servs) (/resources/research-mailing-lists-list-servs)\nFeatured\nJoin us for a discussion on Cornell\u2019s Research Administration Support System (RASS) new proposal budgeting functionality.\nAt this session attendees will learn about:\nStreamlining proposal budgets with RASS\nGeneral updates and new RASS features\nResources available\nPresenters:\nCarrie...\nQuick Reference\nRates (/rates)\nForms (/forms)\nPolicies (/policies)\nContacts (/contacts)\nTraining (/training)\nEvents (/events)\nNews & Announcements (/news)\n\u00a9 2019 Cornell University\nWeb Accessibility Help (mailto:rais-help@cornell.edu?subject=researchservices.cornell.edu%20site)"
}