{
    "URL location": "https://researchservices.cornell.edu/manage/travel",
    "Last modification date": "2024-09-17T03:13Z",
    "Change frequency": "yearly",
    "Priority": "0.5",
    "Scraped Text": "Find guidance on funding and agency updates during the federal government transition(updated 3/19/2025) (/federal-transition)\nEssential ToolsFind My GCORASSExternalInstitutional Profile & DUNSIACUC applications (Cayuse Animal Management)Find Your Next Funding OpportunityIBC Applications (RASS-IBC)Research Development (ReD) ServicesIRB Applications (RASS-IRB)ExternalRates and budgetsReport external interests (RASS-COI)Join List ServsRASS Access Request FormAsk EHSExternalWeb Financials (WebFin2)ExternalCornell Data ServicesExternalPI DashboardExternalTravel RegistryExternalResearch Financials (formerly RA Dashboard)ExternalInternational research activitiesExternalRegister for Federal and Non-Federal SystemsDisclose Foreign Collaborations and SupportResearch metrics & executive dashboardsTraining (/about/essential-tools, /gco, http://guide.rass.cornell.edu/, /resources/institutional-profile-duns-and-uei-numbers, /resources/submit-new-iacuc-protocol, /proposal/Find-Your-Next-Funding-Opportunity, /resources/ibc-application-submission-review-and-approval, /research-development, https://rass.cornell.edu/irb, /proposal/budget, /compliance/conflict-of-interest, /resources/research-mailing-lists-list-servs, /resources/get-access-financial-sponsored-projects-data, https://tdx.cornell.edu/TDClient/42/Portal/Requests/TicketRequests/NewForm?ID=q5sab44D6GI_, http://webfin2.cornell.edu/, https://data.research.cornell.edu/, https://pidash.cornell.edu, https://travelregistry.cornell.edu/, http://radash.cornell.edu/, https://navigate.cornell.edu, /resources/register-federal-and-non-federal-systems, /proposal/disclose-foreign-collaborations-and-support, /resources/research-metrics, /training)\nFind My GCO (/gco)\nRASSExternal (http://guide.rass.cornell.edu/)\nInstitutional Profile & DUNS (/resources/institutional-profile-duns-and-uei-numbers)\nIACUC applications (Cayuse Animal Management) (/resources/submit-new-iacuc-protocol)\nFind Your Next Funding Opportunity (/proposal/Find-Your-Next-Funding-Opportunity)\nIBC Applications (RASS-IBC) (/resources/ibc-application-submission-review-and-approval)\nResearch Development (ReD) Services (/research-development)\nIRB Applications (RASS-IRB)External (https://rass.cornell.edu/irb)\nRates and budgets (/proposal/budget)\nReport external interests (RASS-COI) (/compliance/conflict-of-interest)\nJoin List Servs (/resources/research-mailing-lists-list-servs)\nRASS Access Request Form (/resources/get-access-financial-sponsored-projects-data)\nAsk EHSExternal (https://tdx.cornell.edu/TDClient/42/Portal/Requests/TicketRequests/NewForm?ID=q5sab44D6GI_)\nWeb Financials (WebFin2)External (http://webfin2.cornell.edu/)\nCornell Data ServicesExternal (https://data.research.cornell.edu/)\nPI DashboardExternal (https://pidash.cornell.edu)\nTravel RegistryExternal (https://travelregistry.cornell.edu/)\nResearch Financials (formerly RA Dashboard)External (http://radash.cornell.edu/)\nInternational research activitiesExternal (https://navigate.cornell.edu)\nRegister for Federal and Non-Federal Systems (/resources/register-federal-and-non-federal-systems)\nDisclose Foreign Collaborations and Support (/proposal/disclose-foreign-collaborations-and-support)\nResearch metrics & executive dashboards (/resources/research-metrics)\nTraining (/training)\nSearch (/search)\nTravel and International Activities\nAll Cornell-related international travel must be preregistered in theCornell International Travel Registry.Starting on November 1, 2024,international travel that is not preregistered will be classified as non-authorized andbusiness-related travel expenseswill not be reimbursed. The registration process is simple, crucial for your safety, and ensures compliance with federal requirements.See the full guidance on the Travel Registry page. (https://travelregistry.cornell.edu/, https://policy.cornell.edu/policy-library/travel-expenses, https://global.cornell.edu/statement/updated-travel-reimbursement-requirements)\nProcedures and tools\u00a0to help you manage travel and work abroad as part of your project.\nInternational Travel\nWork abroad involving live vertebrate animals or human research participantsmay need additional approvals, beyond the Cornell IACUC and IRB. For more information, visitIRB Considerations for International Research(humans), or contact theIACUC Office(animals). (/resources/irb-considerations-international-research, /offices/iacuc)\nRegister travel abroad.Cornell provides asecure registry systemfor faculty, staff, and students to record Cornell-related international travel plans and contact information. Registration of Cornell-related international travel is mandatory for all students, staff, and faculty. (https://travelregistry.cornell.edu)\nProtectyourdata and deviceswhen traveling.Cornell has resources to help. (https://it.cornell.edu/highrisktravel)\nWhen traveling abroad, be mindful of export control laws governing physical items, travel locations, and restricted entities. Details are on theExport Controls and International Travelpage. (/resources/export-controls-and-international-travel)\nCornell released new information fordisclosing international partnerships internally and to external sponsors. You may need to update your biosketch to meet new sponsor expectations. (/policies/disclosing-international-partnerships-cornell-and-external-sponsors)\nDomestic Travel\nDomestic travel may require less planning, but you will still want to take advantage of the support Cornell offers.\nPer diem rates (/rates/diem-rates-travel)\nTravel portal and related information on the DFA site (https://www.dfa.cornell.edu/travel)\nSustainability and Travel\nInformation about sustainability initiatives for Cornell travelis available. (https://sustainablecampus.cornell.edu/our-leadership/governance/sustainable-cornell-council/charge-priorities/low-carbon-air-travel)\n\nIRB Considerations for International Research (/resources/irb-considerations-international-research)\nPer Diem Rates for Travel (/rates/diem-rates-travel)\nManage a Project (/manage)\nTravel Safety and Emergency Planning for Employees Abroad (/resources/travel-safety-and-emergency-planning-employees-abroad)\nKeep Data and Devices Safe when Traveling (/resources/keep-data-and-devices-safe-when-traveling)\nTravel Funded by Certain NY State Sponsored Awards (/rates/travel-funded-certain-ny-state-sponsored-awards)\nQuick Reference\nRates (/rates)\nForms (/forms)\nPolicies (/policies)\nContacts (/contacts)\nTraining (/training)\nEvents (/events)\nNews & Announcements (/news)\n\u00a9 2019 Cornell University\nWeb Accessibility Help (mailto:rais-help@cornell.edu?subject=researchservices.cornell.edu%20site)"
}