{
    "URL location": "https://researchservices.cornell.edu/news/single-irb-sirb-regulatory-requirements-effect-january-20-2020",
    "Last modification date": "2020-01-17T22:36Z",
    "Change frequency": "never",
    "Priority": "0.5",
    "Scraped Text": "Find guidance on funding and agency updates during the federal government transition(updated 3/19/2025) (/federal-transition)\nEssential ToolsFind My GCORASSExternalInstitutional Profile & DUNSIACUC applications (Cayuse Animal Management)Find Your Next Funding OpportunityIBC Applications (RASS-IBC)Research Development (ReD) ServicesIRB Applications (RASS-IRB)ExternalRates and budgetsReport external interests (RASS-COI)Join List ServsRASS Access Request FormAsk EHSExternalWeb Financials (WebFin2)ExternalCornell Data ServicesExternalPI DashboardExternalTravel RegistryExternalResearch Financials (formerly RA Dashboard)ExternalInternational research activitiesExternalRegister for Federal and Non-Federal SystemsDisclose Foreign Collaborations and SupportResearch metrics & executive dashboardsTraining (/about/essential-tools, /gco, http://guide.rass.cornell.edu/, /resources/institutional-profile-duns-and-uei-numbers, /resources/submit-new-iacuc-protocol, /proposal/Find-Your-Next-Funding-Opportunity, /resources/ibc-application-submission-review-and-approval, /research-development, https://rass.cornell.edu/irb, /proposal/budget, /compliance/conflict-of-interest, /resources/research-mailing-lists-list-servs, /resources/get-access-financial-sponsored-projects-data, https://tdx.cornell.edu/TDClient/42/Portal/Requests/TicketRequests/NewForm?ID=q5sab44D6GI_, http://webfin2.cornell.edu/, https://data.research.cornell.edu/, https://pidash.cornell.edu, https://travelregistry.cornell.edu/, http://radash.cornell.edu/, https://navigate.cornell.edu, /resources/register-federal-and-non-federal-systems, /proposal/disclose-foreign-collaborations-and-support, /resources/research-metrics, /training)\nFind My GCO (/gco)\nRASSExternal (http://guide.rass.cornell.edu/)\nInstitutional Profile & DUNS (/resources/institutional-profile-duns-and-uei-numbers)\nIACUC applications (Cayuse Animal Management) (/resources/submit-new-iacuc-protocol)\nFind Your Next Funding Opportunity (/proposal/Find-Your-Next-Funding-Opportunity)\nIBC Applications (RASS-IBC) (/resources/ibc-application-submission-review-and-approval)\nResearch Development (ReD) Services (/research-development)\nIRB Applications (RASS-IRB)External (https://rass.cornell.edu/irb)\nRates and budgets (/proposal/budget)\nReport external interests (RASS-COI) (/compliance/conflict-of-interest)\nJoin List Servs (/resources/research-mailing-lists-list-servs)\nRASS Access Request Form (/resources/get-access-financial-sponsored-projects-data)\nAsk EHSExternal (https://tdx.cornell.edu/TDClient/42/Portal/Requests/TicketRequests/NewForm?ID=q5sab44D6GI_)\nWeb Financials (WebFin2)External (http://webfin2.cornell.edu/)\nCornell Data ServicesExternal (https://data.research.cornell.edu/)\nPI DashboardExternal (https://pidash.cornell.edu)\nTravel RegistryExternal (https://travelregistry.cornell.edu/)\nResearch Financials (formerly RA Dashboard)External (http://radash.cornell.edu/)\nInternational research activitiesExternal (https://navigate.cornell.edu)\nRegister for Federal and Non-Federal Systems (/resources/register-federal-and-non-federal-systems)\nDisclose Foreign Collaborations and Support (/proposal/disclose-foreign-collaborations-and-support)\nResearch metrics & executive dashboards (/resources/research-metrics)\nTraining (/training)\nSearch (/search)\nSingle IRB (sIRB) Regulatory Requirements in Effect January 20, 2020\nBeginning January 20, 2020, the Federal Policy for the Protection of Human Subjects (the \u201cCommon Rule\u201d) will require the use of aSingle IRB (sIRB)when more than one institution is involved in a research project funded by aCommon Rule agency*. (https://www.ecfr.gov/cgi-bin/retrieveECFR?gp=&SID=83cd09e1c0f5c6937cd9d7513160fc3f&pitd=20180719&n=pt45.1.46&r=PART&ty=HTML, https://www.hhs.gov/ohrp/regulations-and-policy/single-irb-requirement/index.html, #CR_Agencies)\nWhat is an sIRB?\nAn sIRB is the IRB of record, selected on a study-by-study basis, which provides the ethical review and related administrative coordination for all sites participating in a multi-site study and assumes responsibility for all human participant research compliance.\nWho will this impact?\nFederally-funded studies, with very few exceptions, are required to use an sIRB for review and approval of cooperative studies conducted in the United States. This applies to all cooperative research applications and contract proposals submitted on or after January 20, 2020.\nIf you are conducting an NIH-funded study,a version of the sIRB requirementhas been in effect since January 25, 2018. For NIH-funded studies, all multi-site projects with non-exempt human participant research (clinical and non-clinical) where the same research protocol is conducted at more than one domestic site are required to use an sIRB. Applicants are required to include an sIRB Plan in their NIH proposal, identifying which IRB has agreed to serve in this role. Note: other federal funders may require a similar sIRB plan be submitted with proposals, going forward. (https://grants.nih.gov/policy/humansubjects/single-irb-policy-multi-site-research.htm)\nWhat happens next?\nThe Cornell IRB is currently not equipped to serve as the sIRB, but will comply with the requirements for a participating IRB when another institution serves as the IRB of record. Researchers should speak with theCornell IRB officeprior to submitting a proposal to NIH or any other federal agency for a multi-site project. The IRB staff will assist PIs with identifying a suitable partner to act as the sIRB, including other institutions involved in the project or a commercial sIRB provider. (/offices/IRB)\n*Thefollowing federal agenciesfollow the revised (2018) Common Rule: (https://www.hhs.gov/ohrp/regulations-and-policy/regulations/common-rule/index.html)\nAgency for International Development\nCentral Intelligence Agency\nConsumer Product Safety Commission\nDepartment of Agriculture\nDepartment of Commerce\nDepartment of Defense\nDepartment of Education\nDepartment of Energy\nDepartment of Health and Human Services (excluding FDA, which has different regulations)\nDepartment of Homeland Security\nDepartment of Housing and Urban Development\nDepartment of Justice\nDepartment of Labor\nDepartment of Transportation\nDepartment of Veterans Affairs\nEnvironmental Protection Agency\nNational Aeronautics and Space Administration\nNational Science Foundation\nOffice of the Director of National Intelligence\nSocial Security Administration\nResearch with Human Participants (/compliance/human-research)\nInstitutional Review Board for Human Participant Research (IRB) Office (/offices/IRB)\nMulti-site and Collaborative IRB Research (/resources/multi-site-and-collaborative-irb-research)\nChanges to Research with Human Participants: Revisions to the Common Rule (/news/changes-research-human-participants-revisions-common-rule)\nQuick Reference\nRates (/rates)\nForms (/forms)\nPolicies (/policies)\nContacts (/contacts)\nTraining (/training)\nEvents (/events)\nNews & Announcements (/news)\n\u00a9 2019 Cornell University\nWeb Accessibility Help (mailto:rais-help@cornell.edu?subject=researchservices.cornell.edu%20site)"
}