{
    "URL location": "https://researchservices.cornell.edu/resources/salary-certification",
    "Last modification date": "2024-08-05T18:26Z",
    "Change frequency": "yearly",
    "Priority": "0.5",
    "Scraped Text": "Find guidance on funding and agency updates during the federal government transition(updated 3/19/2025) (/federal-transition)\nEssential ToolsFind My GCORASSExternalInstitutional Profile & DUNSIACUC applications (Cayuse Animal Management)Find Your Next Funding OpportunityIBC Applications (RASS-IBC)Research Development (ReD) ServicesIRB Applications (RASS-IRB)ExternalRates and budgetsReport external interests (RASS-COI)Join List ServsRASS Access Request FormAsk EHSExternalWeb Financials (WebFin2)ExternalCornell Data ServicesExternalPI DashboardExternalTravel RegistryExternalResearch Financials (formerly RA Dashboard)ExternalInternational research activitiesExternalRegister for Federal and Non-Federal SystemsDisclose Foreign Collaborations and SupportResearch metrics & executive dashboardsTraining (/about/essential-tools, /gco, http://guide.rass.cornell.edu/, /resources/institutional-profile-duns-and-uei-numbers, /resources/submit-new-iacuc-protocol, /proposal/Find-Your-Next-Funding-Opportunity, /resources/ibc-application-submission-review-and-approval, /research-development, https://rass.cornell.edu/irb, /proposal/budget, /compliance/conflict-of-interest, /resources/research-mailing-lists-list-servs, /resources/get-access-financial-sponsored-projects-data, https://tdx.cornell.edu/TDClient/42/Portal/Requests/TicketRequests/NewForm?ID=q5sab44D6GI_, http://webfin2.cornell.edu/, https://data.research.cornell.edu/, https://pidash.cornell.edu, https://travelregistry.cornell.edu/, http://radash.cornell.edu/, https://navigate.cornell.edu, /resources/register-federal-and-non-federal-systems, /proposal/disclose-foreign-collaborations-and-support, /resources/research-metrics, /training)\nFind My GCO (/gco)\nRASSExternal (http://guide.rass.cornell.edu/)\nInstitutional Profile & DUNS (/resources/institutional-profile-duns-and-uei-numbers)\nIACUC applications (Cayuse Animal Management) (/resources/submit-new-iacuc-protocol)\nFind Your Next Funding Opportunity (/proposal/Find-Your-Next-Funding-Opportunity)\nIBC Applications (RASS-IBC) (/resources/ibc-application-submission-review-and-approval)\nResearch Development (ReD) Services (/research-development)\nIRB Applications (RASS-IRB)External (https://rass.cornell.edu/irb)\nRates and budgets (/proposal/budget)\nReport external interests (RASS-COI) (/compliance/conflict-of-interest)\nJoin List Servs (/resources/research-mailing-lists-list-servs)\nRASS Access Request Form (/resources/get-access-financial-sponsored-projects-data)\nAsk EHSExternal (https://tdx.cornell.edu/TDClient/42/Portal/Requests/TicketRequests/NewForm?ID=q5sab44D6GI_)\nWeb Financials (WebFin2)External (http://webfin2.cornell.edu/)\nCornell Data ServicesExternal (https://data.research.cornell.edu/)\nPI DashboardExternal (https://pidash.cornell.edu)\nTravel RegistryExternal (https://travelregistry.cornell.edu/)\nResearch Financials (formerly RA Dashboard)External (http://radash.cornell.edu/)\nInternational research activitiesExternal (https://navigate.cornell.edu)\nRegister for Federal and Non-Federal Systems (/resources/register-federal-and-non-federal-systems)\nDisclose Foreign Collaborations and Support (/proposal/disclose-foreign-collaborations-and-support)\nResearch metrics & executive dashboards (/resources/research-metrics)\nTraining (/training)\nSearch (/search)\nSalary Certification\nSalary certification is a requirement for individuals with salary charges to sponsored accounts, federal appropriated accounts, or cost-sharing accounts.\nUniform Administrative Requirements, Cost Principles, and Audit Requirements for Federal Awards (2 CFR 200) (referred to asUniform Guidance) require institutions receiving federal funds to certify no less than annually the reasonableness of salary and wage charges in relation to work performed. Therefore, all Cornell units that charge individual salaries to accounts that include sponsored, including program income and cost-shared sources, and federal appropriations activity (i.e., Federal Capacity Funds) must submit\u00a0signed \"Salary Certification\" worksheets to Sponsored Financial Services (SFS) each fiscal year. (https://www.ecfr.gov/current/title-2/subtitle-A/chapter-II/part-200, /resources/uniform-guidance-federal-awards)\nThose required to complete the Salary Certification worksheets should first reviewUniversity Policy 3.11, Salary Confirmation. The policy addresses the requirements for salary certification and provides information on how to make changes to the university records, when necessary. (https://policy.cornell.edu/policy-library/salary-confirmation)\nFor further instructions, please refer to the training materials:\nFY 2024 Salary Certification Training Presentation (PDF) (https://finance.cornell.edu/sites/default/files/fy24-salary-certification-training.pdf)\nEffort Reporting Training for Principal Investigators\nThe Vice President\u00a0for Research and Innovation announced in 2012 that \"the university must require all our principal investigators (PIs) to complete a brief training regarding the regulations and policies governing personnel effort on sponsored awards and the related verification of salaries, also known as effort certification.\" The training\u00a0and changes to theSalary Confirmationpolicy\u00a0were implemented in response to a federal audit citing Cornell in this area. Below are instructions for completing the training through CULearn. You must complete the tutorial\u00a0through the last slide and answer review questions before your completed course can be recorded. (https://www.dfa.cornell.edu/policy/policies/salary-confirmation)\nTo take the tutorial:\nGo to theDFS\u00a0Yearly Effort Certification for Project Directors Tutorialcourse page in CULearn (Cornell NetID and password required). (https://cornell.sabacloud.com/Saba/Web_spf/NA1PRD0089/common/ledetail/cours000000000003422)\nClickEnroll.\nClickLaunchto launch the training.\nTurn off your pop-up blockeror allow an exception foradminapps.cornell.edu. (Be sure to restore your blocker after you're finished.) (https://www.bestbuy.com/site/tech-tips/disable-popup-blocker/pcmcat748301880694.c?id=pcmcat748301880694)\nHighlights of the Salary Certification Process\nThe certification process for both the endowed division and contract colleges is required only for individuals with salary charges to sponsored accounts, federal appropriated accounts, or cost-sharing accounts. All other personnel are excluded from this process.\nThe report contains year-to-date (YTD) actual salaries. Reports will be generated by employee ID and position.\nSummer salary will appear on a separate report.\nFaculty or staff members can sign their individual reports, or units may use a group certification form. If using the group certification form, units must obtain suitable verification that the work was actually performed and is allocable to the sponsored award. Units must have written documentation that this verification was performed.\nReports will be distributed via Secure File Transfer or CALS Salary Certification System.See theCALS Salary Confirmation System Yammer groupfor information on the CALS system for managing the SFS\u00a0Salary Certification process. (https://www.yammer.com/cornell.edu/#/threads/inGroup?type=in_group&feedId=8422794&view=all)\nSee theCALS Salary Confirmation System Yammer groupfor information on the CALS system for managing the SFS\u00a0Salary Certification process. (https://www.yammer.com/cornell.edu/#/threads/inGroup?type=in_group&feedId=8422794&view=all)\nThe certification process will incorporate all 12 months of the fiscal year. Data will includeFY 2024\u00a0salary transfersthat have been submitted and approvedby July 15, 2024.\nAfter July 15, additional changes or corrections to FY 2024\u00a0earnings must be made using the Salary Expense Transfer (ST) e-doc. The percentages and dollar amounts must be manually updated on the salary certification report, and the ST e-doc number must be noted. Prospective changes can be done in Workday.\nAll final certified reports must be remitted to Sponsored Financial Services byFriday, September 13, 2024,using one of the following options:Complete the Group Certification Form, including the suitable means of verification\u00a0and insert it as the cover page of a PDF file that includes each Salary Certification report produced for the respective org; certify the cover page with an authenticated digital signature and upload the completed PDF file viaCornell Secure File Transferto\u00a0Hui (Joyce) Wang (hw582).If the unit prefers to submit individually certified Salary Certification reports, ensure that each report has been certified with an authenticated digital signature and upload all certified Salary Certification reports produced for the respective org in one submission viaCornell Secure File Transferto Hui (Joyce) Wang (hw582).If the unit prefers to provide physical paper reports that are either group certified or individually certified, ink-signed certifications are still accepted; please make arrangements withHui (Joyce) Wangto coordinate delivery by the due date. (http://sft.cornell.edu/, http://sft.cornell.edu/, mailto:hw582@cornell.edu)\nComplete the Group Certification Form, including the suitable means of verification\u00a0and insert it as the cover page of a PDF file that includes each Salary Certification report produced for the respective org; certify the cover page with an authenticated digital signature and upload the completed PDF file viaCornell Secure File Transferto\u00a0Hui (Joyce) Wang (hw582). (http://sft.cornell.edu/)\nIf the unit prefers to submit individually certified Salary Certification reports, ensure that each report has been certified with an authenticated digital signature and upload all certified Salary Certification reports produced for the respective org in one submission viaCornell Secure File Transferto Hui (Joyce) Wang (hw582). (http://sft.cornell.edu/)\nIf the unit prefers to provide physical paper reports that are either group certified or individually certified, ink-signed certifications are still accepted; please make arrangements withHui (Joyce) Wangto coordinate delivery by the due date. (mailto:hw582@cornell.edu)\nNote:Salaries that have been certified through the salary certification process should only be transferred from a sponsored account for clearing an overdraft or removing an inappropriate charge. The salary must be transferred to an appropriate non-sponsored account or in the event of a true overdraft, to a cost share sub-account. In all cases, a complete explanation for the transfer must be reflected on the ST e-doc. A recertified salary certification report for the period affected, noting the ST e-doc number, must be sent to Sponsored Financial Services.\nWe are continually seeking ways to enhance our processes to minimize the administrative requirements for academic units while fulfilling our obligation to meet federal, state, and other requirements. In this spirit, your feedback concerning the salary certification process, as well as any recommendations for future enhancements, are encouraged. Please direct suggestions, questions, and concerns regarding the current year's procedures toJanet Strait. (mailto:janet.strait@cornell.edu)\n\nFinancial Management (/compliance/financial-management)\nUkraine/Russia Transactions Guidance (/news/ukrainerussia-transactions-guidance)\nMonitoring Project Expenditures (/resources/monitoring-project-expenditures)\nMonitoring Cost Sharing in a Project (/resources/monitoring-cost-sharing-project)\nFinancial Reporting to Sponsors (/resources/financial-reporting-sponsors)\nDirect and Indirect Cost Examples (/resources/direct-and-indirect-cost-examples)\nDiverse Suppliers Requirements (/resources/diverse-suppliers-requirements)\nUse of Foreign Airlines on Federal Funds (/resources/use-foreign-airlines-federal-funds)\nFinancial Management of Sponsored Projects Policies and Procedures (/policies/financial-management-sponsored-projects-policies-and-procedures)\nQuick Reference\nRates (/rates)\nForms (/forms)\nPolicies (/policies)\nContacts (/contacts)\nTraining (/training)\nEvents (/events)\nNews & Announcements (/news)\n\u00a9 2019 Cornell University\nWeb Accessibility Help (mailto:rais-help@cornell.edu?subject=researchservices.cornell.edu%20site)"
}