{
    "URL location": "https://researchservices.cornell.edu/news/rass-irb-launch-plan",
    "Last modification date": "2022-05-19T17:39Z",
    "Change frequency": "never",
    "Priority": "0.5",
    "Scraped Text": "Find guidance on funding and agency updates during the federal government transition(updated 3/19/2025) (/federal-transition)\nEssential ToolsFind My GCORASSExternalInstitutional Profile & DUNSIACUC applications (Cayuse Animal Management)Find Your Next Funding OpportunityIBC Applications (RASS-IBC)Research Development (ReD) ServicesIRB Applications (RASS-IRB)ExternalRates and budgetsReport external interests (RASS-COI)Join List ServsRASS Access Request FormAsk EHSExternalWeb Financials (WebFin2)ExternalCornell Data ServicesExternalPI DashboardExternalTravel RegistryExternalResearch Financials (formerly RA Dashboard)ExternalInternational research activitiesExternalRegister for Federal and Non-Federal SystemsDisclose Foreign Collaborations and SupportResearch metrics & executive dashboardsTraining (/about/essential-tools, /gco, http://guide.rass.cornell.edu/, /resources/institutional-profile-duns-and-uei-numbers, /resources/submit-new-iacuc-protocol, /proposal/Find-Your-Next-Funding-Opportunity, /resources/ibc-application-submission-review-and-approval, /research-development, https://rass.cornell.edu/irb, /proposal/budget, /compliance/conflict-of-interest, /resources/research-mailing-lists-list-servs, /resources/get-access-financial-sponsored-projects-data, https://tdx.cornell.edu/TDClient/42/Portal/Requests/TicketRequests/NewForm?ID=q5sab44D6GI_, http://webfin2.cornell.edu/, https://data.research.cornell.edu/, https://pidash.cornell.edu, https://travelregistry.cornell.edu/, http://radash.cornell.edu/, https://navigate.cornell.edu, /resources/register-federal-and-non-federal-systems, /proposal/disclose-foreign-collaborations-and-support, /resources/research-metrics, /training)\nFind My GCO (/gco)\nRASSExternal (http://guide.rass.cornell.edu/)\nInstitutional Profile & DUNS (/resources/institutional-profile-duns-and-uei-numbers)\nIACUC applications (Cayuse Animal Management) (/resources/submit-new-iacuc-protocol)\nFind Your Next Funding Opportunity (/proposal/Find-Your-Next-Funding-Opportunity)\nIBC Applications (RASS-IBC) (/resources/ibc-application-submission-review-and-approval)\nResearch Development (ReD) Services (/research-development)\nIRB Applications (RASS-IRB)External (https://rass.cornell.edu/irb)\nRates and budgets (/proposal/budget)\nReport external interests (RASS-COI) (/compliance/conflict-of-interest)\nJoin List Servs (/resources/research-mailing-lists-list-servs)\nRASS Access Request Form (/resources/get-access-financial-sponsored-projects-data)\nAsk EHSExternal (https://tdx.cornell.edu/TDClient/42/Portal/Requests/TicketRequests/NewForm?ID=q5sab44D6GI_)\nWeb Financials (WebFin2)External (http://webfin2.cornell.edu/)\nCornell Data ServicesExternal (https://data.research.cornell.edu/)\nPI DashboardExternal (https://pidash.cornell.edu)\nTravel RegistryExternal (https://travelregistry.cornell.edu/)\nResearch Financials (formerly RA Dashboard)External (http://radash.cornell.edu/)\nInternational research activitiesExternal (https://navigate.cornell.edu)\nRegister for Federal and Non-Federal Systems (/resources/register-federal-and-non-federal-systems)\nDisclose Foreign Collaborations and Support (/proposal/disclose-foreign-collaborations-and-support)\nResearch metrics & executive dashboards (/resources/research-metrics)\nTraining (/training)\nSearch (/search)\nRASS-IRB Launch Plan\nUpdated May 19, 2022\nAs part of the campus-wideResearch Administration Support Systems (RASS)rollout, the current process of submitting IRB protocol applications via email has been replaced with Cornell\u2019s new online RASS-IRB protocol system.The system launched Tuesday, February 1, 2022, at 10AM!RASS-IRB is now being used to support human participant research protocol creation, submission, review and approval functions for new studies, amendments, and continuing reviews. (https://guide.rass.cornell.edu/intro/)\nRASS-IRB now:\nReplaces the paper IRB protocol form and email-based review and approval process with an online protocol management system that provides visibility into the current status of your IRB protocol and review process.\nReplaces the email-based amendment process with version control to easily compare the current amended IRB protocol with the previous approved version.\nReminds you if your protocol requires a continuing review so that you can submit the renewal request prior to your protocol\u2019s expiration.\nKeeps track of your IRB protocol details so that you can easily print or view your IRB approval letters, access important protocol documents such as consent forms and recruitment documents, and view previous versions including changes requested as part of IRB review.\nAllows you to connect your protocol to your sponsored proposal or award that is already in RASS Sponsored Projects.\nReplaces the paper form for reporting to the IRB protocol deviations or unexpected events that have taken place during the research.\nWhat Should I Do Now?\nThe IRB office stopped accepting all emailed protocol submissions (including amendments for Expedited and Full Board protocols)at 5PM on Friday, January 21.New submissions should now be created in RASS-IRB.\nHigh level data about current, active protocols from the current IRB system has been transferred to the new system. (Data about closed or abandoned IRB protocols, or protocols determined not to be human subjects research, will not be transferred to RASS.)The first time you amend a protocol imported from the old IRB system, you will need to fill in portions of the protocol application in RASS-IRB. Please anticipate needing to spend at least an hour on that process. Most information requested in RASS-IRB can be copied from your previous protocol applications, but there are a few questions collecting new information. Learn more about this amendment requirement and the reasons behind ithere.If you have trouble filling out the form, you can review how-to documentation on theRASS Guide Site, watch a recording of a Zoom training, or request a 1:1consultation with RASS or IRB staff.We will be happy to help you! (/news/irb-news-amendments-migrated-protocols, http://guide.rass.cornell.edu, https://outlook.office365.com/owa/calendar/RASSIRBTraining@cornellprod.onmicrosoft.com/bookings/)\nFor those of you conducting active data or biospecimen collection,RASS-IRB requires thatall informed consent/assent forms must be uploaded as PDFs. Please prepare your consent forms as PDFs the next time you create a new protocol or amend an existing protocol. The system will stamp IRB-approved consent/assent forms in thebottom right-hand corner, so pleaseleave space there (1\u201d from the bottom, 2\u201d from the right edge).\nIf you have approved protocols that need to be closed or pending protocols or amendments that are no longer needed, please emailirbhp@cornell.eduASAP. (mailto:irbhp@cornell.edu)\nWhat Happens When RASS-IRB Launches?\nWe've launched! You should now use RASS-IRB to:\nCreate and submit all new IRB protocols (including protocols for which you intend to rely on another IRB, and requests for an IRB determination for a funding agency before the protocol is fully developed).\nAmend IRB protocols.Note 1:As mentioned in the previous section, the first time you amend a protocol imported from the old IRB system you will need to fill in portions of the protocol in RASS-IRB, so anticipate needing to spend at least an hour on that process. Training and support will be made available (see information below). Learn more about this amendment requirement and the reasons behind ithere.Note 2:For existing Exempt protocols imported from the old system, amendment requests will continue to be accepted via email for now. However,new Exempt protocols created in RASS-IRB will need to be amended in that system. (FYI IRB SOP #2 on Exemption Requests is in the process of being revised, in part to better clarify the types of modifications that require an amendment to an Exempt protocol. Watch for that updated SOP in the coming months.) (/news/irb-news-amendments-migrated-protocols)\nNote 1:As mentioned in the previous section, the first time you amend a protocol imported from the old IRB system you will need to fill in portions of the protocol in RASS-IRB, so anticipate needing to spend at least an hour on that process. Training and support will be made available (see information below). Learn more about this amendment requirement and the reasons behind ithere. (/news/irb-news-amendments-migrated-protocols)\nNote 2:For existing Exempt protocols imported from the old system, amendment requests will continue to be accepted via email for now. However,new Exempt protocols created in RASS-IRB will need to be amended in that system. (FYI IRB SOP #2 on Exemption Requests is in the process of being revised, in part to better clarify the types of modifications that require an amendment to an Exempt protocol. Watch for that updated SOP in the coming months.)\nSubmit continuing review requests.\nReport adverse events and protocol deviations.\nProvide your attestation that you will act as faculty advisor for your student\u2019s IRB protocols.\nTraining and Support\nRecordings of previously heldZoom training sessions on RASS-IRBare availablehere, and can be found linked from theRASS Guide Site. (https://cornell.app.box.com/v/rass-irb-training, https://guide.rass.cornell.edu)\nHow-to guidance documentsare posted on theRASS Guide Sitefor a number of different tasks researchers might conduct within the system. (https://guide.rass.cornell.edu)\nRASS and IRB staff are available forZoom consultations. Schedule viaMicrosoft Bookings. (https://outlook.office365.com/owa/calendar/RASSIRBTraining@cornellprod.onmicrosoft.com/bookings/)\nQuestions?\nFor help, questions or feedback about the RASS-IRB system, contact the Research Administration Support Systems (RASS) team at:rass@research.cornell.edu. (mailto:rass@research.cornell.edu)\nFor questions about the RASS project, contact: Carrie Susskind, RASS Product Manager atcms357@cornell.edu. For content-related questions on your IRB protocol or other IRB issues, emailirbhp@cornell.edu. (mailto:cms357@cornell.edu, mailto:irbhp@cornell.edu)\nNotes on the RASS Project\nThe RASS project is a campus-wide, complete overhaul of the systems Cornell uses to support research administration. We have successfully implemented the Sponsored Projects portion of the project and will upgrade the IRB and IACUC (Institutional Animal Care and Use Committee) systems in early 2022. The next phases will bring upgrades to the systems used for IBC (Institutional Biosafety Committee) and COI (Conflicts of Interest).\nThe project timeline is maintained here:https://guide.rass.cornell.edu/timeline/. (https://guide.rass.cornell.edu/timeline/)\nThe RASS project has already simplified and improved many procedures involved in sponsored projects. When the project is complete, Cornell will have a set of modern, integrated, and simplified tools supporting our research enterprise.\nQuick Reference\nRates (/rates)\nForms (/forms)\nPolicies (/policies)\nContacts (/contacts)\nTraining (/training)\nEvents (/events)\nNews & Announcements (/news)\n\u00a9 2019 Cornell University\nWeb Accessibility Help (mailto:rais-help@cornell.edu?subject=researchservices.cornell.edu%20site)"
}