{
    "URL location": "https://researchservices.cornell.edu/events/write-it-right-one-hour-improved-writing-skills",
    "Last modification date": "2022-10-16T20:05Z",
    "Change frequency": "never",
    "Priority": "0.5",
    "Scraped Text": "Find guidance on funding and agency updates during the federal government transition(updated 3/19/2025) (/federal-transition)\nEssential ToolsFind My GCORASSExternalInstitutional Profile & DUNSIACUC applications (Cayuse Animal Management)Find Your Next Funding OpportunityIBC Applications (RASS-IBC)Research Development (ReD) ServicesIRB Applications (RASS-IRB)ExternalRates and budgetsReport external interests (RASS-COI)Join List ServsRASS Access Request FormAsk EHSExternalWeb Financials (WebFin2)ExternalCornell Data ServicesExternalPI DashboardExternalTravel RegistryExternalResearch Financials (formerly RA Dashboard)ExternalInternational research activitiesExternalRegister for Federal and Non-Federal SystemsDisclose Foreign Collaborations and SupportResearch metrics & executive dashboardsTraining (/about/essential-tools, /gco, http://guide.rass.cornell.edu/, /resources/institutional-profile-duns-and-uei-numbers, /resources/submit-new-iacuc-protocol, /proposal/Find-Your-Next-Funding-Opportunity, /resources/ibc-application-submission-review-and-approval, /research-development, https://rass.cornell.edu/irb, /proposal/budget, /compliance/conflict-of-interest, /resources/research-mailing-lists-list-servs, /resources/get-access-financial-sponsored-projects-data, https://tdx.cornell.edu/TDClient/42/Portal/Requests/TicketRequests/NewForm?ID=q5sab44D6GI_, http://webfin2.cornell.edu/, https://data.research.cornell.edu/, https://pidash.cornell.edu, https://travelregistry.cornell.edu/, http://radash.cornell.edu/, https://navigate.cornell.edu, /resources/register-federal-and-non-federal-systems, /proposal/disclose-foreign-collaborations-and-support, /resources/research-metrics, /training)\nFind My GCO (/gco)\nRASSExternal (http://guide.rass.cornell.edu/)\nInstitutional Profile & DUNS (/resources/institutional-profile-duns-and-uei-numbers)\nIACUC applications (Cayuse Animal Management) (/resources/submit-new-iacuc-protocol)\nFind Your Next Funding Opportunity (/proposal/Find-Your-Next-Funding-Opportunity)\nIBC Applications (RASS-IBC) (/resources/ibc-application-submission-review-and-approval)\nResearch Development (ReD) Services (/research-development)\nIRB Applications (RASS-IRB)External (https://rass.cornell.edu/irb)\nRates and budgets (/proposal/budget)\nReport external interests (RASS-COI) (/compliance/conflict-of-interest)\nJoin List Servs (/resources/research-mailing-lists-list-servs)\nRASS Access Request Form (/resources/get-access-financial-sponsored-projects-data)\nAsk EHSExternal (https://tdx.cornell.edu/TDClient/42/Portal/Requests/TicketRequests/NewForm?ID=q5sab44D6GI_)\nWeb Financials (WebFin2)External (http://webfin2.cornell.edu/)\nCornell Data ServicesExternal (https://data.research.cornell.edu/)\nPI DashboardExternal (https://pidash.cornell.edu)\nTravel RegistryExternal (https://travelregistry.cornell.edu/)\nResearch Financials (formerly RA Dashboard)External (http://radash.cornell.edu/)\nInternational research activitiesExternal (https://navigate.cornell.edu)\nRegister for Federal and Non-Federal Systems (/resources/register-federal-and-non-federal-systems)\nDisclose Foreign Collaborations and Support (/proposal/disclose-foreign-collaborations-and-support)\nResearch metrics & executive dashboards (/resources/research-metrics)\nTraining (/training)\nSearch (/search)\n\nWrite it right: One hour to improved writing skills\nCarmel Lee, Director of Research Development, offers one-hour, interactive, hands-on writing workshops from 11am-12pm every Friday. You can attend some or all of the sessions; it\u2019s up to you. The focus is on proposal writing, but many of the skills taught will apply to any form of writing.\nEach week will begin with a brief tutorial on some aspect of writing, followed by a practical editing demonstration or exercise. Carmel will walk you through her editing process, explaining the hows and whys of grammar, syntax, messaging, and tone, to improve your writing. You will have the opportunity to send in examples of your writing ahead of each workshop to be selected to receive feedback live. There will also be time for you to ask specific writing questions. So whether you want to polish your skills, write more persuasively, or enhance your grammar skills in written English, these workshops will have something to help every writer.\nResearch Development (ReD) Team (/research-development)\nFeatured\nCornell's Research Development (ReD) Team promotes and facilitates research and innovation across the Ithaca campus, AgriTech, Cornell Tech, and Weill Cornell Medicine. We provide a range of services to help researchers enhance their skills as effective communicators, as grant proposal writers, and...\nThe Research Development team has compiled lists of funding and engagement opportunities\u00a0for new faculty, including downloadable calendars featuring selections of recurring research grants (many of which are geared toward early career faculty).\nQuick Reference\nRates (/rates)\nForms (/forms)\nPolicies (/policies)\nContacts (/contacts)\nTraining (/training)\nEvents (/events)\nNews & Announcements (/news)\n\u00a9 2019 Cornell University\nWeb Accessibility Help (mailto:rais-help@cornell.edu?subject=researchservices.cornell.edu%20site)"
}