{
    "URL location": "https://researchservices.cornell.edu/resources/multi-site-and-collaborative-irb-research",
    "Last modification date": "2024-11-14T18:33Z",
    "Change frequency": "yearly",
    "Priority": "0.5",
    "Scraped Text": "Find guidance on funding and agency updates during the federal government transition(updated 3/19/2025) (/federal-transition)\nEssential ToolsFind My GCORASSExternalInstitutional Profile & DUNSIACUC applications (Cayuse Animal Management)Find Your Next Funding OpportunityIBC Applications (RASS-IBC)Research Development (ReD) ServicesIRB Applications (RASS-IRB)ExternalRates and budgetsReport external interests (RASS-COI)Join List ServsRASS Access Request FormAsk EHSExternalWeb Financials (WebFin2)ExternalCornell Data ServicesExternalPI DashboardExternalTravel RegistryExternalResearch Financials (formerly RA Dashboard)ExternalInternational research activitiesExternalRegister for Federal and Non-Federal SystemsDisclose Foreign Collaborations and SupportResearch metrics & executive dashboardsTraining (/about/essential-tools, /gco, http://guide.rass.cornell.edu/, /resources/institutional-profile-duns-and-uei-numbers, /resources/submit-new-iacuc-protocol, /proposal/Find-Your-Next-Funding-Opportunity, /resources/ibc-application-submission-review-and-approval, /research-development, https://rass.cornell.edu/irb, /proposal/budget, /compliance/conflict-of-interest, /resources/research-mailing-lists-list-servs, /resources/get-access-financial-sponsored-projects-data, https://tdx.cornell.edu/TDClient/42/Portal/Requests/TicketRequests/NewForm?ID=q5sab44D6GI_, http://webfin2.cornell.edu/, https://data.research.cornell.edu/, https://pidash.cornell.edu, https://travelregistry.cornell.edu/, http://radash.cornell.edu/, https://navigate.cornell.edu, /resources/register-federal-and-non-federal-systems, /proposal/disclose-foreign-collaborations-and-support, /resources/research-metrics, /training)\nFind My GCO (/gco)\nRASSExternal (http://guide.rass.cornell.edu/)\nInstitutional Profile & DUNS (/resources/institutional-profile-duns-and-uei-numbers)\nIACUC applications (Cayuse Animal Management) (/resources/submit-new-iacuc-protocol)\nFind Your Next Funding Opportunity (/proposal/Find-Your-Next-Funding-Opportunity)\nIBC Applications (RASS-IBC) (/resources/ibc-application-submission-review-and-approval)\nResearch Development (ReD) Services (/research-development)\nIRB Applications (RASS-IRB)External (https://rass.cornell.edu/irb)\nRates and budgets (/proposal/budget)\nReport external interests (RASS-COI) (/compliance/conflict-of-interest)\nJoin List Servs (/resources/research-mailing-lists-list-servs)\nRASS Access Request Form (/resources/get-access-financial-sponsored-projects-data)\nAsk EHSExternal (https://tdx.cornell.edu/TDClient/42/Portal/Requests/TicketRequests/NewForm?ID=q5sab44D6GI_)\nWeb Financials (WebFin2)External (http://webfin2.cornell.edu/)\nCornell Data ServicesExternal (https://data.research.cornell.edu/)\nPI DashboardExternal (https://pidash.cornell.edu)\nTravel RegistryExternal (https://travelregistry.cornell.edu/)\nResearch Financials (formerly RA Dashboard)External (http://radash.cornell.edu/)\nInternational research activitiesExternal (https://navigate.cornell.edu)\nRegister for Federal and Non-Federal Systems (/resources/register-federal-and-non-federal-systems)\nDisclose Foreign Collaborations and Support (/proposal/disclose-foreign-collaborations-and-support)\nResearch metrics & executive dashboards (/resources/research-metrics)\nTraining (/training)\nSearch (/search)\nMulti-site and Collaborative IRB Research\nHow do I handle IRB review when a project involves multiple institutions?\nWhen Cornell researchers plan to participate in a collaborative or multi-site study, there are a few options for IRB review of the project. Which IRB (or IRBs) should complete an ethical and regulatory review depends on several factors, including: funding agency requirements, the level of IRB oversight needed based on potential risk to participants; the nature of human participant research to be conducted by each institution; and which other institution(s) IRBs are involved, and what their internal processes and policies require in such cases.\nNote: Before you begin the process of seeking IRB approval for multi-site or collaborative research, contact theIRB officeto discuss your situation and find the best solution from the options described below. It is possible that not all collaborators are considered investigators from an IRB perspective, in which case multiple IRB review or a reliance agreement may not be necessary. (mailto: irb-reliance@cornell.edu)\nOption 1: Separate/Multiple IRBs Review\nIn some cases, it is most efficient for researchers from each participating institution to obtain IRB approval from their own institution's IRB, covering any regulated human participant activities that will occur at their site. This will almost always be the case when research is eligible for exemption from IRB review.\nOption 2: \u00a0One IRB Reviews (aka \"Single IRB\" or sIRB)\nIn some situations, to avoid duplicative reviews and increase efficiencies--or to comply with federal regulations--the Cornell IRB might agree to serve as the \"IRB of Record\" or cede IRB review to another institution. The IRB of Record--sometimes called the \"Single IRB\" or sIRB--is selected on a study-by-study basis, provides the ethical review and related administrative coordination for all sites/institutions participating in a collaborative or multi-site study, and assumes responsibility for all human participant research compliance. The IRB of Recordis usually chosen from among participating institutions, but may be provided by an external, commercial provider of IRB services (e.g.,BRANY). The IRB at each participating site will need to formally cede their IRB review to the reviewing IRB using a fully-executed reliance agreement (sometimes called an IRB authorization agreement or IAA). (https://www.brany.com/irb-services/)\nMore Information about sIRB Review\nUnder the revised (2018) Common Rule, federally-funded multi-institution studies--with very few exceptions--are required to use an sIRBfor review and approval of cooperative studies conducted in the United States. This applies to all cooperative research applications and contract proposals submitted on or after January 20, 2020.\nForNIH studies, a version of the sIRB requirement has been in effect since January 2018. For applications submitted on or after January 25, 2018, NIH-funded multi-site studies involving non-exempt research must use ansIRB, when the same protocol is used at multiple domestic study sites. (https://grants.nih.gov/policy/humansubjects/single-irb-policy-multi-site-research.htm, https://grants.nih.gov/grants/guide/notice-files/NOT-OD-16-094.html)\nThe Cornell IRB is not always equipped to serve as the sIRB, depending upon the specifics of the research. Researchers should contact theCornell IRB officeprior to submitting a proposal to NIH or any other federal agency for a multi-site project. The IRB staff will assist PIs with identifying a suitable partner to act as the sIRB, if Cornell is unable to serve in that capacity. (/offices/IRB)\nFAQs\nWhat exactly is collaborative/multi-site research?\nCollaborative research- when non-Cornell investigators come to Cornell to work on a Cornell study, or conduct a separate aspect of the study (such as data analysis) elsewhere.\nMulti-site research- when Cornell is one of many participating sites, with each site recruiting and consenting subjects and collecting data.\nWhat is a Reliance (Authorization) Agreement?\nAn IRB Reliance Agreement is a document permitting one institution's IRB to cede review (the \u201cRelying IRB\u201d) to another institution's IRB (the \u201cIRB of Record\u201d) for a particular study involving human participants. In this way, only one IRB reviews and approves human subject research activities for both institutions, avoiding duplicative review and regulatory oversight.\nHow do I obtain a reliance agreement for my Cornell research project?\nIf you believe a reliance agreement makes sense for a study that you are involved in, and your co-investigators from the other institution(s) agree, we recommend that you first schedule a call withIRB staffto confirm that your proposed approach will work. (/offices/IRB)\nOnce you have confirmed that a reliance agreement is needed, you can indicate if you want Cornell to serve as the IRB of Record, or if you want Cornell to rely on another IRB, within the protocol application inRASS-IRB. See theRASS Guide Sitefor instructions on how to do this. (https://rass.cornell.edu/irb, https://guide.rass.cornell.edu/)\nIf a reliance agreement is appropriate (or required by the sponsor), IRB staff will work with the other institution's IRB to negotiate and execute the agreement.\nWhat about Ithaca and Weill human subjects research collaborations?\nCornell University (CU) includes both the Ithaca-based campuses (Ithaca, Geneva and Cornell Tech campus) and the Weill Cornell Medicine Campus (\u201cWCM\u201d). The campuses operate separate IRBs and maintain separate Federal Wide Assurances (FWAs) with the U.S. Department of Health and Human Services, so an umbrella reliance agreement has been put in place between the IRBs to facilitate the timely, streamlined review of research collaborations spanning the campuses.\nWhen a CU investigator from the Ithaca or Tech campuses is engaged in human subject research under the oversight of Weill Cornell Medicine, the CU investigatormustinitiate a request for IRB reliance through the CU IRB Protocol Management System(RASS-IRB) - see thishow-to guidefor instructions.It is recommendedtoreach out to our officebefore you begin this process. (https://nam12.safelinks.protection.outlook.com/?url=https%3A%2F%2Frass.cornell.edu%2Firb&data=05%7C02%7Cjdm434%40cornell.edu%7Cdacca674df6444196e1e08dce24b2f22%7C5d7e43661b9b45cf8e79b14b27df46e1%7C0%7C0%7C638634060981857752%7CUnknown%7CTWFpbGZsb3d8eyJWIjoiMC4wLjAwMDAiLCJQIjoiV2luMzIiLCJBTiI6Ik1haWwiLCJXVCI6Mn0%3D%7C0%7C%7C%7C&sdata=a1zH7gRfhOk1tdsX%2FCRix0xjbuxTkGeklCkAOWF%2BZNQ%3D&reserved=0, https://nam12.safelinks.protection.outlook.com/?url=https%3A%2F%2Fguide.rass.cornell.edu%2Finstitutional-review-board-for-human-participant-research%2Fcreate-request-to-rely-on-another-irb%2F&data=05%7C02%7Cjdm434%40cornell.edu%7Cdacca674df6444196e1e08dce24b2f22%7C5d7e43661b9b45cf8e79b14b27df46e1%7C0%7C0%7C638634060981884445%7CUnknown%7CTWFpbGZsb3d8eyJWIjoiMC4wLjAwMDAiLCJQIjoiV2luMzIiLCJBTiI6Ik1haWwiLCJXVCI6Mn0%3D%7C0%7C%7C%7C&sdata=KtbDg74ZGv2UOYbBXTm%2FH804TckytrMA7TMkasm2C%2F4%3D&reserved=0, mailto: irb-reliance@cornell.edu)\nWhat if another institution is merely providing data for my project?\nIt depends. If the other institution is collecting datafor your project, they would be considered \"engaged\" in the research under federal regulations, and IRB review will be needed for their role on the project (either by their home IRB or by the Cornell IRB). If the other institution is only providing data or access to data that has already been collected, IRB review will not be needed for this aspect of the study. Instead, a Data Use Agreement should be entered into, in consultation withOSP. (/offices/osp)\nWhat training is needed?\nWhen Cornell is acting as the Reviewing IRB,Cornell's training requirementsapply. \u00a0Likewise, if another institution is reviewing your project, you will need to comply with that institution's training requirements. Note that Weill and Cornell's Ithaca campuses have different training requirements; If Weill is providing IRB review for your study, you will need to complete training in Good Clinical Practices in addition to human subjects training. (/resources/irb-training)\nWhich institution(s) conduct ancillary reviews?\nWhen Cornell cedes IRB review to another institution's IRB, the Cornell PI is still responsible for ensuring compliance at their site, including appropriate submission and completion of any ancillary reviews such asCOI,EHSandIBC. (/compliance/conflict-of-interest, /compliance/research-safety, /resources/get-started-with-rsna-biohazardous-agents, /compliance/rsna-or-biohazardous-research)\nInstitutional Review Board for Human Participant Research (IRB) Office (/offices/IRB)\nSingle IRB (sIRB) Regulatory Requirements in Effect January 20, 2020 (/news/single-irb-sirb-regulatory-requirements-effect-january-20-2020)\nJoyel Moeller - Senior IRB Administrator and Reliance Specialist (/contacts/joyel-moeller-senior-irb-administrator-and-reliance-specialist)\nAbout the IRB Committee (/resources/about-irb-committee)\nThe Life Cycle of an IRB Protocol (/resources/life-cycle-irb-protocol)\nIRB Announcements & Newsletters (/resources/irb-announcements-newsletters)\nResearch with Human Participants (/compliance/human-research)\nIRB Informed Consent (/resources/irb-informed-consent)\nIRB Training (/resources/irb-training)\nIRB Considerations: Human Participant Data, Data Sets and Internet Research (/resources/human-participant-data)\nIRB Biomedical Research (/resources/irb-biomedical-research)\nQuick Reference\nRates (/rates)\nForms (/forms)\nPolicies (/policies)\nContacts (/contacts)\nTraining (/training)\nEvents (/events)\nNews & Announcements (/news)\n\u00a9 2019 Cornell University\nWeb Accessibility Help (mailto:rais-help@cornell.edu?subject=researchservices.cornell.edu%20site)"
}