{
    "URL location": "https://researchservices.cornell.edu/compliance/conflict-of-interest",
    "Last modification date": "2023-02-27T15:32Z",
    "Change frequency": "never",
    "Priority": "0.5",
    "Scraped Text": "Find guidance on funding and agency updates during the federal government transition(updated 3/19/2025) (/federal-transition)\nEssential ToolsFind My GCORASSExternalInstitutional Profile & DUNSIACUC applications (Cayuse Animal Management)Find Your Next Funding OpportunityIBC Applications (RASS-IBC)Research Development (ReD) ServicesIRB Applications (RASS-IRB)ExternalRates and budgetsReport external interests (RASS-COI)Join List ServsRASS Access Request FormAsk EHSExternalWeb Financials (WebFin2)ExternalCornell Data ServicesExternalPI DashboardExternalTravel RegistryExternalResearch Financials (formerly RA Dashboard)ExternalInternational research activitiesExternalRegister for Federal and Non-Federal SystemsDisclose Foreign Collaborations and SupportResearch metrics & executive dashboardsTraining (/about/essential-tools, /gco, http://guide.rass.cornell.edu/, /resources/institutional-profile-duns-and-uei-numbers, /resources/submit-new-iacuc-protocol, /proposal/Find-Your-Next-Funding-Opportunity, /resources/ibc-application-submission-review-and-approval, /research-development, https://rass.cornell.edu/irb, /proposal/budget, /compliance/conflict-of-interest, /resources/research-mailing-lists-list-servs, /resources/get-access-financial-sponsored-projects-data, https://tdx.cornell.edu/TDClient/42/Portal/Requests/TicketRequests/NewForm?ID=q5sab44D6GI_, http://webfin2.cornell.edu/, https://data.research.cornell.edu/, https://pidash.cornell.edu, https://travelregistry.cornell.edu/, http://radash.cornell.edu/, https://navigate.cornell.edu, /resources/register-federal-and-non-federal-systems, /proposal/disclose-foreign-collaborations-and-support, /resources/research-metrics, /training)\nFind My GCO (/gco)\nRASSExternal (http://guide.rass.cornell.edu/)\nInstitutional Profile & DUNS (/resources/institutional-profile-duns-and-uei-numbers)\nIACUC applications (Cayuse Animal Management) (/resources/submit-new-iacuc-protocol)\nFind Your Next Funding Opportunity (/proposal/Find-Your-Next-Funding-Opportunity)\nIBC Applications (RASS-IBC) (/resources/ibc-application-submission-review-and-approval)\nResearch Development (ReD) Services (/research-development)\nIRB Applications (RASS-IRB)External (https://rass.cornell.edu/irb)\nRates and budgets (/proposal/budget)\nReport external interests (RASS-COI) (/compliance/conflict-of-interest)\nJoin List Servs (/resources/research-mailing-lists-list-servs)\nRASS Access Request Form (/resources/get-access-financial-sponsored-projects-data)\nAsk EHSExternal (https://tdx.cornell.edu/TDClient/42/Portal/Requests/TicketRequests/NewForm?ID=q5sab44D6GI_)\nWeb Financials (WebFin2)External (http://webfin2.cornell.edu/)\nCornell Data ServicesExternal (https://data.research.cornell.edu/)\nPI DashboardExternal (https://pidash.cornell.edu)\nTravel RegistryExternal (https://travelregistry.cornell.edu/)\nResearch Financials (formerly RA Dashboard)External (http://radash.cornell.edu/)\nInternational research activitiesExternal (https://navigate.cornell.edu)\nRegister for Federal and Non-Federal Systems (/resources/register-federal-and-non-federal-systems)\nDisclose Foreign Collaborations and Support (/proposal/disclose-foreign-collaborations-and-support)\nResearch metrics & executive dashboards (/resources/research-metrics)\nTraining (/training)\nSearch (/search)\nConflicts of Interest\nIdentifying and managing financial conflicts of interest related to research\nCornell follows best practices for reporting and management of Financial Conflict of Interest (FCOI) related to research. Everyone required to complete a COI report will receive an email directing them to do so.\nLog in to complete your COI report. (https://guide.rass.cornell.edu/conflicts-of-interest/)\nFor more information about COI policies, federal regulations, reporting requirements, and management of conflicts,\u00a0contactcoi@cornell.edu. (mailto:coi@cornell.edu)\nFor help, questions, or feedback about the RASS-COI system, contact the Research Administration Support Systems (RASS) team atrass@research.cornell.edu. (mailto:rass@research.cornell.edu)\nWhat is a Financial Conflict of Interest Related to Research?\nA Financial Conflict of Interest (FCOI) related to research exists when a financial interest \u2013 or other opportunity for personal financial gain \u2013 is likely to compromise or influence\u2014or appear to compromise or influence\u2014the objective design, conduct, reporting, or direct administration of research, the integrity of research, or the public\u2019s trust in research. FCOIs are a set of intersecting relationships, andalthough they are not inherently bad, they must be properly managed to protect the integrity of Cornell research.\nTheOffice of Research Integrity and Assurance (ORIA)administers FCOIs related to research. After a careful review of the COI reports, if necessary, ORIA puts Conflict Management Plans (CMPs) in place with the guidance of the FCOI Committee, perUniversity Policy 1.7, Financial Conflict of Interest Related to Research. For Conflicts of Interest and Commitment excluding FCOIs related to research, please seeUniversity Policy 4.14, Conflicts of Interest and Commitment (Excluding Financial Conflict of Interest Related to Research). (/offices/ORIA, https://policy.cornell.edu/policy-library/financial-conflict-interest-related-research, https://policy.cornell.edu/policy-library/conflicts-interest-and-commitment-excluding-financial-conflict-interest-related)\nLooking for Guidance?\nFor information about how to navigate COI issues between your financial interests and research activities, see the following pages.\n\nEntrepreneurship (/policies/fcoi-guidance-principles-underlying-conflict-interest-coi-and-conflict-commitment-coc)\n\nConsulting (/policies/fcoi-guidance-consulting-and-other-external-engagements)\n\nSBIR/STTR (/policies/fcoi-guidance-sbirsttr-projects)\n\nHuman Subject Involvement (/policies/fcoi-guidance-research-involving-human-participants)\nCOI Reporting\nIf you receive an email directing you to complete a COI report, it is because university policies dictate that you must do so, given your role and/or activities on behalf of Cornell. If you receive one of these emails, do not ignore it: these emails are sent only to people who must report.\u00a0Non-compliance with reporting requirements and failure to update your reported information in a timely manner can result in sanctions perUniversity Policy 1.7, Financial Conflict of Interest Related to Research. (https://policy.cornell.edu/policy-library/financial-conflict-interest-related-research)\nResearch Personnel who must Submit a COI Report\nYou must complete a COI report if you have an academic title (which includes but is not limited to Professor, Postdoc, Lecturer, Research Associate, etc.) or if you are considered \u201cresearch personnel,\u201d regardless of whether or not your research is funded.\nFor sponsored research: Principal investigators, co-principal investigators, co-investigators, key personnel, and anyone who is involved in the design, conduct, reporting, or direct administration of research.\nFor non-sponsored research: Those whose role on the research project is synonymous with the roles described above, for sponsored research.\nFor IRB protocols: Non-student principal investigators and co-investigators.\nConflict of Interest (COI) Office (/offices/coi)\nUniversity Policy 1.7, Financial Conflict of Interest Related to Research (https://www.dfa.cornell.edu/policy/policies/financial-conflict-interest)\nUniversity Policy 4.14, Conflicts of Interest and Commitment (https://www.dfa.cornell.edu/policy/policies/conflicts-interest-and-commitment-excluding-financial-conflict-interest-related)\nCompliance, Ethics, Safety (/compliance)\nFCOI Guidance on Research Involving Human Participants (/policies/fcoi-guidance-research-involving-human-participants)\nFCOI Guidance on Principles Underlying Conflict of Interest (COI) and Conflict of Commitment (COC) Decisions for Cornell Entrepreneurs (/policies/fcoi-guidance-principles-underlying-conflict-interest-coi-and-conflict-commitment-coc)\nSample Disclosures for Managed Conflicts (/forms/sample-disclosures-managed-conflicts)\nFaculty Consulting / Contract Addendum (/forms/faculty-consulting-contract-addendum)\nFCOI Guidance on Consulting and Other External Engagements (/policies/fcoi-guidance-consulting-and-other-external-engagements)\nFinancial Conflicts of Interest Committee (/resources/financial-conflicts-interest-committee)\nReport a COI Concern (/resources/report-coi-concern)\nQuick Reference\nRates (/rates)\nForms (/forms)\nPolicies (/policies)\nContacts (/contacts)\nTraining (/training)\nEvents (/events)\nNews & Announcements (/news)\n\u00a9 2019 Cornell University\nWeb Accessibility Help (mailto:rais-help@cornell.edu?subject=researchservices.cornell.edu%20site)"
}