{
    "URL location": "https://researchservices.cornell.edu/news/changes-research-human-participants-revisions-common-rule",
    "Last modification date": "2019-06-17T22:06Z",
    "Change frequency": "never",
    "Priority": "0.5",
    "Scraped Text": "Find guidance on funding and agency updates during the federal government transition(updated 3/19/2025) (/federal-transition)\nEssential ToolsFind My GCORASSExternalInstitutional Profile & DUNSIACUC applications (Cayuse Animal Management)Find Your Next Funding OpportunityIBC Applications (RASS-IBC)Research Development (ReD) ServicesIRB Applications (RASS-IRB)ExternalRates and budgetsReport external interests (RASS-COI)Join List ServsRASS Access Request FormAsk EHSExternalWeb Financials (WebFin2)ExternalCornell Data ServicesExternalPI DashboardExternalTravel RegistryExternalResearch Financials (formerly RA Dashboard)ExternalInternational research activitiesExternalRegister for Federal and Non-Federal SystemsDisclose Foreign Collaborations and SupportResearch metrics & executive dashboardsTraining (/about/essential-tools, /gco, http://guide.rass.cornell.edu/, /resources/institutional-profile-duns-and-uei-numbers, /resources/submit-new-iacuc-protocol, /proposal/Find-Your-Next-Funding-Opportunity, /resources/ibc-application-submission-review-and-approval, /research-development, https://rass.cornell.edu/irb, /proposal/budget, /compliance/conflict-of-interest, /resources/research-mailing-lists-list-servs, /resources/get-access-financial-sponsored-projects-data, https://tdx.cornell.edu/TDClient/42/Portal/Requests/TicketRequests/NewForm?ID=q5sab44D6GI_, http://webfin2.cornell.edu/, https://data.research.cornell.edu/, https://pidash.cornell.edu, https://travelregistry.cornell.edu/, http://radash.cornell.edu/, https://navigate.cornell.edu, /resources/register-federal-and-non-federal-systems, /proposal/disclose-foreign-collaborations-and-support, /resources/research-metrics, /training)\nFind My GCO (/gco)\nRASSExternal (http://guide.rass.cornell.edu/)\nInstitutional Profile & DUNS (/resources/institutional-profile-duns-and-uei-numbers)\nIACUC applications (Cayuse Animal Management) (/resources/submit-new-iacuc-protocol)\nFind Your Next Funding Opportunity (/proposal/Find-Your-Next-Funding-Opportunity)\nIBC Applications (RASS-IBC) (/resources/ibc-application-submission-review-and-approval)\nResearch Development (ReD) Services (/research-development)\nIRB Applications (RASS-IRB)External (https://rass.cornell.edu/irb)\nRates and budgets (/proposal/budget)\nReport external interests (RASS-COI) (/compliance/conflict-of-interest)\nJoin List Servs (/resources/research-mailing-lists-list-servs)\nRASS Access Request Form (/resources/get-access-financial-sponsored-projects-data)\nAsk EHSExternal (https://tdx.cornell.edu/TDClient/42/Portal/Requests/TicketRequests/NewForm?ID=q5sab44D6GI_)\nWeb Financials (WebFin2)External (http://webfin2.cornell.edu/)\nCornell Data ServicesExternal (https://data.research.cornell.edu/)\nPI DashboardExternal (https://pidash.cornell.edu)\nTravel RegistryExternal (https://travelregistry.cornell.edu/)\nResearch Financials (formerly RA Dashboard)External (http://radash.cornell.edu/)\nInternational research activitiesExternal (https://navigate.cornell.edu)\nRegister for Federal and Non-Federal Systems (/resources/register-federal-and-non-federal-systems)\nDisclose Foreign Collaborations and Support (/proposal/disclose-foreign-collaborations-and-support)\nResearch metrics & executive dashboards (/resources/research-metrics)\nTraining (/training)\nSearch (/search)\nChanges to Research with Human Participants: Revisions to the Common Rule\nRevisions to the Federal policy for the protection of human participants in research (the\"Common Rule\") are in effect starting January 21, 2019. (https://www.hhs.gov/ohrp/regulations-and-policy/regulations/common-rule/index.html)\nSummary of Common Rule Changes Affecting Cornell Research\nOur detailedguidance documentis the most complete source of information about how the changes will affect Cornell research with human subjects. (/policies/irb-policy-guidance-revised-common-rule)\nExemption categories.More research qualifies for exemption under the New Common Rule, including: secondary use of identifiable, sensitive data; research using \"benign behavioral interventions\" (e.g., playing a game, solving a puzzle).\nNo renewal requirement for most studies.The annual renewal requirement is eliminated for the vast majority of expedited studies (and for full board research, when remaining activities are limited to data analysis).\nChanges to informed consent.New elements are added to the basic information to be communicated during consent and, for federally-funded clinical trials, consent materials must be posted toClinicalTrials.gov. (https://clinicaltrials.gov/)\nExpansion of clinical trials.The concept of a \"clinical trial\" is expanded to include some basic biomedical and behavioral health-related research. A newguidance documentdetails compliance obligations specific to clinical trials, and provides basic information on how to register and provide updates onClinicalTrials.gov. (/policies/irb-guidance-clinical-trials, https://clinicaltrials.gov/)\nSingle IRB (\"sIRB\") requirement: Multi-institution studies must use a sIRB for review starting in January 2020.For NIH studies, a version of the sIRB requirement has been in effect since January 2018. (https://grants.nih.gov/policy/humansubjects/single-irb-policy-multi-site-research.htm)\nCommon Rule Changes to Informed Consent\nThe Common Rule includes new requirements for the informed consent process. In most cases no changes will be needed for consent documents that have already been approved by the IRB. For new studies, researchers should use the updatedconsent templates. (/forms/irb-consent-form-templates)\nNew Required Elements of Informed Consent\nThe IRB'sconsent templateshave been revised to reflect these new requirements: (/forms/irb-consent-form-templates)\n*Sequencing of a human germline or somatic specimen with intent to generate the genome or exome sequence of that specimen.\nA \"Concise Statement\"\nIn addition to the new required information, consent documents approved under the New Rule must begin with a concise and focused presentation of \"key information\" to assist prospective subjects in understanding why they might or might not want to participate. (46.116(a)(5)(i)). The IRB's newconsent templatesare designed to help researchers draft language that satisfies this requirement. (/forms/irb-consent-form-templates)\nRequired Public Posting on Certain Consent Forms\nBeginning on January 21, 2019, for all studies that are federally-funded and fit the definition of a \"clinical trial\", a consent form must be posted online \"after the clinical trial is closed to recruitment, and no later than 60 days after the last study visit by any subject...\" For multi-site studies, the consent form from only 1 site is required to be posted. The Office for Human Research Protections (OHRP) has identified two federal websites that will satisfy the posting requirement. The Cornell IRB strongly recommends that researchers fulfill this requirement by posting toClinicalTrials.gov. (https://clinicaltrials.gov/)\nHow do these Changes to the Consent Process Affect Studies Approved Before the New Common Rule Took Effect?\nIn most cases no changes will be needed. Given their simplicity and brevity, the typical 1-3 page consent forms and scripts used in social and behavioral research and based on Cornell IRB-approved templates, will satisfy the new requirement. On a case-by-case basis, the IRB may determine that changes are needed. If so, IRB staff will identify affected studies and work with the PI to revise the consent. Participants in ongoing studies will not need to be re-consented as a result of these changes.\nQuick Reference\nRates (/rates)\nForms (/forms)\nPolicies (/policies)\nContacts (/contacts)\nTraining (/training)\nEvents (/events)\nNews & Announcements (/news)\n\u00a9 2019 Cornell University\nWeb Accessibility Help (mailto:rais-help@cornell.edu?subject=researchservices.cornell.edu%20site)"
}