{
    "URL location": "https://researchservices.cornell.edu/resources/institutional-biosafety-committee-ibc",
    "Last modification date": "2024-09-30T17:56Z",
    "Change frequency": "yearly",
    "Priority": "0.5",
    "Scraped Text": "Find guidance on funding and agency updates during the federal government transition(updated 3/19/2025) (/federal-transition)\nEssential ToolsFind My GCORASSExternalInstitutional Profile & DUNSIACUC applications (Cayuse Animal Management)Find Your Next Funding OpportunityIBC Applications (RASS-IBC)Research Development (ReD) ServicesIRB Applications (RASS-IRB)ExternalRates and budgetsReport external interests (RASS-COI)Join List ServsRASS Access Request FormAsk EHSExternalWeb Financials (WebFin2)ExternalCornell Data ServicesExternalPI DashboardExternalTravel RegistryExternalResearch Financials (formerly RA Dashboard)ExternalInternational research activitiesExternalRegister for Federal and Non-Federal SystemsDisclose Foreign Collaborations and SupportResearch metrics & executive dashboardsTraining (/about/essential-tools, /gco, http://guide.rass.cornell.edu/, /resources/institutional-profile-duns-and-uei-numbers, /resources/submit-new-iacuc-protocol, /proposal/Find-Your-Next-Funding-Opportunity, /resources/ibc-application-submission-review-and-approval, /research-development, https://rass.cornell.edu/irb, /proposal/budget, /compliance/conflict-of-interest, /resources/research-mailing-lists-list-servs, /resources/get-access-financial-sponsored-projects-data, https://tdx.cornell.edu/TDClient/42/Portal/Requests/TicketRequests/NewForm?ID=q5sab44D6GI_, http://webfin2.cornell.edu/, https://data.research.cornell.edu/, https://pidash.cornell.edu, https://travelregistry.cornell.edu/, http://radash.cornell.edu/, https://navigate.cornell.edu, /resources/register-federal-and-non-federal-systems, /proposal/disclose-foreign-collaborations-and-support, /resources/research-metrics, /training)\nFind My GCO (/gco)\nRASSExternal (http://guide.rass.cornell.edu/)\nInstitutional Profile & DUNS (/resources/institutional-profile-duns-and-uei-numbers)\nIACUC applications (Cayuse Animal Management) (/resources/submit-new-iacuc-protocol)\nFind Your Next Funding Opportunity (/proposal/Find-Your-Next-Funding-Opportunity)\nIBC Applications (RASS-IBC) (/resources/ibc-application-submission-review-and-approval)\nResearch Development (ReD) Services (/research-development)\nIRB Applications (RASS-IRB)External (https://rass.cornell.edu/irb)\nRates and budgets (/proposal/budget)\nReport external interests (RASS-COI) (/compliance/conflict-of-interest)\nJoin List Servs (/resources/research-mailing-lists-list-servs)\nRASS Access Request Form (/resources/get-access-financial-sponsored-projects-data)\nAsk EHSExternal (https://tdx.cornell.edu/TDClient/42/Portal/Requests/TicketRequests/NewForm?ID=q5sab44D6GI_)\nWeb Financials (WebFin2)External (http://webfin2.cornell.edu/)\nCornell Data ServicesExternal (https://data.research.cornell.edu/)\nPI DashboardExternal (https://pidash.cornell.edu)\nTravel RegistryExternal (https://travelregistry.cornell.edu/)\nResearch Financials (formerly RA Dashboard)External (http://radash.cornell.edu/)\nInternational research activitiesExternal (https://navigate.cornell.edu)\nRegister for Federal and Non-Federal Systems (/resources/register-federal-and-non-federal-systems)\nDisclose Foreign Collaborations and Support (/proposal/disclose-foreign-collaborations-and-support)\nResearch metrics & executive dashboards (/resources/research-metrics)\nTraining (/training)\nSearch (/search)\nInstitutional Biosafety Committee (IBC)\nAbout the IBC\nMUA Submission Deadline and IBC Meeting Dates (/resources/mua-submission-deadline-and-ibc-meeting-dates)\nThis document provides the charge of the Institutional Biosafety Committee (IBC) and information about the IBC regular meetings and the list of IBC voting members.\nGo to:Purpose|Objective|Committee Membership (#Purpose, #Objectives, #Committee)\nPurpose\nFederal Guidelines established by the National Institute of Health, require that institutions conducting or sponsoring research using recombinant or synthetic nucleic acid molecules (r/sNA) covered by theNIH Guidelines, be responsible for ensuring that the research is conducted in full conformity with the provisions of theNIH Guidelines. In order to fulfill this responsibility Cornell University has established an Institutional Biosafety Committee (IBC), charged with oversight responsibilities for all research related activities involving recombinant or synthetic nucleic acid molecules and other biohazardous materials.\nObjectives\nThe IBC's primary objective is to safeguard protection of personnel, the general public, and the environment. To meet this goal, the IBC imposes requirements for safe laboratory and biological safety practices; reviews and approves policies, procedures, training, programs and facilities pursuant to the safe use of biological agents, other biological materials, and biotoxins.\nThe IBC is responsible for:\nReview and approval of the research activities involving r/sNA or other biohazardous materials on a regular and continuing basis.\nIndependently assess the containment levels of the work, as required by theNIH Guidelines, for all experiments, including those involving whole plants and/or animals, cell cultures, tissues, human-derived materials, biological toxins, infectious agents, and regulated pathogens and pests.\nAssess the facilities, procedures, practices, and training and expertise of personnel involved with r/sNA and biohazardous research.\nLower the containment levels for certain experiments in which DNA from Risk Group 2, 3, or 4 or Restricted Agents is cloned into nonpathogenic prokaryotic or lower eukaryotic host-vector systems.\nPerform periodic reviews or require modifications of recombinant or synthetic nucleic acid molecules or biohazardous research and research facilities at Cornell to ensure compliance with theNIH Guidelinesand other government regulations.\nNotify the Principal Investigator of the results of the IBC's review and approval.\nAdopt emergency plans covering accidental spills and personnel contamination resulting from research using recombinant or synthetic nucleic acid molecules.\nReport significant problems with or violations of theNIH Guidelinesand any significant research related accidents or illnesses to ORIA and the appropriate institutional official and when necessary to NIH/OBA.\nIn cooperation with ORIA, suspend or terminate approval of research that is not being conducted in accordance with the IBC's requirements.\nCommittee Membership\nFederal Regulations(NIH Guidelines for Research Involving Recombinant or Synthetic Nucleic Acid Molecules)require that membership of the IBC include at a minimum, five members, who collectively have experience in general issues of laboratory biosafety, use of infectious materials, and expertise in recombinant or synthetic nucleic acid molecule technology and the capability to assess the safety of such research and identify any potential risk to public health or the environment. The membership is composed of: at least one faculty member with expertise in plant, plant pathogen, or plant pest containment principles; one faculty member with expertise in animal containment principles, gene therapy in animals, viral pathogens and vectors, microbial pathogens, biotoxins and biotechnology; the Institutional Biological Safety Officer when research is conducted at BL3, BL4, or Large Scale (greater than 10 liters); one member of the laboratory technical staff; and two members not affiliated with the institution (apart from their membership on the committee).\nBecause Cornell is a large institution, additional members are included to provide adequate representation of the diverse research community. In order to ensure that the committee has expertise required to review and approve the wide range of research activities, ad hoc consultants will be used as deemed necessary.\nThe following individuals are voting members of the current IBC:\nJulie Siler, Research Technician, Public and Ecosystem Health\nEdward Koppel, Occupational Medicine Physician, ex-officio\nProfessor Georg Jander, Boyce Thompson Institute\nPaul Jennette, Biosafety Engineer, CVM Biosafety Program\nChristy Michaels, Non-affiliated member*\nCathy Moseley, Non-affiliated member*\nProfessor Colin Parrish, James A. Baker Institute for Animal Health, Chair\nProfessor Luis Schang, James A. Baker Institute for Animal Health\nBeth Bennett, DVM, Center for Animal Resources & Education, ex-officio\nProfessor Bryan Swingle, Plant Pathology & Plant-Microbe Biology\nJosh Turse, Ph.D., Biological Safety Officer, Environmental Health & Safety\nProfessor Ping Wang, Plant Pathology & Plant-Microbe Biology\nProfessor Laura Goodman, James A. Baker Institute for Animal Health\n* The nonaffiliated members represent general community interests including issues involving health and welfare of individuals involved in research and any environmental impact on the surrounding community. These members are not otherwise affiliated with the university, nor have an immediate family member who is affiliated with the university.\nMembers are appointed by the President, upon recommendation of the Dean of Faculty in consultation with the Vice President for Research and Innovation. Membership terms vary from one to three years (except for those who are ex officio with voting privileges). The committee chair is appointed from the faculty membership and will serve for a term of one to three years.\nRegulated Biological Materials in Research (/compliance/rsna-or-biohazardous-research)\nMUA Submission Deadline and IBC Meeting Dates (/resources/mua-submission-deadline-and-ibc-meeting-dates)\nRegulated Biological Materials Frequently Asked Questions (/resources/regulated-biological-materials-frequently-asked-questions)\nApril IBC Meeting (/events/april-ibc-meeting)\nIBC Application Submission, Review and Approval (/resources/ibc-application-submission-review-and-approval)\nGet Started with Recombinant or Synthetic Nucleic Acid Molecules (r/sNA) or Other Biohazardous Agents (/resources/get-started-with-rsna-biohazardous-agents)\nDual Use Research of Concern (DURC) (/resources/dual-use-research-concern-durc)\nHuman Embryonic Stem Cell Research Oversight Committee (ESCRO) (/resources/human-embryonic-stem-cell-research-oversight-committee-escro)\nReport an Incident or Exposure to Recombinant or Biohazardous Materials (/resources/report-incident-or-exposure-recombinant-or-biohazardous-materials)\nWork with Bloodborne Pathogens and Training Requirements (/training/bloodborne-pathogens)\nInstitutional Biosafety Committee (IBC) Office (/offices/ibc)\nQuick Reference\nRates (/rates)\nForms (/forms)\nPolicies (/policies)\nContacts (/contacts)\nTraining (/training)\nEvents (/events)\nNews & Announcements (/news)\n\u00a9 2019 Cornell University\nWeb Accessibility Help (mailto:rais-help@cornell.edu?subject=researchservices.cornell.edu%20site)"
}