{
    "URL location": "https://researchservices.cornell.edu/compliance/live-vertebrate-animal-research",
    "Last modification date": "2023-04-21T14:56Z",
    "Change frequency": "yearly",
    "Priority": "0.5",
    "Scraped Text": "Find guidance on funding and agency updates during the federal government transition(updated 3/19/2025) (/federal-transition)\nEssential ToolsFind My GCORASSExternalInstitutional Profile & DUNSIACUC applications (Cayuse Animal Management)Find Your Next Funding OpportunityIBC Applications (RASS-IBC)Research Development (ReD) ServicesIRB Applications (RASS-IRB)ExternalRates and budgetsReport external interests (RASS-COI)Join List ServsRASS Access Request FormAsk EHSExternalWeb Financials (WebFin2)ExternalCornell Data ServicesExternalPI DashboardExternalTravel RegistryExternalResearch Financials (formerly RA Dashboard)ExternalInternational research activitiesExternalRegister for Federal and Non-Federal SystemsDisclose Foreign Collaborations and SupportResearch metrics & executive dashboardsTraining (/about/essential-tools, /gco, http://guide.rass.cornell.edu/, /resources/institutional-profile-duns-and-uei-numbers, /resources/submit-new-iacuc-protocol, /proposal/Find-Your-Next-Funding-Opportunity, /resources/ibc-application-submission-review-and-approval, /research-development, https://rass.cornell.edu/irb, /proposal/budget, /compliance/conflict-of-interest, /resources/research-mailing-lists-list-servs, /resources/get-access-financial-sponsored-projects-data, https://tdx.cornell.edu/TDClient/42/Portal/Requests/TicketRequests/NewForm?ID=q5sab44D6GI_, http://webfin2.cornell.edu/, https://data.research.cornell.edu/, https://pidash.cornell.edu, https://travelregistry.cornell.edu/, http://radash.cornell.edu/, https://navigate.cornell.edu, /resources/register-federal-and-non-federal-systems, /proposal/disclose-foreign-collaborations-and-support, /resources/research-metrics, /training)\nFind My GCO (/gco)\nRASSExternal (http://guide.rass.cornell.edu/)\nInstitutional Profile & DUNS (/resources/institutional-profile-duns-and-uei-numbers)\nIACUC applications (Cayuse Animal Management) (/resources/submit-new-iacuc-protocol)\nFind Your Next Funding Opportunity (/proposal/Find-Your-Next-Funding-Opportunity)\nIBC Applications (RASS-IBC) (/resources/ibc-application-submission-review-and-approval)\nResearch Development (ReD) Services (/research-development)\nIRB Applications (RASS-IRB)External (https://rass.cornell.edu/irb)\nRates and budgets (/proposal/budget)\nReport external interests (RASS-COI) (/compliance/conflict-of-interest)\nJoin List Servs (/resources/research-mailing-lists-list-servs)\nRASS Access Request Form (/resources/get-access-financial-sponsored-projects-data)\nAsk EHSExternal (https://tdx.cornell.edu/TDClient/42/Portal/Requests/TicketRequests/NewForm?ID=q5sab44D6GI_)\nWeb Financials (WebFin2)External (http://webfin2.cornell.edu/)\nCornell Data ServicesExternal (https://data.research.cornell.edu/)\nPI DashboardExternal (https://pidash.cornell.edu)\nTravel RegistryExternal (https://travelregistry.cornell.edu/)\nResearch Financials (formerly RA Dashboard)External (http://radash.cornell.edu/)\nInternational research activitiesExternal (https://navigate.cornell.edu)\nRegister for Federal and Non-Federal Systems (/resources/register-federal-and-non-federal-systems)\nDisclose Foreign Collaborations and Support (/proposal/disclose-foreign-collaborations-and-support)\nResearch metrics & executive dashboards (/resources/research-metrics)\nTraining (/training)\nSearch (/search)\nWork with Live Vertebrate Animals\nAnimal research at Cornell University is managed by theIACUC Office,CARE, and collaborating units. (/offices/iacuc, /offices/care)\nBefore purchasing animals or using animals for research, teaching or testing,you must have an approved IACUC protocol.Before your protocol can be approved,you (and personnel working with you) must completerequired training.\u00a0Access theAALAS trainingwebsite. (/training/iacuc-education-and-training, https://www.iacuc.cornell.edu/training/login/index.cfm)\nWho can Help?\nInstitutional Animal Care and Use Committee (IACUC). The Cornell University IACUC\u00a0reviews\u00a0protocol applications and ensures compliance with the Animal Welfare Act and other regulatory bodies involving use of animals in research and in teaching. (/offices/iacuc)\nCenter for Animal Resources and Education (CARE).\u00a0CARE provides high quality animal care and veterinary services, and advises and educates researchers, staff and students on animal experimentation issues while promoting best practices for the responsible use of animals. (/offices/care)\nProcedures and Policies\nBEFORE you get started, review theGetting Started with Live Vertebrate Animals page. (/resources/get-started-live-vertebrate-animals)\nAnimal Care and Use Procedures (ACUPs) and IACUC policiesare\u00a0your standard operating procedures. Cornell faculty, researchers and their staff, animal facility personnel, and students must comply with these procedures. (/resources/regulations-and-guidance-use-live-vertebrate-animals-acup-iacuc-policies)\nRelated University Policies and Programs\nUniversity Policy 1.4, Care and Use of Live Vertebrate Animals in Research and Teaching (https://policy.cornell.edu/policy-library/care-and-use-live-vertebrate-animals-research-and-teaching)\nUniversity Policy 8.6, Environment, Health, and Safety (https://policy.cornell.edu/policy-library/environment-health-and-safety)\nAnimal Users Health and Safety Program (AUHSP)helps to identify health risks for you and your staff when using animals in research, teaching or testing. All animal users are automatically enrolled in AUHSP and need to complete AUHSP requirements before access to facilities and animals is granted. (/resources/animal-user-health-and-safety-program-auhsp)\nInstitutional Animal Care and Use Committee (IACUC) Office (/offices/iacuc)\nCompliance, Ethics, Safety (/compliance)\nCARE Training and Education Services (/training/care-training-and-education-services)\nGet Started with Live Vertebrate Animals (/resources/get-started-live-vertebrate-animals)\nSubmit a New IACUC Protocol (/resources/submit-new-iacuc-protocol)\nSubmit a third year renewal for existing IACUC protocol (/resources/submit-third-year-renewal-existing-iacuc-protocol)\nComplete your IACUC Annual Review (/resources/complete-your-iacuc-annual-review)\nAmend your IACUC Protocol (/resources/amend-your-iacuc-protocol)\nAdd Personnel to an Approved IACUC Protocol (/resources/add-personnel-approved-iacuc-protocol)\nReport an Animal Welfare Concern (/resources/report-animal-welfare-concern)\nIACUC Education and Training (/training/iacuc-education-and-training)\nQuick Reference\nRates (/rates)\nForms (/forms)\nPolicies (/policies)\nContacts (/contacts)\nTraining (/training)\nEvents (/events)\nNews & Announcements (/news)\n\u00a9 2019 Cornell University\nWeb Accessibility Help (mailto:rais-help@cornell.edu?subject=researchservices.cornell.edu%20site)"
}