{
    "URL location": "https://researchservices.cornell.edu/gco",
    "Last modification date": "2024-12-03T18:24Z",
    "Change frequency": "yearly",
    "Priority": "0.5",
    "Scraped Text": "Find guidance on funding and agency updates during the federal government transition(updated 3/19/2025) (/federal-transition)\nEssential ToolsFind My GCORASSExternalInstitutional Profile & DUNSIACUC applications (Cayuse Animal Management)Find Your Next Funding OpportunityIBC Applications (RASS-IBC)Research Development (ReD) ServicesIRB Applications (RASS-IRB)ExternalRates and budgetsReport external interests (RASS-COI)Join List ServsRASS Access Request FormAsk EHSExternalWeb Financials (WebFin2)ExternalCornell Data ServicesExternalPI DashboardExternalTravel RegistryExternalResearch Financials (formerly RA Dashboard)ExternalInternational research activitiesExternalRegister for Federal and Non-Federal SystemsDisclose Foreign Collaborations and SupportResearch metrics & executive dashboardsTraining (/about/essential-tools, /gco, http://guide.rass.cornell.edu/, /resources/institutional-profile-duns-and-uei-numbers, /resources/submit-new-iacuc-protocol, /proposal/Find-Your-Next-Funding-Opportunity, /resources/ibc-application-submission-review-and-approval, /research-development, https://rass.cornell.edu/irb, /proposal/budget, /compliance/conflict-of-interest, /resources/research-mailing-lists-list-servs, /resources/get-access-financial-sponsored-projects-data, https://tdx.cornell.edu/TDClient/42/Portal/Requests/TicketRequests/NewForm?ID=q5sab44D6GI_, http://webfin2.cornell.edu/, https://data.research.cornell.edu/, https://pidash.cornell.edu, https://travelregistry.cornell.edu/, http://radash.cornell.edu/, https://navigate.cornell.edu, /resources/register-federal-and-non-federal-systems, /proposal/disclose-foreign-collaborations-and-support, /resources/research-metrics, /training)\nFind My GCO (/gco)\nRASSExternal (http://guide.rass.cornell.edu/)\nInstitutional Profile & DUNS (/resources/institutional-profile-duns-and-uei-numbers)\nIACUC applications (Cayuse Animal Management) (/resources/submit-new-iacuc-protocol)\nFind Your Next Funding Opportunity (/proposal/Find-Your-Next-Funding-Opportunity)\nIBC Applications (RASS-IBC) (/resources/ibc-application-submission-review-and-approval)\nResearch Development (ReD) Services (/research-development)\nIRB Applications (RASS-IRB)External (https://rass.cornell.edu/irb)\nRates and budgets (/proposal/budget)\nReport external interests (RASS-COI) (/compliance/conflict-of-interest)\nJoin List Servs (/resources/research-mailing-lists-list-servs)\nRASS Access Request Form (/resources/get-access-financial-sponsored-projects-data)\nAsk EHSExternal (https://tdx.cornell.edu/TDClient/42/Portal/Requests/TicketRequests/NewForm?ID=q5sab44D6GI_)\nWeb Financials (WebFin2)External (http://webfin2.cornell.edu/)\nCornell Data ServicesExternal (https://data.research.cornell.edu/)\nPI DashboardExternal (https://pidash.cornell.edu)\nTravel RegistryExternal (https://travelregistry.cornell.edu/)\nResearch Financials (formerly RA Dashboard)External (http://radash.cornell.edu/)\nInternational research activitiesExternal (https://navigate.cornell.edu)\nRegister for Federal and Non-Federal Systems (/resources/register-federal-and-non-federal-systems)\nDisclose Foreign Collaborations and Support (/proposal/disclose-foreign-collaborations-and-support)\nResearch metrics & executive dashboards (/resources/research-metrics)\nTraining (/training)\nSearch (/search)\nFind My GCO (Grant & Contract Officer)\nWho Can Help: Finance Staff (/resources/who-can-help-finance-staff)\nInstitutional Profile, DUNS, and UEI Numbers (/resources/institutional-profile-duns-and-uei-numbers)\nGCOs\u00a0provide research administration services, including review and submission of proposals, award negotiation, award management and award close out activities, to all researchers and departments funded by the Center Sponsors.\nThe Office of Sponsored Programs (OSP) is organized into three Centers of Expertise: Federal, State and Foundations, and Industry.\nGo to\u00a0Federal Team|Go to\u00a0States and Foundations Team|Go to\u00a0Industry Team (#federal, #states, #industry)\nGrant & Contract Officers (GCOs) have an in-depth understanding of the requirements, business practices, and applicable regulatory considerations of the sponsor(s) with whom their assigned Center is aligned.\nNote: for multi-sponsored projects, contact the Grant & Contract Officer supporting the primary sponsor.\nFor help, contact OSP at 607-255-5014 orosp-help@cornell.edu. (mailto:osp-help@cornell.edu)\nForeign Governmentproposals and awards are handled by the Industry Team\nOutgoingsubawards(i.e., a portion of the work related to your sponsored project is to be performed by another entity), contactcu_subawards@cornell.edu. This mailbox is monitored daily. (mailto:cu_subawards@cornell.edu)\nIncomingMaterial Transfer Agreements (MTA)contactosp_mta@cornell.edu. (mailto:osp_mta@cornell.edu)\nNon-Disclosure Agreements (NDA)contactosp_nda@cornell.edu. (mailto:osp_nda@cornell.edu)\nData Use Agreements (DUA)contactosp_dua@cornell.edu (mailto:osp_dua@cornell.edu)\nOSP LocationEast Hill Plaza373 Pine Tree RoadCornell UniversityIthaca, NY 14850-2820\nFederal Sponsors\nAgency for International Development (USAID)\nAll Units\nCorporation for National & Community Service (CNCS)\nAll Units\nDepartment of Agriculture (USDA)\nAgricultural Marketing Service (AMS)\nAgricultural Research Service (ARS)\nAnimal & Plant Health Inspection Service (APHIS)\nCenter for Nutrition Policy & Promotion (CNPP)\nEconomic Research Service (ERS)\nFarm Service Agency (FSA)\nFood & Nutrition Service (FNS)\nFood Safety & Inspection Service (FSIS)\nForeign Agricultural Service (FAS)\nForest Service (FS)\nGrain Inspection, Packers & Stockyards Administration (GIPSA)\nNational Agricultural Library (NAL)\nNational Agricultural Statistics Service (NASS)\nNatural Resources Conservation Service (NRCS)\nRisk Management Agency (RMA)\nRural Development (RD)\nAll unitsexcept forthe following:College of Agriculture & Life Sciences\nCollege of Agriculture & Life Sciences\nDepartment of Agriculture (USDA)\nAgricultural Marketing Service (AMS)\nAgricultural Research Service (ARS)\nAnimal & Plant Health Inspection Service (APHIS)\nCenter for Nutrition Policy & Promotion (CNPP)\nEconomic Research Service (ERS)\nFarm Service Agency (FSA)\nFood & Nutrition Service (FNS)\nFood Safety & Inspection Service (FSIS)\nForeign Agricultural Service (FAS)\nForest Service (FS)\nGrain Inspection, Packers & Stockyards Administration (GIPSA)\nNational Agricultural Library (NAL)\nNational Agricultural Statistics Service (NASS)\nNatural Resources Conservation Service (NRCS)\nRisk Management Agency (RMA)\nRural Development (RD)\nCollege of Agriculture & Life Sciences\nDepartment of Agriculture (USDA)\nNational Institute of Food & Agriculture (NIFA)\nArts & Sciences\nCALS Coop Extension\nCALS Horticulture (Ithaca and Geneva)\nCALS Plant Pathology (Ithaca and Geneva)\nCornell Tech\nEngineering\nHuman Ecology\nVeterinary Medicine\nDepartment of Agriculture (USDA)\nNational Institute of Food & Agriculture (NIFA)\nAll unitsexcept forthe following:Arts & SciencesCALS Coop ExtensionCALS Horticulture (Ithaca and Geneva)CALS Plant Pathology (Ithaca and Geneva)Cornell TechEngineeringHuman EcologyVeterinary Medicine\nArts & Sciences\nCALS Coop Extension\nCALS Horticulture (Ithaca and Geneva)\nCALS Plant Pathology (Ithaca and Geneva)\nCornell Tech\nEngineering\nHuman Ecology\nVeterinary Medicine\nDepartment of Commerce (DOC)\nBureau of Economic Analysis (BEA)\nBureau of Industry & Security (BIS)\nCensus Bureau (USCB)\nEconomic Development Administration (EDA)\nEconomics & Statistics Administration (ESA)\nInternational Trade Administration (ITA)\nMinority Business Development Agency (MBDA)\nNational Institute of Standards & Technology (NIST)\nNational Oceanic & Atmospheric Administration (NOAA)\nNational Telecommunications & Information Administration (NTIA)\nNational Technical Information Service (NTIS)\nU.S. Patent & Trademark Office (USPTO)\nAll Units\nDepartment of Defense (DOD)\nAir Force\nArmy\nArmy Medical Research & Materiel Command (USAMRMC)\nBiometrics Identity Management Agency (BIMA)\nBusiness Transformation Agency (BTA)\nCentral Intelligence Agency (CIA)\nCongressionally Directed Medical Research Programs (CDMRP)\nDefense Advanced Research Projects Agency (DARPA)\nDefense Commissary Agency (DeCA)\nDefense Contract Audit Agency (DCAA)\nDefense Contract Management Agency (DCMA)\nDefense Information Systems Agency (DISA)\nDefense Intelligence Agency (DIA)\nDefense Legal Services Agency (DLSA)\nDefense Logistics Agency (DLA)\nDefense Security Cooperation Agency (DSCA)\nDefense Counterintelligence &\u00a0Security Agency (DCSA)\nDefense Technical Information Center (DTIC)\nDefense Threat Reduction Agency (DTRA)\nMissile Defense Agency (MDA)\nNational Geospatial-Intelligence Agency (NGA)\nNational Security Agency (NSA)\nNavy\nOffice of Naval Research (ONR)\nPentagon Force Protection Agency (PFPA)\nCollege of EngineeringCivil & Environmental EngineeringElectrical & Computer EngineeringMechanical & Aerospace Engineering\nCivil & Environmental Engineering\nElectrical & Computer Engineering\nMechanical & Aerospace Engineering\nDepartment of Defense (DOD)\nAir Force\nArmy\nArmy Medical Research & Materiel Command (USAMRMC)\nBiometrics Identity Management Agency (BIMA)\nBusiness Transformation Agency (BTA)\nCentral Intelligence Agency (CIA)\nCongressionally Directed Medical Research Programs (CDMRP)\nDefense Advanced Research Projects Agency (DARPA)\nDefense Commissary Agency (DeCA)\nDefense Contract Audit Agency (DCAA)\nDefense Contract Management Agency (DCMA)\nDefense Information Systems Agency (DISA)\nDefense Intelligence Agency (DIA)\nDefense Legal Services Agency (DLSA)\nDefense Logistics Agency (DLA)\nDefense Security Cooperation Agency (DSCA)\nDefense Counterintelligence &\u00a0Security Agency (DCSA)\nDefense Technical Information Center (DTIC)\nDefense Threat Reduction Agency (DTRA)\nMissile Defense Agency (MDA)\nNational Geospatial-Intelligence Agency (NGA)\nNational Security Agency (NSA)\nNavy\nOffice of Naval Research (ONR)\nPentagon Force Protection Agency (PFPA)\nAll unitsexcept forthe following:College of Engineering:Civil & Environmental EngineeringElectrical & Computer EngineeringMechanical & Aerospace Engineering\nCollege of Engineering:Civil & Environmental EngineeringElectrical & Computer EngineeringMechanical & Aerospace Engineering\nCivil & Environmental Engineering\nElectrical & Computer Engineering\nMechanical & Aerospace Engineering\nDepartment of Education (ED)\nAll Units\nDepartment of Energy (DOE)\nAll unitsexcept forthe following:College of Engineering:Civil & Environmental EngineeringElectrical & Computer Engineering\nCollege of Engineering:Civil & Environmental EngineeringElectrical & Computer Engineering\nCivil & Environmental Engineering\nElectrical & Computer Engineering\nDepartment of Energy (DOE)\nCollege of Engineering:Civil & Environmental EngineeringElectrical & Computer Engineering\nCivil & Environmental Engineering\nElectrical & Computer Engineering\nDepartment of Health & Human Services (DHHS)\nAdministration for Children and Families (ACF)\nAgency for Healthcare Research & Quality (AHRQ)\nAgency for Toxic Substances & Disease Registry (ATSDR)\nCenters for Disease Control & Prevention (CDC)\nCenters for Medicare & Medicaid Services (CMS)\nFood & Drug Administration (FDA)\nHealth Resources & Services Administration (HRSA)\nIndian Health Service (IHS)\nNational Institutes of Health (NIH)\nOffice of the Inspector General (OIG)\nSubstance Abuse & Mental Health Services Administration (SAMSHA)\nCollege of Arts & Sciences\nDepartment of Health & Human Services (DHHS)\nAdministration for Children and Families (ACF)\nAgency for Healthcare Research & Quality (AHRQ)\nAgency for Toxic Substances & Disease Registry (ATSDR)\nCenters for Disease Control & Prevention (CDC)\nCenters for Medicare & Medicaid Services (CMS)\nFood & Drug Administration (FDA)\nHealth Resources & Services Administration (HRSA)\nIndian Health Service (IHS)\nNational Institutes of Health (NIH)\nOffice of the Inspector General (OIG)\nSubstance Abuse & Mental Health Services Administration (SAMSHA)\nCollege of Engineering:Chemical & Biomolecular EngineeringCivil & Environmental EngineeringEarth & Atmospheric SciencesElectrical & Computer EngineeringMechanical & Aerospace EngineeringOperations Research & Info. Engineering\nChemical & Biomolecular Engineering\nCivil & Environmental Engineering\nEarth & Atmospheric Sciences\nElectrical & Computer Engineering\nMechanical & Aerospace Engineering\nOperations Research & Info. Engineering\nCornell NYC Tech Campus\nGraduate School\nDepartment of Health & Human Services (DHHS)\nAdministration for Children and Families (ACF)\nAgency for Healthcare Research & Quality (AHRQ)\nAgency for Toxic Substances & Disease Registry (ATSDR)\nCenters for Disease Control & Prevention (CDC)\nCenters for Medicare & Medicaid Services (CMS)\nFood & Drug Administration (FDA)\nHealth Resources & Services Administration (HRSA)\nIndian Health Service (IHS)\nNational Institutes of Health (NIH)\nOffice of the Inspector General (OIG)\nSubstance Abuse & Mental Health Services Administration (SAMSHA)\nCollege of Agriculture& Life Sciences (Includes SC Johnson School of Business projects that are under CALS)\nCollege of Architecture, Art, & Planning\nCollege of Human Ecology\nDepartment of Health & Human Services (DHHS)\nAdministration for Children and Families (ACF)\nAgency for Healthcare Research & Quality (AHRQ)\nAgency for Toxic Substances & Disease Registry (ATSDR)\nCenters for Disease Control & Prevention (CDC)\nCenters for Medicare & Medicaid Services (CMS)\nFood & Drug Administration (FDA)\nHealth Resources & Services Administration (HRSA)\nIndian Health Service (IHS)\nNational Institutes of Health (NIH)\nOffice of the Inspector General (OIG)\nSubstance Abuse & Mental Health Services Administration (SAMSHA)\nBowers College of Computing & Information\u00a0Science\nVeterinary Medicine\nDepartment of Health & Human Services (DHHS)\nAdministration for Community Living (ACL)\nAdvanced Research Projects Agency for Health (ARPA-H)\nAll Units\nDepartment of Health & Human Services (DHHS)\nAdministration for Children and Families (ACF)\nAgency for Healthcare Research & Quality (AHRQ)\nAgency for Toxic Substances & Disease Registry (ATSDR)\nCenters for Disease Control & Prevention (CDC)\nCenters for Medicare & Medicaid Services (CMS)\nFood & Drug Administration (FDA)\nHealth Resources & Services Administration (HRSA)\nIndian Health Service (IHS)\nNational Institutes of Health (NIH)\nOffice of the Inspector General (OIG)\nSubstance Abuse & Mental Health Services Administration (SAMSHA)\nBrooks School of Public Policy\nCollege of Engineering:Applied & Engineering PhysicsBiomedical EngineeringMaterials Science EngineeringSystems Engineering\nApplied & Engineering Physics\nBiomedical Engineering\nMaterials Science Engineering\nSystems Engineering\nLaw School\nProvost\nSC Johnson College of Business (Excluding CALS projects)\nDepartment of Health & Human Services (DHHS)\nAdministration for Children and Families (ACF)\nAgency for Healthcare Research & Quality (AHRQ)\nAgency for Toxic Substances & Disease Registry (ATSDR)\nCenters for Disease Control & Prevention (CDC)\nCenters for Medicare & Medicaid Services (CMS)\nFood & Drug Administration (FDA)\nHealth Resources & Services Administration (HRSA)\nIndian Health Service (IHS)\nNational Institutes of Health (NIH)\nOffice of the Inspector General (OIG)\nSubstance Abuse & Mental Health Services Administration (SAMSHA)\nResearch Division,includingAffiliated Research Centers (https://research.cornell.edu/research-division)\nSchool of Industrial & Labor Relations\nDepartment of Homeland Security (DHS)\nAll Units\nDepartment of Interior (DOI)\nBureau of Indian Affairs (BIA)\nBureau of Land Management (BLM)\nBureau of Ocean Energy Management, Regulation & Enforcement (BOEM)\nBureau of Reclamation (RECLAMATION)\nFish & Wildlife Service (FWS)\nNational Park Service (NPS)\nOffice of Surface Mining, Reclamation & Enforcement (OSMRE)\nU.S. Geological Survey (USGS)\nAll Units\nDepartment of Justice (DOJ)\nAll Units\nDepartment of Labor (DOL)\nAll Units\nDepartment of State (DOS)\nAll Units\nDepartment of Transportation (DOT)\nAll Units\nDepartment of the Treasury (USDT)\nAll Units\nDepartment of Veterans Affairs (VA)\nAll Units\nEnvironmental Protection Agency (EPA)\nAll Units\nHousing & Urban Development (HUD)\nAll Units\nInstitute of Museum & Library Services (IMLS)\nAll Units\nNational Aeronautics & Space Administration (NASA)\nAll unitsexcept forthe following:Research Division,includingAffiliated Research Centers (https://research.cornell.edu/research-division)\nResearch Division,includingAffiliated Research Centers (https://research.cornell.edu/research-division)\nNational Aeronautics & Space Administration (NASA)\nResearch Division,includingAffiliated Research Centers (https://research.cornell.edu/research-division)\nNational Archives & Records Administration (NARA)\nAll Units\nNational Endowment for the Arts (NEA)\nAll Units\nNational Endowment for the Humanities (NEH)\nAll Units\nNational Labs (Federal & Non-Federal)\nAmes Laboratory (AMES)\nArgonne National Laboratory (ANL)\nBrookhaven National Laboratory (BNL)\nFermi National Accelerator Laboratory (FNAL)\nIdaho National Laboratory (INL)\nJet Propulsion Lab (JPL)\nLawrence Berkeley National Laboratory (LBNL)\nLawrence Livermore National Laboratory (LLNL)\nLos Alamos National Laboratory (LANL)\nNational Energy Technology Laboratory (NETL)\nNational Renewable Energy Laboratory (NREL)\nNew Brunswick Laboratory (NBL)\nOak Ridge Institute for Science & Education (ORISE)\nOak Ridge National Laboratory (ORNL)\nPacific Northwest National Laboratory (PNNL)\nPrinceton Plasma Physics Laboratory (PPPL)\nRadiological & Environmental Sciences Laboratory (RESL)\nSandia National Laboratory (SNL)\nSavannah River Ecology\u00a0Laboratory (SREL)\nSavannah River National Laboratory (SRNL)\nStanford Linear\u00a0Accelerator Center (SLAC)\nThomas Jefferson National Accelerator Facility (TJNAF)\nAll Units\nNational Science Foundation (NSF)\nCollege of Arts & Sciences\nNational Science Foundation (NSF)\nCollege of Engineering:Chemical & Biomolecular EngineeringCivil & Environmental EngineeringEarth & Atmospheric SciencesElectrical & Computer\u00a0EngineeringMechanical & Aerospace EngineeringOperations Research & Info. Engineering\nChemical & Biomolecular Engineering\nCivil & Environmental Engineering\nEarth & Atmospheric Sciences\nElectrical & Computer\u00a0Engineering\nMechanical & Aerospace Engineering\nOperations Research & Info. Engineering\nCornell NYC Tech Campus\nGraduate School\nNational Science Foundation (NSF)\nCollege of Agriculture & Life Sciences (Includes SC Johnson School of Business projects that are under CALS)\nNational Science Foundation (NSF)\nBowers College of Computing & Information\u00a0Science\nVeterinary Medicine\nNational Science Foundation (NSF)\nCollege of Architecture, Art, & Planning\nCollege of Engineering:Applied & Engineering PhysicsBiomedical EngineeringMaterials Science EngineeringSystems Engineering\nApplied & Engineering Physics\nBiomedical Engineering\nMaterials Science Engineering\nSystems Engineering\nLaw School\nProvost\nSC Johnson College of Business (Excluding CALS projects)\nUniversity Library\nNational Science Foundation (NSF)\nBrooks School of Public Policy\nCenter for Regional Economic Advancement\nCollege of Human Ecology\nCornell Public Service Center\nJohnson\u00a0 Art Museum\nResearch Division,includingAffiliated Research Centers (https://research.cornell.edu/research-division)\nSchool of Industrial & Labor Relations\nSmall Business Administration (SBA)\nAll Units\nSocial Security Administration (SSA)\nAll Units\nUniversity/College Sponsors\nProposals & awards will be managed by the GCO assigned to the prime source of funding if a Federal sponsor. If non-Federal prime sponsor, proposals & awards will be assigned to the GCOs listed to the right.\nWeill Cornell Medical College, including New York City & Qatar campuses\nAll Units\nCorey Burger (/contact/scb255)\n\nGo to\u00a0Federal Team|Go to\u00a0Industry Team (#federal, #industry)\nStates and Foundations Sponsors\nGo to New York State|Go to Foundations and Non-ProfitsGo to Other Foundations / Non-profit Organizations / New York City (#nys, #foundations, #other)\nNew York State\nFoundations & Non-Profits\nOther Foundations / Non-profit Organizations / New York City\nAffiliated Research Centers (https://research.cornell.edu/research-division)\nCollege of Agriculture & Life Sciences:Biological & Environmental EngineeringFood ScienceNatural Resources\nBiological & Environmental Engineering\nFood Science\nNatural Resources\nHuman Resources\nSC Johnson College of BusinessDyson School of Applied Economics & Management(Only)\nDyson School of Applied Economics & Management(Only)\nBrooks School of Public Policy(Proposals Only)\nCollege of Agriculture & Life Sciences:American Indian ProgramBiotechnologyCommunicationEntomologyNeurobiology & BehaviorNutritional Sciences\nAmerican Indian Program\nBiotechnology\nCommunication\nEntomology\nNeurobiology & Behavior\nNutritional Sciences\nCollege of Engineering(Proposals Only)\nCollege of Human Ecology(Proposals Only)\nDivision of Facilities Services\nProvostEinaudi Center(Only)\nEinaudi Center(Only)\nSchool of Industrial & Labor Relations(Proposals Only)\nUniversity Libraries\nBrooks School of Public Policy(Awards Only)\nCollege of Engineering(Awards Only)\nCollege of Human Ecology(Awards Only)\nCornell NYC Tech Campus\nJohnson Art Museum\nSC Johnson School of BusinessJohnson Graduate School of Management(Only)\nJohnson Graduate School of Management(Only)\nSchool of Industrial & Labor Relations(Awards Only)\nBowers College of Computing & Information\u00a0Science\nBrooks School of Pubilc PolicyCCE - NYC(Only)\nCCE - NYC(Only)\nCollege of Agriculture & Life Sciences:Global DevelopmentLab of OrnithologyMolecular Biology & GeneticsPlant BiologyPlant Breeding & GeneticsPlant Pathology & Plant-Microbe BiologySoil & Crop ScienceUndergraduate Biology\nGlobal Development\nLab of Ornithology\nMolecular Biology & Genetics\nPlant Biology\nPlant Breeding & Genetics\nPlant Pathology & Plant-Microbe Biology\nSoil & Crop Science\nUndergraduate Biology\nCollege of Art, Architecture\u00a0& Planning\nCollege of Human EcologyCCE - NYC(Only)\nCCE - NYC(Only)\nCollege of Veterinary Medicine\nCU Press\nGraduate School\nLaw School\nProvostAll unitsexcept forthe \u00a0Einaudi Center\nAll unitsexcept forthe \u00a0Einaudi Center\nSC Johnson College of BusinessSchool of Hotel Administration(Only)\nSchool of Hotel Administration(Only)\nCollege of Agriculture & Life Sciences:Animal ScienceBiological Statistics & Computational BiologyCornell Cooperative Extension AdministrationCornell Institute for Food, Agriculture, & DevelopmentEarth & Atmospheric SciencesEcology & Evolutionary BiologyEconometricsGeneva AdministrationHorticultureLandscape ArchitectureMicrobiologyPlantationsSea Grant Program\nAnimal Science\nBiological Statistics & Computational Biology\nCornell Cooperative Extension Administration\nCornell Institute for Food, Agriculture, & Development\nEarth & Atmospheric Sciences\nEcology & Evolutionary Biology\nEconometrics\nGeneva Administration\nHorticulture\nLandscape Architecture\nMicrobiology\nPlantations\nSea Grant Program\nCollege of Arts & Sciences\nShoals Marine Lab\n\nGo to\u00a0Federal Team|Go to\u00a0States and Foundations Team (#federal, #states)\nIndustry Sponsors, Foreign Governments, and Non-Financial Aggreements (Non-Disclosure Agreements (NDAs), Material Transfer Agreements (MTAs), and Data Use Agreements (DUAs))\nSchool of Integrative Plant Science\nSC Johnson College of Business\nDyson School of Applied Economics & Management\nJohnson Graduate School of Management\nSchool of Hotel Administration\nProposal Development, Review, and Submission (/proposal/develop)\nRegister for Federal and Non-Federal Systems (/resources/register-federal-and-non-federal-systems)\nPre-Award Research Operations (PRO) (/resources/pro-research-operations)\nAdditional Things to Consider when Preparing a Proposal (/resources/additional-things-consider-when-preparing-proposal)\nSample Proposal Library (/resources/sample-proposal-library)\nProposal Review Guidelines (/resources/proposal-review-guidelines)\nLimited Submissions Funding Opportunities (/resources/limited-submissions-funding-opportunities)\nPI Eligibility (/policies/pi-eligibility)\nInstitutional Profile, DUNS, and UEI Numbers (/resources/institutional-profile-duns-and-uei-numbers)\nRASS (Form 10 is Phased Out) (/forms/rass-form-10-phased-out)\nNFA (Non-Financial Agreements) (/forms/nfa-non-financial-agreements)\nQuick Reference\nRates (/rates)\nForms (/forms)\nPolicies (/policies)\nContacts (/contacts)\nTraining (/training)\nEvents (/events)\nNews & Announcements (/news)\n\u00a9 2019 Cornell University\nWeb Accessibility Help (mailto:rais-help@cornell.edu?subject=researchservices.cornell.edu%20site)"
}