{
    "URL location": "https://researchservices.cornell.edu/resources/post-award-reference-employee-benefits-and-facilityadministrative-costs",
    "Last modification date": "2022-02-21T21:28Z",
    "Change frequency": "never",
    "Priority": "0.5",
    "Scraped Text": "Find guidance on funding and agency updates during the federal government transition(updated 3/19/2025) (/federal-transition)\nEssential ToolsFind My GCORASSExternalInstitutional Profile & DUNSIACUC applications (Cayuse Animal Management)Find Your Next Funding OpportunityIBC Applications (RASS-IBC)Research Development (ReD) ServicesIRB Applications (RASS-IRB)ExternalRates and budgetsReport external interests (RASS-COI)Join List ServsRASS Access Request FormAsk EHSExternalWeb Financials (WebFin2)ExternalCornell Data ServicesExternalPI DashboardExternalTravel RegistryExternalResearch Financials (formerly RA Dashboard)ExternalInternational research activitiesExternalRegister for Federal and Non-Federal SystemsDisclose Foreign Collaborations and SupportResearch metrics & executive dashboardsTraining (/about/essential-tools, /gco, http://guide.rass.cornell.edu/, /resources/institutional-profile-duns-and-uei-numbers, /resources/submit-new-iacuc-protocol, /proposal/Find-Your-Next-Funding-Opportunity, /resources/ibc-application-submission-review-and-approval, /research-development, https://rass.cornell.edu/irb, /proposal/budget, /compliance/conflict-of-interest, /resources/research-mailing-lists-list-servs, /resources/get-access-financial-sponsored-projects-data, https://tdx.cornell.edu/TDClient/42/Portal/Requests/TicketRequests/NewForm?ID=q5sab44D6GI_, http://webfin2.cornell.edu/, https://data.research.cornell.edu/, https://pidash.cornell.edu, https://travelregistry.cornell.edu/, http://radash.cornell.edu/, https://navigate.cornell.edu, /resources/register-federal-and-non-federal-systems, /proposal/disclose-foreign-collaborations-and-support, /resources/research-metrics, /training)\nFind My GCO (/gco)\nRASSExternal (http://guide.rass.cornell.edu/)\nInstitutional Profile & DUNS (/resources/institutional-profile-duns-and-uei-numbers)\nIACUC applications (Cayuse Animal Management) (/resources/submit-new-iacuc-protocol)\nFind Your Next Funding Opportunity (/proposal/Find-Your-Next-Funding-Opportunity)\nIBC Applications (RASS-IBC) (/resources/ibc-application-submission-review-and-approval)\nResearch Development (ReD) Services (/research-development)\nIRB Applications (RASS-IRB)External (https://rass.cornell.edu/irb)\nRates and budgets (/proposal/budget)\nReport external interests (RASS-COI) (/compliance/conflict-of-interest)\nJoin List Servs (/resources/research-mailing-lists-list-servs)\nRASS Access Request Form (/resources/get-access-financial-sponsored-projects-data)\nAsk EHSExternal (https://tdx.cornell.edu/TDClient/42/Portal/Requests/TicketRequests/NewForm?ID=q5sab44D6GI_)\nWeb Financials (WebFin2)External (http://webfin2.cornell.edu/)\nCornell Data ServicesExternal (https://data.research.cornell.edu/)\nPI DashboardExternal (https://pidash.cornell.edu)\nTravel RegistryExternal (https://travelregistry.cornell.edu/)\nResearch Financials (formerly RA Dashboard)External (http://radash.cornell.edu/)\nInternational research activitiesExternal (https://navigate.cornell.edu)\nRegister for Federal and Non-Federal Systems (/resources/register-federal-and-non-federal-systems)\nDisclose Foreign Collaborations and Support (/proposal/disclose-foreign-collaborations-and-support)\nResearch metrics & executive dashboards (/resources/research-metrics)\nTraining (/training)\nSearch (/search)\nPost-award Reference: Employee Benefits and Facility/Administrative Costs\nEmployee benefit rates and facility & administrative cost rates to use when managing awards. Includes object codes for accounting. The same information is provided for proposal budget planning on theEmployee Benefit Rates and Project Escalationpage. (/rates/employee-benefit-fringe-rates)\nEmployee Benefit Rates\nPerDHHS Rate Agreement as of Aug. 13, 2021 (PDF, 429 KB) (https://www.dfa.cornell.edu/sites/default/files/dhhsrateagreement.pdf)\nNote that only approved or proposed rates are listed here. Estimated future rates for the development of sponsored proposals are available on theOffice of Sponsored Programswebsite. (/rates/employee-benefit-fringe-rates)\nThe document on this page opens withAdobe\u00aeAcrobat\u00aeReader. (http://get.adobe.com/reader/)\n\nWhen Contract College Employee Benefit Charges Apply\nMost contract college accounts are not charged benefits directly. In certain instances though, the university is required to reimburse the State of New York for contract college benefits, and accounts are charged the applicable federal or non-federal rate. These instances occur when:\nServices are provided undersponsored agreements, except those performed directly for the State of New York and funded by the state\u2019s general purpose operating or capital funds.\nServices are paid for withrestricted gifts, except those received from university alumni (as individuals, foundations, or corporations), for endowment, or from endowment income.\nServices are providedby contract college employeesto the endowed divisions of the university.\nThere are two benefit levels. Per the conditions established by New York State, there is no \u201cminimum\u201d benefit rate.\nFull Benefit Rate:The rate charged to salary expenditures associated with most employees (i.e. those eligible for benefits or mandated coverage). Includes all Full and Minimum Benefit Rate object codes listed in the Endowed table above.\nZero Benefit Rate:The rate charged to salary expenditures associated with employees who are generally exempt from mandated coverage (e.g., registered students during the academic year) and are not eligible for any other employee benefits). Includes all Zero Benefit Rate object codes listed in the Endowed table above, plus 5041.\nFacilities & Administrative Cost Rates\nEndowed Research\n\nContract Colleges Research: Ithaca and Geneva\n\nCampus-Wide Other Sponsored Agreement Rate\n\nCampus-Wide Interagency Personnel Agreement\n\nContract Colleges NYS Funds\n\nEndowed Division and Contract Colleges\n\n*MTDC =Modified Total Direct Costs (PDF, 89 KB)**TDC = Total Direct Cost (https://www.dfa.cornell.edu/sites/default/files/ObjectCodesMTDC.pdf)\nProject Finances (/manage/finances)\nSalary Cap Calculator (/rates/salary-cap-calculator)\nPI Dashboard (/resources/pi-dashboard)\nAccount Award Portfolio Dashboard (/resources/account-award-portfolio-dashboard)\nWebFin2 (/resources/webfin2)\nGet Access to Financial & Sponsored Projects Data (/resources/get-access-financial-sponsored-projects-data)\nBilling (Invoicing) Sponsors (/resources/billing-invoicing-sponsors)\nForeign Currency Awards (/resources/foreign-currency-awards)\nWho Can Help: Finance Staff (/resources/who-can-help-finance-staff)\nAccount Setup Details (/resources/account-setup-details)\nUniform Guidance for Federal Awards (/resources/uniform-guidance-federal-awards)\nQuick Reference\nRates (/rates)\nForms (/forms)\nPolicies (/policies)\nContacts (/contacts)\nTraining (/training)\nEvents (/events)\nNews & Announcements (/news)\n\u00a9 2019 Cornell University\nWeb Accessibility Help (mailto:rais-help@cornell.edu?subject=researchservices.cornell.edu%20site)"
}