{
    "URL location": "https://researchservices.cornell.edu/resources/irb-announcements-newsletters",
    "Last modification date": "2025-01-29T17:37Z",
    "Change frequency": "monthly",
    "Priority": "0.5",
    "Scraped Text": "Find guidance on funding and agency updates during the federal government transition(updated 3/19/2025) (/federal-transition)\nEssential ToolsFind My GCORASSExternalInstitutional Profile & DUNSIACUC applications (Cayuse Animal Management)Find Your Next Funding OpportunityIBC Applications (RASS-IBC)Research Development (ReD) ServicesIRB Applications (RASS-IRB)ExternalRates and budgetsReport external interests (RASS-COI)Join List ServsRASS Access Request FormAsk EHSExternalWeb Financials (WebFin2)ExternalCornell Data ServicesExternalPI DashboardExternalTravel RegistryExternalResearch Financials (formerly RA Dashboard)ExternalInternational research activitiesExternalRegister for Federal and Non-Federal SystemsDisclose Foreign Collaborations and SupportResearch metrics & executive dashboardsTraining (/about/essential-tools, /gco, http://guide.rass.cornell.edu/, /resources/institutional-profile-duns-and-uei-numbers, /resources/submit-new-iacuc-protocol, /proposal/Find-Your-Next-Funding-Opportunity, /resources/ibc-application-submission-review-and-approval, /research-development, https://rass.cornell.edu/irb, /proposal/budget, /compliance/conflict-of-interest, /resources/research-mailing-lists-list-servs, /resources/get-access-financial-sponsored-projects-data, https://tdx.cornell.edu/TDClient/42/Portal/Requests/TicketRequests/NewForm?ID=q5sab44D6GI_, http://webfin2.cornell.edu/, https://data.research.cornell.edu/, https://pidash.cornell.edu, https://travelregistry.cornell.edu/, http://radash.cornell.edu/, https://navigate.cornell.edu, /resources/register-federal-and-non-federal-systems, /proposal/disclose-foreign-collaborations-and-support, /resources/research-metrics, /training)\nFind My GCO (/gco)\nRASSExternal (http://guide.rass.cornell.edu/)\nInstitutional Profile & DUNS (/resources/institutional-profile-duns-and-uei-numbers)\nIACUC applications (Cayuse Animal Management) (/resources/submit-new-iacuc-protocol)\nFind Your Next Funding Opportunity (/proposal/Find-Your-Next-Funding-Opportunity)\nIBC Applications (RASS-IBC) (/resources/ibc-application-submission-review-and-approval)\nResearch Development (ReD) Services (/research-development)\nIRB Applications (RASS-IRB)External (https://rass.cornell.edu/irb)\nRates and budgets (/proposal/budget)\nReport external interests (RASS-COI) (/compliance/conflict-of-interest)\nJoin List Servs (/resources/research-mailing-lists-list-servs)\nRASS Access Request Form (/resources/get-access-financial-sponsored-projects-data)\nAsk EHSExternal (https://tdx.cornell.edu/TDClient/42/Portal/Requests/TicketRequests/NewForm?ID=q5sab44D6GI_)\nWeb Financials (WebFin2)External (http://webfin2.cornell.edu/)\nCornell Data ServicesExternal (https://data.research.cornell.edu/)\nPI DashboardExternal (https://pidash.cornell.edu)\nTravel RegistryExternal (https://travelregistry.cornell.edu/)\nResearch Financials (formerly RA Dashboard)External (http://radash.cornell.edu/)\nInternational research activitiesExternal (https://navigate.cornell.edu)\nRegister for Federal and Non-Federal Systems (/resources/register-federal-and-non-federal-systems)\nDisclose Foreign Collaborations and Support (/proposal/disclose-foreign-collaborations-and-support)\nResearch metrics & executive dashboards (/resources/research-metrics)\nTraining (/training)\nSearch (/search)\nIRB Announcements & Newsletters\nLast updated October 14, 2022\nBelow you can find all announcements & newsletters that have been sent to IRB researchers since October 2021.\n\nIRB Newsletter: Summer 2023 (/news/irb-newsletter-summer-2023)\nJuly 7, 2023\nCONTENTS\n1. New NIH Data Sharing and Management Policy2. RASS-COI - System for Conflicts of Interest Reporting3. One Year In: RASS-IRB Quirks and Reminders4. Cornell University Buying Manual Update - Paying Human Participants5. Freedom of Information Request Procedures6. Welcome, VPRI Dr. Krystyn Van Vliet\nIRB Newsletter: Fall 2022 (/news/irb-newsletter-fall-2022)\nSeptember 27, 2022\nCONTENTS\n1. Final Reminder: New Exempt Protocol Training Requirement - Effective 10/1/222. Revised Guidance for Conducting In-Person Research During the COVID-19 Pandemic3. New and Upcoming Resources4. RASS-IRB Tips5. New staff, Valerie and Lydia\nIRB News: New Training Requirement for Exempt Research (/news/irb-news-new-training-requirement-exempt-research)\nJuly 29, 2022\nThe IRB announced that as of October 1, 2022, research team members on all protocols are required to have human participant research training, rather than only members of Expedited and Full Board protocols.\nIRB News: Amendments to Migrated Protocols (/news/irb-news-amendments-migrated-protocols)\nApril 25, 2022\nFollowing the launch of the RASS-IRB system, the IRB shared guidance for amending migrated protocols, those that had been reviewed and approved before RASS.\nRASS-IRB Launch Plan (/news/rass-irb-launch-plan)\nUpdated May 19, 2022\nThe IRB shared details regarding the implementation of the RASS-IRB system for handling protocols.\nIRB News Fall 2021 (/news/irb-news-fall-2021)\nOctober 28, 2021\nCONTENTS\n1. Updated IRB guidance on research during the COVID-19 pandemic2. New online IRB system in development3. Tips on submitting a new protocol application\nAbout the IRB Committee (/resources/about-irb-committee)\nThe Life Cycle of an IRB Protocol (/resources/life-cycle-irb-protocol)\nResearch with Human Participants (/compliance/human-research)\nIRB Informed Consent (/resources/irb-informed-consent)\nIRB Training (/resources/irb-training)\nIRB Considerations: Human Participant Data, Data Sets and Internet Research (/resources/human-participant-data)\nIRB Biomedical Research (/resources/irb-biomedical-research)\nIRB Considerations for International Research (/resources/irb-considerations-international-research)\nIRB Considerations for Clinical Trials (/resources/irb-considerations-clinical-trials)\nMulti-site and Collaborative IRB Research (/resources/multi-site-and-collaborative-irb-research)\nReport a Concern Involving Human Participant Research (/resources/report-concern-involving-human-participant-research)\nQuick Reference\nRates (/rates)\nForms (/forms)\nPolicies (/policies)\nContacts (/contacts)\nTraining (/training)\nEvents (/events)\nNews & Announcements (/news)\n\u00a9 2019 Cornell University\nWeb Accessibility Help (mailto:rais-help@cornell.edu?subject=researchservices.cornell.edu%20site)"
}