{
    "URL location": "https://researchservices.cornell.edu/resources/irb-considerations-international-research",
    "Last modification date": "2025-02-10T20:18Z",
    "Change frequency": "monthly",
    "Priority": "0.5",
    "Scraped Text": "Find guidance on funding and agency updates during the federal government transition(updated 3/19/2025) (/federal-transition)\nEssential ToolsFind My GCORASSExternalInstitutional Profile & DUNSIACUC applications (Cayuse Animal Management)Find Your Next Funding OpportunityIBC Applications (RASS-IBC)Research Development (ReD) ServicesIRB Applications (RASS-IRB)ExternalRates and budgetsReport external interests (RASS-COI)Join List ServsRASS Access Request FormAsk EHSExternalWeb Financials (WebFin2)ExternalCornell Data ServicesExternalPI DashboardExternalTravel RegistryExternalResearch Financials (formerly RA Dashboard)ExternalInternational research activitiesExternalRegister for Federal and Non-Federal SystemsDisclose Foreign Collaborations and SupportResearch metrics & executive dashboardsTraining (/about/essential-tools, /gco, http://guide.rass.cornell.edu/, /resources/institutional-profile-duns-and-uei-numbers, /resources/submit-new-iacuc-protocol, /proposal/Find-Your-Next-Funding-Opportunity, /resources/ibc-application-submission-review-and-approval, /research-development, https://rass.cornell.edu/irb, /proposal/budget, /compliance/conflict-of-interest, /resources/research-mailing-lists-list-servs, /resources/get-access-financial-sponsored-projects-data, https://tdx.cornell.edu/TDClient/42/Portal/Requests/TicketRequests/NewForm?ID=q5sab44D6GI_, http://webfin2.cornell.edu/, https://data.research.cornell.edu/, https://pidash.cornell.edu, https://travelregistry.cornell.edu/, http://radash.cornell.edu/, https://navigate.cornell.edu, /resources/register-federal-and-non-federal-systems, /proposal/disclose-foreign-collaborations-and-support, /resources/research-metrics, /training)\nFind My GCO (/gco)\nRASSExternal (http://guide.rass.cornell.edu/)\nInstitutional Profile & DUNS (/resources/institutional-profile-duns-and-uei-numbers)\nIACUC applications (Cayuse Animal Management) (/resources/submit-new-iacuc-protocol)\nFind Your Next Funding Opportunity (/proposal/Find-Your-Next-Funding-Opportunity)\nIBC Applications (RASS-IBC) (/resources/ibc-application-submission-review-and-approval)\nResearch Development (ReD) Services (/research-development)\nIRB Applications (RASS-IRB)External (https://rass.cornell.edu/irb)\nRates and budgets (/proposal/budget)\nReport external interests (RASS-COI) (/compliance/conflict-of-interest)\nJoin List Servs (/resources/research-mailing-lists-list-servs)\nRASS Access Request Form (/resources/get-access-financial-sponsored-projects-data)\nAsk EHSExternal (https://tdx.cornell.edu/TDClient/42/Portal/Requests/TicketRequests/NewForm?ID=q5sab44D6GI_)\nWeb Financials (WebFin2)External (http://webfin2.cornell.edu/)\nCornell Data ServicesExternal (https://data.research.cornell.edu/)\nPI DashboardExternal (https://pidash.cornell.edu)\nTravel RegistryExternal (https://travelregistry.cornell.edu/)\nResearch Financials (formerly RA Dashboard)External (http://radash.cornell.edu/)\nInternational research activitiesExternal (https://navigate.cornell.edu)\nRegister for Federal and Non-Federal Systems (/resources/register-federal-and-non-federal-systems)\nDisclose Foreign Collaborations and Support (/proposal/disclose-foreign-collaborations-and-support)\nResearch metrics & executive dashboards (/resources/research-metrics)\nTraining (/training)\nSearch (/search)\nIRB Considerations for International Research\nResearch with human participants in other countries must comply with both U.S. and international ethical standards, and may require additional consideration for international participants' rights and welfare within different cultural contexts and local regulations.\nResearch conducted by Cornell faculty, students and staff in foreign countries must be reviewed and approved by the Cornell IRB. In addition to Cornell IRB approval, some international research must also be approved by the local equivalent of an IRB. Where there is no equivalent board or committee, researchers should work with local NGOs, researchers or community leaders to ensure that the project is consistent with cultural and legal expectations, and to secure support for the conduct of the research. As part of its review, the Cornell IRB will require a letter demonstrating support from an appropriate local body, organization or individual who will cooperate with and support the researcher. Researchers are urged to plan for the additional time that will be needed to obtain and document local support and review, and for the Cornell IRB to then review these important documents. Please seeIRB Policy: International Human Researchfor more information. (/policies/irb-policy-14-international-human-research)\nBoth the U.S. and host country standards for protecting human participants must be respected through the IRB review and approval process and the conduct of the research. Where the two sets of standards present a conflict, the research must meet the higher standard. In particular, while we do not impose our standards for written documentation on other cultures, we do not relax our standards for ethical conduct of research or for a meaningful consent and/or assent process, including ensuring additional protections for vulnerable participant populations (e.g., children, prisoners).\nDue to U.S. export regulations, Cornell researchers cannot send money or provide other transactions of value (e.g., gift cards, presents) to study participants in any of these locations: Cuba, Russia, certain regions of Ukraine, Iran, North Korea, and Syria.\nGDPR: European Data Regulation Impacts Research (/news/gdpr-european-data-regulation-impacts-research)\nIRB Policy #14: International Human Research (/policies/irb-policy-14-international-human-research)\nAbout the IRB Committee (/resources/about-irb-committee)\nThe Life Cycle of an IRB Protocol (/resources/life-cycle-irb-protocol)\nIRB Announcements & Newsletters (/resources/irb-announcements-newsletters)\nResearch with Human Participants (/compliance/human-research)\nIRB Informed Consent (/resources/irb-informed-consent)\nIRB Training (/resources/irb-training)\nIRB Considerations: Human Participant Data, Data Sets and Internet Research (/resources/human-participant-data)\nIRB Biomedical Research (/resources/irb-biomedical-research)\nIRB Considerations for Clinical Trials (/resources/irb-considerations-clinical-trials)\nQuick Reference\nRates (/rates)\nForms (/forms)\nPolicies (/policies)\nContacts (/contacts)\nTraining (/training)\nEvents (/events)\nNews & Announcements (/news)\n\u00a9 2019 Cornell University\nWeb Accessibility Help (mailto:rais-help@cornell.edu?subject=researchservices.cornell.edu%20site)"
}