{
    "URL location": "https://researchservices.cornell.edu/resources/export-controls-frequently-asked-questions-faq",
    "Last modification date": "2023-08-10T02:59Z",
    "Change frequency": "yearly",
    "Priority": "0.5",
    "Scraped Text": "Find guidance on funding and agency updates during the federal government transition(updated 3/19/2025) (/federal-transition)\nEssential ToolsFind My GCORASSExternalInstitutional Profile & DUNSIACUC applications (Cayuse Animal Management)Find Your Next Funding OpportunityIBC Applications (RASS-IBC)Research Development (ReD) ServicesIRB Applications (RASS-IRB)ExternalRates and budgetsReport external interests (RASS-COI)Join List ServsRASS Access Request FormAsk EHSExternalWeb Financials (WebFin2)ExternalCornell Data ServicesExternalPI DashboardExternalTravel RegistryExternalResearch Financials (formerly RA Dashboard)ExternalInternational research activitiesExternalRegister for Federal and Non-Federal SystemsDisclose Foreign Collaborations and SupportResearch metrics & executive dashboardsTraining (/about/essential-tools, /gco, http://guide.rass.cornell.edu/, /resources/institutional-profile-duns-and-uei-numbers, /resources/submit-new-iacuc-protocol, /proposal/Find-Your-Next-Funding-Opportunity, /resources/ibc-application-submission-review-and-approval, /research-development, https://rass.cornell.edu/irb, /proposal/budget, /compliance/conflict-of-interest, /resources/research-mailing-lists-list-servs, /resources/get-access-financial-sponsored-projects-data, https://tdx.cornell.edu/TDClient/42/Portal/Requests/TicketRequests/NewForm?ID=q5sab44D6GI_, http://webfin2.cornell.edu/, https://data.research.cornell.edu/, https://pidash.cornell.edu, https://travelregistry.cornell.edu/, http://radash.cornell.edu/, https://navigate.cornell.edu, /resources/register-federal-and-non-federal-systems, /proposal/disclose-foreign-collaborations-and-support, /resources/research-metrics, /training)\nFind My GCO (/gco)\nRASSExternal (http://guide.rass.cornell.edu/)\nInstitutional Profile & DUNS (/resources/institutional-profile-duns-and-uei-numbers)\nIACUC applications (Cayuse Animal Management) (/resources/submit-new-iacuc-protocol)\nFind Your Next Funding Opportunity (/proposal/Find-Your-Next-Funding-Opportunity)\nIBC Applications (RASS-IBC) (/resources/ibc-application-submission-review-and-approval)\nResearch Development (ReD) Services (/research-development)\nIRB Applications (RASS-IRB)External (https://rass.cornell.edu/irb)\nRates and budgets (/proposal/budget)\nReport external interests (RASS-COI) (/compliance/conflict-of-interest)\nJoin List Servs (/resources/research-mailing-lists-list-servs)\nRASS Access Request Form (/resources/get-access-financial-sponsored-projects-data)\nAsk EHSExternal (https://tdx.cornell.edu/TDClient/42/Portal/Requests/TicketRequests/NewForm?ID=q5sab44D6GI_)\nWeb Financials (WebFin2)External (http://webfin2.cornell.edu/)\nCornell Data ServicesExternal (https://data.research.cornell.edu/)\nPI DashboardExternal (https://pidash.cornell.edu)\nTravel RegistryExternal (https://travelregistry.cornell.edu/)\nResearch Financials (formerly RA Dashboard)External (http://radash.cornell.edu/)\nInternational research activitiesExternal (https://navigate.cornell.edu)\nRegister for Federal and Non-Federal Systems (/resources/register-federal-and-non-federal-systems)\nDisclose Foreign Collaborations and Support (/proposal/disclose-foreign-collaborations-and-support)\nResearch metrics & executive dashboards (/resources/research-metrics)\nTraining (/training)\nSearch (/search)\nExport Controls Frequently Asked Questions (FAQ)\nFrequently asked questions about export controls.\nQ: What are export controls and why do they exist?\nA: Export Controls refers to a variety of U.S. federal laws and regulations controlling what commodities, technologies, software, and services may be sent to foreign locations or disclosed to foreign persons. The purpose of these is to protect U.S. national security and foreign policy interests from malign foreign actors who may wish to access our most advanced and useful technologies.\nQ: Isn\u2019t academia exempt from these rules?\nA: Not entirely. While there are some important \u201ccarve-outs\u201d from these rules for institutions of higher learning in the U.S. (seehere), export controls can and do apply to a variety of common activities occurring within the research enterprise at Cornell and elsewhere. (https://researchservices.cornell.edu/resources/export-controls-research-and-education)\nInternational shipping, travel to foreign locations, or even hosting foreign national visitors can all have potential export controls implications for you and Cornell.\nQ: What is the Fundamental Research Exclusion (FRE)?\nA: The FRE is one of the usefulcarve-outsafforded to academia with regards to export controls in the U.S. If your work qualifies as fundamental research (no barriers to publication or participation in the research efforts) then theresultsof such research are NOT subject to export controls requirements. (https://researchservices.cornell.edu/resources/export-controls-research-and-education)\nQ: What is Cornell\u2019s policy on fundamental research; can I do controlled or classified work here?\nA: Cornell Universityonlyconducts research that would fall under the FRE. Research projects that do not permit the free and open publication of results are not accepted at Cornell. Therefore no export-controlled or classified work may be conducted here. Refer toUniversity Policy 4.22. (https://policy.cornell.edu/policy-library/export-and-import-control-compliance)\nGreat effort is put into ensuring sponsored research at Cornell does not come with problematic clauses or restrictions that would negate the FRE \u2013 and thus subject the products of our research work to export controls.\nQ: Does the FRE cover the export of physical items?\nA: No, only non-tangible research results in the form of technology are excluded under the FRE. Physical items willalwaysremain subject to U.S. export controls. Depending on various factors a license may be required to physically export an item.\nQ:\u00a0 What should I do then if I have to ship something internationally as part of my Cornell duties/responsibilities?\nA:\u00a0 ALL international shipments sent from Cornell require review and approval from the Export Controls Office.\u00a0 Until further notice, this review is to be conducted via email (exportcontrols@cornell.edu).\u00a0 Seeherefor further details. (/resources/export-controls-procurement-and-shipping)\nQ: What if the physical item I need to ship was developed from a fundamental research project?\nA: The item would still be subject to export controls (and potential licensing) regardless of whether it was the result of fundamental research. As stated above, the FRE never exempts physical items from export control.Such shipments still require review and approval as noted above.\nQ: What if my fundamental research project involves proprietary background data (inputs) from the sponsor or another third party?\nA: While your research results will be exempt from export controls under the FRE, any proprietary data provided to you from outside of Cornell may be subject to export controls. All such transfers of data to Cornell need to be governed by a Non-Disclosure Agreement (NDA) negotiated by theOffice of Sponsored Programs (OSP)with input from the Cornell University Export Controls Office (ECO). (https://researchservices.cornell.edu/offices/osp)\nQ: So, even though my international shipment is related to my research and is non-commercial, it\u2019s still an export?\nA: Correct; regardless of whether you\u2019re selling any items to the recipient overseas you are engaging in an export activity by sending something out of the U.S.\nQ: What about temporary shipments that come back to the U.S.?\nA: Temporary international shipments are still considered exports and must comply with all applicable regulations. There are however certain cases where a temporary export may not require an export license. The Export Controls Office will assist in making this determination.\nQ: Is hand-carrying an item during my travels considered an export?\nA: Yes, anytime you bring Cornell-owned items with you during international travel (whether in checked or carry-on luggage or on your person) you have just exported such items to your country of destination and any other countries you transited. Export controls regulations and licensing requirements apply equally to such hand-carried exports (although more exemptions may apply for travel than shipping).\nQ: Do I need an export license to carry a laptop to a foreign country?\nA: Many factors play into that but, for most standard-issued Cornell devices you would not require a license to most countries. However, if there is any proprietary technical data on the device, or if it contains software programs other than those normally installed by the manufacturer or Cornell IT (e.g. MS Office, etc.) than those may trigger the need for an export license. Additionally, the destination you travel could play a role in the determination process.\nReviewthis webpageor contact the Export Controls Office if any questions. (https://researchservices.cornell.edu/resources/export-controls-and-international-travel)\nQ: Are there certain countries that export controls makes off-limits?\nA: Yes, currently the following countries are subject to comprehensive trade embargoes and sanctions:\nCuba\nIran\nNorth Korea\nSyria\nUkraine\nRussia\nBelarus\nNearly all activities with or within these locations (including with universities in these locations) will require US government approval and must be discussed with the Export Controls Office first.\nDepending on the nature of your research there may be other country-specific restrictions or considerations to take into account.\nQ: Are there certain foreign companies, persons, or other universities that I cannot engage with?\nA: Yes, the U.S. government maintains various lists of so-called \u201cRestricted Parties\u201d. Such entities are either prohibited from being involved in export transactions generally, or are sanctioned to the extent that any interaction with them would be prohibited without a license.Contact the Export Controls Officefor screening of any foreign entities you may wish to collaborate or engage with. (https://researchservices.cornell.edu/offices/export-controls-office)\nAdditionally, there arecertain entitiesthat Cornell University will not allow collaboration with regardless of discipline or circumstances. (https://global.cornell.edu/sub/operations/international-engagement/engagement-china-faq)\nQ: What is an export license and how do I get one?\nA: An export license is specific authorization from the US government to engage in an export or sanctions activity that would otherwise be prohibited. These licenses must be obtained beforehand and are situation-specific (i.e. no \u201cblanket licenses\u201d can be obtained for your lab).\nAll export or sanctions licenses at Cornell University must be obtained via the Export Controls Office (ECO).\nQ: Who is considered a foreign national for the purposes of export controls?\nA: Any person who isnoteither:\nA U.S. Citizen,\nA U.S. Permanent Resident (i.e. a green card holder), or\nA person offered Protected Status under 8 U.S.C. 1324b(a)(3)\u2026\nis considered a foreign national for the purposes of exports controls regulations. Also, employees of foreign entities (including U.S. persons) are treated as foreign nationals no matter where located.\nQ: I have a foreign national visiting my lab; do I need an export license?\nA: Perhaps, this will depend on many factors. Generally-speaking having a foreign national visiting or working in your lab does not alone necessitate the need for an export license. There would need to be an actual release of export-controlled technology or software to the foreign national (i.e. a deemed export).\nIf you plan on sharing any information or software with them that is NOT already published and in the public domain, it is possible an export license could be required. Similarly, if you have export-controlled items in your lab and the foreign national requires direct access to them, it is possible a license is needed for that activity \u2013 further analysis by the Export Controls Office is necessary.\nAlso, keep in mind that if your visitor needs to take items from your lab back out of the country with them, this is an export that may require licensing.\nQ: My research isn\u2019t funded by the Department of Defense (DOD); do I really need to consider export controls?\nA: Yes, the source of funding is not always a proper gauge of whether or not your project could be affected by export controls regulations. There are DOD-funded projects for which export controls are not a factor and conversely, certain non DOD-funded projects are affected by export controls.\nQ: I\u2019ve been invited to speak at a conference in Iran. Are there any restrictions on this?\nA: Yes, there are prohibitions on providing services (such as lectures or speeches) while in Iran due to the sanctions on that nation. The Export Controls Office should be consulted immediately if you are invited to attend any event in Iran, or if you are considering similar activities in that country.\nExport Controls (/export-controls)\nDrusilla Jaiah - Export Control Associate (/contact/dbj43)\nJoi Mindingall - Research Security | Export Control Officer (/contact/jmm793)\nExport Control and Confidentiality Agreements (/resources/export-control-and-confidentiality-agreements)\nDetecting and Reporting Export Controls Violations (/policies/detecting-and-reporting-export-controls-violations)\nUkraine/Russia Transactions Guidance (/news/ukrainerussia-transactions-guidance)\nUniversity Policy 4.22, Export and Import Control Compliance (https://policy.cornell.edu/policy-library/export-and-import-control-compliance)\nOff-Campus Research (/resources/campus-research)\nImport Control (/resources/import-control)\nExport Control Quick Reference (/resources/export-control-quick-reference)\nExport Controls: Regulations and Overview (/policies/export-controls-regulations-and-overview)\nQuick Reference\nRates (/rates)\nForms (/forms)\nPolicies (/policies)\nContacts (/contacts)\nTraining (/training)\nEvents (/events)\nNews & Announcements (/news)\n\u00a9 2019 Cornell University\nWeb Accessibility Help (mailto:rais-help@cornell.edu?subject=researchservices.cornell.edu%20site)"
}