{
    "URL location": "https://researchservices.cornell.edu/resources/responsible-conduct-research-committee-rcrc",
    "Last modification date": "2024-12-17T12:43Z",
    "Change frequency": "yearly",
    "Priority": "0.5",
    "Scraped Text": "Find guidance on funding and agency updates during the federal government transition(updated 3/19/2025) (/federal-transition)\nEssential ToolsFind My GCORASSExternalInstitutional Profile & DUNSIACUC applications (Cayuse Animal Management)Find Your Next Funding OpportunityIBC Applications (RASS-IBC)Research Development (ReD) ServicesIRB Applications (RASS-IRB)ExternalRates and budgetsReport external interests (RASS-COI)Join List ServsRASS Access Request FormAsk EHSExternalWeb Financials (WebFin2)ExternalCornell Data ServicesExternalPI DashboardExternalTravel RegistryExternalResearch Financials (formerly RA Dashboard)ExternalInternational research activitiesExternalRegister for Federal and Non-Federal SystemsDisclose Foreign Collaborations and SupportResearch metrics & executive dashboardsTraining (/about/essential-tools, /gco, http://guide.rass.cornell.edu/, /resources/institutional-profile-duns-and-uei-numbers, /resources/submit-new-iacuc-protocol, /proposal/Find-Your-Next-Funding-Opportunity, /resources/ibc-application-submission-review-and-approval, /research-development, https://rass.cornell.edu/irb, /proposal/budget, /compliance/conflict-of-interest, /resources/research-mailing-lists-list-servs, /resources/get-access-financial-sponsored-projects-data, https://tdx.cornell.edu/TDClient/42/Portal/Requests/TicketRequests/NewForm?ID=q5sab44D6GI_, http://webfin2.cornell.edu/, https://data.research.cornell.edu/, https://pidash.cornell.edu, https://travelregistry.cornell.edu/, http://radash.cornell.edu/, https://navigate.cornell.edu, /resources/register-federal-and-non-federal-systems, /proposal/disclose-foreign-collaborations-and-support, /resources/research-metrics, /training)\nFind My GCO (/gco)\nRASSExternal (http://guide.rass.cornell.edu/)\nInstitutional Profile & DUNS (/resources/institutional-profile-duns-and-uei-numbers)\nIACUC applications (Cayuse Animal Management) (/resources/submit-new-iacuc-protocol)\nFind Your Next Funding Opportunity (/proposal/Find-Your-Next-Funding-Opportunity)\nIBC Applications (RASS-IBC) (/resources/ibc-application-submission-review-and-approval)\nResearch Development (ReD) Services (/research-development)\nIRB Applications (RASS-IRB)External (https://rass.cornell.edu/irb)\nRates and budgets (/proposal/budget)\nReport external interests (RASS-COI) (/compliance/conflict-of-interest)\nJoin List Servs (/resources/research-mailing-lists-list-servs)\nRASS Access Request Form (/resources/get-access-financial-sponsored-projects-data)\nAsk EHSExternal (https://tdx.cornell.edu/TDClient/42/Portal/Requests/TicketRequests/NewForm?ID=q5sab44D6GI_)\nWeb Financials (WebFin2)External (http://webfin2.cornell.edu/)\nCornell Data ServicesExternal (https://data.research.cornell.edu/)\nPI DashboardExternal (https://pidash.cornell.edu)\nTravel RegistryExternal (https://travelregistry.cornell.edu/)\nResearch Financials (formerly RA Dashboard)External (http://radash.cornell.edu/)\nInternational research activitiesExternal (https://navigate.cornell.edu)\nRegister for Federal and Non-Federal Systems (/resources/register-federal-and-non-federal-systems)\nDisclose Foreign Collaborations and Support (/proposal/disclose-foreign-collaborations-and-support)\nResearch metrics & executive dashboards (/resources/research-metrics)\nTraining (/training)\nSearch (/search)\nResponsible Conduct of Research Committee (RCRC)\nThe Responsible Conduct of Research Committee (RCRC) ensures the continued learning of the Responsible Conduct of Research (RCR) principles across campus and expands the University's RCR culture and teachings.\nObjective\nEvolving federal regulations and heightened scrutiny of research programs have increased the need to expand the scope of training. The objective of the RCRC is to deepen Cornell researchers\u2019 foundation and knowledge of research ethics and the ethical and responsible conduct of research. The RCRC provides oversight and guidance of the annual Undergraduate and Graduate RCR symposia and other training programs.\nWho is on the RCRC?\nMembership may include, but is not limited, to representatives from the following units at Cornell University.\nBridget MacRae,\u00a0Conflicts and Education Supervisor,\u00a0Office of Research Integrity and Assurance (Chairperson)\nNicolas Buchon, Professor,\u00a0Entomology\nJim Entwood, ArXiv Operations Manager, Cornell University\nJulia L. Finkelstein, Professor,\u00a0Epidemiology and Nutrition\nKarie Jo Barwind,\u00a0Chief Research Integrity Officer,\u00a0Office of Research Integrity and Assurance\nTom Whitlow, Associate Professor Emeritus, SIPS Horticulture section\nLaurel E. Southard,\u00a0Director of Undergraduate Research, Cornell University, Retired\nCharlie Trautmann, Professor,\u00a0Psychology\nVolker Vogt,\u00a0Professor Emeritus,\u00a0Molecular Biology and Genetics\nMarten Wegkamp, Professor,\u00a0Mathematics, Statistics, and Data Science\nConrad Wolan,\u00a0Senior Associate General Counsel, Cornell University\nPeter Wolczanski,\u00a0Professor,\u00a0Chemistry and Chemical Biology\nMariana Federica Wolfner,\u00a0Distinguished Professor of Arts and Sciences,\u00a0Molecular Biology and Genetics\nMeetings and Structure\nThe RCRC meets once a month, and members serve a two-year term.\n\nResearch Integrity (/resources/research-integrity)\nThe Research Integrity Council (/resources/research-integrity-council)\nResearch Data Retention (/resources/research-data-retention)\nResponsible Conduct of Research (RCR) (/compliance/rcr)\nResponsible Conduct of Research (RCR) Topics and Case Studies (/resources/responsible-conduct-research-rcr-topics-and-case-studies)\nRCR Requirements for Research Awards (/resources/rcr-requirements-research-awards)\nNIH Training Grant Requirement: RCR Symposium Summary (/resources/nih-training-grant-requirement-rcr-symposium-summary)\nResponsible Conduct of Research (RCR) Symposium and Workshop (/resources/responsible-conduct-research-rcr-symposium-and-workshop)\nQuick Reference\nRates (/rates)\nForms (/forms)\nPolicies (/policies)\nContacts (/contacts)\nTraining (/training)\nEvents (/events)\nNews & Announcements (/news)\n\u00a9 2019 Cornell University\nWeb Accessibility Help (mailto:rais-help@cornell.edu?subject=researchservices.cornell.edu%20site)"
}