{
    "URL location": "https://researchservices.cornell.edu/resources/import-control",
    "Last modification date": "2024-01-11T20:09Z",
    "Change frequency": "yearly",
    "Priority": "0.5",
    "Scraped Text": "Find guidance on funding and agency updates during the federal government transition(updated 3/19/2025) (/federal-transition)\nEssential ToolsFind My GCORASSExternalInstitutional Profile & DUNSIACUC applications (Cayuse Animal Management)Find Your Next Funding OpportunityIBC Applications (RASS-IBC)Research Development (ReD) ServicesIRB Applications (RASS-IRB)ExternalRates and budgetsReport external interests (RASS-COI)Join List ServsRASS Access Request FormAsk EHSExternalWeb Financials (WebFin2)ExternalCornell Data ServicesExternalPI DashboardExternalTravel RegistryExternalResearch Financials (formerly RA Dashboard)ExternalInternational research activitiesExternalRegister for Federal and Non-Federal SystemsDisclose Foreign Collaborations and SupportResearch metrics & executive dashboardsTraining (/about/essential-tools, /gco, http://guide.rass.cornell.edu/, /resources/institutional-profile-duns-and-uei-numbers, /resources/submit-new-iacuc-protocol, /proposal/Find-Your-Next-Funding-Opportunity, /resources/ibc-application-submission-review-and-approval, /research-development, https://rass.cornell.edu/irb, /proposal/budget, /compliance/conflict-of-interest, /resources/research-mailing-lists-list-servs, /resources/get-access-financial-sponsored-projects-data, https://tdx.cornell.edu/TDClient/42/Portal/Requests/TicketRequests/NewForm?ID=q5sab44D6GI_, http://webfin2.cornell.edu/, https://data.research.cornell.edu/, https://pidash.cornell.edu, https://travelregistry.cornell.edu/, http://radash.cornell.edu/, https://navigate.cornell.edu, /resources/register-federal-and-non-federal-systems, /proposal/disclose-foreign-collaborations-and-support, /resources/research-metrics, /training)\nFind My GCO (/gco)\nRASSExternal (http://guide.rass.cornell.edu/)\nInstitutional Profile & DUNS (/resources/institutional-profile-duns-and-uei-numbers)\nIACUC applications (Cayuse Animal Management) (/resources/submit-new-iacuc-protocol)\nFind Your Next Funding Opportunity (/proposal/Find-Your-Next-Funding-Opportunity)\nIBC Applications (RASS-IBC) (/resources/ibc-application-submission-review-and-approval)\nResearch Development (ReD) Services (/research-development)\nIRB Applications (RASS-IRB)External (https://rass.cornell.edu/irb)\nRates and budgets (/proposal/budget)\nReport external interests (RASS-COI) (/compliance/conflict-of-interest)\nJoin List Servs (/resources/research-mailing-lists-list-servs)\nRASS Access Request Form (/resources/get-access-financial-sponsored-projects-data)\nAsk EHSExternal (https://tdx.cornell.edu/TDClient/42/Portal/Requests/TicketRequests/NewForm?ID=q5sab44D6GI_)\nWeb Financials (WebFin2)External (http://webfin2.cornell.edu/)\nCornell Data ServicesExternal (https://data.research.cornell.edu/)\nPI DashboardExternal (https://pidash.cornell.edu)\nTravel RegistryExternal (https://travelregistry.cornell.edu/)\nResearch Financials (formerly RA Dashboard)External (http://radash.cornell.edu/)\nInternational research activitiesExternal (https://navigate.cornell.edu)\nRegister for Federal and Non-Federal Systems (/resources/register-federal-and-non-federal-systems)\nDisclose Foreign Collaborations and Support (/proposal/disclose-foreign-collaborations-and-support)\nResearch metrics & executive dashboards (/resources/research-metrics)\nTraining (/training)\nSearch (/search)\nImport Control\nExport Controls Office (/offices/export-controls-office)\nImport Control Resource Document\nTheImport Control Resource Documentis designed to assist the Cornell community in understanding import control obligations and requirements. (/sites/default/files/2021-08/Import%20Control%20Resources.docx)\nUnder U.S. Import Regulations, records must be retained for five years after the completion of the activity and made available to the regulating authority upon request. Records that must be retained include all memoranda, notes, correspondence (including email), financial records, shipping documentation, as well as any other information related to the export activities.\nRecords associated with this policy shall be maintained by the individual or Unit engaging in the activity. Records shall be retained or disposed of in accordance withUniversity Policy 4.7, Retention of University Records. (https://www.dfa.cornell.edu/policy/policies/retention-university-records)\nExport Controls Office (/offices/export-controls-office)\nKarie Jo Barwind - Chief Research Compliance Officer | Research Integrity Officer (/contact/kjb6)\nExport Controls (/export-controls)\nDrusilla Jaiah - Export Control Associate (/contact/dbj43)\nJoi Mindingall - Research Security | Export Control Officer (/contact/jmm793)\nExport Control and Confidentiality Agreements (/resources/export-control-and-confidentiality-agreements)\nDetecting and Reporting Export Controls Violations (/policies/detecting-and-reporting-export-controls-violations)\nUkraine/Russia Transactions Guidance (/news/ukrainerussia-transactions-guidance)\nExport Controls Frequently Asked Questions (FAQ) (/resources/export-controls-frequently-asked-questions-faq)\nUniversity Policy 4.22, Export and Import Control Compliance (https://policy.cornell.edu/policy-library/export-and-import-control-compliance)\nOff-Campus Research (/resources/campus-research)\nQuick Reference\nRates (/rates)\nForms (/forms)\nPolicies (/policies)\nContacts (/contacts)\nTraining (/training)\nEvents (/events)\nNews & Announcements (/news)\n\u00a9 2019 Cornell University\nWeb Accessibility Help (mailto:rais-help@cornell.edu?subject=researchservices.cornell.edu%20site)"
}