{
    "URL location": "https://researchservices.cornell.edu/resources/diverse-suppliers-requirements",
    "Last modification date": "2023-08-03T19:42Z",
    "Change frequency": "yearly",
    "Priority": "0.5",
    "Scraped Text": "Find guidance on funding and agency updates during the federal government transition(updated 3/19/2025) (/federal-transition)\nEssential ToolsFind My GCORASSExternalInstitutional Profile & DUNSIACUC applications (Cayuse Animal Management)Find Your Next Funding OpportunityIBC Applications (RASS-IBC)Research Development (ReD) ServicesIRB Applications (RASS-IRB)ExternalRates and budgetsReport external interests (RASS-COI)Join List ServsRASS Access Request FormAsk EHSExternalWeb Financials (WebFin2)ExternalCornell Data ServicesExternalPI DashboardExternalTravel RegistryExternalResearch Financials (formerly RA Dashboard)ExternalInternational research activitiesExternalRegister for Federal and Non-Federal SystemsDisclose Foreign Collaborations and SupportResearch metrics & executive dashboardsTraining (/about/essential-tools, /gco, http://guide.rass.cornell.edu/, /resources/institutional-profile-duns-and-uei-numbers, /resources/submit-new-iacuc-protocol, /proposal/Find-Your-Next-Funding-Opportunity, /resources/ibc-application-submission-review-and-approval, /research-development, https://rass.cornell.edu/irb, /proposal/budget, /compliance/conflict-of-interest, /resources/research-mailing-lists-list-servs, /resources/get-access-financial-sponsored-projects-data, https://tdx.cornell.edu/TDClient/42/Portal/Requests/TicketRequests/NewForm?ID=q5sab44D6GI_, http://webfin2.cornell.edu/, https://data.research.cornell.edu/, https://pidash.cornell.edu, https://travelregistry.cornell.edu/, http://radash.cornell.edu/, https://navigate.cornell.edu, /resources/register-federal-and-non-federal-systems, /proposal/disclose-foreign-collaborations-and-support, /resources/research-metrics, /training)\nFind My GCO (/gco)\nRASSExternal (http://guide.rass.cornell.edu/)\nInstitutional Profile & DUNS (/resources/institutional-profile-duns-and-uei-numbers)\nIACUC applications (Cayuse Animal Management) (/resources/submit-new-iacuc-protocol)\nFind Your Next Funding Opportunity (/proposal/Find-Your-Next-Funding-Opportunity)\nIBC Applications (RASS-IBC) (/resources/ibc-application-submission-review-and-approval)\nResearch Development (ReD) Services (/research-development)\nIRB Applications (RASS-IRB)External (https://rass.cornell.edu/irb)\nRates and budgets (/proposal/budget)\nReport external interests (RASS-COI) (/compliance/conflict-of-interest)\nJoin List Servs (/resources/research-mailing-lists-list-servs)\nRASS Access Request Form (/resources/get-access-financial-sponsored-projects-data)\nAsk EHSExternal (https://tdx.cornell.edu/TDClient/42/Portal/Requests/TicketRequests/NewForm?ID=q5sab44D6GI_)\nWeb Financials (WebFin2)External (http://webfin2.cornell.edu/)\nCornell Data ServicesExternal (https://data.research.cornell.edu/)\nPI DashboardExternal (https://pidash.cornell.edu)\nTravel RegistryExternal (https://travelregistry.cornell.edu/)\nResearch Financials (formerly RA Dashboard)External (http://radash.cornell.edu/)\nInternational research activitiesExternal (https://navigate.cornell.edu)\nRegister for Federal and Non-Federal Systems (/resources/register-federal-and-non-federal-systems)\nDisclose Foreign Collaborations and Support (/proposal/disclose-foreign-collaborations-and-support)\nResearch metrics & executive dashboards (/resources/research-metrics)\nTraining (/training)\nSearch (/search)\nDiverse Suppliers Requirements\nMany sponsors require that grantees make efforts to utilize small, minority-owned, and women-owned businesses whenever possible. In addition, recipients of sponsored awards must comply with applicable state, federal, sponsor, and university requirements for procuring goods and services when funds from these sources are used.\nThese requirements may include the need for sponsor approval prior to acquisition of goods or services.\nAll Federal Grants and Cooperative Agreements\nOMB Circular A-110, Section 44(b)states: (http://www.whitehouse.gov/omb/circulars_a110#44)\n\"Positive efforts shall be made by recipients to utilize small businesses, minority-owned firms, and women's business enterprises, whenever possible. Recipients of Federal awards shall take all of the following steps to further this goal.\nEnsure that small businesses, minority-owned firms, and women's business enterprises are used to the fullest extent practicable.\nMake information on forthcoming opportunities available and arrange time frames for purchases and contracts to encourage and facilitate participation by small businesses, minority-owned firms, and women's business enterprises.\nConsider in the contract process whether firms competing for larger contracts intend to subcontract with small businesses, minority-owned firms, and women's business enterprises.\nEncourage contracting with consortia of small businesses, minority-owned firms and women's business enterprises when a contract is too large for one of these firms to handle individually.\nUse the services and assistance, as appropriate, of such organizations as the Small Business Administration and the Department of Commerce's Minority Business Development Agency in the solicitation and utilization of small businesses, minority- owned firms and women's business enterprises.\"\nNew York State Contracts\nNew York State contracts that are over $1 million incorporate the Omnibus Procurement Act of 1992 whereby Cornell must state that it \"has made reasonable efforts to encourage the participation of New York State Business Enterprises as suppliers and subcontractors, including certified minority and women-owned business enterprises, on this project, and has retained the documentation of these efforts to be provided upon request to the State.\"\nOther New York State agencies, such as the Department of Environmental Conservation, have specific goals for Minority Owned Business Enterprise (MBE) and Women Owned Business Enterprise (WBE) participation.\nSmall Business Subcontracting Plan Process at Cornell\nUnit research administrators are responsible for working with Cornell Procurement to create a Small Business Subcontracting Plan whenever required by an external sponsor. This guidance outlines the steps for requesting a Plan.\nDownload the Subcontracting Plan Templatehere. (/sites/default/files/2023-08/Cornell%20SubK%20Plan%20Template%206.6.2023%5B16%5D.docx)\nComplete on page 1 of the Subcontracting Plan Template:Date Solicitation PreparedSolicitation NumberContract (award) Number, if knownPeriod of PerformanceType of Plan, enter Individual\nDate Solicitation Prepared\nSolicitation Number\nContract (award) Number, if known\nPeriod of Performance\nType of Plan, enter Individual\nSubmit the completed draft Plan via email to \u00adprocure.support@cornell.eduat least 7 business days before plan due date. Within the email, make sure to include the following:A budget that includes a detailed breakdown of non-personnel direct costs (ex: materials and supplies, equipment, etc.) in Excel format. This budget should be the same as what was submitted to or will be submitted to the sponsor for award.Identify a contact person from the administrative unit managing the project to whom Procurement will work with to answer any questions or concerns. (mailto:procure.support@cornell.edu)\nA budget that includes a detailed breakdown of non-personnel direct costs (ex: materials and supplies, equipment, etc.) in Excel format. This budget should be the same as what was submitted to or will be submitted to the sponsor for award.\nIdentify a contact person from the administrative unit managing the project to whom Procurement will work with to answer any questions or concerns.\nPlease direct any questions regarding this process toprocure.support@cornell.edu. (mailto:procure.support@cornell.edu)\nWho can Help?\nIf you are unsure of the requirements of your award, please contact Sponsored Financial Services atsfs-help@cornell.eduor theaccountant for your award. (mailto:uco-sfa@cornell.edu, mailto:sfs-help@cornell.edu, /resources/who-can-help-finance-staff)\nFor assistance with identifyingdiverse vendors, please contact Cornell Procurement Services atprocurement@cornell.eduor (607) 254-5300. (https://www.dfa.cornell.edu/procurement/about/procurement-initiatives/diversity/ny-certified, mailto:procurement@cornell.edu)\nList of Diverse Suppliers (NYS Certified ) (https://www.dfa.cornell.edu/procurement/about/procurement-initiatives/diversity/ny-certified)\nFinancial Management (/compliance/financial-management)\nUkraine/Russia Transactions Guidance (/news/ukrainerussia-transactions-guidance)\nSalary Certification (/resources/salary-certification)\nMonitoring Project Expenditures (/resources/monitoring-project-expenditures)\nMonitoring Cost Sharing in a Project (/resources/monitoring-cost-sharing-project)\nFinancial Reporting to Sponsors (/resources/financial-reporting-sponsors)\nDirect and Indirect Cost Examples (/resources/direct-and-indirect-cost-examples)\nUse of Foreign Airlines on Federal Funds (/resources/use-foreign-airlines-federal-funds)\nFinancial Management of Sponsored Projects Policies and Procedures (/policies/financial-management-sponsored-projects-policies-and-procedures)\nQuick Reference\nRates (/rates)\nForms (/forms)\nPolicies (/policies)\nContacts (/contacts)\nTraining (/training)\nEvents (/events)\nNews & Announcements (/news)\n\u00a9 2019 Cornell University\nWeb Accessibility Help (mailto:rais-help@cornell.edu?subject=researchservices.cornell.edu%20site)"
}