{
    "URL location": "https://researchservices.cornell.edu/resources/animals-teaching-and-research-cornell-university",
    "Last modification date": "2024-02-08T19:49Z",
    "Change frequency": "yearly",
    "Priority": "0.5",
    "Scraped Text": "Find guidance on funding and agency updates during the federal government transition(updated 3/19/2025) (/federal-transition)\nEssential ToolsFind My GCORASSExternalInstitutional Profile & DUNSIACUC applications (Cayuse Animal Management)Find Your Next Funding OpportunityIBC Applications (RASS-IBC)Research Development (ReD) ServicesIRB Applications (RASS-IRB)ExternalRates and budgetsReport external interests (RASS-COI)Join List ServsRASS Access Request FormAsk EHSExternalWeb Financials (WebFin2)ExternalCornell Data ServicesExternalPI DashboardExternalTravel RegistryExternalResearch Financials (formerly RA Dashboard)ExternalInternational research activitiesExternalRegister for Federal and Non-Federal SystemsDisclose Foreign Collaborations and SupportResearch metrics & executive dashboardsTraining (/about/essential-tools, /gco, http://guide.rass.cornell.edu/, /resources/institutional-profile-duns-and-uei-numbers, /resources/submit-new-iacuc-protocol, /proposal/Find-Your-Next-Funding-Opportunity, /resources/ibc-application-submission-review-and-approval, /research-development, https://rass.cornell.edu/irb, /proposal/budget, /compliance/conflict-of-interest, /resources/research-mailing-lists-list-servs, /resources/get-access-financial-sponsored-projects-data, https://tdx.cornell.edu/TDClient/42/Portal/Requests/TicketRequests/NewForm?ID=q5sab44D6GI_, http://webfin2.cornell.edu/, https://data.research.cornell.edu/, https://pidash.cornell.edu, https://travelregistry.cornell.edu/, http://radash.cornell.edu/, https://navigate.cornell.edu, /resources/register-federal-and-non-federal-systems, /proposal/disclose-foreign-collaborations-and-support, /resources/research-metrics, /training)\nFind My GCO (/gco)\nRASSExternal (http://guide.rass.cornell.edu/)\nInstitutional Profile & DUNS (/resources/institutional-profile-duns-and-uei-numbers)\nIACUC applications (Cayuse Animal Management) (/resources/submit-new-iacuc-protocol)\nFind Your Next Funding Opportunity (/proposal/Find-Your-Next-Funding-Opportunity)\nIBC Applications (RASS-IBC) (/resources/ibc-application-submission-review-and-approval)\nResearch Development (ReD) Services (/research-development)\nIRB Applications (RASS-IRB)External (https://rass.cornell.edu/irb)\nRates and budgets (/proposal/budget)\nReport external interests (RASS-COI) (/compliance/conflict-of-interest)\nJoin List Servs (/resources/research-mailing-lists-list-servs)\nRASS Access Request Form (/resources/get-access-financial-sponsored-projects-data)\nAsk EHSExternal (https://tdx.cornell.edu/TDClient/42/Portal/Requests/TicketRequests/NewForm?ID=q5sab44D6GI_)\nWeb Financials (WebFin2)External (http://webfin2.cornell.edu/)\nCornell Data ServicesExternal (https://data.research.cornell.edu/)\nPI DashboardExternal (https://pidash.cornell.edu)\nTravel RegistryExternal (https://travelregistry.cornell.edu/)\nResearch Financials (formerly RA Dashboard)External (http://radash.cornell.edu/)\nInternational research activitiesExternal (https://navigate.cornell.edu)\nRegister for Federal and Non-Federal Systems (/resources/register-federal-and-non-federal-systems)\nDisclose Foreign Collaborations and Support (/proposal/disclose-foreign-collaborations-and-support)\nResearch metrics & executive dashboards (/resources/research-metrics)\nTraining (/training)\nSearch (/search)\nAnimals in Teaching and Research at Cornell University\nCornell University regards the study of animals in teaching and research as essential to continued progress in science, medicine, agriculture, and education. When animal use is necessary, we maintain the highest ethical standards for their use and care.\nAdvancing Human and Animal Health through the Safe, Humane, and Judicious Use of Animals\nCornell University regards the study of animals in teaching and research as essential to continued progress in science, medicine, agriculture, and education. When animal use is necessary, we maintain the highest ethical standards for their use and care.\nStudies with animals conducted at Cornell University focus on agriculture, environmental sciences, biomedical engineering, veterinary medicine, life sciences, and psychology, including basic biology and behavior. The knowledge that scientists gain from studies involving research animals contributes to improving and saving the lives of humans and animals and brings advances in the diagnosis and treatment of major diseases and disorders \u2014 from cancer, heart disease, and diabetes to birth defects and neurological disorders. Cornell scientists do not conduct cosmetics testing.\nCornell scientists recognize the seriousness of using animals in pursuit of scientific discovery. Researchers carefully consider all alternatives, but the current state of basic biological knowledge often still requires scientists to rely on living systems for credible results. The vast majority of research animals are bred solely for this purpose.\nThe health and behavioral well-being of animals used in teaching and research is guaranteed by an interlocking set of state and federal laws and guidelines to which Cornell complies. In addition, Cornell meets the strict standards required to maintain accreditation of its animal care and use program. Cornell University'sInstitutional Animal Care and Use Committee (IACUC)\u2014 on which two members not affiliated with the university are drawn from the Ithaca community \u2014 reviews, approves, and monitors animal teaching and research to ensure compliance with these regulations. Cornell\u2019sOffice of Research Integrity and Assurance (ORIA)provides further oversight of Cornell\u2019s compliance with university policies and external regulations. (/offices/institutional-animal-care-and-use-iacuc-office, /offices/office-research-integrity-and-assurance-oria)\nCornell\u2019s staff of veterinarians, technologists, facilities management, and husbandry, all part of theCenter for Animal Resources and Education (CARE) at Cornell University, are specially trained to provide the clinical care, enrichment, and housing that assures the health and well-being of animals. They also assist Cornell scientists in meeting their legal and ethical responsibility for providing the most humane care possible. The Cornell staff has a passion for caring for animals and a professional and personal commitment to ensuring that Cornell\u2019s animals receive high quality compassionate care. (/offices/center-animal-resources-and-education-care)\nCenter for Animal Resources and Education (CARE) at Cornell University\nTheCenter for Animal Resources and Education (CARE) at Cornell Universityis part of the Vice President for Research and Innovation\u00a0office. Headed by the official university veterinarian \u2014 the attending veterinarian \u2014CAREis a group of veterinarians, veterinary technologists, facility managers, and support staff responsible for the welfare of animals used in teaching and research at Cornell. The director ofCAREis board certified by theAmerican College of Laboratory Animal Medicine (ACLAM)\u2014 a specialty recognized by theAmerican Veterinary Medical Association (AVMA).\u00a0This certification indicates the completion of specialized training in the care and use of animals in teaching and science. In addition to the director, allCAREstaff veterinarians are board-certified by theAmerican College of Laboratory Animal Medicine (ACLAM)as well. Other staff have various degrees and professional certifications, and all have received extensive training and experience in the field. (/offices/center-animal-resources-and-education-care, /offices/center-animal-resources-and-education-care, /offices/center-animal-resources-and-education-care, https://www.aclam.org/, https://www.avma.org/Pages/home.aspx, /offices/center-animal-resources-and-education-care, https://www.aclam.org/)\nPromoting Human and Animal Health through Animal Research\nAdvancing the health and welfare of people and animals is central to the mission of Cornell\u2019s research. Only a small portion of Cornell research involves animals. Such research is part of a range of approaches necessary to make progress in medical treatments and techniques for humans \u2014 and animals. The study of animals has led, in part, to advances in medical diagnosis, treatment, cures, and devices that have saved and improved millions of human lives worldwide.\nThese advances include chemotherapy, insulin, organ transplants, bypass surgery, modern prosthetic limbs, immunizations, and drugs to treat or moderate the effects of diseases, such as HIV, Alzheimer\u2019s, high blood pressure, and malaria.\nExamples of current studies at Cornell involve zebra fish and mice: Zebra fish make it possible for scientists to image and monitor single synaptic connections and neurons in the living brain. Current studies focus on control of movement and the question of why sleep is fundamental not only to human life but to every animal with a nervous system. How can a tiny fish shed such light on these complex subjects? Zebra fish eggs and larvae are transparent, so their development, including the brain, can be monitored regularly and non-invasively in the live fish, using fluorescent imaging techniques.\nAnew model for studying ovarian cancer, the fifth leading cause of death in women, is being developed by investigating the disease in mice \u2014 how healthy stem cells in the female reproductive system and other locations become cancerous. The studies look at how the cells are formed, where they come from, which are more susceptible to transformation, and why. Scientists compare the behavior of the disease in mice to what happens in human cells. They have also been able to develop organoids, which are organ-like structures created to replicate what happens in a living organism. These organoids are an example of a non-whole animal tool developed to study certain aspects of disease, thus reducing animal use. (https://research.cornell.edu/news-features/womens-silent-killer-ovarian-cancer)\nCornell researchers also study many diseases affecting animals such, asFeline Infectious Peritonitis (FIP), gastro-intestinalcorona viruses, and a number of parasites, including lung worms andhemophilia in dogs, so individuals and veterinarians can provide better care for animals. (https://www.vet.cornell.edu/departments-centers-and-institutes/cornell-feline-health-center/health-information/feline-health-topics/feline-infectious-peritonitis, https://ahdc.vet.cornell.edu/news/equine_enteric_coronavirus.cfm, https://ahdc.vet.cornell.edu/sects/coag/clinical/Hemopha.cfm)\nAssuring Humane Care\nInstitutions using animals for teaching and research must establish and maintain standards and safeguards to protect the health and well-being of the animals. Institutions failing to do so will risk losing federal, state, and private research grants. Beyond regulations and proscriptions detailed in federal laws and policies such as the Animal Welfare Act and the Public Health Service Policy on Human Care and Use of Laboratory Animals, Cornell is committed to treating animal teaching and research subjects with care and dignity. Cornell has a stringent set of closely monitored policies and practices to that end.\nCornell requires scientists who conduct animal research to adhere to standards and practices delineated in the Guide for the Care and Use of Laboratory Animals published by the National Research Council. The Guide, written by a collaboration of research scientists, veterinarians, and laypersons representing the public\u2019s interest in animal welfare, includes dos and don\u2019ts of veterinary care (surgery, analgesics, anesthesia, and euthanasia methods), housing conditions (food, water, sanitization, temperature, humidity, lighting, and drainage), and a physical environment that promotes psychological wellbeing (exercise, enrichment of the enclosure, and companionship). Similarly, the care of agricultural animals is detailed in the Guide for the Care and Use of Agricultural Animals in Research and Teaching published by the Federation of Animal Science Societies.\nInspectors from the New York State Department of Health (NYSDOH) and the United States Department of Agriculture (USDA) conduct announced and unannounced inspections at least once a year to assure compliance.\nCornell also voluntarily participates in a rigorous peer review evaluation conducted byAAALAC International, an independent non-profit organization that is dedicated to enhancing the quality of research, teaching, and testing by promoting humane, responsible animal care and use around the world. Every three years AAALAC site visitors review each area where animals are housed or used at Cornell as well as all related records. In its latest reevaluation, in June 2021, AAALAC reaccredited Cornell\u2019s program of animal care and use. (http://www.aaalac.org/)\nProtocols for Animal Use\nBefore any animals can be acquired for use in teaching and research at Cornell, the lead researcher (principal investigator) must submit a detailed scientific justification and description of their use and care as part of a formal protocol review to the Cornell UniversityIACUC. (/offices/institutional-animal-care-and-use-iacuc-office)\nThis protocol describes all animal work from the outset of a proposed experiment to its conclusion. An important part of the review is implementation of the \u201c3 Rs\u201d:REPLACEthe use of animals with alternatives when possible;REDUCEthe number of animals used to a minimum by obtaining information from fewer animals or more information from the same number of animals; andREFINEthe way procedures are carried out and animals are housed, for example to minimize pain and/or improve animal welfare.\nThe protocol must be approved by theIACUCbefore work with animals can begin and is required by peer-reviewed professional journals for publication of research results. (/offices/institutional-animal-care-and-use-iacuc-office)\nTheIACUCensures that personnel conducting procedures on animals are appropriately qualified and trained. All individuals named on a protocol must undergo training before they can use animals. The core training includes ethical principles and requirements for practicing humane care. Individuals also undergo additional species- and procedure-specific training provided by the CARE veterinary staff. (/offices/institutional-animal-care-and-use-iacuc-office)\nAll Cornell faculty members, postdoctoral fellows, graduate students, undergraduates, and research personnel involved in the care and use of animals in teaching and research as well as department heads where such work takes place are required to familiarize themselves with and to followCornell Policy 1.4 Care and Use of Live Vertebrate Animals in Research and Teaching. (https://policy.cornell.edu/policy-library/care-and-use-live-vertebrate-animals-research-and-teaching)\nTheIACUCoversees Cornell University\u2019s animal program, facilities, and procedures. Its members include the attending veterinarian, Cornell\u2019s biosafety officer, animal facility managers, faculty members, and individuals from the community with no affiliation with Cornell University. In addition to the review and approval of all animal use protocols, the IACUC conducts semi-annual inspections of all spaces where animals are housed or used. The IACUC has the authority to stop an experiment at any time if the health and welfare of an animal may be at risk. (/offices/institutional-animal-care-and-use-iacuc-office)\nVeterinarians and veterinary technicians from CARE visit animal facilities daily. CARE veterinarians have specialized training and experience in the clinical care of animals used in science and teaching. They advise researchers on the most humane way to practice analgesia, anesthesia, and surgery. They are available twenty-four hours a day, seven days a week as needed, to examine and treat animals when necessary. As an added safeguard, animal husbandry technicians, who care for the animals every day, are trained by CARE veterinarians to spot any signs of injury, ill health, or abnormal behavior and to alert a member of the CARE veterinary staff immediately if they notice any irregularity.\nORIA provides oversight of Cornell\u2019s research programs to ensure that they are compliant with applicable university policy and regulatory requirements. ORIA staff educate the research community regarding research integrity and university and government requirements for conducting research at Cornell. They provide services such as ethics refresher training, protocol review to ensure congruency with the humane treatment standards set forth in Cornell policy and regulations, and post-approval quality assurance reviews \u2014 to educate researchers about requirements and best practices and to proactively mitigate potential compliance risks.\nCornell provides means to anonymously report concerns about animal care and use and instances of suspected non-compliance with laws and regulations and protects its facility employees, committee members, researchers, and laboratory personnel from retaliation from good-faith reports of concerns.\nWhich Species?\nRodents (mice and rats) account for the majority of animals used for teaching and research. Other species may include guinea pigs, rabbits, nontraditional rodents (e.g. voles and giant African pouched rats), cats, dogs, swine, dairy and beef cattle, sheep, horses, poultry, and various aquatic, amphibian and avian species.\nThe Versatile Mouse and Zebra Fish\nSmall, easy to care for, and a prolific breeder, the mouse is a versatile research subject. For example, mice become elderly in one to two years, making them perfect for studies on the aging process. Further, transgenic mice (those with a non-native gene) offer unprecedented insights into ways that individual genes function. Scientists can turn off specific genes or parts of genes (in what they call a knock-out mouse) or enhance the function of a gene (in a knock-in mouse), then watch for changes.\nIn the field of cancer, Cornell scientists are using such mice to study blood and lung cancers, a leading cause of cancer deaths worldwide. One aspect of this research is to study whether manipulating certain genes can halt lung cancer progression and sensitize lung cancer to chemotherapy. Some studies involving transgenic mice focused on diseases such as tuberculosis and the influenza virus. Others investigate cognitive processes such as social recognition and memory. Additional studies attempt to broaden basic understanding of metabolic processes such as the secretion of insulin and the processing of vitamins and nutrients, while other research aims to perfect tests that can safeguard the public from tainted food and drinking water.\nWhy are mice so valued as laboratory animals? Scientists theorize that shortly before dinosaurs became extinct about 75 million years ago, mice, rats, and humans inherited genes from a common mammalian ancestor. Around 90 percent of the estimated 25,000 to 30,000 genes in a rodent have counterparts in humans, making rodents ideal models for studying human disorders. Researchers know that Alzheimer\u2019s and other neurodegenerative diseases such as multiple sclerosis attack neurons, cells that communicate between the body and the brain, but they don\u2019t know why. Different genetic strains of mice vary in their sensitivity to these diseases, so the role of genetics in these diseases can be studied. Biomedical engineers utilize mouse model systems to study aging-related declines in organ healing, including skeletal muscle, liver, and blood-producing tissues. Advances in studying mice have provided an alternative to using other species for many disease models.\nAs an alternative to the use of mammalian species, zebra fish provide many cell biological and development processes similar to those in mammals and are, therefore, replacing the use of mammals at a growing pace. Zebra fish embryos and larvae are completely transparent, so it is easy to observe and monitor their development with non-invasive techniques. New methods of introducing genetic material and manipulating the genome\u2014when combined with the ability to easily observe the results\u2014have allowed researchers to create models for multiple types of cancer, muscular dystrophy, tissue regeneration, and many other human diseases and treatments. The increasing use of the zebra fish demonstrates researchers\u2019 attempts to step away from many traditional mammalian species, while continuing to push the boundaries of our scientific knowledge.\nHow Many Animals? As Few As Possible\nWhen animals are involved, every effort is made to keep their numbers as low as possible without jeopardizing scientific validity. In order to conduct an animal study, the investigator must first show that animals are absolutely necessary and that there are no alternatives for obtaining the relevant information. They must provide scientific justification for the number of animals needed for a study. The IACUC ultimately decides if the justification is sound and the number of animals necessary for a study. When research involves animals, valid and reliable results depend on superior animal care, which incurs an expense, a further factor in ensuring diligence in keeping animals numbers as low as possible.\nFrequently Asked Questions About Animal Studies at Cornell University\nQ: Why can\u2019t computer models replace animals in teaching and researching?A:Computer models, use of in vitro (test tube, petri dish, etc.) methods, and virtual reality devices are some of the approaches used whenever possible as alternatives to studying live animals. Computer models can be built using what is already known about biological processes, however, living organisms are far more complex than any model available today. The activity of many thousands of proteins or the interaction between the circulatory system, liver, brain, and nervous system, for example, needs to be thoroughly understood before a computer simulation can be built. Although use of alternatives complements the study of animals, and reduces the numbers used, the only way scientists can fully study a disease and treatment is in a living organism.\nQ: Are lost or stolen pets used as laboratory animals?A:No. All animals used in teaching and research are acquired legally, following detailed regulations. With the exception of a small number of donated (usually agricultural animals such as horses) and wild-caught animals, all of the research and teaching animals are bred solely for that purpose and acquired through licensed vendors.\nQ: What types of animals are commonly used?A:Mice are, by far, the most commonly used animals.\nQ: Don\u2019t most laboratory animals live a life of pain and suffering?A:No. The use of animals in teaching and research is highly regulated, particularly with regards to pain alleviation. Most animals never undergo painful procedures. For the few procedures that do involve discomfort or pain, appropriate pain medications are administered. There are rare cases where the nature of a study makes it impossible for momentary pain or discomfort to be completely avoided, for example, just as with humans, the level of pain and discomfort from a disease or following surgery is kept as low and short as possible, although cannot always be eliminated.\nQ: What happens to the animals when experiments are completed?A:All transgenic animals (those to whom a non-native gene has been introduced) are humanely euthanized. Other animals may also be humanely euthanized as part of the research to examine tissue, for example. Dairy cows involved in nutrition studies, or horses used for teaching demonstrations are returned to the dairy herd or put back in pasture. Most of the few dogs and cats are adopted, after spay or neutering.\nQ: Does anyone profit from the use of research animals at Cornell University?A:As an education and research institution, Cornell\u2019s mission is to share the results of its research for the public good. Cornell licenses its patented discoveries to businesses for commercial development and distribution or to nonprofit agencies and philanthropic foundations that assist Cornell in disseminating the invention for the greatest good. Proceeds, if any, go to the inventor, the university, and the relevant college under an established formula. Revenue from the licensing of intellectual property arising from animal research is modest and is generally used to fund further research.\nOrganizations That Safeguard the Welfare of Animals in Teaching and Research\nBelow is a list of organizations that are concerned with the humane care of animals:\nAAALAC International (http://www.aaalac.org/)\nAmerican Association for Laboratory Animal Science (AALAS) (http://www.aalas.org/index.aspx)\nAmerican College of Laboratory Animal Medicine (ACLAM) (http://www.aclam.org/)\nAmericans for Medical Progress (https://www.amprogress.org/)\nEuropean Society of Laboratory Animal Veterinarians (ESLAV) and the European College of Laboratory Animal Medicine (ECLAM) (http://eslav-eclam.org/)\nFoundation for Biomedical Research (FBR) (https://fbresearch.org/)\nInternational Association of Colleges of Laboratory Animal Medicine (IACLAM) (http://www.iaclam.org/)\nNational Association for Biomedical Research (NABR) (http://www.nabr.org/)\nQuick Reference\nRates (/rates)\nForms (/forms)\nPolicies (/policies)\nContacts (/contacts)\nTraining (/training)\nEvents (/events)\nNews & Announcements (/news)\n\u00a9 2019 Cornell University\nWeb Accessibility Help (mailto:rais-help@cornell.edu?subject=researchservices.cornell.edu%20site)"
}