{
    "URL location": "https://researchservices.cornell.edu/resources/human-participant-data",
    "Last modification date": "2025-02-21T14:17Z",
    "Change frequency": "monthly",
    "Priority": "0.5",
    "Scraped Text": "Find guidance on funding and agency updates during the federal government transition(updated 3/19/2025) (/federal-transition)\nEssential ToolsFind My GCORASSExternalInstitutional Profile & DUNSIACUC applications (Cayuse Animal Management)Find Your Next Funding OpportunityIBC Applications (RASS-IBC)Research Development (ReD) ServicesIRB Applications (RASS-IRB)ExternalRates and budgetsReport external interests (RASS-COI)Join List ServsRASS Access Request FormAsk EHSExternalWeb Financials (WebFin2)ExternalCornell Data ServicesExternalPI DashboardExternalTravel RegistryExternalResearch Financials (formerly RA Dashboard)ExternalInternational research activitiesExternalRegister for Federal and Non-Federal SystemsDisclose Foreign Collaborations and SupportResearch metrics & executive dashboardsTraining (/about/essential-tools, /gco, http://guide.rass.cornell.edu/, /resources/institutional-profile-duns-and-uei-numbers, /resources/submit-new-iacuc-protocol, /proposal/Find-Your-Next-Funding-Opportunity, /resources/ibc-application-submission-review-and-approval, /research-development, https://rass.cornell.edu/irb, /proposal/budget, /compliance/conflict-of-interest, /resources/research-mailing-lists-list-servs, /resources/get-access-financial-sponsored-projects-data, https://tdx.cornell.edu/TDClient/42/Portal/Requests/TicketRequests/NewForm?ID=q5sab44D6GI_, http://webfin2.cornell.edu/, https://data.research.cornell.edu/, https://pidash.cornell.edu, https://travelregistry.cornell.edu/, http://radash.cornell.edu/, https://navigate.cornell.edu, /resources/register-federal-and-non-federal-systems, /proposal/disclose-foreign-collaborations-and-support, /resources/research-metrics, /training)\nFind My GCO (/gco)\nRASSExternal (http://guide.rass.cornell.edu/)\nInstitutional Profile & DUNS (/resources/institutional-profile-duns-and-uei-numbers)\nIACUC applications (Cayuse Animal Management) (/resources/submit-new-iacuc-protocol)\nFind Your Next Funding Opportunity (/proposal/Find-Your-Next-Funding-Opportunity)\nIBC Applications (RASS-IBC) (/resources/ibc-application-submission-review-and-approval)\nResearch Development (ReD) Services (/research-development)\nIRB Applications (RASS-IRB)External (https://rass.cornell.edu/irb)\nRates and budgets (/proposal/budget)\nReport external interests (RASS-COI) (/compliance/conflict-of-interest)\nJoin List Servs (/resources/research-mailing-lists-list-servs)\nRASS Access Request Form (/resources/get-access-financial-sponsored-projects-data)\nAsk EHSExternal (https://tdx.cornell.edu/TDClient/42/Portal/Requests/TicketRequests/NewForm?ID=q5sab44D6GI_)\nWeb Financials (WebFin2)External (http://webfin2.cornell.edu/)\nCornell Data ServicesExternal (https://data.research.cornell.edu/)\nPI DashboardExternal (https://pidash.cornell.edu)\nTravel RegistryExternal (https://travelregistry.cornell.edu/)\nResearch Financials (formerly RA Dashboard)External (http://radash.cornell.edu/)\nInternational research activitiesExternal (https://navigate.cornell.edu)\nRegister for Federal and Non-Federal Systems (/resources/register-federal-and-non-federal-systems)\nDisclose Foreign Collaborations and Support (/proposal/disclose-foreign-collaborations-and-support)\nResearch metrics & executive dashboards (/resources/research-metrics)\nTraining (/training)\nSearch (/search)\nIRB Considerations: Human Participant Data, Data Sets and Internet Research\nWhether you are working with an existing data set collected by another researcher, storing data you yourself have collected from human research participants, or conducting Internet- or app-based research, you must take adequate steps to protect the privacy and confidentiality of research data.\nResearch with human participants frequently involves analysis or collection of personal identifying information (\"identifiers\").\u00a0 In reviewing proposed human participant research, the IRB will consider whether data to be analyzed or collected by the researcher could be stigmatizing, result in criminal or civil liability, damage financial standing, employability, insurability, or reputation, result in stolen identity, or otherwise pose a threat to an individual\u2019s privacy or confidentiality.\u00a0 If so, the researcher should describe steps they will take to ensure that such information is kept secure.\nBroadly, human participant research should be planned with the following in mind:\nEnsuring that the informed consent process adequately and accurately explains to potential participants about possible risks of participation, including any risk that their personal data may be compromised.\nAppropriatelysafeguarding the privacy or confidentiality of information obtained from or about human participants, and documenting these procedures in the protocol application and consent form.\nMinimizingpotential risks to participants, including risks associated with accidental or malicious security breaches.\nResources\nData Storage Finder tool: the Cornell Data Services group (formerly Research Data Management Services Group--RDMSG) operates this online tool to help you select an appropriate method for collecting and storing your research data (https://finder.research.cornell.edu/)\nRegulated Data Chart: from IT@Cornell, this tool provides guidance to help you choose appropriate technology tools for sending, storing, and sharing institutional information (https://it.cornell.edu/regulated-data-chart)\nRelevant IRB policies and guidance:Research Involving Existing or Secondary DataComputer- and Internet-Based Survey ResearchUse of Social Networking Sites and Mobile Devices for Human Participant ResearchUsing HIPAA Data for Research (/sites/default/files/2019-05/Guidance%20on%20Review%20of%20Research%20Involving%20Existing%20or%20Secondary%20Data_0.pdf, /policies/irb-policy-16-computer-and-internet-based-human-participant-survey-research, /policies/irb-policy-20-use-social-networking-sites-or-mobile-devices-human-participant-research, /sites/default/files/2019-05/HIPAA_Guidance_for_Researchers.pdf)\nResearch Involving Existing or Secondary Data (/sites/default/files/2019-05/Guidance%20on%20Review%20of%20Research%20Involving%20Existing%20or%20Secondary%20Data_0.pdf)\nComputer- and Internet-Based Survey Research (/policies/irb-policy-16-computer-and-internet-based-human-participant-survey-research)\nUse of Social Networking Sites and Mobile Devices for Human Participant Research (/policies/irb-policy-20-use-social-networking-sites-or-mobile-devices-human-participant-research)\nUsing HIPAA Data for Research (/sites/default/files/2019-05/HIPAA_Guidance_for_Researchers.pdf)\nGDPR: European Data Regulation Impacts Research (/news/gdpr-european-data-regulation-impacts-research)\nAbout the IRB Committee (/resources/about-irb-committee)\nThe Life Cycle of an IRB Protocol (/resources/life-cycle-irb-protocol)\nIRB Announcements & Newsletters (/resources/irb-announcements-newsletters)\nResearch with Human Participants (/compliance/human-research)\nIRB Informed Consent (/resources/irb-informed-consent)\nIRB Training (/resources/irb-training)\nIRB Biomedical Research (/resources/irb-biomedical-research)\nIRB Considerations for International Research (/resources/irb-considerations-international-research)\nIRB Considerations for Clinical Trials (/resources/irb-considerations-clinical-trials)\nMulti-site and Collaborative IRB Research (/resources/multi-site-and-collaborative-irb-research)\nQuick Reference\nRates (/rates)\nForms (/forms)\nPolicies (/policies)\nContacts (/contacts)\nTraining (/training)\nEvents (/events)\nNews & Announcements (/news)\n\u00a9 2019 Cornell University\nWeb Accessibility Help (mailto:rais-help@cornell.edu?subject=researchservices.cornell.edu%20site)"
}