{
    "URL location": "https://researchservices.cornell.edu/offices/IRB",
    "Last modification date": "2024-07-03T18:06Z",
    "Change frequency": "yearly",
    "Priority": "0.5",
    "Scraped Text": "Find guidance on funding and agency updates during the federal government transition(updated 3/19/2025) (/federal-transition)\nEssential ToolsFind My GCORASSExternalInstitutional Profile & DUNSIACUC applications (Cayuse Animal Management)Find Your Next Funding OpportunityIBC Applications (RASS-IBC)Research Development (ReD) ServicesIRB Applications (RASS-IRB)ExternalRates and budgetsReport external interests (RASS-COI)Join List ServsRASS Access Request FormAsk EHSExternalWeb Financials (WebFin2)ExternalCornell Data ServicesExternalPI DashboardExternalTravel RegistryExternalResearch Financials (formerly RA Dashboard)ExternalInternational research activitiesExternalRegister for Federal and Non-Federal SystemsDisclose Foreign Collaborations and SupportResearch metrics & executive dashboardsTraining (/about/essential-tools, /gco, http://guide.rass.cornell.edu/, /resources/institutional-profile-duns-and-uei-numbers, /resources/submit-new-iacuc-protocol, /proposal/Find-Your-Next-Funding-Opportunity, /resources/ibc-application-submission-review-and-approval, /research-development, https://rass.cornell.edu/irb, /proposal/budget, /compliance/conflict-of-interest, /resources/research-mailing-lists-list-servs, /resources/get-access-financial-sponsored-projects-data, https://tdx.cornell.edu/TDClient/42/Portal/Requests/TicketRequests/NewForm?ID=q5sab44D6GI_, http://webfin2.cornell.edu/, https://data.research.cornell.edu/, https://pidash.cornell.edu, https://travelregistry.cornell.edu/, http://radash.cornell.edu/, https://navigate.cornell.edu, /resources/register-federal-and-non-federal-systems, /proposal/disclose-foreign-collaborations-and-support, /resources/research-metrics, /training)\nFind My GCO (/gco)\nRASSExternal (http://guide.rass.cornell.edu/)\nInstitutional Profile & DUNS (/resources/institutional-profile-duns-and-uei-numbers)\nIACUC applications (Cayuse Animal Management) (/resources/submit-new-iacuc-protocol)\nFind Your Next Funding Opportunity (/proposal/Find-Your-Next-Funding-Opportunity)\nIBC Applications (RASS-IBC) (/resources/ibc-application-submission-review-and-approval)\nResearch Development (ReD) Services (/research-development)\nIRB Applications (RASS-IRB)External (https://rass.cornell.edu/irb)\nRates and budgets (/proposal/budget)\nReport external interests (RASS-COI) (/compliance/conflict-of-interest)\nJoin List Servs (/resources/research-mailing-lists-list-servs)\nRASS Access Request Form (/resources/get-access-financial-sponsored-projects-data)\nAsk EHSExternal (https://tdx.cornell.edu/TDClient/42/Portal/Requests/TicketRequests/NewForm?ID=q5sab44D6GI_)\nWeb Financials (WebFin2)External (http://webfin2.cornell.edu/)\nCornell Data ServicesExternal (https://data.research.cornell.edu/)\nPI DashboardExternal (https://pidash.cornell.edu)\nTravel RegistryExternal (https://travelregistry.cornell.edu/)\nResearch Financials (formerly RA Dashboard)External (http://radash.cornell.edu/)\nInternational research activitiesExternal (https://navigate.cornell.edu)\nRegister for Federal and Non-Federal Systems (/resources/register-federal-and-non-federal-systems)\nDisclose Foreign Collaborations and Support (/proposal/disclose-foreign-collaborations-and-support)\nResearch metrics & executive dashboards (/resources/research-metrics)\nTraining (/training)\nSearch (/search)\nInstitutional Review Board for Human Participant Research (IRB) Office\nInstitutional Review Board for Human Participant Research (IRB) Office\nAll research at Cornell that involves human participants must be either approved by the Institutional Review Board for Human Participants (IRB) or determined to be Exempt by IRB staff. The Cornell IRB office operates a Human Research Protection Program to protect the welfare of individuals who participate in research at the University.\nFor more information about IRB policies, federal regulations, training, and protocol submission procedures, visitResearch with Human Participants. (/compliance/human-research)\nIRB Office HoursIRB staff are available to meet 1:1 for consultations on specific projects or general human participant research questions. We useMicrosoft Bookingsto schedule Zoom consultations. If you would like to meet by phone or in person, instead, please contact one of the IRB staff directly:Phone:607-255-5138 (Joyel);\u00a0607-255-6182 (Myles); 607-253-1917 (Valerie); 607-254-5162 (Vanessa)Email:irbhp@cornell.edu (https://outlook.office365.com/owa/calendar/RASSIRBTraining@cornellprod.onmicrosoft.com/bookings/, mailto:irbhp@cornell.edu)\nMyles Gideon, MLS - IRB Manager (/contacts/myles-gideon-mls-irb-manager)\nVanessa McCaffery - IRB Administrator (/contacts/vanessa-mccaffery-irb-administrator)\nJoyel Moeller - Senior IRB Administrator and Reliance Specialist (/contacts/joyel-moeller-senior-irb-administrator-and-reliance-specialist)\nValerie Ziarniak - IRB Administrator (/contacts/valerie-ziarniak-irb-administrator)\nLydia Galarneau - IRB Compliance Assistant (/contacts/lydia-galarneau-irb-compliance-assistant)\nOffice of Research Integrity and Assurance (ORIA) (/offices/ORIA)\nResearch with Human Participants (/compliance/human-research)\nQuick Reference\nRates (/rates)\nForms (/forms)\nPolicies (/policies)\nContacts (/contacts)\nTraining (/training)\nEvents (/events)\nNews & Announcements (/news)\n\u00a9 2019 Cornell University\nWeb Accessibility Help (mailto:rais-help@cornell.edu?subject=researchservices.cornell.edu%20site)"
}