{
    "URL location": "https://researchservices.cornell.edu/resources/us-federal-government-agencies-strategic-plans-2018-2022",
    "Last modification date": "2021-12-21T03:18Z",
    "Change frequency": "never",
    "Priority": "0.5",
    "Scraped Text": "Find guidance on funding and agency updates during the federal government transition(updated 3/19/2025) (/federal-transition)\nEssential ToolsFind My GCORASSExternalInstitutional Profile & DUNSIACUC applications (Cayuse Animal Management)Find Your Next Funding OpportunityIBC Applications (RASS-IBC)Research Development (ReD) ServicesIRB Applications (RASS-IRB)ExternalRates and budgetsReport external interests (RASS-COI)Join List ServsRASS Access Request FormAsk EHSExternalWeb Financials (WebFin2)ExternalCornell Data ServicesExternalPI DashboardExternalTravel RegistryExternalResearch Financials (formerly RA Dashboard)ExternalInternational research activitiesExternalRegister for Federal and Non-Federal SystemsDisclose Foreign Collaborations and SupportResearch metrics & executive dashboardsTraining (/about/essential-tools, /gco, http://guide.rass.cornell.edu/, /resources/institutional-profile-duns-and-uei-numbers, /resources/submit-new-iacuc-protocol, /proposal/Find-Your-Next-Funding-Opportunity, /resources/ibc-application-submission-review-and-approval, /research-development, https://rass.cornell.edu/irb, /proposal/budget, /compliance/conflict-of-interest, /resources/research-mailing-lists-list-servs, /resources/get-access-financial-sponsored-projects-data, https://tdx.cornell.edu/TDClient/42/Portal/Requests/TicketRequests/NewForm?ID=q5sab44D6GI_, http://webfin2.cornell.edu/, https://data.research.cornell.edu/, https://pidash.cornell.edu, https://travelregistry.cornell.edu/, http://radash.cornell.edu/, https://navigate.cornell.edu, /resources/register-federal-and-non-federal-systems, /proposal/disclose-foreign-collaborations-and-support, /resources/research-metrics, /training)\nFind My GCO (/gco)\nRASSExternal (http://guide.rass.cornell.edu/)\nInstitutional Profile & DUNS (/resources/institutional-profile-duns-and-uei-numbers)\nIACUC applications (Cayuse Animal Management) (/resources/submit-new-iacuc-protocol)\nFind Your Next Funding Opportunity (/proposal/Find-Your-Next-Funding-Opportunity)\nIBC Applications (RASS-IBC) (/resources/ibc-application-submission-review-and-approval)\nResearch Development (ReD) Services (/research-development)\nIRB Applications (RASS-IRB)External (https://rass.cornell.edu/irb)\nRates and budgets (/proposal/budget)\nReport external interests (RASS-COI) (/compliance/conflict-of-interest)\nJoin List Servs (/resources/research-mailing-lists-list-servs)\nRASS Access Request Form (/resources/get-access-financial-sponsored-projects-data)\nAsk EHSExternal (https://tdx.cornell.edu/TDClient/42/Portal/Requests/TicketRequests/NewForm?ID=q5sab44D6GI_)\nWeb Financials (WebFin2)External (http://webfin2.cornell.edu/)\nCornell Data ServicesExternal (https://data.research.cornell.edu/)\nPI DashboardExternal (https://pidash.cornell.edu)\nTravel RegistryExternal (https://travelregistry.cornell.edu/)\nResearch Financials (formerly RA Dashboard)External (http://radash.cornell.edu/)\nInternational research activitiesExternal (https://navigate.cornell.edu)\nRegister for Federal and Non-Federal Systems (/resources/register-federal-and-non-federal-systems)\nDisclose Foreign Collaborations and Support (/proposal/disclose-foreign-collaborations-and-support)\nResearch metrics & executive dashboards (/resources/research-metrics)\nTraining (/training)\nSearch (/search)\nU.S. Federal Government Agencies: Strategic Plans 2018-2022\nAn agency strategic plan is one of three main elements required by the Government Performance and Results Act (GPRA) of 1993 (P.L. 103-62) and the GPRA Modernization Act of 2010 (P.L. 111-352).\u00a0 An agency strategic plan defines its mission, goals, and the means by which it will measure its progress in addressing specific national problems over a four-year period.\nJoint Plan: U.S. Agency for International Development (USAID) / U.S. Department of State (DOS) (https://www.usaid.gov/sites/default/files/documents/1870/JSP_FY_2018_-_2022_FINAL.pdf)\nU.S. Department of Agriculture (USDA) (https://www.usda.gov/sites/default/files/documents/usda-strategic-plan-2018-2022.pdf)\nU.S. Department of Commerce (DOC) (https://www.commerce.gov/sites/default/files/us_department_of_commerce_2018-2022_strategic_plan.pdf)\nU.S. Department of Defense (DOD) (https://media.defense.gov/2018/Jun/14/2001931628/-1/-1/1/STRATEGIC%20PLAN_INTERACTIVE.PDF)\nU.S. Department of Education (ED) (https://www2.ed.gov/about/reports/strat/plan2018-22/strategic-plan.pdf)\nU.S. Department of Health and Human Services (DHHS) (https://www.hhs.gov/about/strategic-plan/index.html)\nU.S. Department of Homeland Security (DHS) (https://www.dhs.gov/sites/default/files/publications/ST_Strategic_Plan_2015_508.pdf, https://www.dhs.gov/sites/default/files/publications/ST_Strategic_Plan_2015_508.pdf)\nU.S. Department of Housing and Urban Development (HUD) (https://www.hud.gov/sites/dfiles/SPM/documents/HUDSTRATEGICPLAN2018-2022.pdf, https://www.hud.gov/sites/dfiles/SPM/documents/HUDSTRATEGICPLAN2018-2022.pdf)\nU.S. Department of the Interior (DOI) (https://www.doi.gov/sites/doi.gov/files/uploads/fy2018-2022-strategic-plan.pdf, https://www.doi.gov/sites/doi.gov/files/uploads/fy2018-2022-strategic-plan.pdf)\nU.S. Department of Justice (DOJ) (https://www.justice.gov/jmd/page/file/1071066/download, https://www.justice.gov/jmd/page/file/1071066/download)\nU.S. Department of Labor (DOL) (https://www.dol.gov/sites/default/files/budget/2019/FY2018-2022StrategicPlan.pdf)\nU.S. Department of Transportation (DOT) (https://www.transportation.gov/sites/dot.gov/files/docs/mission/administrations/office-policy/304866/dot-strategic-planfy2018-2022508.pdf, https://www.transportation.gov/sites/dot.gov/files/docs/mission/administrations/office-policy/304866/dot-strategic-planfy2018-2022508.pdf)\nU.S. Department of the Treasury (TREAS) (https://www.treasury.gov/about/budget-performance/strategic-plan/Documents/2018-2022_Treasury_Strategic_Plan_web.pdf, https://www.treasury.gov/about/budget-performance/strategic-plan/Documents/2018-2022_Treasury_Strategic_Plan_web.pdf)\nU.S. Department of Veterans Affairs (VA) (https://www.va.gov/oei/docs/VA2018-2024strategicPlan.pdf, https://www.va.gov/oei/docs/VA2018-2024strategicPlan.pdf)\nCorporation for National and Community Service (CNCS) (https://www.nationalservice.gov/about/strategic-plan)\nEnvironmental Protection Agency (EPA) (https://www.epa.gov/sites/production/files/2018-08/documents/fy-2018-2022-epa-strategic-plan-print.pdf)\nInstituteof Museum and Library Services (IMLS) (https://www.imls.gov/sites/default/files/publications/documents/imls-strategic-plan-2018-2022.pdf, https://www.imls.gov/sites/default/files/publications/documents/imls-strategic-plan-2018-2022.pdf)\nNationalAeronauticesand Space Administration (NASA) (https://www.nasa.gov/sites/default/files/atoms/files/nasa_2018_strategic_plan.pdf, https://www.nasa.gov/sites/default/files/atoms/files/nasa_2018_strategic_plan.pdf, https://www.nasa.gov/sites/default/files/atoms/files/nasa_2018_strategic_plan.pdf)\nNational Archives and Records (NARA) (https://www.archives.gov/files/about/plans-reports/strategic-plan/2018/strategic-plan-2018-2022.pdf)\nNational Endowment for the Arts (NEA) (https://www.arts.gov/sites/default/files/NEA-Strategic-Plan-FY2018-2022.pdf)\nNational Endowment for the Humanities (NEH) (https://www.neh.gov/sites/default/files/inline-files/strategic.plan_.2.9.18.fnl_.pdf)\nNational Science Foundation (NSF) (https://www.nsf.gov/pubs/2018/nsf18045/nsf18045.pdf)\nSmall Business Administration (SBA) (https://www.sba.gov/sites/default/files/2018-06/SBA_FY_2018-2022_Strategic_Plan.pdf)\nSocial Security Administration (SSA) (https://www.ssa.gov/agency/asp/materials/pdfs/SSA_Agency_Strategic_Plan_Fiscal_Years_2018-2022.pdf)\nQuick Reference\nRates (/rates)\nForms (/forms)\nPolicies (/policies)\nContacts (/contacts)\nTraining (/training)\nEvents (/events)\nNews & Announcements (/news)\n\u00a9 2019 Cornell University\nWeb Accessibility Help (mailto:rais-help@cornell.edu?subject=researchservices.cornell.edu%20site)"
}