{
    "URL location": "https://researchservices.cornell.edu/news/updates-federal-sponsors",
    "Last modification date": "2024-07-16T20:29Z",
    "Change frequency": "yearly",
    "Priority": "0.5",
    "Scraped Text": "Find guidance on funding and agency updates during the federal government transition(updated 3/19/2025) (/federal-transition)\nEssential ToolsFind My GCORASSExternalInstitutional Profile & DUNSIACUC applications (Cayuse Animal Management)Find Your Next Funding OpportunityIBC Applications (RASS-IBC)Research Development (ReD) ServicesIRB Applications (RASS-IRB)ExternalRates and budgetsReport external interests (RASS-COI)Join List ServsRASS Access Request FormAsk EHSExternalWeb Financials (WebFin2)ExternalCornell Data ServicesExternalPI DashboardExternalTravel RegistryExternalResearch Financials (formerly RA Dashboard)ExternalInternational research activitiesExternalRegister for Federal and Non-Federal SystemsDisclose Foreign Collaborations and SupportResearch metrics & executive dashboardsTraining (/about/essential-tools, /gco, http://guide.rass.cornell.edu/, /resources/institutional-profile-duns-and-uei-numbers, /resources/submit-new-iacuc-protocol, /proposal/Find-Your-Next-Funding-Opportunity, /resources/ibc-application-submission-review-and-approval, /research-development, https://rass.cornell.edu/irb, /proposal/budget, /compliance/conflict-of-interest, /resources/research-mailing-lists-list-servs, /resources/get-access-financial-sponsored-projects-data, https://tdx.cornell.edu/TDClient/42/Portal/Requests/TicketRequests/NewForm?ID=q5sab44D6GI_, http://webfin2.cornell.edu/, https://data.research.cornell.edu/, https://pidash.cornell.edu, https://travelregistry.cornell.edu/, http://radash.cornell.edu/, https://navigate.cornell.edu, /resources/register-federal-and-non-federal-systems, /proposal/disclose-foreign-collaborations-and-support, /resources/research-metrics, /training)\nFind My GCO (/gco)\nRASSExternal (http://guide.rass.cornell.edu/)\nInstitutional Profile & DUNS (/resources/institutional-profile-duns-and-uei-numbers)\nIACUC applications (Cayuse Animal Management) (/resources/submit-new-iacuc-protocol)\nFind Your Next Funding Opportunity (/proposal/Find-Your-Next-Funding-Opportunity)\nIBC Applications (RASS-IBC) (/resources/ibc-application-submission-review-and-approval)\nResearch Development (ReD) Services (/research-development)\nIRB Applications (RASS-IRB)External (https://rass.cornell.edu/irb)\nRates and budgets (/proposal/budget)\nReport external interests (RASS-COI) (/compliance/conflict-of-interest)\nJoin List Servs (/resources/research-mailing-lists-list-servs)\nRASS Access Request Form (/resources/get-access-financial-sponsored-projects-data)\nAsk EHSExternal (https://tdx.cornell.edu/TDClient/42/Portal/Requests/TicketRequests/NewForm?ID=q5sab44D6GI_)\nWeb Financials (WebFin2)External (http://webfin2.cornell.edu/)\nCornell Data ServicesExternal (https://data.research.cornell.edu/)\nPI DashboardExternal (https://pidash.cornell.edu)\nTravel RegistryExternal (https://travelregistry.cornell.edu/)\nResearch Financials (formerly RA Dashboard)External (http://radash.cornell.edu/)\nInternational research activitiesExternal (https://navigate.cornell.edu)\nRegister for Federal and Non-Federal Systems (/resources/register-federal-and-non-federal-systems)\nDisclose Foreign Collaborations and Support (/proposal/disclose-foreign-collaborations-and-support)\nResearch metrics & executive dashboards (/resources/research-metrics)\nTraining (/training)\nSearch (/search)\nUpdates from Federal Sponsors\nUpdates on regulations, systems, and expectations from federal sponsors. Includes Cornell public comments.\nThese notifications have all been sent out to the CU_RES_ADMIN_L mailing list.See more information about subscribing to that list and other important research mailings. (/resources/research-mailing-lists-list-servs)\nRCR Training Requirements, Effective 7/31/2023\nThe U.S. National Science Foundation (NSF) has revised its regulatory requirements regarding training on RCR, now in effect. If you plan to submit a proposal for funding from the NSF, you may be impacted by this change.\nCornell will be rolling out a new online RCR course\u2014developed specifically for Cornell researchers\u2014in early fall 2023.Read more about this change and the new course. (/news/responsible-ethical-research-new-cornell-resources-and-requirements)\nSignificant NSF Policy Updates, Effective 1/30/2023\nDear colleagues,\nThe National Science Foundation (NSF) has published revisions to their core policy documents that represent significant changes for NSF researchers and administrators, effective January 30, 2023.Please review this message in its entirety and share broadly with all applicants and awardees affected by these changes.\nUpdated Proposal & Award Policies & Procedures Guide (PAPPG), NSF 23-1 (https://beta.nsf.gov/policies/pappg/23-1/table-of-contents)\nThis updated core policy document, applicable to all NSF proposals and awards, includes several updates of note to the research community. A summary of the most notable changes are below, with further discussion available via a recording of theDecember 2022 OSP Roundtable. (https://www.youtube.com/watch?v=spBsEgo7ZLc&feature=youtu.be)\nChanges effective January 30th:\nAll key personnel are required to certify by signing their Current & Pending and Biosketches that the information within is current, accurate, and complete. This certification is part of the updated required templates, now available inSciENcvand NSF\u2019s webpage (seehereandhere).Updates to the RASS Current & Pending tool to implement the new pdf templates is in progress.SciENcv will now require researchers to certify the Current & Pending and Biosketch within SciENcvbeforea delegate will be able to download the document. (https://www.ncbi.nlm.nih.gov/sciencv/, https://www.nsf.gov/bfa/dias/policy/biosketch.jsp, https://www.nsf.gov/bfa/dias/policy/cps.jsp)\nUpdates to the RASS Current & Pending tool to implement the new pdf templates is in progress.\nSciENcv will now require researchers to certify the Current & Pending and Biosketch within SciENcvbeforea delegate will be able to download the document.\nAn updated Current & Pending Support document must be provided to the Program Officer before an award is recommended for funding.Please work with your assigned Grant & Contract Officer to submit such requests.\nAll units must have on file a project specific plan regarding thesafe and inclusive working environmentsfor all projects that includes off-campus or off-site research.Grant & Contract Officers will be required to sign an attestation to NSF confirming the existence of this plan upon submission of the proposal. Certain solicitations require this plan to be included as a 2-page supplementary document uploaded to the proposal and reviewed as part of the Broader Impacts merit criteria. The Office of Sponsored Programs (OSP)\u00a0has developedresources and guidancefor this new requirement, including a plan template that can be completed with project-specific information. (https://beta.nsf.gov/policies/pappg/23-1/ch-2-proposal-preparation#2E9, https://researchservices.cornell.edu/resources/working-nsf)\nAll proposals must indicate on the cover page if there are anyPotential Life Sciences Dual Use Research of Concern (DURC). (https://beta.nsf.gov/policies/pappg/23-1/ch-2-proposal-preparation#2E6)\nOther upcoming changes in 2023:\nEffective July 31st, all faculty and other senior personnel named in the proposal and/or working on the project must completeResponsible and Ethical Conduct of Research (RECR) training, with Cornell responsible for enforcing compliance at award stage. Additional information regarding this new requirement will be provided to the Cornell research community in the coming months. (https://beta.nsf.gov/policies/pappg/23-1/ch-9-recipient-standards#b-responsible-and-ethical-conduct-of-research-recr-9c7)\nEffective October 12th,SciENcvmust be used to generate all Current & Pending and Biosketches. The use of NSF fillable PDF forms will no longer be permitted. (https://www.ncbi.nlm.nih.gov/sciencv/)\nUpdated Standard NSF Award Terms & Conditions (https://www.nsf.gov/awards/managing/award_conditions.jsp?org=nsf)\nNSF has published revisions to their entire suite of standard NSF Award Terms & Conditions to implement newSafe and Inclusive Work Environments for Off-Campus or Off-Site Research provisions.The revised terms and conditions will apply to all new NSF awards and funding amendments to existing NSF awards made on or after January 30, 2023. (https://beta.nsf.gov/policies/pappg/23-1/ch-2-proposal-preparation#2E9)\nResearch Terms and Conditions(summary of changes) (https://www.nsf.gov/bfa/dias/policy/fedrtc/agencyspecifics/nsf_0123.pdf, https://www.nsf.gov/bfa/dias/policy/fedrtc/agencyspecifics/nsf_changes0123.pdf)\nGrant General Conditions(summary of changes) (https://www.nsf.gov/bfa/dias/policy/gc1/jan23.pdf, https://www.nsf.gov/bfa/dias/policy/gc1/changes_jan23.pdf)\nCooperative Agreement Conditions(summary of changes) (https://www.nsf.gov/bfa/dias/policy/cafatc/cafatc_0123.pdf, https://www.nsf.gov/bfa/dias/policy/cafatc/cafatc_changes0123.pdf)\nSpecial Conditions (https://www.nsf.gov/awards/managing/special_conditions.jsp)\nResearchers and administrators are also reminded that NSF is in their final stages of the move from FastLane toResearch.gov, with the final day to submit proposals in FastLane Friday, January 27th. (https://www.research.gov/research-web/)\nIf you have any questions about these changes, please contact yourGrant and Contract Officer (see Who is my GCO? webpage for assignments and contact information) for further information or clarifications. (/gco)\nFY2023 NIH Salary Cap Levels\nThe National Institutes of Health (NIH) recently made an announcement regarding federal fiscal year 2023 fiscal policies:\nSalary Limits (i.e. Salary Cap):Effective January 1, 2023, the salary limitation of the Executive Level II rate has increased to $212,100, or a nine-month rate of $159.075. SeeNIH Policy Notice NOT-OD-23-056for additional information. For awards issued in those years that were restricted to Executive Level II (see historical record found here -https://grants.nih.gov/grants/policy/salcap_summary.htm), including competing awards already issued in federal fiscal year 2023, if adequate funds are available in active awards, and if the salary cap increase is consistent with the institutional base salary, grantees may rebudget funds to accommodate the current Executive Level II salary level.\u00a0However, no additional funds will be provided to these grant awards. (https://grants.nih.gov/grants/guide/notice-files/NOT-OD-23-056.html, https://grants.nih.gov/grants/policy/salcap_summary.htm)\nWe now have asalary calculatoron our website to assist you in budgeting and implementing this cap. If you have any questions about these changes, please contact your Grant and Contract Officer (seeWho is my GCO? webpagefor assignments and contact information) for further information or clarifications. For assistance in the management of the Salary Cap, especially if considering an adjustment retroactively to the effective date, please contactsfs-help@cornell.edu.\u00a0\u00a0 For information relating to salary adjustments please contact your unit HR representative. (/rates/salary-cap-calculator, /gco, mailto:sfs-help@cornell.edu)\nNew NIH \"FORMS-H\" Effective for Proposals due 1/25/2023\nDear colleagues,\nEffective January 25, 2023, all applications submitted to the National Institutes of Health (NIH), the U.S. Food and Drug Administration (FDA), and the Agency for Healthcare Research and Quality (AHRQ) will be required to use grant application forms and application guide instruction \u201cFORMS-H\u201d.The current \u201cFORMS-G\u201d forms and instructions must be utilized for due dates on or before January 24, 2023.\nKey changesto the forms reflect updates to implement NIH\u2019s NIH Data Management and Sharing Policy, seeNIH Policy Notice NOT-OD-22-189for additional details. (https://grants.nih.gov/grants/electronicreceipt/files/high-level-form-change-summary-FORMS-H.pdf, https://grants.nih.gov/grants/guide/notice-files/NOT-OD-22-189.html)\nNIH will publish a FORMS-H application guides (found here) no later than October 25, 2022, and will make the necessary updates to Funding Opportunity Announcements (FOAs) (parent announcements found here)October 25-November 25, 2022. (https://grants.nih.gov/grants/how-to-apply-application-guide.html, https://grants.nih.gov/grants/guide/parent_announcements.htm)\nDuring the transition period, both FORMS-G and FORMS-H application packages will be active simultaneously. Applicants must choose the appropriate application package for their due date when presented with both FORMS-G and FORMS-H application packages on the same FOA (see table below).Applications submitted using the incorrect application package for their due date may be withdrawn and removed from funding consideration.\nIf your intended due date is...\nYou must use...\nOn or before January 24, 2023, including:\nApplications submitted for due dates on or before January 24, 2023\nApplications submitted underNIH Late Policy2-week window of consideration for intended due dates on or before January 24, 2023 (https://grants.nih.gov/grants/how-to-apply-application-guide/due-dates-and-submission-policies/submission-policies.htm#la)\nApplications submitted by February 1, 2023 under NIHContinuous Submission Policyfor the January 7, 2023 AIDS intended due date (https://grants.nih.gov/grants/peer/continuous_submission.htm)\nFORMS-G application package\nOn or after January 25, 2023, including:\nApplications submitted for due dates on or after January 25, 2023\nAll application types (New, Resubmission, Renewal, Revision)\nApplications submitted early for intended due dates on or after January 25, 2023\nFORMS-H application package\nAdditional detailed information from NIH regarding this change can be found inNIH Policy Notice NOT-OD-22-195. (https://grants.nih.gov/grants/guide/notice-files/NOT-OD-22-195.html)\nPlease distribute widely to any that could benefit from this guidance. Please direct any questions to yourGrant & Contract Officer (current assignments are located here). (/gco)\nFinal Update to NSF's Transition from FastLane to Research.gov\nDear colleagues,\nAs communicated to Cornell stakeholders over the last year, the National Science Foundation is in the final stages of their full transition fromFastLanetoResearch.gov. NSF recently published additional updates to this transition as summarized below; (https://www.fastlane.nsf.gov/, https://www.research.gov/research-web/)\n\u00b7 With all proposal and submission types soon fully supported in Research.gov, the system will be ready for the transition from FastLane for the preparation and submission of all new proposals in late January 2023, when the Proposal and Award Policies and Procedures Guide (PAPPG) (NSF 23-1) is effective.\nThe last day to submit new proposals and new supplemental funding requests in FastLane is January 27, 2023.\nThe ability to submit proposal file updates and budget revisions in FastLane will be September 29, 2023.\nThe last day to access and download/print FastLane submitted and in-progress proposals will be September 29, 2023.\n\u00b7 Supplemental funding requests including Career-Life Balance requests can now be prepared in Research.gov.\nAdditional guidance about the use of Research.gov for proposal submission can be foundhere. Please direct any questions Research.gov to yourGrant & Contract Officer (current assignments are located here). (https://www.research.gov/research-web/content/aboutpsm, /gco)\nCornell Public Comments\nCornell Public Comment:Comment Letter to NIST March-in Framework (/sites/default/files/2024-02/2024%20Cornell%20Comment%20Letter%20to%20NIST%20March-in%20Framework-%20final.pdf)\nCornell Public Comment:NIH Request for Comment on NIH Grants Policy Statement (NIHGPS), Section 15.2 (88 FR 36603) (/sites/default/files/2023-07/Cornell-NIHComment-InternationalSubDataShareReq-VPRISigned.PDF)\nCornell University White Paper Responding to NSF 23-098 Dear Colleague Letter:A Request for Input on the Development of the U.S. Research Security and Integrity Information Sharing Analysis Organization (RSI-ISAO) (/sites/default/files/2023-07/Cornell%20University%20White%20Paper%20Responding%20to%20NSF%2023-098.pdf)\nQuick Reference\nRates (/rates)\nForms (/forms)\nPolicies (/policies)\nContacts (/contacts)\nTraining (/training)\nEvents (/events)\nNews & Announcements (/news)\n\u00a9 2019 Cornell University\nWeb Accessibility Help (mailto:rais-help@cornell.edu?subject=researchservices.cornell.edu%20site)"
}