{
    "URL location": "https://researchservices.cornell.edu/resources/foundation-funding",
    "Last modification date": "2024-04-03T19:05Z",
    "Change frequency": "yearly",
    "Priority": "0.5",
    "Scraped Text": "Find guidance on funding and agency updates during the federal government transition(updated 3/19/2025) (/federal-transition)\nEssential ToolsFind My GCORASSExternalInstitutional Profile & DUNSIACUC applications (Cayuse Animal Management)Find Your Next Funding OpportunityIBC Applications (RASS-IBC)Research Development (ReD) ServicesIRB Applications (RASS-IRB)ExternalRates and budgetsReport external interests (RASS-COI)Join List ServsRASS Access Request FormAsk EHSExternalWeb Financials (WebFin2)ExternalCornell Data ServicesExternalPI DashboardExternalTravel RegistryExternalResearch Financials (formerly RA Dashboard)ExternalInternational research activitiesExternalRegister for Federal and Non-Federal SystemsDisclose Foreign Collaborations and SupportResearch metrics & executive dashboardsTraining (/about/essential-tools, /gco, http://guide.rass.cornell.edu/, /resources/institutional-profile-duns-and-uei-numbers, /resources/submit-new-iacuc-protocol, /proposal/Find-Your-Next-Funding-Opportunity, /resources/ibc-application-submission-review-and-approval, /research-development, https://rass.cornell.edu/irb, /proposal/budget, /compliance/conflict-of-interest, /resources/research-mailing-lists-list-servs, /resources/get-access-financial-sponsored-projects-data, https://tdx.cornell.edu/TDClient/42/Portal/Requests/TicketRequests/NewForm?ID=q5sab44D6GI_, http://webfin2.cornell.edu/, https://data.research.cornell.edu/, https://pidash.cornell.edu, https://travelregistry.cornell.edu/, http://radash.cornell.edu/, https://navigate.cornell.edu, /resources/register-federal-and-non-federal-systems, /proposal/disclose-foreign-collaborations-and-support, /resources/research-metrics, /training)\nFind My GCO (/gco)\nRASSExternal (http://guide.rass.cornell.edu/)\nInstitutional Profile & DUNS (/resources/institutional-profile-duns-and-uei-numbers)\nIACUC applications (Cayuse Animal Management) (/resources/submit-new-iacuc-protocol)\nFind Your Next Funding Opportunity (/proposal/Find-Your-Next-Funding-Opportunity)\nIBC Applications (RASS-IBC) (/resources/ibc-application-submission-review-and-approval)\nResearch Development (ReD) Services (/research-development)\nIRB Applications (RASS-IRB)External (https://rass.cornell.edu/irb)\nRates and budgets (/proposal/budget)\nReport external interests (RASS-COI) (/compliance/conflict-of-interest)\nJoin List Servs (/resources/research-mailing-lists-list-servs)\nRASS Access Request Form (/resources/get-access-financial-sponsored-projects-data)\nAsk EHSExternal (https://tdx.cornell.edu/TDClient/42/Portal/Requests/TicketRequests/NewForm?ID=q5sab44D6GI_)\nWeb Financials (WebFin2)External (http://webfin2.cornell.edu/)\nCornell Data ServicesExternal (https://data.research.cornell.edu/)\nPI DashboardExternal (https://pidash.cornell.edu)\nTravel RegistryExternal (https://travelregistry.cornell.edu/)\nResearch Financials (formerly RA Dashboard)External (http://radash.cornell.edu/)\nInternational research activitiesExternal (https://navigate.cornell.edu)\nRegister for Federal and Non-Federal Systems (/resources/register-federal-and-non-federal-systems)\nDisclose Foreign Collaborations and Support (/proposal/disclose-foreign-collaborations-and-support)\nResearch metrics & executive dashboards (/resources/research-metrics)\nTraining (/training)\nSearch (/search)\nFoundation Funding\nResearch Development (ReD) (/offices/research-development-red)\nFind Your Next Funding Opportunity (/proposal/Find-Your-Next-Funding-Opportunity)\nInternal Funding for Faculty, Postdocs & Students (/resources/internal-funding-faculty-postdocs-students)\nLimited Submissions Funding Opportunities (/resources/limited-submissions-funding-opportunities)\nPrivate foundations are an important source of support for academic research. Below are some resources to help you find funding opportunities from foundations.\nFoundation Search Tools\n\n\nFoundation Directory: The Directory provides information about U.S. private and public foundations, including organization profiles,\u00a0links to foundation websites, and funding opportunities. Users can subscribe to the \"Philanthropy News Digest\" to receive timely updates about new funding opportunities. Access to the Foundation Directory is provided by the Cornell University Library. (https://johnson.library.cornell.edu/database/foundation-directory/)\n\n\nGrant Forward: A searchabledatabase of grants from over 14,000 sponsors, including foundations. Search by keywords and advanced filters. Save your favorite\u00a0searches to receive alerts about new grants, and save your favorite grants to keep track of them. GrantForward also\u00a0recommends grants to you based on your CV, past publications, and research interests. (https://www.grantforward.com/index)\nCornell University subscribes to GrantForward.Faculty, students and staff with a Cornell netID have free full access.Sign up hereusing your cornell.edu\u00a0email. (https://www.grantforward.com/signup)\nUpdated daily with new funding opportunities from diverse disciplines, includingin the Life and Physical Sciences, Social Sciences, and Arts and Humanities.\nLearn how to make GrantForward work for you:Click hereto access the March 2024 webinar \"Using GrantForward as a Grant Seeker\". ReviewQuickTipsand theResearcher Welcome Guide. (https://drive.google.com/file/d/1LI9wGQISUTwXBrkM7RcLBWNChy7cH-rO/view?pli=1, https://www.grantforward.com/support/quick_tips, https://www.grantforward.com/public/documents/GrantForward-ResearcherWelcomeGuide-201506.pdf)\nTheSciencePhilanthropy Allianceprovides overviews of areas of interest, approaches, and funding opportunities from several of its member organizations (such as the Sloan Foundation,Burroughs Wellcome Fund, and more).Visit the\u00a0Alliance Member Priorities webpage. (https://sciencephilanthropyalliance.org/alliance-member-priorities/)\n\nIf you plan to apply to a foundation for funding, contact yourGrant and Contract Officerand ask if the foundation's terms and conditions\u00a0conform to Cornell's policies. (/gco)\n\nTop Foundation Funders at Cornell\nAmerican Cancer Society (https://www.cancer.org/research/we-fund-cancer-research/apply-research-grant.html)\nAmerican Chemical Society (https://www.acs.org/content/acs/en/funding-and-awards/grants.html)\nAmerican Heart Association (https://professional.heart.org/professional/ResearchPrograms/ApplicationInformation/UCM_316909_Application-Information.jsp)\nAmerican Kennel Club- Canine health (http://www.akcchf.org/research/application-process/program-area-rfps/)\nFord Foundation (https://www.fordfoundation.org/)\nGates FoundationGrand ChallengesandGeneral Grant Opportunities (http://grandchallenges.org/grant-opportunities, http://www.gatesfoundation.org/How-We-Work/General-Information/Grant-Opportunities)\nJacobs Foundation Fellowships- Child and youth development (http://jacobsfoundation.org/what-we-do/research-funding/jacobs-research-fellowship-program/)\nMacArthur Foundation (https://www.macfound.org/info-grantseekers/)\nMorris Animal Foundation (GrantsandVeterinarians & Students) \u2013 Veterinary Medicine (https://www.morrisanimalfoundation.org/grants, https://www.morrisanimalfoundation.org/veterinarians-students)\nRobert Wood Johnson Foundation- Building a culture of health (http://www.rwjf.org/en/how-we-work/grants/funding-opportunities.html)\nRussell Sage Foundation- Social Science research (https://www.russellsage.org/research/categories/requests-proposals)\nSimons Foundation- Basic Science and Mathematics (https://www.simonsfoundation.org/funding/funding-opportunities/)\nSloan Foundation- Research and education in STEM and economics (https://sloan.org/grants/apply)\nSpencer Foundation- Improving education around the world (https://www.spencer.org/why-we-grant)\nWinn Foundation- Feline health (http://www.winnfelinefoundation.org/grants/grant-process)\nWilliam T. Grant Foundation- Improving the lives of young people in the U.S. (http://wtgrantfoundation.org/)\nTips for Writing Proposals for Foundation Grants\nResearch and make the right fit.One of the most common reasons applications are rejected is not fitting with the funder's interests, goals, and priorities.Tailor your proposal to the specific funder's guidelines and interests.\nOne of the most common reasons applications are rejected is not fitting with the funder's interests, goals, and priorities.\nTailor your proposal to the specific funder's guidelines and interests.\nFunders really want to know:How will they benefit from investing in your research program? How will it help them achieve their goals?Why should they care? (The \"so what?\" factor.)Why are you the best one to do the work?How will you sustain the work after the funds are gone?\nHow will they benefit from investing in your research program? How will it help them achieve their goals?\nWhy should they care? (The \"so what?\" factor.)\nWhy are you the best one to do the work?\nHow will you sustain the work after the funds are gone?\nWrite an Executive Summary.Even if it's not required by a funder, an Executive Summary is good to have on-hand to share with potential funders and program managers. It should be clear and concise, and grab the reader's attention immediately.\nEven if it's not required by a funder, an Executive Summary is good to have on-hand to share with potential funders and program managers. It should be clear and concise, and grab the reader's attention immediately.\nFind Your Next Funding Opportunity (/proposal/Find-Your-Next-Funding-Opportunity)\nUpstate New York Energy Storage Engine (/resources/upstate-new-york-energy-storage-engine)\nFunding Opportunity: Bezos Earth Fund Grand Challenge (/resources/funding-opportunity-bezos-earth-fund-grand-challenge)\nCornell Postdoc Parental Leave Support (PD PaLS) Program (/resources/postdoc-parental-leave-pd-pals)\nLimited Submissions Funding Opportunities (/resources/limited-submissions-funding-opportunities)\nRecurring and Prestigious Funding Opportunities (/resources/recurring-and-prestigious-funding-opportunities)\nFaculty Recognition Prizes and Awards (/faculty-awards)\nInternal Funding for Faculty, Postdocs & Students (/resources/internal-funding-faculty-postdocs-students)\nEarly Career Faculty Research Funding (/resources/early-career-funding)\nGrants for Women and Underrepresented Communities (/resources/grants-women-and-underrepresented-communities)\nExternal Funding for Postdoctoral Fellows (/resources/postdoctoral-fellows-funding)\nQuick Reference\nRates (/rates)\nForms (/forms)\nPolicies (/policies)\nContacts (/contacts)\nTraining (/training)\nEvents (/events)\nNews & Announcements (/news)\n\u00a9 2019 Cornell University\nWeb Accessibility Help (mailto:rais-help@cornell.edu?subject=researchservices.cornell.edu%20site)"
}