{
    "URL location": "https://researchservices.cornell.edu/resources/project-closeout-checklist-unitprincipal-investigator-financials",
    "Last modification date": "2020-05-01T02:39Z",
    "Change frequency": "never",
    "Priority": "0.5",
    "Scraped Text": "Find guidance on funding and agency updates during the federal government transition(updated 3/19/2025) (/federal-transition)\nEssential ToolsFind My GCORASSExternalInstitutional Profile & DUNSIACUC applications (Cayuse Animal Management)Find Your Next Funding OpportunityIBC Applications (RASS-IBC)Research Development (ReD) ServicesIRB Applications (RASS-IRB)ExternalRates and budgetsReport external interests (RASS-COI)Join List ServsRASS Access Request FormAsk EHSExternalWeb Financials (WebFin2)ExternalCornell Data ServicesExternalPI DashboardExternalTravel RegistryExternalResearch Financials (formerly RA Dashboard)ExternalInternational research activitiesExternalRegister for Federal and Non-Federal SystemsDisclose Foreign Collaborations and SupportResearch metrics & executive dashboardsTraining (/about/essential-tools, /gco, http://guide.rass.cornell.edu/, /resources/institutional-profile-duns-and-uei-numbers, /resources/submit-new-iacuc-protocol, /proposal/Find-Your-Next-Funding-Opportunity, /resources/ibc-application-submission-review-and-approval, /research-development, https://rass.cornell.edu/irb, /proposal/budget, /compliance/conflict-of-interest, /resources/research-mailing-lists-list-servs, /resources/get-access-financial-sponsored-projects-data, https://tdx.cornell.edu/TDClient/42/Portal/Requests/TicketRequests/NewForm?ID=q5sab44D6GI_, http://webfin2.cornell.edu/, https://data.research.cornell.edu/, https://pidash.cornell.edu, https://travelregistry.cornell.edu/, http://radash.cornell.edu/, https://navigate.cornell.edu, /resources/register-federal-and-non-federal-systems, /proposal/disclose-foreign-collaborations-and-support, /resources/research-metrics, /training)\nFind My GCO (/gco)\nRASSExternal (http://guide.rass.cornell.edu/)\nInstitutional Profile & DUNS (/resources/institutional-profile-duns-and-uei-numbers)\nIACUC applications (Cayuse Animal Management) (/resources/submit-new-iacuc-protocol)\nFind Your Next Funding Opportunity (/proposal/Find-Your-Next-Funding-Opportunity)\nIBC Applications (RASS-IBC) (/resources/ibc-application-submission-review-and-approval)\nResearch Development (ReD) Services (/research-development)\nIRB Applications (RASS-IRB)External (https://rass.cornell.edu/irb)\nRates and budgets (/proposal/budget)\nReport external interests (RASS-COI) (/compliance/conflict-of-interest)\nJoin List Servs (/resources/research-mailing-lists-list-servs)\nRASS Access Request Form (/resources/get-access-financial-sponsored-projects-data)\nAsk EHSExternal (https://tdx.cornell.edu/TDClient/42/Portal/Requests/TicketRequests/NewForm?ID=q5sab44D6GI_)\nWeb Financials (WebFin2)External (http://webfin2.cornell.edu/)\nCornell Data ServicesExternal (https://data.research.cornell.edu/)\nPI DashboardExternal (https://pidash.cornell.edu)\nTravel RegistryExternal (https://travelregistry.cornell.edu/)\nResearch Financials (formerly RA Dashboard)External (http://radash.cornell.edu/)\nInternational research activitiesExternal (https://navigate.cornell.edu)\nRegister for Federal and Non-Federal Systems (/resources/register-federal-and-non-federal-systems)\nDisclose Foreign Collaborations and Support (/proposal/disclose-foreign-collaborations-and-support)\nResearch metrics & executive dashboards (/resources/research-metrics)\nTraining (/training)\nSearch (/search)\nProject Closeout Checklist for Unit/Principal Investigator - Financials\nTiming and tasks for unit/principal investigators when closing project financials\nUnits or principal investigators assist in the financial closeout of projects. Sponsored Financial Services (SFS) is responsible for preparing and the timely submission of final financial reports on behalf of the university.\nChecklist for Unit or Principal Investigator\nNote: If you work in SFS, use theProject Closeout Checklist for SFS. (/resources/project-closeout-checklist-sfs-financials)\n90 Days Prior to Termination for all Projects\nReview the need\u00a0for an extension.\nSubmit a request through theOffice of Sponsored Programs (OSP)if a no-cost extension is needed and warranted to complete the project.Note:An extension request may not be approved. It is important to keep in mind that the planned activities below must still be resolved timely if the extension request is not approved. (/offices/office-sponsored-programs-osp)\nContactSFSif the expiration date requires correction based on the agreement. (/offices/sponsored-financial-services-sfs-office)\n90 Days Prior to Termination for Projects Slated to Close\nTo prepare for closeout, review the following.\nAgreement to ensure that award activity is in accordance with terms and conditions.Review for restrictions (e.g., salary caps, budget variance threshold, participant support costs, etc.)\nReview for restrictions (e.g., salary caps, budget variance threshold, participant support costs, etc.)\nAny contractual concerns and contact OSP if identified.e.g., prior approvals that may have been required but weren\u2019t sought (example: if all travel required agency approval)\ne.g., prior approvals that may have been required but weren\u2019t sought (example: if all travel required agency approval)\nOutstanding questions, issues, or concerns with transactions and resolve as appropriate.\nLabor plan, take action to alter appointments or costing allocations as needed.\nNon-compensatory payments (e.g., subsistence payments for visiting academics, interns, etc.).Ensure proper appointments and disbursements are made.Make sure contemporaneous documentation of program participants exists.\nEnsure proper appointments and disbursements are made.\nMake sure contemporaneous documentation of program participants exists.\nProcurement plan, including equipment that is funded by the award.New purchases should benefit the project during the period of performance.Recurring charges or contract orders should be cancelled or revised as needed.Open encumbrances should be cleared, or on target to be cleared.\nNew purchases should benefit the project during the period of performance.\nRecurring charges or contract orders should be cancelled or revised as needed.\nOpen encumbrances should be cleared, or on target to be cleared.\nOutstanding assets and liabilities (e.g., travel advances or prepaid expenses).\nCost share commitment and cumulative activity (i.e., determine that commitment will be met).\nPre-award costs and if applicable, ensure compliance or remove transactions.\nProgram income activity and take appropriate action as needed.\nTransactions for unallowable expenses, such as normally indirect transactions.\n30 Days Prior to Termination\nReview labor plan, take final action as needed.Submit costing allocation changes in Workday, refer topay calendarsfor appropriate deadlines. (https://www.dfa.cornell.edu/payroll/about/paycalendars)\nSubmit costing allocation changes in Workday, refer topay calendarsfor appropriate deadlines. (https://www.dfa.cornell.edu/payroll/about/paycalendars)\nContact subcontractors to request final invoice, if applicable.\nReview actual and projected expenditures. If cost transfers are required, ensure compliance with the cost transfer policy:University Policy 3.20, Cost Transfers on Sponsored Agreements. (https://www.dfa.cornell.edu/policy/policies/cost-transfers-sponsored-agreements)\nResolve outstanding questions, issues, or concerns with transactions or otherwise.\nNotify faculty, staff, and students using the project account and inform them that it is no longer valid as of the project's expiration date.\nNotify on-campus billers (e.g., Service Facilities, CIT) of account changes.\nCancel or revise recurring charges or contract orders.\n30 Days Prior to the Final Financial Report Due Date, or, if no Financial Report is Due, No More than 60 days after the Account\u2019s Expiration Date\nProcess final invoice for subcontracts, purchase orders, or other transactions.\nReview cost share information with SFS, if applicable.Provide final cost share expenditures.Review any questions or concerns related to required match.\nProvide final cost share expenditures.\nReview any questions or concerns related to required match.\nClear program income account, if applicable.\nClear assets and liabilities (e.g., travel advances or prepaid expenses).\nClear encumbrances.\nReview items charged to the account after the termination date to ensure they were incurred and utilized within the period of performance.Correct post-term transactions (incurred outside period of performance).\nCorrect post-term transactions (incurred outside period of performance).\nNotify SFS of a true overdraft, providing the funding account.SFS will clear the true overdraft to a cost share sub-account.\nSFS will clear the true overdraft to a cost share sub-account.\nCapitalize fabricated items.\nEnsure that all unallowable or normally indirect expenses are addressed as needed.\nComplete cost transfers that must be recorded in the general ledgerno later than 30 days prior to the deadline, or, if no financial report is due,no later than 60 days after the expiration date of the award, for submission of the final fiscal report and closeout. For additional guidelines, please refer toUniversity Policy 3.20, Cost Transfers on Sponsored Agreements. (https://www.dfa.cornell.edu/policy/policies/cost-transfers-sponsored-agreements)\nEnsure the principal investigator has submitted, or will submit, required technical reports by the due date.Indicate sent dates in the RASS. (http://guide.rass.cornell.edu/)\nProject Closeout Financials (/close-project/finances)\nClosing Out Capital Assets and Fabricated Equipment (/resources/closing-out-capital-assets-and-fabricated-equipment)\nProject Closeout Checklist for SFS - Financials (/resources/project-closeout-checklist-sfs-financials)\nProcedure for Establishment and Administration of Fixed Price Agreements (/policies/procedure-establishment-and-administration-fixed-price-agreements)\nQuick Reference\nRates (/rates)\nForms (/forms)\nPolicies (/policies)\nContacts (/contacts)\nTraining (/training)\nEvents (/events)\nNews & Announcements (/news)\n\u00a9 2019 Cornell University\nWeb Accessibility Help (mailto:rais-help@cornell.edu?subject=researchservices.cornell.edu%20site)"
}