{
    "URL location": "https://researchservices.cornell.edu/resources/subaward-faqs",
    "Last modification date": "2025-01-09T04:07Z",
    "Change frequency": "yearly",
    "Priority": "0.5",
    "Scraped Text": "Find guidance on funding and agency updates during the federal government transition(updated 3/19/2025) (/federal-transition)\nEssential ToolsFind My GCORASSExternalInstitutional Profile & DUNSIACUC applications (Cayuse Animal Management)Find Your Next Funding OpportunityIBC Applications (RASS-IBC)Research Development (ReD) ServicesIRB Applications (RASS-IRB)ExternalRates and budgetsReport external interests (RASS-COI)Join List ServsRASS Access Request FormAsk EHSExternalWeb Financials (WebFin2)ExternalCornell Data ServicesExternalPI DashboardExternalTravel RegistryExternalResearch Financials (formerly RA Dashboard)ExternalInternational research activitiesExternalRegister for Federal and Non-Federal SystemsDisclose Foreign Collaborations and SupportResearch metrics & executive dashboardsTraining (/about/essential-tools, /gco, http://guide.rass.cornell.edu/, /resources/institutional-profile-duns-and-uei-numbers, /resources/submit-new-iacuc-protocol, /proposal/Find-Your-Next-Funding-Opportunity, /resources/ibc-application-submission-review-and-approval, /research-development, https://rass.cornell.edu/irb, /proposal/budget, /compliance/conflict-of-interest, /resources/research-mailing-lists-list-servs, /resources/get-access-financial-sponsored-projects-data, https://tdx.cornell.edu/TDClient/42/Portal/Requests/TicketRequests/NewForm?ID=q5sab44D6GI_, http://webfin2.cornell.edu/, https://data.research.cornell.edu/, https://pidash.cornell.edu, https://travelregistry.cornell.edu/, http://radash.cornell.edu/, https://navigate.cornell.edu, /resources/register-federal-and-non-federal-systems, /proposal/disclose-foreign-collaborations-and-support, /resources/research-metrics, /training)\nFind My GCO (/gco)\nRASSExternal (http://guide.rass.cornell.edu/)\nInstitutional Profile & DUNS (/resources/institutional-profile-duns-and-uei-numbers)\nIACUC applications (Cayuse Animal Management) (/resources/submit-new-iacuc-protocol)\nFind Your Next Funding Opportunity (/proposal/Find-Your-Next-Funding-Opportunity)\nIBC Applications (RASS-IBC) (/resources/ibc-application-submission-review-and-approval)\nResearch Development (ReD) Services (/research-development)\nIRB Applications (RASS-IRB)External (https://rass.cornell.edu/irb)\nRates and budgets (/proposal/budget)\nReport external interests (RASS-COI) (/compliance/conflict-of-interest)\nJoin List Servs (/resources/research-mailing-lists-list-servs)\nRASS Access Request Form (/resources/get-access-financial-sponsored-projects-data)\nAsk EHSExternal (https://tdx.cornell.edu/TDClient/42/Portal/Requests/TicketRequests/NewForm?ID=q5sab44D6GI_)\nWeb Financials (WebFin2)External (http://webfin2.cornell.edu/)\nCornell Data ServicesExternal (https://data.research.cornell.edu/)\nPI DashboardExternal (https://pidash.cornell.edu)\nTravel RegistryExternal (https://travelregistry.cornell.edu/)\nResearch Financials (formerly RA Dashboard)External (http://radash.cornell.edu/)\nInternational research activitiesExternal (https://navigate.cornell.edu)\nRegister for Federal and Non-Federal Systems (/resources/register-federal-and-non-federal-systems)\nDisclose Foreign Collaborations and Support (/proposal/disclose-foreign-collaborations-and-support)\nResearch metrics & executive dashboards (/resources/research-metrics)\nTraining (/training)\nSearch (/search)\nSubaward FAQs\nIf you do not find your answer here, please feel free to contact the Subaward Team by emailingcu_subawards@cornell.edu. (mailto:cu_subawards@cornell.edu)\nHow do I know if I need a subaward?\nIf an award is issued to Cornell and a portion of the programmatic work will be performed by another institution/entity, a subaward may need to be issued. A subaward request is submitted by the unit research administrator in Cornell\u2019sResearch Administration Support System (RASS)and the Subaward Team will complete the subaward process. Subawards can only be signed by the Office of Sponsored Programs. (https://rass.cornell.edu/login)\nWhen should I determine if there will be a subaward?\nThe determination of a potential collaboration is normally made at proposal submission stage. For assistance with determining if the collaboration is a subaward or contractor, please complete theSubaward vs Contractor checklist. (/sites/default/files/2022-11/Subrecipient%20vs%20Contractor%20Checklist.pdf)\nWhat is the difference between a vendor/procurement agreement and a subaward?Contracted services require a procurement agreement negotiated by Cornell\u2019s Procurement and Payment Services,procurement@cornell.edu. It conforms with the university\u2019s and in some cases the sponsor\u2019s procurement requirements. Substantive programmatic work of a sponsored project requires a subaward, which is negotiated by Cornell\u2019s Office of Sponsored Programs. The subaward contains (or flows down) most of the terms and conditions of the parent award. (mailto:procurement@cornell.edu)\nWhat if I determine I need a subaward after the grant has been awarded?\nIf you become aware of the need for collaboration after your award has been made to Cornell, you will likely need to request prior approval for subawarding, and possibly rebudgeting, from the sponsoring agency. Your unit research administrator will need to gather the appropriate documents from the potential subrecipient and submit a request on the prime award record in RASS. The prime award Grant and Contract Officer (GCO) will then request prior approval from the sponsor.\nWhat information do I need to provide for the subaward?\nThe sponsor needs to approve the scope of work and the budget of the collaborator. Depending on the sponsor and the project, additional information may be necessary such as a biographical sketch, current and pending, collaborators and other affiliations, etc. Please work with the prime award GCO to assist with the additional documentation required by the prime sponsor.\nI received an award, will my subaward be set up automatically?No, subawards are not set up automatically when a prime award is granted to Cornell. The unit research administrator must initiate the new subaward request on the subaward record in RASS. For guidance on initiating a subaward in RASS, please see:https://guide.rass.cornell.edu/sponsored-projects/initiate-a-subaward. (https://guide.rass.cornell.edu/sponsored-projects/initiate-a-subaward)\nHow is a subaward set up?\nThe unit research administrator will initiate the new subaward request on the subaward record in RASS. The Subaward Team will review the request and complete the subaward process. Once the subaward is fully executed by both the subaward institution/entity and Cornell the Subaward Team will distribute the new subaward in RASS. Sponsored Financial Services will establish a subaccount (except when a unit requires a related account) for the subaward and move a portion of the budget therein.\nMy grant has been extended and/or provided additional funds for another year. Will my collaborator's subaward automatically be extended?\nNo, subawards are not automatically extended. The unit research administrator will need to submit an amendment/modification request on each subaward record in RASS. For guidance on submitting a change request seehttps://guide.rass.cornell.edu/sponsored-projects/submit-change-requests/ (https://guide.rass.cornell.edu/sponsored-projects/submit-change-requests/)\nCan subrecipients receive Indirect Costs (IDC)?Indirect Cost terms flow down from the prime award. If the prime grant allows IDC at an entity\u2019s/institution\u2019s federally negotiated rate, then the subrecipient is allowed to collect at their federally negotiated IDC rate. A copy of the subrecipient\u2019s federally negotiated IDC rate agreement, or a link to it online, is required. If the subrecipient does not have a federally negotiated indirect cost rate agreement, they are eligible to elect a rate up to the federal de minimis IDC rate which is calculated on Modified Total Direct Costs (not Total Direct Costs). If the prime award and/or prime sponsor restricts IDC on either the prime award, the RFP, their grant terms and conditions, this same restriction flows down to the subrecipient entity/institution. As defined by the Uniform Guidance, \u201cModified Total Direct Cost (MTDC) means all direct salaries and wages, applicable fringe benefits, materials and supplies, services, travel, and up to the first $25,000 of eachsubaward(regardless of theperiod of performanceof thesubawardsunder the award).MTDCexcludes equipment,capital expenditures, charges for patient care, rental costs, tuition remission, scholarships and fellowships,participant support costsand the portion of eachsubawardin excess of $25,000..\u201d (https://www.law.cornell.edu/definitions/index.php?width=840&height=800&iframe=true&def_id=cd3b6bbdd85489e2f50207d7536faf9a&term_occur=999&term_src=Title:2:Subtitle:A:Chapter:II:Part:200:Subpart:A:Subjgrp:27:200.1, https://www.law.cornell.edu/definitions/index.php?width=840&height=800&iframe=true&def_id=b9eea7ef3254392f126610da821da9fc&term_occur=999&term_src=Title:2:Subtitle:A:Chapter:II:Part:200:Subpart:A:Subjgrp:27:200.1, https://www.law.cornell.edu/definitions/index.php?width=840&height=800&iframe=true&def_id=cd3b6bbdd85489e2f50207d7536faf9a&term_occur=999&term_src=Title:2:Subtitle:A:Chapter:II:Part:200:Subpart:A:Subjgrp:27:200.1, https://www.law.cornell.edu/definitions/index.php?width=840&height=800&iframe=true&def_id=3fc08bf43de695af703c88a684c5a16b&term_occur=999&term_src=Title:2:Subtitle:A:Chapter:II:Part:200:Subpart:A:Subjgrp:27:200.1, https://www.law.cornell.edu/definitions/index.php?width=840&height=800&iframe=true&def_id=206c8d2689878e2925e319171ace2528&term_occur=999&term_src=Title:2:Subtitle:A:Chapter:II:Part:200:Subpart:A:Subjgrp:27:200.1, https://www.law.cornell.edu/definitions/index.php?width=840&height=800&iframe=true&def_id=4a831c0e0aebf1a64324677f8556a34b&term_occur=999&term_src=Title:2:Subtitle:A:Chapter:II:Part:200:Subpart:A:Subjgrp:27:200.1, https://www.law.cornell.edu/definitions/index.php?width=840&height=800&iframe=true&def_id=cd3b6bbdd85489e2f50207d7536faf9a&term_occur=999&term_src=Title:2:Subtitle:A:Chapter:II:Part:200:Subpart:A:Subjgrp:27:200.1)\nHow is IDC (Indirect Costs) calculated on subaward expenses on my grant?\nCornell\u2019s federally negotiated rate agreement allows us to collect IDC up to the first $25,000 of each subaward. Prime awards may have other allowable rates that affect the amount of IDC that Cornell can collect on subawards. This information is usually clearly stated in the solicitation and prime award terms and conditions that Cornell receives.\nAre subawards paid in full when the award is signed?\nNo, subawards are generally not paid in advance. Nearly all subawards are cost reimbursable with very few exceptions. The subrecipient must incur allowable expenses and submit invoices to the Cornell Financial/Invoicing Contact identified in their subaward agreement. The Cornell Unit and PI are responsible for monitoring the technical performance of the subrecipient and approval of all subaward expenses/invoices submitted for payment. For additional information see theSubawards: Roles and Responsibilities page. (/resources/subawards-roles-and-responsibilities)\nI am working with a subaward on my project, what are my responsibilities?\nThe Cornell PI is responsible for monitoring a subrecipient\u2019s progress toward completion of the work they agreed to perform. The unit research administrator should review all subrecipient invoices for elements that include proper form, conformance with the agreement and budget, expected expenditures to date, including any required cost-sharing. The PI should review all subrecipient invoices to ensure that the invoices reflect the progress made on the subaward work. The unit research administrator and PI are also responsible for ensuring the subrecipient submits all invoices, deliverables and technical reports as required under the subaward agreement. For additional information see theSubawards: Roles and Responsibilities page. (/resources/subawards-roles-and-responsibilities)\nWhat information is required on a subrecipient invoice?\nInvoices can be submitted using the subrecipient\u2019s standard invoice, but at a minimum must include current and cumulative costs (including cost sharing), billing period, and the subaward ID. They should also include a signed certification by the subrecipient as to truth and accuracy of invoice. Subaward invoices on federal funds must also include the following:\n\u201cBy signing this report, I certify to the best of my knowledge and belief that the report is true, complete, and accurate, and the expenditures, disbursements and cash receipts are for the purposes and objectives set forth in the terms and conditions of the Federal award. I am aware that any false, fictitious, or fraudulent information, or the omission of any material fact, may subject me to criminal, civil or administrative penalties for fraud, false statements, false claims or otherwise. (U.S. Code Title 18, Section 1001 and Title 31, Sections 3729-3730 and 3801-3812).\u201d Sample invoice templates are available forcost-reimbursableandfixed-price subawards. (https://researchsupport.cornell.edu/sites/default/files/2019-06/Subcontract_Invoice_Sample_2016_08_15.xlsx, https://researchservices.cornell.edu/sites/default/files/2024-07/Fixed_Price_Subcontract_Invoice_Sample_2023-11.xlsx)\nI am having trouble getting a subrecipient to provide reports/deliverables. Can anyone help me?\nIf your subrecipient is not performing adequately, including submitting invoices as outlined in the subaward agreement, promptly contact the Subaward Team atcu_subawards@cornell.eduand provide us with the details and a copy of any correspondence you have sent. The Subaward Team will work with you to determine the most appropriate course of action. If the subrecipient is not performing and there is a questionable invoice you should consult the Subaward Teampriorto paying. (mailto:cu_subawards@cornell.edu)\nI\u2019ve decided I want to spend my grant funds differently and want to eliminate or modify my subaward budget. Can I do this?\nDiscuss this question with your prime award GCO. You will need to modify the budget on your prime grant by working with your unit research administrator. The change may require prime sponsor prior approval if the change includes a change of scope, a change in key personnel named in the award, rebudgeting participant support to any other category of expense, etc. A subaward that has already been issued will need to be modified. The unit research administrator will need to submit an amendment/modification request once prior approval has been received or it is determined that prior approval for the change is not required. Since a subaward is a legally binding agreement, this process will take time and there may be agreement provisions that require adequate notice prior to modification. Clear communication between the Cornell PI and the Collaborator is essential.\nManaging Subawards (/process/managing-subawards)\nSubawards: Roles and Responsibilities (/resources/subawards-roles-and-responsibilities)\nSubcontractor Commitment Form (/forms/subcontractor-commitment-form)\nIssuing the Subaward Agreement (/resources/issuing-subaward-agreement)\nFederal Demonstration Partnership (FDP) Expanded Clearinghouse Program (/resources/federal-demonstration-partnership-fdp-expanded-clearinghouse-program)\nSubawards: Risk Assessment (/resources/subawards-risk-assessment)\nPayments to Subrecipients on Sponsored Projects (/resources/payments-subrecipients-sponsored-projects)\nAmendment to Subaward Agreements (/resources/amendment-subaward-agreements)\nSubrecipient Monitoring: Financial and Technical (/resources/subrecipient-monitoring-financial-and-technical)\nQuick Reference\nRates (/rates)\nForms (/forms)\nPolicies (/policies)\nContacts (/contacts)\nTraining (/training)\nEvents (/events)\nNews & Announcements (/news)\n\u00a9 2019 Cornell University\nWeb Accessibility Help (mailto:rais-help@cornell.edu?subject=researchservices.cornell.edu%20site)"
}