{
    "URL location": "https://researchservices.cornell.edu/proposal",
    "Last modification date": "2024-03-03T01:52Z",
    "Change frequency": "yearly",
    "Priority": "0.5",
    "Scraped Text": "Find guidance on funding and agency updates during the federal government transition(updated 3/19/2025) (/federal-transition)\nEssential ToolsFind My GCORASSExternalInstitutional Profile & DUNSIACUC applications (Cayuse Animal Management)Find Your Next Funding OpportunityIBC Applications (RASS-IBC)Research Development (ReD) ServicesIRB Applications (RASS-IRB)ExternalRates and budgetsReport external interests (RASS-COI)Join List ServsRASS Access Request FormAsk EHSExternalWeb Financials (WebFin2)ExternalCornell Data ServicesExternalPI DashboardExternalTravel RegistryExternalResearch Financials (formerly RA Dashboard)ExternalInternational research activitiesExternalRegister for Federal and Non-Federal SystemsDisclose Foreign Collaborations and SupportResearch metrics & executive dashboardsTraining (/about/essential-tools, /gco, http://guide.rass.cornell.edu/, /resources/institutional-profile-duns-and-uei-numbers, /resources/submit-new-iacuc-protocol, /proposal/Find-Your-Next-Funding-Opportunity, /resources/ibc-application-submission-review-and-approval, /research-development, https://rass.cornell.edu/irb, /proposal/budget, /compliance/conflict-of-interest, /resources/research-mailing-lists-list-servs, /resources/get-access-financial-sponsored-projects-data, https://tdx.cornell.edu/TDClient/42/Portal/Requests/TicketRequests/NewForm?ID=q5sab44D6GI_, http://webfin2.cornell.edu/, https://data.research.cornell.edu/, https://pidash.cornell.edu, https://travelregistry.cornell.edu/, http://radash.cornell.edu/, https://navigate.cornell.edu, /resources/register-federal-and-non-federal-systems, /proposal/disclose-foreign-collaborations-and-support, /resources/research-metrics, /training)\nFind My GCO (/gco)\nRASSExternal (http://guide.rass.cornell.edu/)\nInstitutional Profile & DUNS (/resources/institutional-profile-duns-and-uei-numbers)\nIACUC applications (Cayuse Animal Management) (/resources/submit-new-iacuc-protocol)\nFind Your Next Funding Opportunity (/proposal/Find-Your-Next-Funding-Opportunity)\nIBC Applications (RASS-IBC) (/resources/ibc-application-submission-review-and-approval)\nResearch Development (ReD) Services (/research-development)\nIRB Applications (RASS-IRB)External (https://rass.cornell.edu/irb)\nRates and budgets (/proposal/budget)\nReport external interests (RASS-COI) (/compliance/conflict-of-interest)\nJoin List Servs (/resources/research-mailing-lists-list-servs)\nRASS Access Request Form (/resources/get-access-financial-sponsored-projects-data)\nAsk EHSExternal (https://tdx.cornell.edu/TDClient/42/Portal/Requests/TicketRequests/NewForm?ID=q5sab44D6GI_)\nWeb Financials (WebFin2)External (http://webfin2.cornell.edu/)\nCornell Data ServicesExternal (https://data.research.cornell.edu/)\nPI DashboardExternal (https://pidash.cornell.edu)\nTravel RegistryExternal (https://travelregistry.cornell.edu/)\nResearch Financials (formerly RA Dashboard)External (http://radash.cornell.edu/)\nInternational research activitiesExternal (https://navigate.cornell.edu)\nRegister for Federal and Non-Federal Systems (/resources/register-federal-and-non-federal-systems)\nDisclose Foreign Collaborations and Support (/proposal/disclose-foreign-collaborations-and-support)\nResearch metrics & executive dashboards (/resources/research-metrics)\nTraining (/training)\nSearch (/search)\nPrepare a Proposal\nFind My GCO (Grant & Contract Officer) (/gco)\nExport Controls (/export-controls)\nResearch Development (ReD) Team (/research-development)\nPreparing and submitting proposals requires collaboration. We are here to help.\nYour department or college research administration staff can help you with budget development, research administration, and other Cornell systems and the necessary approvals for research proposals.\nWorking on a center grant,\u00a0multi-PI grant, or\u00a0training grant?Research Development\u00a0can help. (/research-development, https://researchservices.cornell.edu/process/proposal-advancement)\nKey Concepts\nPI Eligibility. Confirm you'reeligible to serve as Principal Investigator (PI). (/policies/pi-eligibility)\nFunding Sources. Most of Cornell's sponsored funding is from the federal government. Researchers also get funding through state and local governments, foundations, corporations, non-profits, and other sources.For center grants, training grants, and multi-PI grants,the Research Development team can help. (/research-development)\nFor center grants, training grants, and multi-PI grants,the Research Development team can help. (/research-development)\nNon-disclosure Agreements (NDAs). If the funding opportunity requires an NDA, notify OSP atosp_nda@cornell.edu. (mailto:osp_nda@cornell.edu)\nPreparation.Contact your department or unit administrator for information about proposal preparation.College of Engineering, College of Arts & Sciences, Cornell Tech, Architecture, Art and\u00a0Planning, Cornell Law School, and CLASSEresearchers are supported through thePre-Award Research Operations (PRO) team. Proposal notifications can be submittedhere.CALSandCVMhave specialized support offices to assist you.Research Development Servicesgroup facilitates proposal development and success in competitions for large, extramural, multi-investigator grants and contracts, including multidisciplinary center and facility proposals, training grants, early career awards, and other major awards. (/resources/pro-research-operations, https://cornell.ca1.qualtrics.com/jfe/form/SV_9KyeTUVtgh8ptfT, https://cals.cornell.edu/about/leadership/sad/grants-contracts-mous/, https://www2.vet.cornell.edu/research/college-research-office, /research-development)\nCollege of Engineering, College of Arts & Sciences, Cornell Tech, Architecture, Art and\u00a0Planning, Cornell Law School, and CLASSEresearchers are supported through thePre-Award Research Operations (PRO) team. Proposal notifications can be submittedhere. (/resources/pro-research-operations, https://cornell.ca1.qualtrics.com/jfe/form/SV_9KyeTUVtgh8ptfT)\nCALSandCVMhave specialized support offices to assist you. (https://cals.cornell.edu/about/leadership/sad/grants-contracts-mous/, https://www2.vet.cornell.edu/research/college-research-office)\nResearch Development Servicesgroup facilitates proposal development and success in competitions for large, extramural, multi-investigator grants and contracts, including multidisciplinary center and facility proposals, training grants, early career awards, and other major awards. (/research-development)\nSubmission.\u00a0Grant and Contract Officers (GCOs) offer assistance with submission, including clarifying sponsors' submission procedures and interpreting university policy.Outside the CALS and CVM exceptions listed below, theOffice of Sponsored Programs(OSP) submits all other sponsored research proposals on behalf of Cornell.CALS Office of Sponsored Researchand theCVM Research Officereview and submit proposals to certain sponsors.OSP submits all industry proposals. (/offices/osp, /offices/cals-office-sponsored-research, /offices/cvm-cro)\nOutside the CALS and CVM exceptions listed below, theOffice of Sponsored Programs(OSP) submits all other sponsored research proposals on behalf of Cornell. (/offices/osp)\nCALS Office of Sponsored Researchand theCVM Research Officereview and submit proposals to certain sponsors. (/offices/cals-office-sponsored-research, /offices/cvm-cro)\nOSP submits all industry proposals.\nCollaborations\u00a0with Weill Cornell Medicinefollow a single, unified process. (https://academicintegration.cornell.edu/research-resources/sponsored-research-resources)\nCollaborations or other foreign activitiesmay need review by the export controls team. As early as possible in your planning,contact your GCOor theExport Controls Officerto\u00a0help determine\u00a0if additional steps need to be taken to ensure that the project is carried out as seamlessly as possible. (/gco, /offices/export-controls-office)\nInternational visitors, travel, or work.If you plan to work withinternational visitors here, or work\u00a0or\u00a0travel abroad, following the relevant guidelines may require planning. (/manage/travel)\nTools\nProposal submission systems:Proposal Development, Review, Submission page. (/proposal/develop)\nResearch Data Management and Sharing Plan review and consultation:Cornell Data Services. (https://data.research.cornell.edu/)\nDeadlines / Scheduling\nSome proposal elements require extra review, which can impact submission deadlines.\nCornell deadline.OSP provides a full review of proposals submitted at leastfivebusiness days before the sponsor deadline. TheProposal Review Guidelinesexplain\u00a0more about the deadlines.Tip: Your science/technical content does not have to be complete when you submit it to OSP. You can keep working while OSP reviews the rest of the proposal. (/resources/proposal-review-guidelines)\nCompliance committee approval may be needed.For research involving animals, human participants, r/sNA, and biohazardous materials, approved protocols/MUAs will be required before funding can be released. We recommend you start work on obtaining approval of your protocols at the proposal stage.Learn more. (/proposal/live-subjects-and-hazards)\nSponsor submission systems may require an account.When submitting to an external sponsor, you may need to register for an account and be affiliated with Cornell University in that system. This includes Federal systems such asGrants.gov Workspace,NIH's eRA Commons/Assist, andNSF Fastlane/Research.gov, as well as other systems used by foundations and non-profits. Each system requires separate accounts and affiliations, and these processes\u00a0can takeseveral daysto complete. Please plan accordingly to allow sufficient time for account setup and affiliation in the various systems. Ask your research administrator or GCO for information about any electronic submission systems you may need to use. (https://www.grants.gov/applicants/workspace-overview.html, https://www.era.nih.gov/, https://www.fastlane.nsf.gov/fastlane.jsp, https://www.research.gov/research-portal/appmanager/base/desktop?_nfpb=true&_pageLabel=research_home_page)\nConflict of interest (COI) reports are required before proposals can be submitted.Each person listed as PI, Co-PI, or Key Personnel on a proposal must have a current, active COI report on file in theeCOI system. SeeCOI Considerations for Proposals and Awards. (https://coiprod.hosting.cornell.edu/, /resources/coi-considerations-proposals-and-awards)\nBinding terms and conditions are sometimes specified in the grant application.Consult with your GCO as early in the process as possible to allow for review.\nBest Practices\nRequest access toCornell's sample proposal library. (/resources/sample-proposal-library)\nWork with the Research Development teamto get sponsor-specific training, early career training, assistance with complex grants, and more. (/research-development)\nJoin mailing lists to learn about funding opportunities, training, and updates to guidelines.Grants.gov offers different email subscriptions.Cornell mailing list for faculty and research staff sharing\u00a0limited submission competitions, updates to sponsor applications, rate changes, training opportunities, etc.Subscribe to the CU-RES-ADMIN-L\u00a0listserv.Review theCornell Research Guidebrochure. (https://www.grants.gov/web/grants/manage-subscriptions.html, /resources/research-mailing-lists-list-servs, /sites/default/files/2021-08/Cornell-Research-Guide.pdf)\nGrants.gov offers different email subscriptions. (https://www.grants.gov/web/grants/manage-subscriptions.html)\nCornell mailing list for faculty and research staff sharing\u00a0limited submission competitions, updates to sponsor applications, rate changes, training opportunities, etc.Subscribe to the CU-RES-ADMIN-L\u00a0listserv. (/resources/research-mailing-lists-list-servs)\nReview theCornell Research Guidebrochure. (/sites/default/files/2021-08/Cornell-Research-Guide.pdf)\nOffice of Sponsored Programs (OSP) & Research Development (/offices/osp)\n2025 NSF CAREER Workshop and Faculty Panel (/events/2025-nsf-career-workshop-and-faculty-panel)\nResearch Development (ReD) Team (/research-development)\nDisclose Foreign Collaborations and Support (/proposal/disclose-foreign-collaborations-and-support)\nSARS-CoV-2/COVID-19 Rapid Research Response (/process/sars-cov-2covid-19-rapid-research-response)\nProposal Development, Review, and Submission (/proposal/develop)\nPlanning for Animals, Human Participants, r/sNA, Hazardous Materials, Radiation (/proposal/live-subjects-and-hazards)\nBudget, Costs, and Rates (/proposal/budget)\nSubawards in a Proposal (/proposal/subcontracts)\nCollaborating with Weill Cornell Medicine (/process/collaborating-weill-cornell-medicine)\nFind Your Next Funding Opportunity (/proposal/Find-Your-Next-Funding-Opportunity)\nQuick Reference\nRates (/rates)\nForms (/forms)\nPolicies (/policies)\nContacts (/contacts)\nTraining (/training)\nEvents (/events)\nNews & Announcements (/news)\n\u00a9 2019 Cornell University\nWeb Accessibility Help (mailto:rais-help@cornell.edu?subject=researchservices.cornell.edu%20site)"
}