{
    "URL location": "https://researchservices.cornell.edu/events/september-roundtable-disclosing-foreign-relationships-and-activities",
    "Last modification date": "2020-09-04T18:34Z",
    "Change frequency": "never",
    "Priority": "0.5",
    "Scraped Text": "Find guidance on funding and agency updates during the federal government transition(updated 3/19/2025) (/federal-transition)\nEssential ToolsFind My GCORASSExternalInstitutional Profile & DUNSIACUC applications (Cayuse Animal Management)Find Your Next Funding OpportunityIBC Applications (RASS-IBC)Research Development (ReD) ServicesIRB Applications (RASS-IRB)ExternalRates and budgetsReport external interests (RASS-COI)Join List ServsRASS Access Request FormAsk EHSExternalWeb Financials (WebFin2)ExternalCornell Data ServicesExternalPI DashboardExternalTravel RegistryExternalResearch Financials (formerly RA Dashboard)ExternalInternational research activitiesExternalRegister for Federal and Non-Federal SystemsDisclose Foreign Collaborations and SupportResearch metrics & executive dashboardsTraining (/about/essential-tools, /gco, http://guide.rass.cornell.edu/, /resources/institutional-profile-duns-and-uei-numbers, /resources/submit-new-iacuc-protocol, /proposal/Find-Your-Next-Funding-Opportunity, /resources/ibc-application-submission-review-and-approval, /research-development, https://rass.cornell.edu/irb, /proposal/budget, /compliance/conflict-of-interest, /resources/research-mailing-lists-list-servs, /resources/get-access-financial-sponsored-projects-data, https://tdx.cornell.edu/TDClient/42/Portal/Requests/TicketRequests/NewForm?ID=q5sab44D6GI_, http://webfin2.cornell.edu/, https://data.research.cornell.edu/, https://pidash.cornell.edu, https://travelregistry.cornell.edu/, http://radash.cornell.edu/, https://navigate.cornell.edu, /resources/register-federal-and-non-federal-systems, /proposal/disclose-foreign-collaborations-and-support, /resources/research-metrics, /training)\nFind My GCO (/gco)\nRASSExternal (http://guide.rass.cornell.edu/)\nInstitutional Profile & DUNS (/resources/institutional-profile-duns-and-uei-numbers)\nIACUC applications (Cayuse Animal Management) (/resources/submit-new-iacuc-protocol)\nFind Your Next Funding Opportunity (/proposal/Find-Your-Next-Funding-Opportunity)\nIBC Applications (RASS-IBC) (/resources/ibc-application-submission-review-and-approval)\nResearch Development (ReD) Services (/research-development)\nIRB Applications (RASS-IRB)External (https://rass.cornell.edu/irb)\nRates and budgets (/proposal/budget)\nReport external interests (RASS-COI) (/compliance/conflict-of-interest)\nJoin List Servs (/resources/research-mailing-lists-list-servs)\nRASS Access Request Form (/resources/get-access-financial-sponsored-projects-data)\nAsk EHSExternal (https://tdx.cornell.edu/TDClient/42/Portal/Requests/TicketRequests/NewForm?ID=q5sab44D6GI_)\nWeb Financials (WebFin2)External (http://webfin2.cornell.edu/)\nCornell Data ServicesExternal (https://data.research.cornell.edu/)\nPI DashboardExternal (https://pidash.cornell.edu)\nTravel RegistryExternal (https://travelregistry.cornell.edu/)\nResearch Financials (formerly RA Dashboard)External (http://radash.cornell.edu/)\nInternational research activitiesExternal (https://navigate.cornell.edu)\nRegister for Federal and Non-Federal Systems (/resources/register-federal-and-non-federal-systems)\nDisclose Foreign Collaborations and Support (/proposal/disclose-foreign-collaborations-and-support)\nResearch metrics & executive dashboards (/resources/research-metrics)\nTraining (/training)\nSearch (/search)\nSeptember Roundtable  - Disclosing Foreign Relationships and Activities\nSeptember Roundtable  - Disclosing Foreign Relationships and Activities\nJoin us for an interactive discussion of the impacts of this evolving landscape on researchactivities at Cornell. Attendees will learn about Cornell\u2019s commitment to:\u2022 Global engagement\u2022 New proposal and award requirements from several federal sponsors\u2022 Best practices for proper disclosure to federal sponsors and to CornellIn addition, we will review how researchers and research administrators can maintaincompliance with federal export control laws through the discussion of how to:\u2022 Handle proprietary information\u2022 Ensure the proper screening of visitors\u2022 Responsibly engage in international travelPresenters:Mary-Margaret Klempa , Director, Office of Sponsored Programs and Research Development (OSP)Jamie Sprague, Sr. Grant & Contract Officer/Federal, Subaward, PRO Team Lead, OSPSarah Schlagter, Sr. Grant & Contract Officer/Export Controls Officer, OSP\nZoom Info:https://cornell.zoom.us/j/3042826417?pwd=QytwSlBhSmRDYlhQUk4rTXIvR28vUT09Meeting ID: 304 282 6417Passcode: 2020 (https://cornell.zoom.us/j/3042826417?pwd=QytwSlBhSmRDYlhQUk4rTXIvR28vUT09)\n\nFor information related to OSP Roundtables, please contactOSP_RD_EVENTS@CORNELL.EDU. (mailto:OSP_RD_EVENTS@CORNELL.EDU)\nOSP Roundtables (/training/osp-roundtables)\nFeatured\nContact Info: 607-255-5014 (p) | 607-255-5058 (f) |osp-help@cornell.edu (mailto:osp-help@cornell.edu)\nWelcome\nOSP oversees the administration of sponsored programs at Cornell University including sponsored research, instruction,\u00a0and extension. OSP operates through delegation of authority from the University Board of Trustees...\nQuick Reference\nRates (/rates)\nForms (/forms)\nPolicies (/policies)\nContacts (/contacts)\nTraining (/training)\nEvents (/events)\nNews & Announcements (/news)\n\u00a9 2019 Cornell University\nWeb Accessibility Help (mailto:rais-help@cornell.edu?subject=researchservices.cornell.edu%20site)"
}