{
    "URL location": "https://researchservices.cornell.edu/policies/disclosing-international-partnerships-cornell-and-external-sponsors",
    "Last modification date": "2021-08-27T14:32Z",
    "Change frequency": "never",
    "Priority": "0.5",
    "Scraped Text": "Find guidance on funding and agency updates during the federal government transition(updated 3/19/2025) (/federal-transition)\nEssential ToolsFind My GCORASSExternalInstitutional Profile & DUNSIACUC applications (Cayuse Animal Management)Find Your Next Funding OpportunityIBC Applications (RASS-IBC)Research Development (ReD) ServicesIRB Applications (RASS-IRB)ExternalRates and budgetsReport external interests (RASS-COI)Join List ServsRASS Access Request FormAsk EHSExternalWeb Financials (WebFin2)ExternalCornell Data ServicesExternalPI DashboardExternalTravel RegistryExternalResearch Financials (formerly RA Dashboard)ExternalInternational research activitiesExternalRegister for Federal and Non-Federal SystemsDisclose Foreign Collaborations and SupportResearch metrics & executive dashboardsTraining (/about/essential-tools, /gco, http://guide.rass.cornell.edu/, /resources/institutional-profile-duns-and-uei-numbers, /resources/submit-new-iacuc-protocol, /proposal/Find-Your-Next-Funding-Opportunity, /resources/ibc-application-submission-review-and-approval, /research-development, https://rass.cornell.edu/irb, /proposal/budget, /compliance/conflict-of-interest, /resources/research-mailing-lists-list-servs, /resources/get-access-financial-sponsored-projects-data, https://tdx.cornell.edu/TDClient/42/Portal/Requests/TicketRequests/NewForm?ID=q5sab44D6GI_, http://webfin2.cornell.edu/, https://data.research.cornell.edu/, https://pidash.cornell.edu, https://travelregistry.cornell.edu/, http://radash.cornell.edu/, https://navigate.cornell.edu, /resources/register-federal-and-non-federal-systems, /proposal/disclose-foreign-collaborations-and-support, /resources/research-metrics, /training)\nFind My GCO (/gco)\nRASSExternal (http://guide.rass.cornell.edu/)\nInstitutional Profile & DUNS (/resources/institutional-profile-duns-and-uei-numbers)\nIACUC applications (Cayuse Animal Management) (/resources/submit-new-iacuc-protocol)\nFind Your Next Funding Opportunity (/proposal/Find-Your-Next-Funding-Opportunity)\nIBC Applications (RASS-IBC) (/resources/ibc-application-submission-review-and-approval)\nResearch Development (ReD) Services (/research-development)\nIRB Applications (RASS-IRB)External (https://rass.cornell.edu/irb)\nRates and budgets (/proposal/budget)\nReport external interests (RASS-COI) (/compliance/conflict-of-interest)\nJoin List Servs (/resources/research-mailing-lists-list-servs)\nRASS Access Request Form (/resources/get-access-financial-sponsored-projects-data)\nAsk EHSExternal (https://tdx.cornell.edu/TDClient/42/Portal/Requests/TicketRequests/NewForm?ID=q5sab44D6GI_)\nWeb Financials (WebFin2)External (http://webfin2.cornell.edu/)\nCornell Data ServicesExternal (https://data.research.cornell.edu/)\nPI DashboardExternal (https://pidash.cornell.edu)\nTravel RegistryExternal (https://travelregistry.cornell.edu/)\nResearch Financials (formerly RA Dashboard)External (http://radash.cornell.edu/)\nInternational research activitiesExternal (https://navigate.cornell.edu)\nRegister for Federal and Non-Federal Systems (/resources/register-federal-and-non-federal-systems)\nDisclose Foreign Collaborations and Support (/proposal/disclose-foreign-collaborations-and-support)\nResearch metrics & executive dashboards (/resources/research-metrics)\nTraining (/training)\nSearch (/search)\nDisclosing International Partnerships to Cornell and External Sponsors\nNIH: Disclosing Other Support and Foreign Components (/policies/nih-disclosing-other-support-and-foreign-components)\nNSF: Disclosing Current & Pending Support, Biographical Sketches, and International Partnerships (/policies/nsf-disclosing-current-pending-support-biographical-sketches-and-international)\nNASA: Affiliations with China and Disclosing Current & Pending Support (/policies/nasa-affiliations-china-and-disclosing-current-pending-support)\nLearn how to ensure all research support and international collaboration is appropriately disclosed to federal sponsors and Cornell.\nBackground\nOver the past several months, federal agencies have expressed growing concerns about foreign influence on the integrity of research conducted in or for U.S. institutions. In response to these perceived threats from foreign governments, new policies and regulations are being promulgated by these agencies to ensure disclosure of U.S. participation with foreign entities and actors.\nIn May 2019, Cornell\u2019s Vice Provost for Research and Vice Provost for International Affairs issued a memo to the Cornell research community reaffirming Cornell\u2019s commitment to international partnerships and activities, and summarizing best practices and resources available to support Cornell researchers. To read more, please reviewCornell\u2019s Global Engagement Memo \u2013 May 2019. (/news/concerns-about-undue-foreign-influence-guidance-cornell-community)\nWhile Cornell\u2019s commitment to international collaborations and global engagement remains unchanged, there are certain steps that Cornell and other U.S. universities must take to ensure compliance with existing regulations and requirements. Federal guidance on foreign influence places significant importance on transparency in research activities and the disclosure of relationships with international partners and collaborators. To assist Cornell researchers and research administrators with meeting these transparency requirements, the information below provides a summary of obligations to federal sponsors and Cornell.\nWhat are federal agencies saying?\nSeveral federal agencies have issued statements regarding the U.S. Government\u2019s commitment to safeguarding U.S-based research and intellectual property, and reiterating the disclosure obligations associated with federally funded work. \u00a0Much of the focus has been on the failure by some federally funded researchers in the US to disclose resources from other organizations. The message from the federal funding agencies is clear:investigators and their universities must completely disclose all research support and foreign activities to their federal funding sponsors through documentation of other support/current and pending, CV/biosketch, foreign components, and financial conflict of interest\nMost significantly, these clarified requirements extend the scope of required reporting beyond that which is attributable to an investigator\u2019s affiliation with Cornell as\u00a0disclosure requirements are now agnostic as to the source or location of other support. No longer can researchers or their administrators rely solely on Cornell\u2019s records to generate a Current & Pending document. Instead, investigators must complete and update their Current & Pending document based on the totality of their research support, both within and outside of Cornell.\nDisclosing Foreign Activities to Cornell\nAnnual Conflict of Interest Disclosure\nAs part of the annual financial conflict of interest disclosure, researchers are required to report the time they have spent working for, consulting with, or traveling for non-Cornell entities regardless of compensation for these activities. This information is required for Conflict of Commitment reporting to Departments and Colleges and to identify possible foreign influences on research integrity. Disclosures should include:\nVisiting or other academic positions at domestic and foreign institutions\nWork or travel on behalf of any of the following, whether domestic or foreign;academic institutions (other than Cornell)U.S. and foreign governmentsnon-profits/foundationsindustry or trade groupsprivate or public companies (including as an investor or any other role)\nacademic institutions (other than Cornell)\nU.S. and foreign governments\nnon-profits/foundations\nindustry or trade groups\nprivate or public companies (including as an investor or any other role)\nDomestic and foreign consulting relationships\nDisclosures do not need to include travel for the sole purpose of a personal vacation or to attend a conference.\nProposal Submission\nEach proposal submission by Cornell should be completed in RASS. In addition to capturing project information and approvals, this system includes a\u00a0checkbox to record foreign activities related to the project. Such activities may include foreign collaborators, foreign consultants, subcontracts to foreign entities, overseas shipments, or travel to foreign countries. This checkbox will alert Grant & Contract Officers who may advise that consultation with other Cornell offices (i.e.Global Operationsor theExport Control Office) is necessary or helpful to the success of the project. (/forms/rass-form-10-phased-out, https://global.cornell.edu/resources/global-operations, /offices/export-controls-office)\nDisclosing Foreign Activities to External Sponsors\nDisclosing Foreign Affiliations in CV/Biosketch\nMany federal agencies, including NIH, have cited foreign government-sponsored talent recruitment programs as a perceived threat to U.S. research. Participation in these foreign talent recruitment programs often involves academic or research affiliations with foreign institutions, financial or other in-kind support for a U.S. researcher\u2019s program, and commitments of time and resources from the U.S. researcher. As such, both the federal sponsors and Cornell require disclosure of participation in foreign talent recruitment programs. Please seehere for the DOE\u2019s definition of a foreign talent program. (https://www.sciencemag.org/sites/default/files/January%20DOE%20memo.pdf)\nResearchers must list all positions and scientific appointments both domestic and foreign, including affiliations with foreign entities or governments. This includes titled academic, professional or institutional appointments whether or not remuneration is received, and whether full-time, part-time or voluntary (including adjunct, visiting, or honorary) in their CV/Biosketch.\nDisclosing Foreign Activities to NSF in Current & Pending and Biographical Sketch\nFor details, seeNSF: Disclosing Current & Pending Support, Biographical Sketches, and International Partnerships. (/policies/nsf-disclosing-current-pending-support-biographical-sketches-and-international)\nDisclosing Foreign Activities to NIH as Other Support\nFor details, see theNIH: Disclosing Other Support and Foreign Components. (/policies/nih-disclosing-other-support-and-foreign-components)\nNIH requires all senior/key personnel to disclose all resources made available to a researcher in support of and/or related to all of their research endeavors, regardless of whether or not they have monetary value and regardless of whether they are based at the institution the researcher identifies for the current grant. This means that even if the researcher performs the activity outside of their Cornell employment or at a location other than Cornell, the researcher must disclose the activity to NIH if it supports or relates to their research endeavors.\nExamples of Other Support include, but are not limited to, the following when they are in support of an investigator\u2019s research endeavors:\nDomestic and foreign grants and contracts, whether provided through Cornell, another institution, or to the researcher directly\nFinancial support for laboratory personnel (e.g., students, postdocs, or scholars working in a researcher\u2019s lab at Cornell and who are supported by a foreign entity either through salary, stipend, or receipt of living or travel expenses)\nProvision of lab space at another institution, foreign or domestic\nProvision of scientific materials that are not freely available for use at Cornell or another institution where the faculty is working (e.g., biologics, chemical, model systems, technology, equipment, etc.)\nTravel expenses directly paid or reimbursed by a an outside entity\nLiving expenses directly paid or reimbursed by an outside entity\nOther funding (e.g., salary, stipend, honoraria, etc.) paid to a Cornell researcher by an outside entity.This includes resource and/or financial support from all foreign and domestic entities, including but not limited to, financial support for laboratory personnel, and provision of high-value materials that are not freely available (e.g., biologics, chemical, model systems, technology, etc.).\nBecause the scope of required disclosure is not limited to those research activities at Cornell, researchers must take an active role in reviewing their Other Support documents to ensure that all necessary disclosures have been made. While Cornell administrators can assist in identifying Cornell related activities, all outside activities must be compiled by the researcher for inclusion in the Other Support document.\nDisclosing Foreign Activities to NIH as Foreign Component\nFor details, seeNIH: Disclosing Other Support and Foreign Components. (/node/7866)\nNIH defines Foreign Componentas the performance of any significant scientific element or segment of a project outside of the United States, either by the recipient or by a researcher employed by a foreign organization,whether or not grant funds are expended. (https://grants.nih.gov/grants/glossary.htm#ForeignComponent)\nActivities that would meet this definition include, but are not limited to;\nthe involvement of human subjects or animals\nextensive foreign travel by recipient project staff for the purpose of data collection, surveying, sampling, and similar activities\nany activity of the recipient that may have an impact on U.S. foreign policy through involvement in the affairs or environment of a foreign country\nExamples of activities that may be considered a significant element include;\ncollaborations with investigators at a foreign site anticipated to result in co-authorship\nuse of facilities or instrumentation at a foreign site\nreceipt of financial support or resources from a foreign entity\nForeign Components in Proposal Submissions:Applications which include a foreign component must answer yes toQuestion 6 of the R&R Other Project Information Formand include a \"Foreign Justification\" inField 12, Other Attachmentsof the same R&R Other Project Information Form. This justification must describe the special resources or characteristics of the research project to outline why the facilities or other aspects of the proposed project are more appropriate at a foreign rather than a domestic setting. (https://grants.nih.gov/grants/how-to-apply-application-guide/forms-e/general/g.220-r&r-other-project-information-form.htm#6, https://grants.nih.gov/grants/how-to-apply-application-guide/forms-e/general/g.220-r&r-other-project-information-form.htm#12)\nPost-Award Addition of a Foreign Component:Consistent withSection 8.1.2 of the NIH Grants Policy Statement, researchers wishing to add a Foreign Component to an existing NIH award, prior approval by NIH must be secured. To seek prior approval, researchers and their administrators should contact their Grant & Contract Officer to initiate the prior approval request. (https://grants.nih.gov/grants/policy/nihgps/html5/section_8/8.1.2_prior_approval_requirements.htm)\nDisclosing Foreign Activities to NSF on the Proposal Cover Page\nFor details, seeNSF: Disclosing Current & Pending Support, Biographical Sketches, and International Partnerships. (/policies/nsf-disclosing-current-pending-support-biographical-sketches-and-international)\nDisclose Foreign Collaborations and Support (/proposal/disclose-foreign-collaborations-and-support)\nNASA: Affiliations with China and Disclosing Current & Pending Support (/policies/nasa-affiliations-china-and-disclosing-current-pending-support)\nNSF: Disclosing Current & Pending Support, Biographical Sketches, and International Partnerships (/policies/nsf-disclosing-current-pending-support-biographical-sketches-and-international)\nNIH: Disclosing Other Support and Foreign Components (/policies/nih-disclosing-other-support-and-foreign-components)\nQuick Reference\nRates (/rates)\nForms (/forms)\nPolicies (/policies)\nContacts (/contacts)\nTraining (/training)\nEvents (/events)\nNews & Announcements (/news)\n\u00a9 2019 Cornell University\nWeb Accessibility Help (mailto:rais-help@cornell.edu?subject=researchservices.cornell.edu%20site)"
}