{
    "URL location": "https://researchservices.cornell.edu/policies/managing-coi-research-involving-human-participants",
    "Last modification date": "2019-06-21T18:56Z",
    "Change frequency": "never",
    "Priority": "0.5",
    "Scraped Text": "Find guidance on funding and agency updates during the federal government transition(updated 3/19/2025) (/federal-transition)\nEssential ToolsFind My GCORASSExternalInstitutional Profile & DUNSIACUC applications (Cayuse Animal Management)Find Your Next Funding OpportunityIBC Applications (RASS-IBC)Research Development (ReD) ServicesIRB Applications (RASS-IRB)ExternalRates and budgetsReport external interests (RASS-COI)Join List ServsRASS Access Request FormAsk EHSExternalWeb Financials (WebFin2)ExternalCornell Data ServicesExternalPI DashboardExternalTravel RegistryExternalResearch Financials (formerly RA Dashboard)ExternalInternational research activitiesExternalRegister for Federal and Non-Federal SystemsDisclose Foreign Collaborations and SupportResearch metrics & executive dashboardsTraining (/about/essential-tools, /gco, http://guide.rass.cornell.edu/, /resources/institutional-profile-duns-and-uei-numbers, /resources/submit-new-iacuc-protocol, /proposal/Find-Your-Next-Funding-Opportunity, /resources/ibc-application-submission-review-and-approval, /research-development, https://rass.cornell.edu/irb, /proposal/budget, /compliance/conflict-of-interest, /resources/research-mailing-lists-list-servs, /resources/get-access-financial-sponsored-projects-data, https://tdx.cornell.edu/TDClient/42/Portal/Requests/TicketRequests/NewForm?ID=q5sab44D6GI_, http://webfin2.cornell.edu/, https://data.research.cornell.edu/, https://pidash.cornell.edu, https://travelregistry.cornell.edu/, http://radash.cornell.edu/, https://navigate.cornell.edu, /resources/register-federal-and-non-federal-systems, /proposal/disclose-foreign-collaborations-and-support, /resources/research-metrics, /training)\nFind My GCO (/gco)\nRASSExternal (http://guide.rass.cornell.edu/)\nInstitutional Profile & DUNS (/resources/institutional-profile-duns-and-uei-numbers)\nIACUC applications (Cayuse Animal Management) (/resources/submit-new-iacuc-protocol)\nFind Your Next Funding Opportunity (/proposal/Find-Your-Next-Funding-Opportunity)\nIBC Applications (RASS-IBC) (/resources/ibc-application-submission-review-and-approval)\nResearch Development (ReD) Services (/research-development)\nIRB Applications (RASS-IRB)External (https://rass.cornell.edu/irb)\nRates and budgets (/proposal/budget)\nReport external interests (RASS-COI) (/compliance/conflict-of-interest)\nJoin List Servs (/resources/research-mailing-lists-list-servs)\nRASS Access Request Form (/resources/get-access-financial-sponsored-projects-data)\nAsk EHSExternal (https://tdx.cornell.edu/TDClient/42/Portal/Requests/TicketRequests/NewForm?ID=q5sab44D6GI_)\nWeb Financials (WebFin2)External (http://webfin2.cornell.edu/)\nCornell Data ServicesExternal (https://data.research.cornell.edu/)\nPI DashboardExternal (https://pidash.cornell.edu)\nTravel RegistryExternal (https://travelregistry.cornell.edu/)\nResearch Financials (formerly RA Dashboard)External (http://radash.cornell.edu/)\nInternational research activitiesExternal (https://navigate.cornell.edu)\nRegister for Federal and Non-Federal Systems (/resources/register-federal-and-non-federal-systems)\nDisclose Foreign Collaborations and Support (/proposal/disclose-foreign-collaborations-and-support)\nResearch metrics & executive dashboards (/resources/research-metrics)\nTraining (/training)\nSearch (/search)\nManaging COI for Research Involving Human Participants\nAre you conducting research with human participants? Do you have a financial relationship with a company or organization that is also funding your research, or might benefit from your research? The Financial Conflict of Interest Committee has developed guidance for you.\nAs stated in Principle 6 ofCornell Policy 1.7regarding Human Participant Research: (https://www.dfa.cornell.edu/sites/default/files/policy/vol1_7.pdf)\nProtecting the rights and welfare of human research participants is of the utmost importance and a requirement of all research personnel and the university. Of particular concern, therefore, are external commitments and financial interests that compromise or appear to compromise the rights and well-being of human research participants. The university scrutinizes the roles in such research of research personnel who have external commitments and financial interests with a sponsor or with an external entity that is related to, or can be affected by, the research.\nThe university has instituted a rebuttable presumption that research personnel who are involved in the design, participant selection, informed consent process, or the clinical management of a trial cannot have a financial interest in an entity whose interest could be affected by the research. In other words, the default position is that participation in human participant research by conflicted research personnel is not allowed. However, there may be compelling circumstances in which conflicted research personnel would be permitted to participate in the research. In these cases, the management strategies for the involvement of conflicted researchers must be carefully adjusted to the level of anticipated risk.\nA Conflict Management Plan, approved by the Financial Conflict of Interest Committee, with terms and conditions appropriate to the conflict, must be implemented to ensure the integrity of Cornell research, appropriate protections for students, and compliance with University policies. Information on management plans is availableonline. (/resources/how-conflicts-interest-are-reviewed-and-managed)\nConsistent with the principle stated above, the conflict management plan must also include additional protections for human participants. The CornellInstitutional Review Board (IRB), which is responsible for ensuring that the interests of research participants are protected, has the final authority in determining the conditions under which such research is allowable. Such research can be conducted with the restrictions listed below. In exceptional cases, theFCOI Committeeand the IRB may elect to waive some of these restrictions if they believe that these conditions will not be in the best interests of research, the institution and the human participants: (/resources/about-irb-committee, /resources/financial-conflicts-interest-committee)\nThe conflicted researcher may not serve as the PI for the research. Another individual who does not report to the researcher and does not have a financial interest in the company must serve as the PI.\nThe researcher may not be involved in the consenting, advising or data collection processes with participants.\nIn some instances, including clinical trials, the data may need to go through an independent review by a third party approved by the FCOI Committee.\nDuring the consenting process, participants must be informed of the researcher\u2019s relationship with the entity and, if appropriate, of the steps that are being taken to protect their interests and in the integrity of the research.\nThe Conflict Management Plan must be implemented before research personnel can participate in the design or conduct of the research, enrollment of participants, or analysis of the results.\nIf you have any questions, or want to discuss a particular scenario, please contact theCOI office. (/offices/coi)\nInstitutional Review Board for Human Participant Research (IRB) Office (/offices/IRB)\nResearch with Human Participants (/compliance/human-research)\nQuick Reference\nRates (/rates)\nForms (/forms)\nPolicies (/policies)\nContacts (/contacts)\nTraining (/training)\nEvents (/events)\nNews & Announcements (/news)\n\u00a9 2019 Cornell University\nWeb Accessibility Help (mailto:rais-help@cornell.edu?subject=researchservices.cornell.edu%20site)"
}