{
    "URL location": "https://researchservices.cornell.edu/resources/export-controls-decision-trees",
    "Last modification date": "2023-04-28T20:08Z",
    "Change frequency": "yearly",
    "Priority": "0.5",
    "Scraped Text": "Find guidance on funding and agency updates during the federal government transition(updated 3/19/2025) (/federal-transition)\nEssential ToolsFind My GCORASSExternalInstitutional Profile & DUNSIACUC applications (Cayuse Animal Management)Find Your Next Funding OpportunityIBC Applications (RASS-IBC)Research Development (ReD) ServicesIRB Applications (RASS-IRB)ExternalRates and budgetsReport external interests (RASS-COI)Join List ServsRASS Access Request FormAsk EHSExternalWeb Financials (WebFin2)ExternalCornell Data ServicesExternalPI DashboardExternalTravel RegistryExternalResearch Financials (formerly RA Dashboard)ExternalInternational research activitiesExternalRegister for Federal and Non-Federal SystemsDisclose Foreign Collaborations and SupportResearch metrics & executive dashboardsTraining (/about/essential-tools, /gco, http://guide.rass.cornell.edu/, /resources/institutional-profile-duns-and-uei-numbers, /resources/submit-new-iacuc-protocol, /proposal/Find-Your-Next-Funding-Opportunity, /resources/ibc-application-submission-review-and-approval, /research-development, https://rass.cornell.edu/irb, /proposal/budget, /compliance/conflict-of-interest, /resources/research-mailing-lists-list-servs, /resources/get-access-financial-sponsored-projects-data, https://tdx.cornell.edu/TDClient/42/Portal/Requests/TicketRequests/NewForm?ID=q5sab44D6GI_, http://webfin2.cornell.edu/, https://data.research.cornell.edu/, https://pidash.cornell.edu, https://travelregistry.cornell.edu/, http://radash.cornell.edu/, https://navigate.cornell.edu, /resources/register-federal-and-non-federal-systems, /proposal/disclose-foreign-collaborations-and-support, /resources/research-metrics, /training)\nFind My GCO (/gco)\nRASSExternal (http://guide.rass.cornell.edu/)\nInstitutional Profile & DUNS (/resources/institutional-profile-duns-and-uei-numbers)\nIACUC applications (Cayuse Animal Management) (/resources/submit-new-iacuc-protocol)\nFind Your Next Funding Opportunity (/proposal/Find-Your-Next-Funding-Opportunity)\nIBC Applications (RASS-IBC) (/resources/ibc-application-submission-review-and-approval)\nResearch Development (ReD) Services (/research-development)\nIRB Applications (RASS-IRB)External (https://rass.cornell.edu/irb)\nRates and budgets (/proposal/budget)\nReport external interests (RASS-COI) (/compliance/conflict-of-interest)\nJoin List Servs (/resources/research-mailing-lists-list-servs)\nRASS Access Request Form (/resources/get-access-financial-sponsored-projects-data)\nAsk EHSExternal (https://tdx.cornell.edu/TDClient/42/Portal/Requests/TicketRequests/NewForm?ID=q5sab44D6GI_)\nWeb Financials (WebFin2)External (http://webfin2.cornell.edu/)\nCornell Data ServicesExternal (https://data.research.cornell.edu/)\nPI DashboardExternal (https://pidash.cornell.edu)\nTravel RegistryExternal (https://travelregistry.cornell.edu/)\nResearch Financials (formerly RA Dashboard)External (http://radash.cornell.edu/)\nInternational research activitiesExternal (https://navigate.cornell.edu)\nRegister for Federal and Non-Federal Systems (/resources/register-federal-and-non-federal-systems)\nDisclose Foreign Collaborations and Support (/proposal/disclose-foreign-collaborations-and-support)\nResearch metrics & executive dashboards (/resources/research-metrics)\nTraining (/training)\nSearch (/search)\nExport Controls Decision Trees\nIf the answer to any of the questions below is \"yes\", expand the selection to determine if additional export control-related actions are needed\nResearch with access or dissemination controls?\nExport controls may apply. Contact theExport Control Officer. (/contact/jmm793)\nInternational shipment?\nAll international shipments must be approved by theExport Control Officein accordance withPolicy 4.22 (/offices/export-controls-office, https://policy.cornell.edu/policy-library/export-and-import-control-compliance)\nTo better expedite your review, the following information (if known) should be provided to the Export Control Office:\nA brief description of the item(s) being shipped\nName of the manufacturer\nEnd user (name, affiliation, address)\nAny intermediate consignees (name, affiliation, address)\nEnd use (purpose of shipment)\nApproximate value\nIn receipt of proprietary or confidential information?\nIs the\u00a0information, software, or technology related to anything on theCommerce Control List? (https://www.bis.doc.gov/index.php/regulations/commerce-control-list-ccl)\nIs the information, software, or technology related to anything on theU.S. Munitions List? (https://www.ecfr.gov/cgi-bin/text-idx?SID=86008bdffd1fb2e79cc5df41a180750a&node=22:1.0.1.13.58&rgn=div5)\nIf you answered \"yes\" to any of the above, export controls may apply. Contact theExport Control Officer (/contact/jmm793)\nTraveling abroad?\nAre you planning to travel to\u00a0a country that is sanctioned by theOffice of Foreign Assets Control? (https://home.treasury.gov/policy-issues/financial-sanctions/sanctions-programs-and-country-information)\nAre you bringing with you, any item, information, software, or technology related to anything on theCommerce Control Listor theU.S. Munitions List(regardless of destination)? (https://www.bis.doc.gov/index.php/regulations/commerce-control-list-ccl, https://www.ecfr.gov/cgi-bin/text-idx?SID=86008bdffd1fb2e79cc5df41a180750a&node=22:1.0.1.13.58&rgn=div5)\nIf you answered \"yes\" to any of the above, export controls may apply. Contact theExport Control Officer (/contact/jmm793)\nPayment to an entity or individual abroad?\nIs the individual or entity located in (or is the payment otherwise going to) a country that is sanctioned by theOffice of Foreign Assets Control? (https://home.treasury.gov/policy-issues/financial-sanctions/sanctions-programs-and-country-information)\nHas the payee been screened in Visual Compliance AND an alert received?\nIf you answered \"yes\" to any of the above, export controls may apply. Contact theExport Control Officer (/contact/jmm793)\nExport Controls Office (/offices/export-controls-office)\nOffice of Research Integrity and Assurance (ORIA) (/offices/ORIA)\nExport Controls (/export-controls)\nDrusilla Jaiah - Export Control Associate (/contact/dbj43)\nJoi Mindingall - Research Security | Export Control Officer (/contact/jmm793)\nExport Control and Confidentiality Agreements (/resources/export-control-and-confidentiality-agreements)\nDetecting and Reporting Export Controls Violations (/policies/detecting-and-reporting-export-controls-violations)\nUkraine/Russia Transactions Guidance (/news/ukrainerussia-transactions-guidance)\nExport Controls Frequently Asked Questions (FAQ) (/resources/export-controls-frequently-asked-questions-faq)\nUniversity Policy 4.22, Export and Import Control Compliance (https://policy.cornell.edu/policy-library/export-and-import-control-compliance)\nOff-Campus Research (/resources/campus-research)\nQuick Reference\nRates (/rates)\nForms (/forms)\nPolicies (/policies)\nContacts (/contacts)\nTraining (/training)\nEvents (/events)\nNews & Announcements (/news)\n\u00a9 2019 Cornell University\nWeb Accessibility Help (mailto:rais-help@cornell.edu?subject=researchservices.cornell.edu%20site)"
}