{
    "URL location": "https://researchservices.cornell.edu/resources/equipment-and-instrumentation-grants",
    "Last modification date": "2025-02-01T04:03Z",
    "Change frequency": "monthly",
    "Priority": "0.5",
    "Scraped Text": "Find guidance on funding and agency updates during the federal government transition(updated 3/19/2025) (/federal-transition)\nEssential ToolsFind My GCORASSExternalInstitutional Profile & DUNSIACUC applications (Cayuse Animal Management)Find Your Next Funding OpportunityIBC Applications (RASS-IBC)Research Development (ReD) ServicesIRB Applications (RASS-IRB)ExternalRates and budgetsReport external interests (RASS-COI)Join List ServsRASS Access Request FormAsk EHSExternalWeb Financials (WebFin2)ExternalCornell Data ServicesExternalPI DashboardExternalTravel RegistryExternalResearch Financials (formerly RA Dashboard)ExternalInternational research activitiesExternalRegister for Federal and Non-Federal SystemsDisclose Foreign Collaborations and SupportResearch metrics & executive dashboardsTraining (/about/essential-tools, /gco, http://guide.rass.cornell.edu/, /resources/institutional-profile-duns-and-uei-numbers, /resources/submit-new-iacuc-protocol, /proposal/Find-Your-Next-Funding-Opportunity, /resources/ibc-application-submission-review-and-approval, /research-development, https://rass.cornell.edu/irb, /proposal/budget, /compliance/conflict-of-interest, /resources/research-mailing-lists-list-servs, /resources/get-access-financial-sponsored-projects-data, https://tdx.cornell.edu/TDClient/42/Portal/Requests/TicketRequests/NewForm?ID=q5sab44D6GI_, http://webfin2.cornell.edu/, https://data.research.cornell.edu/, https://pidash.cornell.edu, https://travelregistry.cornell.edu/, http://radash.cornell.edu/, https://navigate.cornell.edu, /resources/register-federal-and-non-federal-systems, /proposal/disclose-foreign-collaborations-and-support, /resources/research-metrics, /training)\nFind My GCO (/gco)\nRASSExternal (http://guide.rass.cornell.edu/)\nInstitutional Profile & DUNS (/resources/institutional-profile-duns-and-uei-numbers)\nIACUC applications (Cayuse Animal Management) (/resources/submit-new-iacuc-protocol)\nFind Your Next Funding Opportunity (/proposal/Find-Your-Next-Funding-Opportunity)\nIBC Applications (RASS-IBC) (/resources/ibc-application-submission-review-and-approval)\nResearch Development (ReD) Services (/research-development)\nIRB Applications (RASS-IRB)External (https://rass.cornell.edu/irb)\nRates and budgets (/proposal/budget)\nReport external interests (RASS-COI) (/compliance/conflict-of-interest)\nJoin List Servs (/resources/research-mailing-lists-list-servs)\nRASS Access Request Form (/resources/get-access-financial-sponsored-projects-data)\nAsk EHSExternal (https://tdx.cornell.edu/TDClient/42/Portal/Requests/TicketRequests/NewForm?ID=q5sab44D6GI_)\nWeb Financials (WebFin2)External (http://webfin2.cornell.edu/)\nCornell Data ServicesExternal (https://data.research.cornell.edu/)\nPI DashboardExternal (https://pidash.cornell.edu)\nTravel RegistryExternal (https://travelregistry.cornell.edu/)\nResearch Financials (formerly RA Dashboard)External (http://radash.cornell.edu/)\nInternational research activitiesExternal (https://navigate.cornell.edu)\nRegister for Federal and Non-Federal Systems (/resources/register-federal-and-non-federal-systems)\nDisclose Foreign Collaborations and Support (/proposal/disclose-foreign-collaborations-and-support)\nResearch metrics & executive dashboards (/resources/research-metrics)\nTraining (/training)\nSearch (/search)\nEquipment and Instrumentation Grants\nResearch Development (ReD) (/offices/research-development-red)\nShared Research Equipment (ShaRE) Program (/resources/shared-research-equipment-share-program)\nRecurring opportunities for equipment/instrumentation grants from various federal agencies, in alphabetical order according to the agency.\nA short summary of the program is included, but\u00a0the sponsor's\u00a0program page will have detailed instructions and eligibility requirements.\u00a0\u00a0This table is not an exhaustive list of all available equipment grants and opportunities.\nNote:For opportunities marked as *Limited Submission* pleasecontact OVRPI Limited Submissionsfor information about Cornell's internal selection process. (mailto:ovpr_limited_submissions@cornell.edu)\nFind Your Next Funding Opportunity (/proposal/Find-Your-Next-Funding-Opportunity)\nUpstate New York Energy Storage Engine (/resources/upstate-new-york-energy-storage-engine)\nFunding Opportunity: Bezos Earth Fund Grand Challenge (/resources/funding-opportunity-bezos-earth-fund-grand-challenge)\nCornell Postdoc Parental Leave Support (PD PaLS) Program (/resources/postdoc-parental-leave-pd-pals)\nFoundation Funding (/resources/foundation-funding)\nLimited Submissions Funding Opportunities (/resources/limited-submissions-funding-opportunities)\nRecurring and Prestigious Funding Opportunities (/resources/recurring-and-prestigious-funding-opportunities)\nFaculty Recognition Prizes and Awards (/faculty-awards)\nInternal Funding for Faculty, Postdocs & Students (/resources/internal-funding-faculty-postdocs-students)\nEarly Career Faculty Research Funding (/resources/early-career-funding)\nGrants for Women and Underrepresented Communities (/resources/grants-women-and-underrepresented-communities)\nQuick Reference\nRates (/rates)\nForms (/forms)\nPolicies (/policies)\nContacts (/contacts)\nTraining (/training)\nEvents (/events)\nNews & Announcements (/news)\n\u00a9 2019 Cornell University\nWeb Accessibility Help (mailto:rais-help@cornell.edu?subject=researchservices.cornell.edu%20site)"
}