{
    "URL location": "https://researchservices.cornell.edu/close-project/finances",
    "Last modification date": "2021-12-21T02:51Z",
    "Change frequency": "never",
    "Priority": "0.5",
    "Scraped Text": "Find guidance on funding and agency updates during the federal government transition(updated 3/19/2025) (/federal-transition)\nEssential ToolsFind My GCORASSExternalInstitutional Profile & DUNSIACUC applications (Cayuse Animal Management)Find Your Next Funding OpportunityIBC Applications (RASS-IBC)Research Development (ReD) ServicesIRB Applications (RASS-IRB)ExternalRates and budgetsReport external interests (RASS-COI)Join List ServsRASS Access Request FormAsk EHSExternalWeb Financials (WebFin2)ExternalCornell Data ServicesExternalPI DashboardExternalTravel RegistryExternalResearch Financials (formerly RA Dashboard)ExternalInternational research activitiesExternalRegister for Federal and Non-Federal SystemsDisclose Foreign Collaborations and SupportResearch metrics & executive dashboardsTraining (/about/essential-tools, /gco, http://guide.rass.cornell.edu/, /resources/institutional-profile-duns-and-uei-numbers, /resources/submit-new-iacuc-protocol, /proposal/Find-Your-Next-Funding-Opportunity, /resources/ibc-application-submission-review-and-approval, /research-development, https://rass.cornell.edu/irb, /proposal/budget, /compliance/conflict-of-interest, /resources/research-mailing-lists-list-servs, /resources/get-access-financial-sponsored-projects-data, https://tdx.cornell.edu/TDClient/42/Portal/Requests/TicketRequests/NewForm?ID=q5sab44D6GI_, http://webfin2.cornell.edu/, https://data.research.cornell.edu/, https://pidash.cornell.edu, https://travelregistry.cornell.edu/, http://radash.cornell.edu/, https://navigate.cornell.edu, /resources/register-federal-and-non-federal-systems, /proposal/disclose-foreign-collaborations-and-support, /resources/research-metrics, /training)\nFind My GCO (/gco)\nRASSExternal (http://guide.rass.cornell.edu/)\nInstitutional Profile & DUNS (/resources/institutional-profile-duns-and-uei-numbers)\nIACUC applications (Cayuse Animal Management) (/resources/submit-new-iacuc-protocol)\nFind Your Next Funding Opportunity (/proposal/Find-Your-Next-Funding-Opportunity)\nIBC Applications (RASS-IBC) (/resources/ibc-application-submission-review-and-approval)\nResearch Development (ReD) Services (/research-development)\nIRB Applications (RASS-IRB)External (https://rass.cornell.edu/irb)\nRates and budgets (/proposal/budget)\nReport external interests (RASS-COI) (/compliance/conflict-of-interest)\nJoin List Servs (/resources/research-mailing-lists-list-servs)\nRASS Access Request Form (/resources/get-access-financial-sponsored-projects-data)\nAsk EHSExternal (https://tdx.cornell.edu/TDClient/42/Portal/Requests/TicketRequests/NewForm?ID=q5sab44D6GI_)\nWeb Financials (WebFin2)External (http://webfin2.cornell.edu/)\nCornell Data ServicesExternal (https://data.research.cornell.edu/)\nPI DashboardExternal (https://pidash.cornell.edu)\nTravel RegistryExternal (https://travelregistry.cornell.edu/)\nResearch Financials (formerly RA Dashboard)External (http://radash.cornell.edu/)\nInternational research activitiesExternal (https://navigate.cornell.edu)\nRegister for Federal and Non-Federal Systems (/resources/register-federal-and-non-federal-systems)\nDisclose Foreign Collaborations and Support (/proposal/disclose-foreign-collaborations-and-support)\nResearch metrics & executive dashboards (/resources/research-metrics)\nTraining (/training)\nSearch (/search)\nProject Closeout Financials\nCapital equipment, project finances, charges, and payments\nGet Access to Financial & Sponsored Projects Data (/resources/get-access-financial-sponsored-projects-data)\nBoth the unit/PI and Sponsored Financial Services (SFS) have responsibilities for financial closeout of projects.\nWho can help?\nYour research administrator or department administrator should be your first contact.\nYou may also work with theSFS associate assigned to your sponsor. (/resources/who-can-help-finance-staff)\nDeadlines\nDeadlines matter in the closeout process. Know the project end date. Triggers for review and reporting occur at 90 and 30 days before the project ends.\nUniversity Policy 3.20,\u00a0Cost Transfers on Sponsored Agreementscovers deadlines for closing out awards. (https://www.dfa.cornell.edu/policy/policies/cost-transfers-sponsored-agreements)\nDepartment Responsibilities\nIf you manage sponsored activity in your department review, familiarize yourself with these closeout responsibilities:\nIf changes are needed 90 days before the project ends:\nDetermine whether the project needs a no-cost extension. If so, request one from the Office of Sponsored Programs (OSP).\nContact Sponsored Financial Services (SFS) if the expiration date needs correction based on the agreement.\nIf the project will close in 90 days:\nReview the agreement to ensure award activity complies with the award's terms and conditions. Review for restrictions (e.g.,\u00a0\u00a0salary caps, budget variance threshold, participant support costs, etc.)\nIdentify contractual concerns and contact OSP if you find any (e.g., prior approvals that may have been required but weren\u2019t sought, such as if all travel required agency approval.)\nResolve outstanding questions, issues or concerns with transactions.\nTake action to alter appointments or costing allocations if necessary.\nMake sure proper appointments and disbursements are made for non-compensatory payments (e.g., subsistence payments for visiting academics, interns, etc.) and that\u00a0contemporaneous documentation of program participants exists.\nCancel or revise recurring charges or contract orders for purchases, including equipment.\nClear any open encumbrances for purchases or contract orders funded by the award.\nClear outstanding assets and liabilities (e.g., travel advances or prepaid expenses).\nDetermine wether cost share commitment and cumulative activity will be met.\nEnsure compliance and remove transactions for pre-award costs.\nClose out program income activity and take appropriate action as needed.\nClose out transactions for unallowable expenses, such as normally indirect transactions.\n30 days before project termination:\nReview the labor plan, take final action as needed. Submit costing allocation changes in Workday, refer to Payroll'spay calendarsfor appropriate deadlines. (https://www.dfa.cornell.edu/payroll/about/paycalendars)\nContact subcontractors to request final invoices.\nReview actual and projected expenditures. If cost transfers are required, ensure compliance with the cost transfer policy:University Policy 3.20, Cost Transfers on Sponsored Agreements. (https://www.dfa.cornell.edu/policy/policies/cost-transfers-sponsored-agreements)\nResolve outstanding questions, issues, or concerns with transactions or otherwise.\nNotify faculty, staff, and students using the project account and inform them that it is no longer valid as of the project's expiration date.\nNotify on-campus billers (e.g., Service Facilities, CIT) of account changes.\nCancel or revise recurring charges or contract orders.\n30 days before the Final Financial Report due date, or, if no financial report is due, no more than 60 days after the account\u2019s expiration date:\nProcess final invoice for subcontracts, purchase orders, or other transactions.\nReview cost share information with SFS. Provide final cost share expenditures and review any questions or concerns related to required match.\nClear program income account.\nClear assets and liabilities (e.g., travel advances or prepaid expenses).\nClear encumbrances.\nReview items charged to the account after the termination date to ensure they were incurred and utilized within the period of performance. Correct post-term transactions (incurred outside period of performance).\nNotify SFS of a true overdraft, providing the funding account. SFS will clear the true overdraft to a cost share sub-account.\nCapitalize fabricated items.\nEnsure that all unallowable or normally indirect expenses are addressed as needed.\nComplete cost transfers that must be recorded in the general ledgerno later than 30 days prior to the deadline, or, if no financial report is due,no later than 60 days after the expiration date of the award, for submission of the final fiscal report and closeout. For ore information, refer toUniversity Policy 3.20, Cost Transfers on Sponsored Agreements. (https://www.dfa.cornell.edu/policy/policies/cost-transfers-sponsored-agreements)\nEnsure the principal investigator has submitted, or will submit, required technical reports by the due date.Indicate sent dates in RASS. (http://guide.rass.cornell.edu/)\nFinancial Reporting to Sponsors (/resources/financial-reporting-sponsors)\nClose a Project (/close-project)\nClosing Out Capital Assets and Fabricated Equipment (/resources/closing-out-capital-assets-and-fabricated-equipment)\nProject Closeout Checklist for Unit/Principal Investigator - Financials (/resources/project-closeout-checklist-unitprincipal-investigator-financials)\nProject Closeout Checklist for SFS - Financials (/resources/project-closeout-checklist-sfs-financials)\nProcedure for Establishment and Administration of Fixed Price Agreements (/policies/procedure-establishment-and-administration-fixed-price-agreements)\nQuick Reference\nRates (/rates)\nForms (/forms)\nPolicies (/policies)\nContacts (/contacts)\nTraining (/training)\nEvents (/events)\nNews & Announcements (/news)\n\u00a9 2019 Cornell University\nWeb Accessibility Help (mailto:rais-help@cornell.edu?subject=researchservices.cornell.edu%20site)"
}