{
    "URL location": "https://researchservices.cornell.edu/resources/subawards-roles-and-responsibilities",
    "Last modification date": "2025-01-09T04:09Z",
    "Change frequency": "yearly",
    "Priority": "0.5",
    "Scraped Text": "Find guidance on funding and agency updates during the federal government transition(updated 3/19/2025) (/federal-transition)\nEssential ToolsFind My GCORASSExternalInstitutional Profile & DUNSIACUC applications (Cayuse Animal Management)Find Your Next Funding OpportunityIBC Applications (RASS-IBC)Research Development (ReD) ServicesIRB Applications (RASS-IRB)ExternalRates and budgetsReport external interests (RASS-COI)Join List ServsRASS Access Request FormAsk EHSExternalWeb Financials (WebFin2)ExternalCornell Data ServicesExternalPI DashboardExternalTravel RegistryExternalResearch Financials (formerly RA Dashboard)ExternalInternational research activitiesExternalRegister for Federal and Non-Federal SystemsDisclose Foreign Collaborations and SupportResearch metrics & executive dashboardsTraining (/about/essential-tools, /gco, http://guide.rass.cornell.edu/, /resources/institutional-profile-duns-and-uei-numbers, /resources/submit-new-iacuc-protocol, /proposal/Find-Your-Next-Funding-Opportunity, /resources/ibc-application-submission-review-and-approval, /research-development, https://rass.cornell.edu/irb, /proposal/budget, /compliance/conflict-of-interest, /resources/research-mailing-lists-list-servs, /resources/get-access-financial-sponsored-projects-data, https://tdx.cornell.edu/TDClient/42/Portal/Requests/TicketRequests/NewForm?ID=q5sab44D6GI_, http://webfin2.cornell.edu/, https://data.research.cornell.edu/, https://pidash.cornell.edu, https://travelregistry.cornell.edu/, http://radash.cornell.edu/, https://navigate.cornell.edu, /resources/register-federal-and-non-federal-systems, /proposal/disclose-foreign-collaborations-and-support, /resources/research-metrics, /training)\nFind My GCO (/gco)\nRASSExternal (http://guide.rass.cornell.edu/)\nInstitutional Profile & DUNS (/resources/institutional-profile-duns-and-uei-numbers)\nIACUC applications (Cayuse Animal Management) (/resources/submit-new-iacuc-protocol)\nFind Your Next Funding Opportunity (/proposal/Find-Your-Next-Funding-Opportunity)\nIBC Applications (RASS-IBC) (/resources/ibc-application-submission-review-and-approval)\nResearch Development (ReD) Services (/research-development)\nIRB Applications (RASS-IRB)External (https://rass.cornell.edu/irb)\nRates and budgets (/proposal/budget)\nReport external interests (RASS-COI) (/compliance/conflict-of-interest)\nJoin List Servs (/resources/research-mailing-lists-list-servs)\nRASS Access Request Form (/resources/get-access-financial-sponsored-projects-data)\nAsk EHSExternal (https://tdx.cornell.edu/TDClient/42/Portal/Requests/TicketRequests/NewForm?ID=q5sab44D6GI_)\nWeb Financials (WebFin2)External (http://webfin2.cornell.edu/)\nCornell Data ServicesExternal (https://data.research.cornell.edu/)\nPI DashboardExternal (https://pidash.cornell.edu)\nTravel RegistryExternal (https://travelregistry.cornell.edu/)\nResearch Financials (formerly RA Dashboard)External (http://radash.cornell.edu/)\nInternational research activitiesExternal (https://navigate.cornell.edu)\nRegister for Federal and Non-Federal Systems (/resources/register-federal-and-non-federal-systems)\nDisclose Foreign Collaborations and Support (/proposal/disclose-foreign-collaborations-and-support)\nResearch metrics & executive dashboards (/resources/research-metrics)\nTraining (/training)\nSearch (/search)\nSubawards: Roles and Responsibilities\nProposing and managing a subaward is a shared responsibility.\nRoles\nPrincipal Investigator\nUnit Administrator\nGrant and Contract Officer (OSP)\nSubaward\u00a0Team (OSP)\nSponsored Financial Services (SFS)\nSubrecipient\nPrincipal Investigators (PIs) Primary Responsibilities\nProposal\nEstablish\u00a0and maintain\u00a0communication with subrecipients during proposal preparation and submission.\nAward\nOversee subrecipient\u00a0compliance with subaward terms and conditions.\nEnsure\u00a0technical performance goals are achieved and aligned with subrecipient's statement of work.\nEnsure\u00a0technical deliverables identified in subrecipient statement of work are complete and received in a timely manner, and work with the unit administrator to have receipt recorded in RASS.\nReview\u00a0subrecipient invoices as an indication of PI's acknowledgment that subrecipient's technical progress is aligned with invoiced charges.\nDiscuss\u00a0poor performance or non-performance, or other problems relating to the subrecipient's performance under the subaward with subrecipients and with the Subaward Team\u00a0as they arise.\nApprove\u00a0requests for annual increments of funding for multi-year subawards.\nUnit Administrators Primary Responsibilities\nProposal\nAssist\u00a0PIs with the subrecipient proposals to be included in the Cornell proposal to sponsor (statement of work, budget, budget justification, FDP Institutional Letter of Commitment, or Subrecipient Commitment Form signed by the subrecipient's Authorized Organization Official).\nAward\nInitiate subaward request via RASS after the prime award is fully executed and distributed.\nRequest, receive, and review\u00a0subrecipient invoices to ensure:Compliance with subaward terms and conditions.Costs are aligned with subrecipient's proposal (budget and statement of work).Costs are allowable, allocable, and reasonable.F&A is calculated correctly, and in accordance with the subaward terms.All costs were incurred within the period of performance of the subaward.Subrecipient expenses are aligned with subrecipient technical progress.Cost-sharing commitments (if applicable) are met by the subrecipient.The correct subaward number is identified on the invoice.The invoice has a certification statement that the costs for reimbursement and any corresponding cost-sharing are the actual costs as recorded by subrecipient and expended for the work performed in accordance with the terms of the subaward.The invoice is signed by an Authorized Institutional Official.The invoice is correctly marked \"Final\" if it is the final invoice.Theinvoice is reviewed by the Cornell PI according to the procedure outlined. (https://researchservices.cornell.edu/resources/payments-subrecipients-sponsored-projects)\nCompliance with subaward terms and conditions.\nCosts are aligned with subrecipient's proposal (budget and statement of work).\nCosts are allowable, allocable, and reasonable.\nF&A is calculated correctly, and in accordance with the subaward terms.\nAll costs were incurred within the period of performance of the subaward.\nSubrecipient expenses are aligned with subrecipient technical progress.\nCost-sharing commitments (if applicable) are met by the subrecipient.\nThe correct subaward number is identified on the invoice.\nThe invoice has a certification statement that the costs for reimbursement and any corresponding cost-sharing are the actual costs as recorded by subrecipient and expended for the work performed in accordance with the terms of the subaward.\nThe invoice is signed by an Authorized Institutional Official.\nThe invoice is correctly marked \"Final\" if it is the final invoice.\nTheinvoice is reviewed by the Cornell PI according to the procedure outlined. (https://researchservices.cornell.edu/resources/payments-subrecipients-sponsored-projects)\nRequest\u00a0clarification from the subrecipient for invoiced charges if any are unusual, unreasonable, unallowable, or unallocable. If explanations are insufficient, request detailed justifications from subrecipient to verify the appropriateness and reasonableness of the charges in question.\nDiscuss\u00a0subrecipient poor compliance or non-compliance with subaward terms and conditions with the Subaward Team.\nSend signed, reviewed, and approved subrecipient invoices to the service center for processing payment in Kuali Financial System (KFS). This should normally be done within 30 days of invoice receipt, and any delay should be documented in an eDoc comment.\nAssist\u00a0PIs in carrying out their subrecipient monitoring responsibilities.\nMaintain\u00a0documentation of subrecipient monitoring efforts.\nSubmit requests\u00a0to the Subaward Team\u00a0via RASS to modify existing subaward (additional time, money, etc.).\nAssist PIs with requests for annual increments of funding on multi-year subawards.\nObtain required reports/deliverables from the subrecipient for PI review and update\u00a0the date the reports/deliverables were received from the subrecipient in RASS.\nGrant and Contract Officers (Office of Sponsored Programs)\u00a0Primary Responsibilities\nProposal\nReview subrecipient proposals prior to proposal submission when received by the GCO with sufficient time to complete a full review.\nMake subrecipient vs contractor determination based on characteristics outlined in2 CFR 200.331Subrecipient and contractor determinations). (https://www.ecfr.gov/current/title-2/subtitle-A/chapter-II/part-200/subpart-D/subject-group-ECFR031321e29ac5bbd/section-200.331)\nAssess the level of subrecipient risk prior to submitting the proposal to the prime sponsor.\nAward\nDistribute the prime award in RASS including the Subaward Team in the notification to alert the Subaward Team that subawards are included in the project.\nSubaward Team (Office of Sponsored Programs)\u00a0Primary Responsibilities\nSubaward\nDetermine the appropriate type of subaward to issue.\nConsult\u00a0with SFS to determine what additional subaward terms and conditions are to be included for elevated-risk subrecipients.\nEnsure that information required by2 CFR 200.332(Requirements for pass-through entities) is included in the subaward agreement when a prime award is from a Federal Prime Sponsor (direct or flow through). Negotiate the terms of the subagreement with the subrecipient. (https://www.ecfr.gov/current/title-2/subtitle-A/chapter-II/part-200/subpart-D/subject-group-ECFR031321e29ac5bbd/section-200.332)\nConsult with the prime award GCO, SFS, Risk Management, etc., as required.\nIdentify subrecipients who have been suspended or debarred from receiving federal funding, identified as terrorist entities, or associated with terrorist entities.\nReview Single Audit reports or other audited financial reports of subrecipients, forwarding those with findings related to, or potentially affecting, Cornell subawards and other audited and/or unaudited financial reports to SFS for their review.Determine the need for and implement recovery and/or adjustment of Cornell\u2019s records, when findings specific to a Cornell subaward exist.\nDetermine the need for and implement recovery and/or adjustment of Cornell\u2019s records, when findings specific to a Cornell subaward exist.\nEnsure each subrecipient completes a profile questionnaire prior to issuing a subagreement.\nGather associated documentation from subrecipients: certificate(s) of insurance, compliance approval certifications, etc.\nRequest and review annual audit reports of subrecipients during the life of the subaward agreement.\nReceive executed subawards from subrecipients, and reviews the subagreement to ensure that no changes were made to the subagreement terms before obtaining the Cornell signature and providing a fully executed copy of the subagreement to the subrecipient.\nDistribute fully executed subawards via RASS.\nNotify PI(s), Co-PI(s), Unit RA(s), and SFS when additional post-award subrecipient monitoring is required for elevated-risk subrecipients.\nSponsored Financial Services (SFS)\u00a0Primary Responsibilities\nReview Single Audit reports and/or other audited/unaudited financial reports of proposed subrecipients in collaboration with the Subaward Team and provide recommendations for the risk level of the subrecipient based on the financial position/findings.\nEstablish subaccounts for subawards.Record the budget for subaward obligation in the general ledger.\nRecord the budget for subaward obligation in the general ledger.\nReview the submitted KFS financial eDoc for subaward payment.\nSubrecipient Primary Responsibilities\nProposal\nSubmit FDP Institutional letter of Commitment, or Subrecipient Commitment Form signed by an authorized institutional official, a statement of work, budget, negotiated rate agreement, and employee benefit rate agreement if applicable, letters of institutional approval if human participants or vertebrate animals are involved in the proposed work.\nComplete a subrecipient profile questionnaire and other documentation requested to assess subrecipient risk.\nReview, negotiate, and execute the subaward.\nAward\nComply with terms and conditions of subaward and prime award (as applicable) terms and conditions.\nSubmit invoices according to timetable and form outlined in the subaward.\nSubmit Technical Progress Reports and other reports and/or deliverables as outlined in the subaward.\nRequest changes to subaward when necessary.\nCollaborating with Weill Cornell Medicine (/process/collaborating-weill-cornell-medicine)\nTammy Wildenstein - Subaward Officer | Federal Team (/contact/tlw62)\nSubawards in a Proposal (/proposal/subcontracts)\nManaging Subawards (/process/managing-subawards)\nSubaward FAQs (/resources/subaward-faqs)\nProposing a Subaward (/resources/proposing-subaward)\nSubcontractor Commitment Form (/forms/subcontractor-commitment-form)\nIssuing the Subaward Agreement (/resources/issuing-subaward-agreement)\nFederal Demonstration Partnership (FDP) Expanded Clearinghouse Program (/resources/federal-demonstration-partnership-fdp-expanded-clearinghouse-program)\nSubawards: Risk Assessment (/resources/subawards-risk-assessment)\nPayments to Subrecipients on Sponsored Projects (/resources/payments-subrecipients-sponsored-projects)\nQuick Reference\nRates (/rates)\nForms (/forms)\nPolicies (/policies)\nContacts (/contacts)\nTraining (/training)\nEvents (/events)\nNews & Announcements (/news)\n\u00a9 2019 Cornell University\nWeb Accessibility Help (mailto:rais-help@cornell.edu?subject=researchservices.cornell.edu%20site)"
}