{
    "URL location": "https://researchservices.cornell.edu/offices/ibc",
    "Last modification date": "2024-10-01T12:25Z",
    "Change frequency": "yearly",
    "Priority": "0.5",
    "Scraped Text": "Find guidance on funding and agency updates during the federal government transition(updated 3/19/2025) (/federal-transition)\nEssential ToolsFind My GCORASSExternalInstitutional Profile & DUNSIACUC applications (Cayuse Animal Management)Find Your Next Funding OpportunityIBC Applications (RASS-IBC)Research Development (ReD) ServicesIRB Applications (RASS-IRB)ExternalRates and budgetsReport external interests (RASS-COI)Join List ServsRASS Access Request FormAsk EHSExternalWeb Financials (WebFin2)ExternalCornell Data ServicesExternalPI DashboardExternalTravel RegistryExternalResearch Financials (formerly RA Dashboard)ExternalInternational research activitiesExternalRegister for Federal and Non-Federal SystemsDisclose Foreign Collaborations and SupportResearch metrics & executive dashboardsTraining (/about/essential-tools, /gco, http://guide.rass.cornell.edu/, /resources/institutional-profile-duns-and-uei-numbers, /resources/submit-new-iacuc-protocol, /proposal/Find-Your-Next-Funding-Opportunity, /resources/ibc-application-submission-review-and-approval, /research-development, https://rass.cornell.edu/irb, /proposal/budget, /compliance/conflict-of-interest, /resources/research-mailing-lists-list-servs, /resources/get-access-financial-sponsored-projects-data, https://tdx.cornell.edu/TDClient/42/Portal/Requests/TicketRequests/NewForm?ID=q5sab44D6GI_, http://webfin2.cornell.edu/, https://data.research.cornell.edu/, https://pidash.cornell.edu, https://travelregistry.cornell.edu/, http://radash.cornell.edu/, https://navigate.cornell.edu, /resources/register-federal-and-non-federal-systems, /proposal/disclose-foreign-collaborations-and-support, /resources/research-metrics, /training)\nFind My GCO (/gco)\nRASSExternal (http://guide.rass.cornell.edu/)\nInstitutional Profile & DUNS (/resources/institutional-profile-duns-and-uei-numbers)\nIACUC applications (Cayuse Animal Management) (/resources/submit-new-iacuc-protocol)\nFind Your Next Funding Opportunity (/proposal/Find-Your-Next-Funding-Opportunity)\nIBC Applications (RASS-IBC) (/resources/ibc-application-submission-review-and-approval)\nResearch Development (ReD) Services (/research-development)\nIRB Applications (RASS-IRB)External (https://rass.cornell.edu/irb)\nRates and budgets (/proposal/budget)\nReport external interests (RASS-COI) (/compliance/conflict-of-interest)\nJoin List Servs (/resources/research-mailing-lists-list-servs)\nRASS Access Request Form (/resources/get-access-financial-sponsored-projects-data)\nAsk EHSExternal (https://tdx.cornell.edu/TDClient/42/Portal/Requests/TicketRequests/NewForm?ID=q5sab44D6GI_)\nWeb Financials (WebFin2)External (http://webfin2.cornell.edu/)\nCornell Data ServicesExternal (https://data.research.cornell.edu/)\nPI DashboardExternal (https://pidash.cornell.edu)\nTravel RegistryExternal (https://travelregistry.cornell.edu/)\nResearch Financials (formerly RA Dashboard)External (http://radash.cornell.edu/)\nInternational research activitiesExternal (https://navigate.cornell.edu)\nRegister for Federal and Non-Federal Systems (/resources/register-federal-and-non-federal-systems)\nDisclose Foreign Collaborations and Support (/proposal/disclose-foreign-collaborations-and-support)\nResearch metrics & executive dashboards (/resources/research-metrics)\nTraining (/training)\nSearch (/search)\nInstitutional Biosafety Committee (IBC) Office\nInstitutional Biosafety Committee (IBC) Office\nThe Institutional Biosafety Committee Office is housed within the Office of Research Integrity and Assurance. The IBC office provides administrative support to the IBC committee and the Cornell research community. The office is responsible for processing IBC registrations and assisting with compliance with regulatory guidelines involving the use of recombinant or synthetic nucleic acids and/or biosafety.\nMichael I. Betteken, PhD - Compliance Manager: IBC, ESCRO, DURC, Hemp (/contact/mib46)\nAmy Wells - IBC Administrator (/contacts/amy-wells-ibc-administrator)\nKelsy Earl - Compliance Analyst: IBC (/contact/kmq22)\nPolicies, Permits, and Resources for the IBC (/resources/policies-permits-and-resources-ibc)\nRegulated Biological Materials in Research (/compliance/rsna-or-biohazardous-research)\nMUA Submission Deadline and IBC Meeting Dates (/resources/mua-submission-deadline-and-ibc-meeting-dates)\nRegulated Biological Materials Frequently Asked Questions (/resources/regulated-biological-materials-frequently-asked-questions)\nApril IBC Meeting (/events/april-ibc-meeting)\nIBC Application Submission, Review and Approval (/resources/ibc-application-submission-review-and-approval)\nGet Started with Recombinant or Synthetic Nucleic Acid Molecules (r/sNA) or Other Biohazardous Agents (/resources/get-started-with-rsna-biohazardous-agents)\nDual Use Research of Concern (DURC) (/resources/dual-use-research-concern-durc)\nQuick Reference\nRates (/rates)\nForms (/forms)\nPolicies (/policies)\nContacts (/contacts)\nTraining (/training)\nEvents (/events)\nNews & Announcements (/news)\n\u00a9 2019 Cornell University\nWeb Accessibility Help (mailto:rais-help@cornell.edu?subject=researchservices.cornell.edu%20site)"
}