{
    "URL location": "https://researchservices.cornell.edu/resources/travel-safety-and-emergency-planning-employees-abroad",
    "Last modification date": "2024-09-17T03:14Z",
    "Change frequency": "yearly",
    "Priority": "0.5",
    "Scraped Text": "Find guidance on funding and agency updates during the federal government transition(updated 3/19/2025) (/federal-transition)\nEssential ToolsFind My GCORASSExternalInstitutional Profile & DUNSIACUC applications (Cayuse Animal Management)Find Your Next Funding OpportunityIBC Applications (RASS-IBC)Research Development (ReD) ServicesIRB Applications (RASS-IRB)ExternalRates and budgetsReport external interests (RASS-COI)Join List ServsRASS Access Request FormAsk EHSExternalWeb Financials (WebFin2)ExternalCornell Data ServicesExternalPI DashboardExternalTravel RegistryExternalResearch Financials (formerly RA Dashboard)ExternalInternational research activitiesExternalRegister for Federal and Non-Federal SystemsDisclose Foreign Collaborations and SupportResearch metrics & executive dashboardsTraining (/about/essential-tools, /gco, http://guide.rass.cornell.edu/, /resources/institutional-profile-duns-and-uei-numbers, /resources/submit-new-iacuc-protocol, /proposal/Find-Your-Next-Funding-Opportunity, /resources/ibc-application-submission-review-and-approval, /research-development, https://rass.cornell.edu/irb, /proposal/budget, /compliance/conflict-of-interest, /resources/research-mailing-lists-list-servs, /resources/get-access-financial-sponsored-projects-data, https://tdx.cornell.edu/TDClient/42/Portal/Requests/TicketRequests/NewForm?ID=q5sab44D6GI_, http://webfin2.cornell.edu/, https://data.research.cornell.edu/, https://pidash.cornell.edu, https://travelregistry.cornell.edu/, http://radash.cornell.edu/, https://navigate.cornell.edu, /resources/register-federal-and-non-federal-systems, /proposal/disclose-foreign-collaborations-and-support, /resources/research-metrics, /training)\nFind My GCO (/gco)\nRASSExternal (http://guide.rass.cornell.edu/)\nInstitutional Profile & DUNS (/resources/institutional-profile-duns-and-uei-numbers)\nIACUC applications (Cayuse Animal Management) (/resources/submit-new-iacuc-protocol)\nFind Your Next Funding Opportunity (/proposal/Find-Your-Next-Funding-Opportunity)\nIBC Applications (RASS-IBC) (/resources/ibc-application-submission-review-and-approval)\nResearch Development (ReD) Services (/research-development)\nIRB Applications (RASS-IRB)External (https://rass.cornell.edu/irb)\nRates and budgets (/proposal/budget)\nReport external interests (RASS-COI) (/compliance/conflict-of-interest)\nJoin List Servs (/resources/research-mailing-lists-list-servs)\nRASS Access Request Form (/resources/get-access-financial-sponsored-projects-data)\nAsk EHSExternal (https://tdx.cornell.edu/TDClient/42/Portal/Requests/TicketRequests/NewForm?ID=q5sab44D6GI_)\nWeb Financials (WebFin2)External (http://webfin2.cornell.edu/)\nCornell Data ServicesExternal (https://data.research.cornell.edu/)\nPI DashboardExternal (https://pidash.cornell.edu)\nTravel RegistryExternal (https://travelregistry.cornell.edu/)\nResearch Financials (formerly RA Dashboard)External (http://radash.cornell.edu/)\nInternational research activitiesExternal (https://navigate.cornell.edu)\nRegister for Federal and Non-Federal Systems (/resources/register-federal-and-non-federal-systems)\nDisclose Foreign Collaborations and Support (/proposal/disclose-foreign-collaborations-and-support)\nResearch metrics & executive dashboards (/resources/research-metrics)\nTraining (/training)\nSearch (/search)\nTravel Safety and Emergency Planning for Employees Abroad\nExport Controls and International Travel (/resources/export-controls-and-international-travel)\nResearch Security (/research-security)\nAll Cornell-related international travel must be preregistered in theCornell International Travel Registry.Starting on November 1, 2024,international travel that is not preregistered will be classified as non-authorized andbusiness-related travel expenseswill not be reimbursed. The registration process is simple, crucial for your safety, and ensures compliance with federal requirements.See the full guidance on the Travel Registry page. (https://travelregistry.cornell.edu/, https://policy.cornell.edu/policy-library/travel-expenses, https://global.cornell.edu/statement/updated-travel-reimbursement-requirements)\nCornell provides asecure registry systemfor faculty, staff, and students to record Cornell-related international travel plans and contact information. Registration of Cornell-related international travel is mandatory for all students, staff, and faculty. (https://travelregistry.cornell.edu)\nThis registry helps the university to respond and assist in the event of individual or group emergencies. All students, staff, and faculty must register. Any student and faculty/staff traveling with students to adestination designated as elevated-riskwill require pre-approval of their travel byCornell\u2019s International Travel Advisory and Response Team (ITART). Failure to gain approval will result in Cornell funds being withdrawn from this activity. (https://global.cornell.edu/travel/policy/elevated-risk-destinations, https://navigate.cornell.edu/hc/en-us/articles/226373428-High-Risk-Destinations-and-ITART-Approvals)\nNote:Disclosure of foreign travel may be required by funding or oversight agencies. All travel records must be maintained for a minimum of five years from the date of travel.\nYou may find thePre-Travel Checklisthelpful. (https://global.cornell.edu/travel/planning-and-checklists)\nRelated Policy\nUniversity Policy 8.5\u2014Risk Management for International Travel (https://www.dfa.cornell.edu/sites/default/files/vol8_5.pdf)\nExport Controls Office (/offices/export-controls-office)\nExport Controls and International Travel (/resources/export-controls-and-international-travel)\nTravel and International Activities (/manage/travel)\nKeep Data and Devices Safe when Traveling (/resources/keep-data-and-devices-safe-when-traveling)\nTravel Funded by Certain NY State Sponsored Awards (/rates/travel-funded-certain-ny-state-sponsored-awards)\nQuick Reference\nRates (/rates)\nForms (/forms)\nPolicies (/policies)\nContacts (/contacts)\nTraining (/training)\nEvents (/events)\nNews & Announcements (/news)\n\u00a9 2019 Cornell University\nWeb Accessibility Help (mailto:rais-help@cornell.edu?subject=researchservices.cornell.edu%20site)"
}