{
    "URL location": "https://researchservices.cornell.edu/proposal/develop",
    "Last modification date": "2025-01-15T15:44Z",
    "Change frequency": "yearly",
    "Priority": "0.5",
    "Scraped Text": "Find guidance on funding and agency updates during the federal government transition(updated 3/19/2025) (/federal-transition)\nEssential ToolsFind My GCORASSExternalInstitutional Profile & DUNSIACUC applications (Cayuse Animal Management)Find Your Next Funding OpportunityIBC Applications (RASS-IBC)Research Development (ReD) ServicesIRB Applications (RASS-IRB)ExternalRates and budgetsReport external interests (RASS-COI)Join List ServsRASS Access Request FormAsk EHSExternalWeb Financials (WebFin2)ExternalCornell Data ServicesExternalPI DashboardExternalTravel RegistryExternalResearch Financials (formerly RA Dashboard)ExternalInternational research activitiesExternalRegister for Federal and Non-Federal SystemsDisclose Foreign Collaborations and SupportResearch metrics & executive dashboardsTraining (/about/essential-tools, /gco, http://guide.rass.cornell.edu/, /resources/institutional-profile-duns-and-uei-numbers, /resources/submit-new-iacuc-protocol, /proposal/Find-Your-Next-Funding-Opportunity, /resources/ibc-application-submission-review-and-approval, /research-development, https://rass.cornell.edu/irb, /proposal/budget, /compliance/conflict-of-interest, /resources/research-mailing-lists-list-servs, /resources/get-access-financial-sponsored-projects-data, https://tdx.cornell.edu/TDClient/42/Portal/Requests/TicketRequests/NewForm?ID=q5sab44D6GI_, http://webfin2.cornell.edu/, https://data.research.cornell.edu/, https://pidash.cornell.edu, https://travelregistry.cornell.edu/, http://radash.cornell.edu/, https://navigate.cornell.edu, /resources/register-federal-and-non-federal-systems, /proposal/disclose-foreign-collaborations-and-support, /resources/research-metrics, /training)\nFind My GCO (/gco)\nRASSExternal (http://guide.rass.cornell.edu/)\nInstitutional Profile & DUNS (/resources/institutional-profile-duns-and-uei-numbers)\nIACUC applications (Cayuse Animal Management) (/resources/submit-new-iacuc-protocol)\nFind Your Next Funding Opportunity (/proposal/Find-Your-Next-Funding-Opportunity)\nIBC Applications (RASS-IBC) (/resources/ibc-application-submission-review-and-approval)\nResearch Development (ReD) Services (/research-development)\nIRB Applications (RASS-IRB)External (https://rass.cornell.edu/irb)\nRates and budgets (/proposal/budget)\nReport external interests (RASS-COI) (/compliance/conflict-of-interest)\nJoin List Servs (/resources/research-mailing-lists-list-servs)\nRASS Access Request Form (/resources/get-access-financial-sponsored-projects-data)\nAsk EHSExternal (https://tdx.cornell.edu/TDClient/42/Portal/Requests/TicketRequests/NewForm?ID=q5sab44D6GI_)\nWeb Financials (WebFin2)External (http://webfin2.cornell.edu/)\nCornell Data ServicesExternal (https://data.research.cornell.edu/)\nPI DashboardExternal (https://pidash.cornell.edu)\nTravel RegistryExternal (https://travelregistry.cornell.edu/)\nResearch Financials (formerly RA Dashboard)External (http://radash.cornell.edu/)\nInternational research activitiesExternal (https://navigate.cornell.edu)\nRegister for Federal and Non-Federal Systems (/resources/register-federal-and-non-federal-systems)\nDisclose Foreign Collaborations and Support (/proposal/disclose-foreign-collaborations-and-support)\nResearch metrics & executive dashboards (/resources/research-metrics)\nTraining (/training)\nSearch (/search)\nProposal Development, Review, and Submission\nResearch Development (ReD) Team (/research-development)\nExport Controls (/export-controls)\nProposal Preparation and Processing Responsibilities (/resources/proposal-preparation-and-processing-responsibilities)\nAdditional Things to Consider when Preparing a Proposal (/resources/additional-things-consider-when-preparing-proposal)\nPRO - Pre-Award Research Operations (/offices/pro)\nYour College\nDepartment or unit research administrators can provide the appropriate forms and resourcesrequired to assemble and route your proposal for review and approval.\u00a0They can help you with budget development, completing forms, compiling current and pending funding tables, and collecting biographical sketches.\nArchitecture Art and\u00a0Planning, Bowers Computing and Information Sciences, Brooks School of Public Policy, College of Arts & Sciences, College of Engineering, Cornell Law School, Cornell Tech, CLASSE, and LASSPresearchers\u00a0are supported through thePre-Award Research Operations (PRO) team. Proposal notifications can be submittedhere. (/resources/pro-research-operations, https://cornell.ca1.qualtrics.com/jfe/form/SV_9KyeTUVtgh8ptfT)\nCALSandCVMhave specialized support offices to assist you. (https://cals.cornell.edu/about/leadership/sad/grants-contracts-mous/, https://www2.vet.cornell.edu/research/college-research-office)\nAll others:contact your department or college to learn about the research administrative support services available.\nCentral Research Development\u00a0Services\nTheResearch Development teamworks with Cornell's research faculty and staff to submit highly competitive proposals. Our goal is to\u00a0improve funding successes for large, extramural, multi-investigator grants and contracts, including multidisciplinary center and facility proposals, training grants, early career awards, and other major awards.Note: even if your project does not fit the criteria, a consultation with research development staff at theOffice of Sponsored Programs and Research DevelopmentorCALS Office of Sponsored Researchcan be beneficial to you. (/research-development, /research-development, /offices/cals-office-sponsored-research)\nIf You're New to Cornell\nCornell Research Concierge Serviceprovides research-related assistance and resources for faculty new to Cornell University. (/research-concierge)\nSubmission\nCALSandCVMhave offices to assist with submission. If you're in one of these colleges, contact the appropriate office. (https://cals.cornell.edu/about/leadership/sad/grants-contracts-mous/, https://www.vet.cornell.edu/research/college-research-office)\nFor other units and departments, the Office of Sponsored Programs submits sponsored research proposals on behalf of Cornell.Grant and Contract Officers (GCOs)offer assistance, including clarifying sponsors' submission procedures and interpreting university policy. (/gco)\nFor collaborations with Weill Cornell Medicine, a unified process includes a special form to use with submission and considerations for preparing the budget correctly.See the Academic Integration\u00a0site for details. (https://academicintegration.cornell.edu/research-resources/sponsored-research-resources)\nTip: Your science/technical content does not have to be complete when you submit your proposal to OSP. You can keep working while OSP reviews the rest\u00a0of the proposal.\nTools\nRigor and reproducibility. Review Cornell's\u00a0resources to help you\u00a0address thetopic of rigor and reproducibility (R&R) in researchas you prepare your proposal.Proposal submission systems. Use the following\u00a0systems for the development and submission of a sponsored project proposal. You may choose the system, but in some cases an particular option is mandated by the sponsor.Your GCOcan help\u00a0choose the system, if you're unsure. (/resources/rigor-and-reproducibility-planning, /gco)\nRASS Cornell's Research Administration and Support System (https://guide.rass.cornell.edu/)\nGrants.gov(use for Department of Defense and Department of Energy)Register\u00a0for a Grants.gov Workspace Account (http://grants.gov/, /resources/register-federal-and-non-federal-systems)\nRegister\u00a0for a Grants.gov Workspace Account (/resources/register-federal-and-non-federal-systems)\nNational Science Foundation(NSF)Register\u00a0for an NSF FastLane/Research.gov AccountNSF Research.gov Home PageNSF FastLane Home Page (http://www.nsf.gov/, /resources/register-federal-and-non-federal-systems, https://www.research.gov/research-web/, https://www.fastlane.nsf.gov/fastlane.htm)\nRegister\u00a0for an NSF FastLane/Research.gov Account (/resources/register-federal-and-non-federal-systems)\nNSF Research.gov Home Page (https://www.research.gov/research-web/)\nNSF FastLane Home Page (https://www.fastlane.nsf.gov/fastlane.htm)\nPlease Note:Research.gov will replace FastLane for all proposal submissions by January 2023. PIs are encouraged to use Research.gov for all proposal submissions where such functionality is present.\nNational Institutes of Health(NIH)Register\u00a0for an NIH eRA Commons/ASSIST Account (http://www.nih.gov/, /resources/register-federal-and-non-federal-systems)\nRegister\u00a0for an NIH eRA Commons/ASSIST Account (/resources/register-federal-and-non-federal-systems)\nNASARegister for an\u00a0NSPIRES\u00a0account (http://www.nasa.gov/, /resources/register-federal-and-non-federal-systems)\nRegister for an\u00a0NSPIRES\u00a0account (/resources/register-federal-and-non-federal-systems)\nConflicts of Interest\nBefore a proposal can be submitted,each person listed as PI, Co-PI or Key Personnel on the proposal must have a current, active COI report on file in theeCOI system. See more on theCOI Considerations for Proposals and Awardspage. (https://coiprod.hosting.cornell.edu/, /resources/coi-considerations-proposals-and-awards)\nMaking your Budget\nTheBudget Costs and Rates sectionincludes rate information for Cornell and Weill Medical faculty, staff, and students and other information you can use for your proposal budget. (/proposal/budget)\nFor collaborations with Weill Cornell Medicine, see the Academic Integration sitefor budget preparation considerations. (https://academicintegration.cornell.edu/research-resources/sponsored-research-resources)\nForeign Activities\nIf your project includes foreign activities, including travel, collaboration with consultants or subcontractors (here or abroad), or overseas shipments,contact your GCO or the Export Controls Officeras early as possible. They'll help determine\u00a0if additional steps need to be taken to ensure that the project is carried out as seamlessly as possible.More information is available in the Export Controls section. (/export-controls)\nData Planning\nData management plans can have specific requirements from the funder or a research compliance committee such as the IRB. Plans may cover data types and sources, dissemination methods, public access and re-use, and more.Cornell\u00a0Data Servicescan help you plan.For questions about a specific funder's requirements,contact your GCO. (https://data.research.cornell.edu/, /gco)\nCornell\u00a0Data Servicescan help you plan. (https://data.research.cornell.edu/)\nFor questions about a specific funder's requirements,contact your GCO. (/gco)\nHere is acondensed reference you can print about the proposal review and approval process. (/sites/default/files/2022-06/Proposal%20review%20Guidelines%20rev%2006.17.2022.pdf)\nPrepare a Proposal (/proposal)\nRegister for Federal and Non-Federal Systems (/resources/register-federal-and-non-federal-systems)\nPre-Award Research Operations (PRO) (/resources/pro-research-operations)\nAdditional Things to Consider when Preparing a Proposal (/resources/additional-things-consider-when-preparing-proposal)\nFind My GCO (Grant & Contract Officer) (/gco)\nSample Proposal Library (/resources/sample-proposal-library)\nProposal Review Guidelines (/resources/proposal-review-guidelines)\nLimited Submissions Funding Opportunities (/resources/limited-submissions-funding-opportunities)\nPI Eligibility (/policies/pi-eligibility)\nInstitutional Profile, DUNS, and UEI Numbers (/resources/institutional-profile-duns-and-uei-numbers)\nRASS (Form 10 is Phased Out) (/forms/rass-form-10-phased-out)\nQuick Reference\nRates (/rates)\nForms (/forms)\nPolicies (/policies)\nContacts (/contacts)\nTraining (/training)\nEvents (/events)\nNews & Announcements (/news)\n\u00a9 2019 Cornell University\nWeb Accessibility Help (mailto:rais-help@cornell.edu?subject=researchservices.cornell.edu%20site)"
}