{
    "URL location": "https://researchservices.cornell.edu/resources/proposal-review-guidelines",
    "Last modification date": "2024-12-12T17:32Z",
    "Change frequency": "yearly",
    "Priority": "0.5",
    "Scraped Text": "Find guidance on funding and agency updates during the federal government transition(updated 3/19/2025) (/federal-transition)\nEssential ToolsFind My GCORASSExternalInstitutional Profile & DUNSIACUC applications (Cayuse Animal Management)Find Your Next Funding OpportunityIBC Applications (RASS-IBC)Research Development (ReD) ServicesIRB Applications (RASS-IRB)ExternalRates and budgetsReport external interests (RASS-COI)Join List ServsRASS Access Request FormAsk EHSExternalWeb Financials (WebFin2)ExternalCornell Data ServicesExternalPI DashboardExternalTravel RegistryExternalResearch Financials (formerly RA Dashboard)ExternalInternational research activitiesExternalRegister for Federal and Non-Federal SystemsDisclose Foreign Collaborations and SupportResearch metrics & executive dashboardsTraining (/about/essential-tools, /gco, http://guide.rass.cornell.edu/, /resources/institutional-profile-duns-and-uei-numbers, /resources/submit-new-iacuc-protocol, /proposal/Find-Your-Next-Funding-Opportunity, /resources/ibc-application-submission-review-and-approval, /research-development, https://rass.cornell.edu/irb, /proposal/budget, /compliance/conflict-of-interest, /resources/research-mailing-lists-list-servs, /resources/get-access-financial-sponsored-projects-data, https://tdx.cornell.edu/TDClient/42/Portal/Requests/TicketRequests/NewForm?ID=q5sab44D6GI_, http://webfin2.cornell.edu/, https://data.research.cornell.edu/, https://pidash.cornell.edu, https://travelregistry.cornell.edu/, http://radash.cornell.edu/, https://navigate.cornell.edu, /resources/register-federal-and-non-federal-systems, /proposal/disclose-foreign-collaborations-and-support, /resources/research-metrics, /training)\nFind My GCO (/gco)\nRASSExternal (http://guide.rass.cornell.edu/)\nInstitutional Profile & DUNS (/resources/institutional-profile-duns-and-uei-numbers)\nIACUC applications (Cayuse Animal Management) (/resources/submit-new-iacuc-protocol)\nFind Your Next Funding Opportunity (/proposal/Find-Your-Next-Funding-Opportunity)\nIBC Applications (RASS-IBC) (/resources/ibc-application-submission-review-and-approval)\nResearch Development (ReD) Services (/research-development)\nIRB Applications (RASS-IRB)External (https://rass.cornell.edu/irb)\nRates and budgets (/proposal/budget)\nReport external interests (RASS-COI) (/compliance/conflict-of-interest)\nJoin List Servs (/resources/research-mailing-lists-list-servs)\nRASS Access Request Form (/resources/get-access-financial-sponsored-projects-data)\nAsk EHSExternal (https://tdx.cornell.edu/TDClient/42/Portal/Requests/TicketRequests/NewForm?ID=q5sab44D6GI_)\nWeb Financials (WebFin2)External (http://webfin2.cornell.edu/)\nCornell Data ServicesExternal (https://data.research.cornell.edu/)\nPI DashboardExternal (https://pidash.cornell.edu)\nTravel RegistryExternal (https://travelregistry.cornell.edu/)\nResearch Financials (formerly RA Dashboard)External (http://radash.cornell.edu/)\nInternational research activitiesExternal (https://navigate.cornell.edu)\nRegister for Federal and Non-Federal Systems (/resources/register-federal-and-non-federal-systems)\nDisclose Foreign Collaborations and Support (/proposal/disclose-foreign-collaborations-and-support)\nResearch metrics & executive dashboards (/resources/research-metrics)\nTraining (/training)\nSearch (/search)\nProposal Review Guidelines\nThe proposal review guidelines define the level of review performed by OSP based on the date the proposal was submitted to OSP vs. when the proposal is due to be submitted to the sponsor.\nProposal Review Guidelines\nYour science/technical content does not have to be complete when you submit to OSP. You can keep working while OSP reviews the rest of the proposal.*A full business day is an official Cornell workday between 8:30 a.m. and 5:00 p.m.\nA. Sponsor Analysis/Review\nB. Internal Notification and Consultation with Other Administrative Offices\nC. Sponsor's Guidelines**\nD. Research Administration Support Services (RASS) entry\nE. PI Eligibility\nF. Institutional, Federal, and State Compliances\nOSP determines if Board of Trustee (BOT) approval is required. OSP is required to seek BOT approval for the following, and initiates the approval process immediately after a qualifying proposal is submitted:\nNew grants and contracts involving expenditure in excess of $10 million annually, prior to acceptance of the grant or contract.\nNew or renewed grants and contracts when the project:involves an annual allocation of University General Purpose funds of $250,000 or more.involves a capital construction project of $500,000 or more.\ninvolves an annual allocation of University General Purpose funds of $250,000 or more.\ninvolves a capital construction project of $500,000 or more.\nG. Proposal\nH. Subaward Proposal\nOSP reviews the scope of work of the subrecipient to determine if the information provided sufficiently describes the proposed work, and corresponds with the proposal narrative.\n**LIMiTED REVIEW**:OSP will check for inclusion of scope of work at the limited review stage. No review of scope of work unless time permits.\nCharacteristics of a subrecipient include when the entity:\nDetermines who is eligible to receive what Federal assistance\nHas its performance measured in relation to whether objectives of a Federal program were met\nHas responsibility for programmatic decision making\nIs responsible for adherence to applicable Federal program requriements specified in the Federal award\nIn accordance with its agreement, uses the Federal funds to carry out a program for a public purpose specified in an authorizing statute, as opposed to providing goods or services for the benefit of the pass-through entity\nCharacteristics indicative of a contractor are when the entity:\nProvides the goods and services within normal business operations\nProvides similar goods or services to many different purchasers\nNormally operates in a competitive environment\nProvides goods or services that are ancillary to the operation of the Federal program\nIs not subject to compliance requirements of the Federal program as a result of the agreement, though similar requirements may apply for other reasons\nAll of the characteristics listed above may not be present in all cases, and OSP must use judgment in classifying each agreement as a subaward or a procurement contract.\nI. Data Security Plan (if applicable)\nJ. Intellectual Property Management Plan (if applicable)\nK. Technology Control Plan (if applicable)\nL. Related Agreements Review (if applicable)\n\n**Adherence to Sponsor Guidelines includes; among other things, length, margins, line spacing, font size, file name and type, required information provided (e.g., Broader Impacts Statement); eligibility criteria; etc.\n\nRisk Assessment\n\nProposal Development, Review, and Submission (/proposal/develop)\nRegister for Federal and Non-Federal Systems (/resources/register-federal-and-non-federal-systems)\nPre-Award Research Operations (PRO) (/resources/pro-research-operations)\nAdditional Things to Consider when Preparing a Proposal (/resources/additional-things-consider-when-preparing-proposal)\nFind My GCO (Grant & Contract Officer) (/gco)\nSample Proposal Library (/resources/sample-proposal-library)\nLimited Submissions Funding Opportunities (/resources/limited-submissions-funding-opportunities)\nPI Eligibility (/policies/pi-eligibility)\nInstitutional Profile, DUNS, and UEI Numbers (/resources/institutional-profile-duns-and-uei-numbers)\nRASS (Form 10 is Phased Out) (/forms/rass-form-10-phased-out)\nNFA (Non-Financial Agreements) (/forms/nfa-non-financial-agreements)\nQuick Reference\nRates (/rates)\nForms (/forms)\nPolicies (/policies)\nContacts (/contacts)\nTraining (/training)\nEvents (/events)\nNews & Announcements (/news)\n\u00a9 2019 Cornell University\nWeb Accessibility Help (mailto:rais-help@cornell.edu?subject=researchservices.cornell.edu%20site)"
}