{
    "URL location": "https://researchservices.cornell.edu/compliance",
    "Last modification date": "2022-02-21T03:51Z",
    "Change frequency": "never",
    "Priority": "0.5",
    "Scraped Text": "Find guidance on funding and agency updates during the federal government transition(updated 3/19/2025) (/federal-transition)\nEssential ToolsFind My GCORASSExternalInstitutional Profile & DUNSIACUC applications (Cayuse Animal Management)Find Your Next Funding OpportunityIBC Applications (RASS-IBC)Research Development (ReD) ServicesIRB Applications (RASS-IRB)ExternalRates and budgetsReport external interests (RASS-COI)Join List ServsRASS Access Request FormAsk EHSExternalWeb Financials (WebFin2)ExternalCornell Data ServicesExternalPI DashboardExternalTravel RegistryExternalResearch Financials (formerly RA Dashboard)ExternalInternational research activitiesExternalRegister for Federal and Non-Federal SystemsDisclose Foreign Collaborations and SupportResearch metrics & executive dashboardsTraining (/about/essential-tools, /gco, http://guide.rass.cornell.edu/, /resources/institutional-profile-duns-and-uei-numbers, /resources/submit-new-iacuc-protocol, /proposal/Find-Your-Next-Funding-Opportunity, /resources/ibc-application-submission-review-and-approval, /research-development, https://rass.cornell.edu/irb, /proposal/budget, /compliance/conflict-of-interest, /resources/research-mailing-lists-list-servs, /resources/get-access-financial-sponsored-projects-data, https://tdx.cornell.edu/TDClient/42/Portal/Requests/TicketRequests/NewForm?ID=q5sab44D6GI_, http://webfin2.cornell.edu/, https://data.research.cornell.edu/, https://pidash.cornell.edu, https://travelregistry.cornell.edu/, http://radash.cornell.edu/, https://navigate.cornell.edu, /resources/register-federal-and-non-federal-systems, /proposal/disclose-foreign-collaborations-and-support, /resources/research-metrics, /training)\nFind My GCO (/gco)\nRASSExternal (http://guide.rass.cornell.edu/)\nInstitutional Profile & DUNS (/resources/institutional-profile-duns-and-uei-numbers)\nIACUC applications (Cayuse Animal Management) (/resources/submit-new-iacuc-protocol)\nFind Your Next Funding Opportunity (/proposal/Find-Your-Next-Funding-Opportunity)\nIBC Applications (RASS-IBC) (/resources/ibc-application-submission-review-and-approval)\nResearch Development (ReD) Services (/research-development)\nIRB Applications (RASS-IRB)External (https://rass.cornell.edu/irb)\nRates and budgets (/proposal/budget)\nReport external interests (RASS-COI) (/compliance/conflict-of-interest)\nJoin List Servs (/resources/research-mailing-lists-list-servs)\nRASS Access Request Form (/resources/get-access-financial-sponsored-projects-data)\nAsk EHSExternal (https://tdx.cornell.edu/TDClient/42/Portal/Requests/TicketRequests/NewForm?ID=q5sab44D6GI_)\nWeb Financials (WebFin2)External (http://webfin2.cornell.edu/)\nCornell Data ServicesExternal (https://data.research.cornell.edu/)\nPI DashboardExternal (https://pidash.cornell.edu)\nTravel RegistryExternal (https://travelregistry.cornell.edu/)\nResearch Financials (formerly RA Dashboard)External (http://radash.cornell.edu/)\nInternational research activitiesExternal (https://navigate.cornell.edu)\nRegister for Federal and Non-Federal Systems (/resources/register-federal-and-non-federal-systems)\nDisclose Foreign Collaborations and Support (/proposal/disclose-foreign-collaborations-and-support)\nResearch metrics & executive dashboards (/resources/research-metrics)\nTraining (/training)\nSearch (/search)\nCompliance, Ethics, Safety\nCornell has multiple research services programs that support the university's commitment to ethical research that is compliant with federal, state, and local laws, regulations, policies, and guidelines.\nFor all Researchers\nResearch integrity.Rigorous, ethical research is good research. Cornell supports research integrity through its Responsible Conduct of Research (RCR) training and education program.Learn more about our RCR program. (/compliance/rcr)\nFinancial management.Manage and monitor financesover the life of the project. (/compliance/financial-management)\nConflict of interest.Disclosure and management of real or apparent financial conflicts of interests is critical to the integrity of the research process.Learn more about Cornell's COI program. (/compliance/conflict-of-interest)\nExport Controls.Get assistancemanaging activities covered by export control laws.Learn more here. (/export-controls, /export-controls)\nSpecific Research Areas\nLive vertebrate animals.The use of animals for research, teaching, or testing is subject toCornell Policy 1.4, and NY State and Federallaws and regulations. You and personnel working with you must complete Institutional Animal Care and Use Committee (IACUC) training. An approved IACUC protocol is required. TheIACUC Office,\u00a0the Center for Animal Resources and Education (CARE), and collaborating units will help you administer and manage your animal work. (https://www.dfa.cornell.edu/policy/policies/care-and-use-live-vertebrate-animals-research-and-teaching, /resources/regulations-and-guidance-use-live-vertebrate-animals-acup-iacuc-policies, /offices/iacuc, /offices/care)\nHuman participants.Federal regulations and Cornell policies apply to research involving human participants. The CornellInstitutional Review Board (IRB)reviews and approves human participant research protocols. Learn more about theIRB protocol submission and approval process. (/resources/about-irb-committee, /compliance/human-research)\nRecombinant or synthetic nucleic acid molecules or\u00a0other biohazardous materials.All researchers must obtain approval from the Institutional Biosafety Committee (IBC) for activities with recombinant or synthetic nucleic acid molecules (r/sNA) or biohazardous materials.Submit a\u00a0Memorandum of Understanding and Agreement (MUA).\u00a0Research at Biosafety Level -3 requires a separate application. (/resources/ibc-application-submission-review-and-approval)\nResearch safety.Get help managing risksassociated with your research and meeting regulatory and compliance requirements. (/compliance/research-safety)\nExport Controls.TheExport Control Officecan assist with international shipments, provide guidance on sanctions, and advise on the\u00a0handling of export controlled technology and material on Cornell's campus. (/offices/export-controls-office)\nResearch Security and Compliance Committee (RSCC) (/resources/research-security-and-compliance-committee-rscc)\nResearch Security (/research-security)\nResponsible Conduct of Research (RCR) (/compliance/rcr)\nExport Controls (/export-controls)\nNew Cayuse Animal Management System Scheduled to go live on Monday, January 3, 2022. (/news/new-cayuse-animal-management-system-scheduled-go-live-monday-january-3-2022)\nFinancial Management (/compliance/financial-management)\nConflicts of Interest (/compliance/conflict-of-interest)\nResearch Safety (/compliance/research-safety)\nWork with Live Vertebrate Animals (/compliance/live-vertebrate-animal-research)\nResearch with Human Participants (/compliance/human-research)\nRegulated Biological Materials in Research (/compliance/rsna-or-biohazardous-research)\nQuick Reference\nRates (/rates)\nForms (/forms)\nPolicies (/policies)\nContacts (/contacts)\nTraining (/training)\nEvents (/events)\nNews & Announcements (/news)\n\u00a9 2019 Cornell University\nWeb Accessibility Help (mailto:rais-help@cornell.edu?subject=researchservices.cornell.edu%20site)"
}