{
    "URL location": "https://researchservices.cornell.edu/process/sars-cov-2covid-19-rapid-research-response",
    "Last modification date": "2020-10-02T01:04Z",
    "Change frequency": "never",
    "Priority": "0.5",
    "Scraped Text": "Find guidance on funding and agency updates during the federal government transition(updated 3/19/2025) (/federal-transition)\nEssential ToolsFind My GCORASSExternalInstitutional Profile & DUNSIACUC applications (Cayuse Animal Management)Find Your Next Funding OpportunityIBC Applications (RASS-IBC)Research Development (ReD) ServicesIRB Applications (RASS-IRB)ExternalRates and budgetsReport external interests (RASS-COI)Join List ServsRASS Access Request FormAsk EHSExternalWeb Financials (WebFin2)ExternalCornell Data ServicesExternalPI DashboardExternalTravel RegistryExternalResearch Financials (formerly RA Dashboard)ExternalInternational research activitiesExternalRegister for Federal and Non-Federal SystemsDisclose Foreign Collaborations and SupportResearch metrics & executive dashboardsTraining (/about/essential-tools, /gco, http://guide.rass.cornell.edu/, /resources/institutional-profile-duns-and-uei-numbers, /resources/submit-new-iacuc-protocol, /proposal/Find-Your-Next-Funding-Opportunity, /resources/ibc-application-submission-review-and-approval, /research-development, https://rass.cornell.edu/irb, /proposal/budget, /compliance/conflict-of-interest, /resources/research-mailing-lists-list-servs, /resources/get-access-financial-sponsored-projects-data, https://tdx.cornell.edu/TDClient/42/Portal/Requests/TicketRequests/NewForm?ID=q5sab44D6GI_, http://webfin2.cornell.edu/, https://data.research.cornell.edu/, https://pidash.cornell.edu, https://travelregistry.cornell.edu/, http://radash.cornell.edu/, https://navigate.cornell.edu, /resources/register-federal-and-non-federal-systems, /proposal/disclose-foreign-collaborations-and-support, /resources/research-metrics, /training)\nFind My GCO (/gco)\nRASSExternal (http://guide.rass.cornell.edu/)\nInstitutional Profile & DUNS (/resources/institutional-profile-duns-and-uei-numbers)\nIACUC applications (Cayuse Animal Management) (/resources/submit-new-iacuc-protocol)\nFind Your Next Funding Opportunity (/proposal/Find-Your-Next-Funding-Opportunity)\nIBC Applications (RASS-IBC) (/resources/ibc-application-submission-review-and-approval)\nResearch Development (ReD) Services (/research-development)\nIRB Applications (RASS-IRB)External (https://rass.cornell.edu/irb)\nRates and budgets (/proposal/budget)\nReport external interests (RASS-COI) (/compliance/conflict-of-interest)\nJoin List Servs (/resources/research-mailing-lists-list-servs)\nRASS Access Request Form (/resources/get-access-financial-sponsored-projects-data)\nAsk EHSExternal (https://tdx.cornell.edu/TDClient/42/Portal/Requests/TicketRequests/NewForm?ID=q5sab44D6GI_)\nWeb Financials (WebFin2)External (http://webfin2.cornell.edu/)\nCornell Data ServicesExternal (https://data.research.cornell.edu/)\nPI DashboardExternal (https://pidash.cornell.edu)\nTravel RegistryExternal (https://travelregistry.cornell.edu/)\nResearch Financials (formerly RA Dashboard)External (http://radash.cornell.edu/)\nInternational research activitiesExternal (https://navigate.cornell.edu)\nRegister for Federal and Non-Federal Systems (/resources/register-federal-and-non-federal-systems)\nDisclose Foreign Collaborations and Support (/proposal/disclose-foreign-collaborations-and-support)\nResearch metrics & executive dashboards (/resources/research-metrics)\nTraining (/training)\nSearch (/search)\nSARS-CoV-2/COVID-19 Rapid Research Response\nContacts and information for SARS-CoV-2/COVID-19 researchers.\nResearch Areas and Contacts\nAs a first step, researchers from Cornell, Weill Cornell Medicine, or from any institution, may contact our experts in various disciplines (below) to discuss potential research collaborations. This is not a mandatory step, but is highly encouraged.\nGeneral EnquiriesPaula Cohen (mailto:paula.cohen@cornell.edu)\nVirology/BiosafetyGary Whittaker (mailto:gary.whittaker@cornell.edu)\nVaccinesHector Aguilar-Carreno (mailto:ha363@cornell.edu)\nTherapeuticsLuis Schang (mailto:luis.schang@cornell.edu)\nImmunologyTed Clark (mailto:tgc3@cornell.edu)\nDiagnostics \u2013\u00a0ResearchDiego Diel (mailto:dgdiel@cornell.edu)\nDiagnostics \u2013 PolicyFrancois Elvinger (mailto:fe65@cornell.edu)\nHow can we help?\nFunding Opportunities and Agency Guidance (/resources/sars-cov-2covid-19-funding-opportunities-agency-guidance)\nLetter of supportfor your SARS-CoV-2/COVID-19 grant. ContactCarmel Lee. (/node/6886)\nNOTE:For all matters relating to health and safety at Cornell University, please see theCOVID-19 Coronavirus response page. (https://www.cornell.edu/coronavirus/)\nPrepare a Proposal (/proposal)\nSARS-CoV-2/COVID-19: Funding Opportunities & Agency Guidance (/resources/sars-cov-2covid-19-funding-opportunities-agency-guidance)\nSERAC (Now Closed) (/resources/serac-now-closed)\nOVPR SARS-CoV-2 Seed Grants (/resources/ovpr-sars-cov-2-seed-grants)\nQuick Reference\nRates (/rates)\nForms (/forms)\nPolicies (/policies)\nContacts (/contacts)\nTraining (/training)\nEvents (/events)\nNews & Announcements (/news)\n\u00a9 2019 Cornell University\nWeb Accessibility Help (mailto:rais-help@cornell.edu?subject=researchservices.cornell.edu%20site)"
}