{
    "URL location": "https://researchservices.cornell.edu/compliance/human-research",
    "Last modification date": "2025-02-04T21:48Z",
    "Change frequency": "monthly",
    "Priority": "0.5",
    "Scraped Text": "Find guidance on funding and agency updates during the federal government transition(updated 3/19/2025) (/federal-transition)\nEssential ToolsFind My GCORASSExternalInstitutional Profile & DUNSIACUC applications (Cayuse Animal Management)Find Your Next Funding OpportunityIBC Applications (RASS-IBC)Research Development (ReD) ServicesIRB Applications (RASS-IRB)ExternalRates and budgetsReport external interests (RASS-COI)Join List ServsRASS Access Request FormAsk EHSExternalWeb Financials (WebFin2)ExternalCornell Data ServicesExternalPI DashboardExternalTravel RegistryExternalResearch Financials (formerly RA Dashboard)ExternalInternational research activitiesExternalRegister for Federal and Non-Federal SystemsDisclose Foreign Collaborations and SupportResearch metrics & executive dashboardsTraining (/about/essential-tools, /gco, http://guide.rass.cornell.edu/, /resources/institutional-profile-duns-and-uei-numbers, /resources/submit-new-iacuc-protocol, /proposal/Find-Your-Next-Funding-Opportunity, /resources/ibc-application-submission-review-and-approval, /research-development, https://rass.cornell.edu/irb, /proposal/budget, /compliance/conflict-of-interest, /resources/research-mailing-lists-list-servs, /resources/get-access-financial-sponsored-projects-data, https://tdx.cornell.edu/TDClient/42/Portal/Requests/TicketRequests/NewForm?ID=q5sab44D6GI_, http://webfin2.cornell.edu/, https://data.research.cornell.edu/, https://pidash.cornell.edu, https://travelregistry.cornell.edu/, http://radash.cornell.edu/, https://navigate.cornell.edu, /resources/register-federal-and-non-federal-systems, /proposal/disclose-foreign-collaborations-and-support, /resources/research-metrics, /training)\nFind My GCO (/gco)\nRASSExternal (http://guide.rass.cornell.edu/)\nInstitutional Profile & DUNS (/resources/institutional-profile-duns-and-uei-numbers)\nIACUC applications (Cayuse Animal Management) (/resources/submit-new-iacuc-protocol)\nFind Your Next Funding Opportunity (/proposal/Find-Your-Next-Funding-Opportunity)\nIBC Applications (RASS-IBC) (/resources/ibc-application-submission-review-and-approval)\nResearch Development (ReD) Services (/research-development)\nIRB Applications (RASS-IRB)External (https://rass.cornell.edu/irb)\nRates and budgets (/proposal/budget)\nReport external interests (RASS-COI) (/compliance/conflict-of-interest)\nJoin List Servs (/resources/research-mailing-lists-list-servs)\nRASS Access Request Form (/resources/get-access-financial-sponsored-projects-data)\nAsk EHSExternal (https://tdx.cornell.edu/TDClient/42/Portal/Requests/TicketRequests/NewForm?ID=q5sab44D6GI_)\nWeb Financials (WebFin2)External (http://webfin2.cornell.edu/)\nCornell Data ServicesExternal (https://data.research.cornell.edu/)\nPI DashboardExternal (https://pidash.cornell.edu)\nTravel RegistryExternal (https://travelregistry.cornell.edu/)\nResearch Financials (formerly RA Dashboard)External (http://radash.cornell.edu/)\nInternational research activitiesExternal (https://navigate.cornell.edu)\nRegister for Federal and Non-Federal Systems (/resources/register-federal-and-non-federal-systems)\nDisclose Foreign Collaborations and Support (/proposal/disclose-foreign-collaborations-and-support)\nResearch metrics & executive dashboards (/resources/research-metrics)\nTraining (/training)\nSearch (/search)\nResearch with Human Participants\nInstitutional Review Board for Human Participant Research (IRB)\nCornell's Human Research Protection Program--including ourInstitutional Review Board for Human Participants (IRB)--is responsible for oversight of all human subjects research conducted by the faculty, staff, and students affiliated with our Ithaca, Tech, and AgriTech campuses*.\u00a0The world of human participant research can be complicated and confusing, but there is a wealth of information on this website to help researchers at all levels of experience navigate ethical and regulatory considerations in designing and carrying out human subjects research. You can also always contact our staff atirbhp@cornell.edu, or schedule a Zoom consultation viaBookings. (/resources/about-irb-committee, mailto: irbhp@cornell.edu, https://outlook.office365.com/book/RASSIRBTraining@cornellprod.onmicrosoft.com/)\n*Weill Cornell Medicine has its ownIRBsand human research compliancestaff. (https://hrp.weill.cornell.edu/irb, https://hrp.weill.cornell.edu/about-us/contact-us)\nDo I need IRB approval?\nNot all research activities that involve humans--or data collected from humans--actually meet the definition of \"human subjects research\" under federal regulations. The Cornell IRB office has created adecision treeyou can use to help figure out if your study will need IRB review and approval. When in doubt, contact theIRB office. (/sites/default/files/2019-05/IRB%20Decision%20Tree.pdf, /offices/IRB)\nNote: \"Exemption\" from IRB review is not the same thing as \"not human subjects research.\" Exempt research is human subjects research that is exempted from U.S. federal regulation 45 CRF 46, based on specific research procedures, participant populations, and privacy and confidentiality practices. At Cornell, research eligible for exemption can be reviewed administratively by IRB staff, rather than the IRB committee. A protocol submission viaRASS-IRBis still required for exempt research, as investigators cannot self-exempt. (https://rass.cornell.edu/irb)\nSubmit an IRB protocol application\nTo obtain IRB approval/exemptionfor a new study, create a new protocol inRASS-IRB. We recommend you use ourinformed consent form templates. (https://rass.cornell.edu/irb, /forms/irb-consent-form-templates)\nFor changes to your protocol, you must request an amendment inRASS-IRB. For full board protocols, you must also submit arequest for continuing approval (renewal)each year, regardless of whether or not any of your study procedures or personnel have changed. (https://rass.cornell.edu/irb, https://rass.cornell.edu/irb)\nYou can check on the status of your protocol inRASS-IRB. How-to documentation for RASS-IRB is available on theRASS Guide Site. (https://rass.cornell.edu/irb, https://guide.rass.cornell.edu/institutional-review-board-for-human-participant-research/)\nLooking for Guidance and Resources?\nThe IRB office has a variety of resources that can help you to understand the main processes and guidelines used by the Cornell IRB, as well as external policies, regulations, and best practices that might apply to your research with human participants. Start with ourLife Cycle of an IRB Protocol resourcefor general information about Cornell IRB procedures, and the visit theIRB Guidance and Resources pagefor more detailed guidance and requirements. (/resources/life-cycle-irb-protocol, /resources/irb-guidance-and-resources)\nGet Training\nAll research personnel listed on an IRB protocol are required to complete human participant research ethics (IRB) training. For NIH-funded clinical trials, research personnel must also complete Good Clinical Practice (GCP) training.Cornell uses the onlineCITI programto provide these trainings. (/training/citi-online-courses-cornell-researchers-coi-irb-rcr-export-control)\nTake training, or learn more aboutIRB training requirements and options. (/training/citi-online-courses-cornell-researchers-coi-irb-rcr-export-control, /resources/irb-training)\nIRB Staff Consultations:IRB staff are available to meet via Zoom or phone to provide assistance with protocol applications and answer IRB-related questions. We useMicrosoft Bookingsto schedule Zoom consultations. You can also reach out directly to IRB staff; visit theIRB Office pagefor contact information. (https://outlook.office365.com/owa/calendar/RASSIRBTraining@cornellprod.onmicrosoft.com/bookings/, /offices/IRB)\nFederal Wide Assurances (FWAs).Cornell's Human Research Protection Program operates under a Federal Wide Assurance\u00a0(FWA) filed with the US\u00a0Department of Health and Human Services. (Note: the Weill Cornell Medicine IRBs operated under a different FWA.)\nIthaca, Geneva, and Tech campuses: FWA 00004513\nInstitutional Review Board for Human Participant Research (IRB) Office (/offices/IRB)\nNIH Policy Change: New Data Management and Sharing Policy (/news/nih-policy-change-new-data-management-and-sharing-policy)\nSingle IRB (sIRB) Regulatory Requirements in Effect January 20, 2020 (/news/single-irb-sirb-regulatory-requirements-effect-january-20-2020)\nGDPR: European Data Regulation Impacts Research (/news/gdpr-european-data-regulation-impacts-research)\nChanges to Research with Human Participants: Revisions to the Common Rule (/news/changes-research-human-participants-revisions-common-rule)\nCompliance, Ethics, Safety (/compliance)\nThe Life Cycle of an IRB Protocol (/resources/life-cycle-irb-protocol)\nIRB Announcements & Newsletters (/resources/irb-announcements-newsletters)\nIRB Informed Consent (/resources/irb-informed-consent)\nIRB Training (/resources/irb-training)\nIRB Considerations: Human Participant Data, Data Sets and Internet Research (/resources/human-participant-data)\nQuick Reference\nRates (/rates)\nForms (/forms)\nPolicies (/policies)\nContacts (/contacts)\nTraining (/training)\nEvents (/events)\nNews & Announcements (/news)\n\u00a9 2019 Cornell University\nWeb Accessibility Help (mailto:rais-help@cornell.edu?subject=researchservices.cornell.edu%20site)"
}