{
    "URL location": "https://researchservices.cornell.edu/resources/proposal-preparation-and-processing-responsibilities",
    "Last modification date": "2020-08-21T20:22Z",
    "Change frequency": "never",
    "Priority": "0.5",
    "Scraped Text": "Find guidance on funding and agency updates during the federal government transition(updated 3/19/2025) (/federal-transition)\nEssential ToolsFind My GCORASSExternalInstitutional Profile & DUNSIACUC applications (Cayuse Animal Management)Find Your Next Funding OpportunityIBC Applications (RASS-IBC)Research Development (ReD) ServicesIRB Applications (RASS-IRB)ExternalRates and budgetsReport external interests (RASS-COI)Join List ServsRASS Access Request FormAsk EHSExternalWeb Financials (WebFin2)ExternalCornell Data ServicesExternalPI DashboardExternalTravel RegistryExternalResearch Financials (formerly RA Dashboard)ExternalInternational research activitiesExternalRegister for Federal and Non-Federal SystemsDisclose Foreign Collaborations and SupportResearch metrics & executive dashboardsTraining (/about/essential-tools, /gco, http://guide.rass.cornell.edu/, /resources/institutional-profile-duns-and-uei-numbers, /resources/submit-new-iacuc-protocol, /proposal/Find-Your-Next-Funding-Opportunity, /resources/ibc-application-submission-review-and-approval, /research-development, https://rass.cornell.edu/irb, /proposal/budget, /compliance/conflict-of-interest, /resources/research-mailing-lists-list-servs, /resources/get-access-financial-sponsored-projects-data, https://tdx.cornell.edu/TDClient/42/Portal/Requests/TicketRequests/NewForm?ID=q5sab44D6GI_, http://webfin2.cornell.edu/, https://data.research.cornell.edu/, https://pidash.cornell.edu, https://travelregistry.cornell.edu/, http://radash.cornell.edu/, https://navigate.cornell.edu, /resources/register-federal-and-non-federal-systems, /proposal/disclose-foreign-collaborations-and-support, /resources/research-metrics, /training)\nFind My GCO (/gco)\nRASSExternal (http://guide.rass.cornell.edu/)\nInstitutional Profile & DUNS (/resources/institutional-profile-duns-and-uei-numbers)\nIACUC applications (Cayuse Animal Management) (/resources/submit-new-iacuc-protocol)\nFind Your Next Funding Opportunity (/proposal/Find-Your-Next-Funding-Opportunity)\nIBC Applications (RASS-IBC) (/resources/ibc-application-submission-review-and-approval)\nResearch Development (ReD) Services (/research-development)\nIRB Applications (RASS-IRB)External (https://rass.cornell.edu/irb)\nRates and budgets (/proposal/budget)\nReport external interests (RASS-COI) (/compliance/conflict-of-interest)\nJoin List Servs (/resources/research-mailing-lists-list-servs)\nRASS Access Request Form (/resources/get-access-financial-sponsored-projects-data)\nAsk EHSExternal (https://tdx.cornell.edu/TDClient/42/Portal/Requests/TicketRequests/NewForm?ID=q5sab44D6GI_)\nWeb Financials (WebFin2)External (http://webfin2.cornell.edu/)\nCornell Data ServicesExternal (https://data.research.cornell.edu/)\nPI DashboardExternal (https://pidash.cornell.edu)\nTravel RegistryExternal (https://travelregistry.cornell.edu/)\nResearch Financials (formerly RA Dashboard)External (http://radash.cornell.edu/)\nInternational research activitiesExternal (https://navigate.cornell.edu)\nRegister for Federal and Non-Federal Systems (/resources/register-federal-and-non-federal-systems)\nDisclose Foreign Collaborations and Support (/proposal/disclose-foreign-collaborations-and-support)\nResearch metrics & executive dashboards (/resources/research-metrics)\nTraining (/training)\nSearch (/search)\nProposal Preparation and Processing Responsibilities\nProposal Development, Review, and Submission (/proposal/develop)\nAdditional Things to Consider when Preparing a Proposal (/resources/additional-things-consider-when-preparing-proposal)\nThis page helps delineate responsibilities of the various parties involved in developing and processing proposals for submission to an external sponsor.\nPrincipal Investigator Responsibilities\nAfter the proposal's final text and budget are complete, the following checklist should be reviewed to ensure that the proposed project complies with both sponsor and University requirements:\nProposal format and content comply with sponsor guidelines;\nAdequate resources are available to meet the project's needs (e.g., use of space, cost-share commitments);\nRequirements for the use ofanimals, human subjects, rDNA, biohazards, and radiation safetyhave been met; (/proposal/live-subjects-and-hazards)\nIf a conflict or potentialconflict of interestexists, the conflict has been reviewed by the respective Dean or Vice Provost; (/resources/what-are-conflicts)\nIf a subcontract is proposed the supporting documentation outlined in the \"Subcontracts\" section of theBudget and Costing Guideis attached to the proposal; and (/resources/overview-costs-project-budgets-budget-and-costing-guide)\nIf a consultant is proposed the supporting documentation outlined in the \"Consulting\" section of theBudget and Costing Guideis attached to the proposal. (/resources/overview-costs-project-budgets-budget-and-costing-guide)\nWhen responding to an RFP or RFQ with the proposed terms and conditions stated in the solicitation the investigator should notify and forward a copy of the solicitation to their GCO as far in advance of the deadline as possible.\nTheForm10 (Proposal Routing and Approval Form)must accompany every proposal submitted to OSP. Form 10 provides OSP with information on where to submit the proposal and identifies what compliance issues exist and what institutional resources are required for the project. Investigators are responsible for completing Form 10 and, by signing it, accept full responsibility for the project. The proposal and Form 10 should be received by OSPat least five business daysbefore the proposal deadline. Investigators are strongly urged to coordinate their proposal schedule with Development/OSP as soon as the proposal deadline is known. (/forms/rass-form-10-phased-out, /forms/rass-form-10-phased-out)\nOccasionally a sponsor may require an institutional cover letter or letter of support from the President or Provost. These proposals should be received by OSPat least 10 business days before the deadline. In addition to the required internal review, extra time is necessary to obtain a signature due to the President's and Provost's extensive travel schedules.\nDepartment/Unit Responsibilities\nMany departments have administrative staff who can offer proposal preparation assistance in the areas of:\nProposal editing;\nBudget preparation and proper costing;\nIdentifying accounts for matching funds or cost-share contributions;\nProviding logistical support for items such as space and personnel;\nAssisting the investigator in complying with any relevant special reviews;\nCoordinating documentation for subcontracts and/or consultants;\nPreparing certifications and representations for signature by OSP;\nPhotocopying the final proposal (number of copies required by sponsor plus one copy for the department and one copy for OSP; and\nCoordinating department chair/unit/Center director signature(s) for Form 10\nThe Pre-Award Research Operations (PRO) team in OSP offers proposal preparation assistance to researchers from the College of Engineering\nCollege/Center Responsibilities\nEach College or Center is responsible for ensuring that major commitments of resources are appropriate for a project. Colleges and units with policies regarding proposal approval may wish to sign the Form 10 to ensure that the appropriate commitments have been made. OSP should be notified when a unit's proposal routing policy changes.\nOffice of Sponsored Programs Responsibilities\nOSP is available to assist as needed the investigator and/or unit in any phase\u00a0 of proposal preparation. Proposals are carefully reviewed to ensure that they comply with all University, federal, and/or state requirements, and are prepared in such a way as to meet with favorable reviews during competition. Proposals are reviewed for the following criteria:\nProposal format and content comply with sponsor guidelines;\nBudget reflects adequate resources and costing detail to accomplish the project and complies with federal regulations;\nReview of the Form 10 for appropriate signatures and investigator compliance with relevant special reviews;\nVerification of cost-share commitments and/or matching funds;\nVerification of documentation for subcontractors and/or consultants; and\nReview and signature of certifications and representations.\nOSP then prepares a transmittal letter and submits the proposal.\nInvestigators should notify their GCO as soon as possible when responding to an RFP, RFQ, or other type of solicitation. In order to be responsive to a solicitation, all conditions must be met or otherwise qualified in a transmittal letter. Usually a solicitation will state the proposed terms and conditions for any resulting award, but if the conditions are unacceptable to Cornell the GCO must address these conditions and explain the University's position. The research, preparation, and documenting of a response requires five business days and can not be left to the last minute.\nA revised budget and work statement may be necessary if a sponsor notifies OSP or the investigator that the funds available for a program vary substantially from the proposed budget. Consideration should be given to whether the scope of work is of such a specific nature that reduced funding would seriously affect the accomplishment of the proposed objectives. A revised proposal is reviewed by OSP in the same manner as a new proposal, and should be receivedat least five business days before the deadline.\nOSP has delegated limited transaction authority toCALS Office of Sponsored Researchand theCVM Research Officeto review and submit proposals to certain sponsors. All other proposals must be submitted to OSP. (/offices/cals-office-sponsored-research, /offices/cvm-cro)\nQuick Reference\nRates (/rates)\nForms (/forms)\nPolicies (/policies)\nContacts (/contacts)\nTraining (/training)\nEvents (/events)\nNews & Announcements (/news)\n\u00a9 2019 Cornell University\nWeb Accessibility Help (mailto:rais-help@cornell.edu?subject=researchservices.cornell.edu%20site)"
}