{
    "URL location": "https://researchservices.cornell.edu/resources/research-integrity",
    "Last modification date": "2022-10-11T15:37Z",
    "Change frequency": "never",
    "Priority": "0.5",
    "Scraped Text": "Find guidance on funding and agency updates during the federal government transition(updated 3/19/2025) (/federal-transition)\nEssential ToolsFind My GCORASSExternalInstitutional Profile & DUNSIACUC applications (Cayuse Animal Management)Find Your Next Funding OpportunityIBC Applications (RASS-IBC)Research Development (ReD) ServicesIRB Applications (RASS-IRB)ExternalRates and budgetsReport external interests (RASS-COI)Join List ServsRASS Access Request FormAsk EHSExternalWeb Financials (WebFin2)ExternalCornell Data ServicesExternalPI DashboardExternalTravel RegistryExternalResearch Financials (formerly RA Dashboard)ExternalInternational research activitiesExternalRegister for Federal and Non-Federal SystemsDisclose Foreign Collaborations and SupportResearch metrics & executive dashboardsTraining (/about/essential-tools, /gco, http://guide.rass.cornell.edu/, /resources/institutional-profile-duns-and-uei-numbers, /resources/submit-new-iacuc-protocol, /proposal/Find-Your-Next-Funding-Opportunity, /resources/ibc-application-submission-review-and-approval, /research-development, https://rass.cornell.edu/irb, /proposal/budget, /compliance/conflict-of-interest, /resources/research-mailing-lists-list-servs, /resources/get-access-financial-sponsored-projects-data, https://tdx.cornell.edu/TDClient/42/Portal/Requests/TicketRequests/NewForm?ID=q5sab44D6GI_, http://webfin2.cornell.edu/, https://data.research.cornell.edu/, https://pidash.cornell.edu, https://travelregistry.cornell.edu/, http://radash.cornell.edu/, https://navigate.cornell.edu, /resources/register-federal-and-non-federal-systems, /proposal/disclose-foreign-collaborations-and-support, /resources/research-metrics, /training)\nFind My GCO (/gco)\nRASSExternal (http://guide.rass.cornell.edu/)\nInstitutional Profile & DUNS (/resources/institutional-profile-duns-and-uei-numbers)\nIACUC applications (Cayuse Animal Management) (/resources/submit-new-iacuc-protocol)\nFind Your Next Funding Opportunity (/proposal/Find-Your-Next-Funding-Opportunity)\nIBC Applications (RASS-IBC) (/resources/ibc-application-submission-review-and-approval)\nResearch Development (ReD) Services (/research-development)\nIRB Applications (RASS-IRB)External (https://rass.cornell.edu/irb)\nRates and budgets (/proposal/budget)\nReport external interests (RASS-COI) (/compliance/conflict-of-interest)\nJoin List Servs (/resources/research-mailing-lists-list-servs)\nRASS Access Request Form (/resources/get-access-financial-sponsored-projects-data)\nAsk EHSExternal (https://tdx.cornell.edu/TDClient/42/Portal/Requests/TicketRequests/NewForm?ID=q5sab44D6GI_)\nWeb Financials (WebFin2)External (http://webfin2.cornell.edu/)\nCornell Data ServicesExternal (https://data.research.cornell.edu/)\nPI DashboardExternal (https://pidash.cornell.edu)\nTravel RegistryExternal (https://travelregistry.cornell.edu/)\nResearch Financials (formerly RA Dashboard)External (http://radash.cornell.edu/)\nInternational research activitiesExternal (https://navigate.cornell.edu)\nRegister for Federal and Non-Federal Systems (/resources/register-federal-and-non-federal-systems)\nDisclose Foreign Collaborations and Support (/proposal/disclose-foreign-collaborations-and-support)\nResearch metrics & executive dashboards (/resources/research-metrics)\nTraining (/training)\nSearch (/search)\nResearch Integrity\nMembers of the Cornell University community are expected to perform their scholarly and scientific activities with honesty, meet the highest ethical standards, and respect the appropriate standards of evidence and the contributions and scholarship of others. FollowingUniversity Policy 1.2 on Research Integrity, the university will vigorously investigate allegations of research misconduct and research-related misconduct that contravene these expectations, taking all reasonable steps to protect the rights and interests of individuals whose work or performance is questioned. (https://policy.cornell.edu/policy-library/research-integrity)\nDefinition of Research Misconduct and Research-Related Misconduct:\nResearch misconductis defined as fabrication, falsification, or plagiarism in proposing, performing, or reviewing research, or in reporting research results, according to the Code of Federal Regulations42 CFR Part 93: (https://www.ecfr.gov/current/title-42/chapter-I/subchapter-H/part-93?toc=1)\nFabrication is making up data or results and recording or reporting them.\nFalsification is manipulating research materials, equipment, or processes, or changing or omitting data or results such that the research is not accurately represented in the research record.\nPlagiarism is the appropriation of another person's ideas, processes, results, or words without giving appropriate credit.\nResearch-related misconductis defined inUniversity Policy 1.2 on Research Integrity(Section 3, Definitions) and is summarized as follows: (https://policy.cornell.edu/policy-library/research-integrity)\nAny act that violates the standards of integrity in the conduct of scholarly and scientific research and communication outside the parameters of research misconduct as defined in this policy and relevant federal regulations. Examples of research-related misconduct can be found in Policy 1.2, Research Integrity, Section 3, Definitions). Research-related misconduct also includes any form of retaliation against a person who, while acting in good faith, provides information about suspected or alleged misconduct.\nResearch-related misconduct includes other unacceptable behaviors that Cornell has elected to prohibit that may appear in an academic environment. Cornell adheres to the procedures for investigating research misconduct allegations required by federal agencies as a condition of federal funding.\nWhat constitutes Research Misconduct or Research-Related Misconduct?\nA finding of research misconduct requires:\nA significant departure from accepted practices of the relevant research community;\nThat the conduct was intentionally, knowingly, or recklessly committed; and\nproven allegations by a preponderance of the evidence.\nMisconduct does not include an unintentional error or honest differences in interpretations or judgments of data.\nWhat must I do if I encounter Research Misconduct or Research-Related Misconduct?\nAll members of the Cornell community have a responsibility to report suspected research misconduct or research-related misconduct underUniversity Policy 1.2 on Research Integrity. Whether you are a faculty member, a member of the staff, or a student, you are encouragedto report the allegation to Cornell\u2019sResearch Integrity Officer.\u00a0You can also make ananonymous reportusing CornellEthicsPoint. (https://policy.cornell.edu/policy-library/research-integrity, mailto:crco_compliance@cornell.edu, https://audit.cornell.edu/services/ethical-conduct-and-compliance-hotline/)\nUniversity Policy 1.2, Research Integrity (https://policy.cornell.edu/policy-library/research-integrity)\nEthicsPoint: Cornell Ethical Conduct and Compliance Hotline (https://secure.ethicspoint.com/domain/en/report_custom.asp?clientid=6357)\nResearch Integrity (/resources/research-integrity)\nThe Research Integrity Council (/resources/research-integrity-council)\nResponsible Conduct of Research Committee (RCRC) (/resources/responsible-conduct-research-committee-rcrc)\nResearch Data Retention (/resources/research-data-retention)\nResponsible Conduct of Research (RCR) (/compliance/rcr)\nResponsible Conduct of Research (RCR) Topics and Case Studies (/resources/responsible-conduct-research-rcr-topics-and-case-studies)\nRCR Requirements for Research Awards (/resources/rcr-requirements-research-awards)\nNIH Training Grant Requirement: RCR Symposium Summary (/resources/nih-training-grant-requirement-rcr-symposium-summary)\nResponsible Conduct of Research (RCR) Symposium and Workshop (/resources/responsible-conduct-research-rcr-symposium-and-workshop)\nQuick Reference\nRates (/rates)\nForms (/forms)\nPolicies (/policies)\nContacts (/contacts)\nTraining (/training)\nEvents (/events)\nNews & Announcements (/news)\n\u00a9 2019 Cornell University\nWeb Accessibility Help (mailto:rais-help@cornell.edu?subject=researchservices.cornell.edu%20site)"
}