{
    "URL location": "https://researchservices.cornell.edu/news/new-export-controls-related-advanced-computing-and-semiconductor-manufacturing",
    "Last modification date": "2023-12-19T15:44Z",
    "Change frequency": "yearly",
    "Priority": "0.5",
    "Scraped Text": "Find guidance on funding and agency updates during the federal government transition(updated 3/19/2025) (/federal-transition)\nEssential ToolsFind My GCORASSExternalInstitutional Profile & DUNSIACUC applications (Cayuse Animal Management)Find Your Next Funding OpportunityIBC Applications (RASS-IBC)Research Development (ReD) ServicesIRB Applications (RASS-IRB)ExternalRates and budgetsReport external interests (RASS-COI)Join List ServsRASS Access Request FormAsk EHSExternalWeb Financials (WebFin2)ExternalCornell Data ServicesExternalPI DashboardExternalTravel RegistryExternalResearch Financials (formerly RA Dashboard)ExternalInternational research activitiesExternalRegister for Federal and Non-Federal SystemsDisclose Foreign Collaborations and SupportResearch metrics & executive dashboardsTraining (/about/essential-tools, /gco, http://guide.rass.cornell.edu/, /resources/institutional-profile-duns-and-uei-numbers, /resources/submit-new-iacuc-protocol, /proposal/Find-Your-Next-Funding-Opportunity, /resources/ibc-application-submission-review-and-approval, /research-development, https://rass.cornell.edu/irb, /proposal/budget, /compliance/conflict-of-interest, /resources/research-mailing-lists-list-servs, /resources/get-access-financial-sponsored-projects-data, https://tdx.cornell.edu/TDClient/42/Portal/Requests/TicketRequests/NewForm?ID=q5sab44D6GI_, http://webfin2.cornell.edu/, https://data.research.cornell.edu/, https://pidash.cornell.edu, https://travelregistry.cornell.edu/, http://radash.cornell.edu/, https://navigate.cornell.edu, /resources/register-federal-and-non-federal-systems, /proposal/disclose-foreign-collaborations-and-support, /resources/research-metrics, /training)\nFind My GCO (/gco)\nRASSExternal (http://guide.rass.cornell.edu/)\nInstitutional Profile & DUNS (/resources/institutional-profile-duns-and-uei-numbers)\nIACUC applications (Cayuse Animal Management) (/resources/submit-new-iacuc-protocol)\nFind Your Next Funding Opportunity (/proposal/Find-Your-Next-Funding-Opportunity)\nIBC Applications (RASS-IBC) (/resources/ibc-application-submission-review-and-approval)\nResearch Development (ReD) Services (/research-development)\nIRB Applications (RASS-IRB)External (https://rass.cornell.edu/irb)\nRates and budgets (/proposal/budget)\nReport external interests (RASS-COI) (/compliance/conflict-of-interest)\nJoin List Servs (/resources/research-mailing-lists-list-servs)\nRASS Access Request Form (/resources/get-access-financial-sponsored-projects-data)\nAsk EHSExternal (https://tdx.cornell.edu/TDClient/42/Portal/Requests/TicketRequests/NewForm?ID=q5sab44D6GI_)\nWeb Financials (WebFin2)External (http://webfin2.cornell.edu/)\nCornell Data ServicesExternal (https://data.research.cornell.edu/)\nPI DashboardExternal (https://pidash.cornell.edu)\nTravel RegistryExternal (https://travelregistry.cornell.edu/)\nResearch Financials (formerly RA Dashboard)External (http://radash.cornell.edu/)\nInternational research activitiesExternal (https://navigate.cornell.edu)\nRegister for Federal and Non-Federal Systems (/resources/register-federal-and-non-federal-systems)\nDisclose Foreign Collaborations and Support (/proposal/disclose-foreign-collaborations-and-support)\nResearch metrics & executive dashboards (/resources/research-metrics)\nTraining (/training)\nSearch (/search)\nNew Export Controls Related to Advanced Computing and Semiconductor Manufacturing\nResearchers who work with advanced computing chips, supercomputers, semiconductors, or integrated circuits may be impacted by these new rules.\nOn October 7, 2022, the Department of Commerce announcedseries of new export controlson advanced computing and semiconductor manufacturing items. Therules were updatedon October 17, 2023. While the new export controls are largely targeted at the People\u2019s Republic of China, including Macau and Hong Kong, (collectively \u201cPRC\u201d), the breadth and scope extend beyond the PRC. The controls are intended to restrict the PRC\u2019s ability to obtain advanced computing chips, develop and maintain supercomputers, and manufacture advanced semiconductors. (https://www.federalregister.gov/public-inspection/2022-21658/additional-export-controls-certain-advanced-computing-and-semiconductor-manufacturing-items, https://www.bis.doc.gov/index.php/about-bis/newsroom/2082)\nActions: PerPolicy 4.22, all international shipments must be approved by theExport Control Office. (https://policy.cornell.edu/policy-library/export-and-import-control-compliance, https://researchservices.cornell.edu/offices/export-controls-office)\nA few of the highlights of the new rule:\nAdds certain advanced and high-performance computing chips and computer commodities that contain such chips to the Commerce Control List (CCL) - meaning a license will likely be required.\nAdds new license requirements for items destined for a supercomputer or semiconductor development or production end use.\nExpands the scope of the Export Administration Regulations (EAR) over certain foreign-produced advanced computing items and foreign produced items for supercomputer end uses.\nAdds certain semiconductor manufacturing equipment and related items to the CCL \u2013 meaning a license will likely be required.\nAdds new license requirements for items destined to to facilities that fabricate\u00a0integrated circuits.\nRestricts the ability of U.S. persons to support the development, or production, of integrated circuits at certain\u00a0facilities without a license.\nAdds new license requirements to export items to develop or produce semiconductor manufacturing equipment and related items.\n\nMany entities in the PRC (including universities) are being added on a rolling basis to restricted parties lists administered by Department of Commerce. As a result, heightened due diligence is necessary when dealing with parties in the PRC. Contact theECOfor a screening of foreign parties (particularly in the PRC) that you wish to collaborate or otherwise deal with. (mailto:exportcontrols@cornell.edu)\nQuick Reference\nRates (/rates)\nForms (/forms)\nPolicies (/policies)\nContacts (/contacts)\nTraining (/training)\nEvents (/events)\nNews & Announcements (/news)\n\u00a9 2019 Cornell University\nWeb Accessibility Help (mailto:rais-help@cornell.edu?subject=researchservices.cornell.edu%20site)"
}