{
    "URL location": "https://researchservices.cornell.edu/news/nih-policy-change-new-data-management-and-sharing-policy",
    "Last modification date": "2024-03-28T16:07Z",
    "Change frequency": "yearly",
    "Priority": "0.5",
    "Scraped Text": "Find guidance on funding and agency updates during the federal government transition(updated 3/19/2025) (/federal-transition)\nEssential ToolsFind My GCORASSExternalInstitutional Profile & DUNSIACUC applications (Cayuse Animal Management)Find Your Next Funding OpportunityIBC Applications (RASS-IBC)Research Development (ReD) ServicesIRB Applications (RASS-IRB)ExternalRates and budgetsReport external interests (RASS-COI)Join List ServsRASS Access Request FormAsk EHSExternalWeb Financials (WebFin2)ExternalCornell Data ServicesExternalPI DashboardExternalTravel RegistryExternalResearch Financials (formerly RA Dashboard)ExternalInternational research activitiesExternalRegister for Federal and Non-Federal SystemsDisclose Foreign Collaborations and SupportResearch metrics & executive dashboardsTraining (/about/essential-tools, /gco, http://guide.rass.cornell.edu/, /resources/institutional-profile-duns-and-uei-numbers, /resources/submit-new-iacuc-protocol, /proposal/Find-Your-Next-Funding-Opportunity, /resources/ibc-application-submission-review-and-approval, /research-development, https://rass.cornell.edu/irb, /proposal/budget, /compliance/conflict-of-interest, /resources/research-mailing-lists-list-servs, /resources/get-access-financial-sponsored-projects-data, https://tdx.cornell.edu/TDClient/42/Portal/Requests/TicketRequests/NewForm?ID=q5sab44D6GI_, http://webfin2.cornell.edu/, https://data.research.cornell.edu/, https://pidash.cornell.edu, https://travelregistry.cornell.edu/, http://radash.cornell.edu/, https://navigate.cornell.edu, /resources/register-federal-and-non-federal-systems, /proposal/disclose-foreign-collaborations-and-support, /resources/research-metrics, /training)\nFind My GCO (/gco)\nRASSExternal (http://guide.rass.cornell.edu/)\nInstitutional Profile & DUNS (/resources/institutional-profile-duns-and-uei-numbers)\nIACUC applications (Cayuse Animal Management) (/resources/submit-new-iacuc-protocol)\nFind Your Next Funding Opportunity (/proposal/Find-Your-Next-Funding-Opportunity)\nIBC Applications (RASS-IBC) (/resources/ibc-application-submission-review-and-approval)\nResearch Development (ReD) Services (/research-development)\nIRB Applications (RASS-IRB)External (https://rass.cornell.edu/irb)\nRates and budgets (/proposal/budget)\nReport external interests (RASS-COI) (/compliance/conflict-of-interest)\nJoin List Servs (/resources/research-mailing-lists-list-servs)\nRASS Access Request Form (/resources/get-access-financial-sponsored-projects-data)\nAsk EHSExternal (https://tdx.cornell.edu/TDClient/42/Portal/Requests/TicketRequests/NewForm?ID=q5sab44D6GI_)\nWeb Financials (WebFin2)External (http://webfin2.cornell.edu/)\nCornell Data ServicesExternal (https://data.research.cornell.edu/)\nPI DashboardExternal (https://pidash.cornell.edu)\nTravel RegistryExternal (https://travelregistry.cornell.edu/)\nResearch Financials (formerly RA Dashboard)External (http://radash.cornell.edu/)\nInternational research activitiesExternal (https://navigate.cornell.edu)\nRegister for Federal and Non-Federal Systems (/resources/register-federal-and-non-federal-systems)\nDisclose Foreign Collaborations and Support (/proposal/disclose-foreign-collaborations-and-support)\nResearch metrics & executive dashboards (/resources/research-metrics)\nTraining (/training)\nSearch (/search)\nNIH Policy Change: New Data Management and Sharing Policy\nHuman participant research (IRB) implications\nPer the Final NIH Policy for Data Management and Sharing (NOT-OD-21-013), starting on January 25th, 2023, all grant applications submitted to the National Institutes of Health (NIH) are required to include and follow a Data Management and Sharing Plan (DMSP). The new policy intends to promote transparency and accountability in research by setting a minimum set of expectations for data management and sharing. (https://grants.nih.gov/grants/guide/notice-files/NOT-OD-21-013.html)\nThe Cornell University IRB is in the process of putting together a guidance document regarding the impact of the policy on our process and procedures. For now, when you are submitting protocols to the IRB for review that involve (or potentially involve) NIH funding, you should plan to include your Data Sharing and Management Plan in the protocol. In your RASS-IRB application, you can upload this in the Additional Documents section, under Other Documents.\nBelow, we have provided resources to read more about this policy change, and learn how it impacts you and your research.\nResources\nThe NIH\u2019s central resource for this new policy is at theirNIH Scientific Data Sharing website. If you would like to read the full text of the policy, you can read theNIH\u2019s Final Policy notice. This notice includes definitions related to the policy as well as all information required to be compliant. Additionally, the NIH has provided multiple supplemental documents with guidance particularly relevant when crafting IRB protocols.Protecting Privacy When Sharing Human Research Participant Data\u2013 We specifically suggest reviewing the sections titled \u2018Operational Principles for Protecting Participant Privacy When Sharing Scientific Data\u2019 and \u2018Best Practices for Protecting Participant Privacy When Sharing Scientific Data.\u2019Responsible Management and Sharing American Indian/Alaska Native Participant Data\u2013 If you are focusing your research on these indigenous populations, we highly recommend reviewing this guidance document, especially the sections titled \u2018Considerations for Researchers Working with Tribal Nations\u2019 and \u2018Best Practices for Researchers.\u2019 (https://sharing.nih.gov/data-management-and-sharing-policy, https://grants.nih.gov/grants/guide/notice-files/NOT-OD-21-013.html, https://grants.nih.gov/grants/guide/notice-files/NOT-OD-22-213.html, https://grants.nih.gov/grants/guide/notice-files/NOT-OD-22-214.html)\nProtecting Privacy When Sharing Human Research Participant Data\u2013 We specifically suggest reviewing the sections titled \u2018Operational Principles for Protecting Participant Privacy When Sharing Scientific Data\u2019 and \u2018Best Practices for Protecting Participant Privacy When Sharing Scientific Data.\u2019 (https://grants.nih.gov/grants/guide/notice-files/NOT-OD-22-213.html)\nResponsible Management and Sharing American Indian/Alaska Native Participant Data\u2013 If you are focusing your research on these indigenous populations, we highly recommend reviewing this guidance document, especially the sections titled \u2018Considerations for Researchers Working with Tribal Nations\u2019 and \u2018Best Practices for Researchers.\u2019 (https://grants.nih.gov/grants/guide/notice-files/NOT-OD-22-214.html)\nCornell University has also developed resources to assist with this policy change.Cornell Data Services (CDS) offers free and confidential feedback on draft plans, as well as guidance for creating and implementing plans. For a broader view of the NIH data policy, the RDMSG has a page offrequently asked questionson their website. (https://data.research.cornell.edu/2023/02/24/we-can-help-with-the-new-nih-data-sharing-policy/, https://data.research.cornell.edu/data-management/planning/funder/national-institutes-of-health/)\nCornell\u2019s Office of Sponsored Programs (OSP) hosted a November 2022 roundtable focused on this NIH data policy change \u2013 theZoom recordingandPowerPoint slideshave been saved for general perusal. (https://youtu.be/CbApAZsLWGA, https://researchservices.cornell.edu/sites/default/files/2022-11/NIHatOSProundtable_11.17.2022.pdf)\nContacts\nFor questions about how this policy might impact your current NIH funding or upcoming proposal submission, contact yourOSP Grant & Contract Officer. (https://researchservices.cornell.edu/gco)\nTo request a review or to get help drafting a DMS Plan, contact CDS atdata-help@cornell.edu. (mailto:data-help@cornell.edu)\nFor questions about how this policy might impact your human participant research, contact the IRB office atirbhp@cornell.edu. (mailto:irbhp@cornell.edu)\nUpdates from Federal Sponsors (/news/updates-federal-sponsors)\nRDMSG regarding NIH-required Data Management and Sharing Plans (https://data.research.cornell.edu/2023/02/24/we-can-help-with-the-new-nih-data-sharing-policy/)\nResearch with Human Participants (/compliance/human-research)\nFind My GCO (Grant & Contract Officer) (/gco)\nQuick Reference\nRates (/rates)\nForms (/forms)\nPolicies (/policies)\nContacts (/contacts)\nTraining (/training)\nEvents (/events)\nNews & Announcements (/news)\n\u00a9 2019 Cornell University\nWeb Accessibility Help (mailto:rais-help@cornell.edu?subject=researchservices.cornell.edu%20site)"
}