{
    "URL location": "https://researchservices.cornell.edu/resources/proposing-subaward",
    "Last modification date": "2023-08-31T17:23Z",
    "Change frequency": "yearly",
    "Priority": "0.5",
    "Scraped Text": "Find guidance on funding and agency updates during the federal government transition(updated 3/19/2025) (/federal-transition)\nEssential ToolsFind My GCORASSExternalInstitutional Profile & DUNSIACUC applications (Cayuse Animal Management)Find Your Next Funding OpportunityIBC Applications (RASS-IBC)Research Development (ReD) ServicesIRB Applications (RASS-IRB)ExternalRates and budgetsReport external interests (RASS-COI)Join List ServsRASS Access Request FormAsk EHSExternalWeb Financials (WebFin2)ExternalCornell Data ServicesExternalPI DashboardExternalTravel RegistryExternalResearch Financials (formerly RA Dashboard)ExternalInternational research activitiesExternalRegister for Federal and Non-Federal SystemsDisclose Foreign Collaborations and SupportResearch metrics & executive dashboardsTraining (/about/essential-tools, /gco, http://guide.rass.cornell.edu/, /resources/institutional-profile-duns-and-uei-numbers, /resources/submit-new-iacuc-protocol, /proposal/Find-Your-Next-Funding-Opportunity, /resources/ibc-application-submission-review-and-approval, /research-development, https://rass.cornell.edu/irb, /proposal/budget, /compliance/conflict-of-interest, /resources/research-mailing-lists-list-servs, /resources/get-access-financial-sponsored-projects-data, https://tdx.cornell.edu/TDClient/42/Portal/Requests/TicketRequests/NewForm?ID=q5sab44D6GI_, http://webfin2.cornell.edu/, https://data.research.cornell.edu/, https://pidash.cornell.edu, https://travelregistry.cornell.edu/, http://radash.cornell.edu/, https://navigate.cornell.edu, /resources/register-federal-and-non-federal-systems, /proposal/disclose-foreign-collaborations-and-support, /resources/research-metrics, /training)\nFind My GCO (/gco)\nRASSExternal (http://guide.rass.cornell.edu/)\nInstitutional Profile & DUNS (/resources/institutional-profile-duns-and-uei-numbers)\nIACUC applications (Cayuse Animal Management) (/resources/submit-new-iacuc-protocol)\nFind Your Next Funding Opportunity (/proposal/Find-Your-Next-Funding-Opportunity)\nIBC Applications (RASS-IBC) (/resources/ibc-application-submission-review-and-approval)\nResearch Development (ReD) Services (/research-development)\nIRB Applications (RASS-IRB)External (https://rass.cornell.edu/irb)\nRates and budgets (/proposal/budget)\nReport external interests (RASS-COI) (/compliance/conflict-of-interest)\nJoin List Servs (/resources/research-mailing-lists-list-servs)\nRASS Access Request Form (/resources/get-access-financial-sponsored-projects-data)\nAsk EHSExternal (https://tdx.cornell.edu/TDClient/42/Portal/Requests/TicketRequests/NewForm?ID=q5sab44D6GI_)\nWeb Financials (WebFin2)External (http://webfin2.cornell.edu/)\nCornell Data ServicesExternal (https://data.research.cornell.edu/)\nPI DashboardExternal (https://pidash.cornell.edu)\nTravel RegistryExternal (https://travelregistry.cornell.edu/)\nResearch Financials (formerly RA Dashboard)External (http://radash.cornell.edu/)\nInternational research activitiesExternal (https://navigate.cornell.edu)\nRegister for Federal and Non-Federal Systems (/resources/register-federal-and-non-federal-systems)\nDisclose Foreign Collaborations and Support (/proposal/disclose-foreign-collaborations-and-support)\nResearch metrics & executive dashboards (/resources/research-metrics)\nTraining (/training)\nSearch (/search)\nProposing a Subaward\nOverview information about subawards including details of choosing a subrecipient and what should be included in the proposal and budget.\nSponsored awards made to Cornell are usually conducted within the physical boundaries of the university. On occasion, a portion of the required effort may be provided by one or more other institutions or companies (third parties) who are made responsible for a discrete part of the project. When the portion of effort to be performed by a third party constitutes a substantive component of the \u201cscience\u201d of the sponsored award, the third party is required to provide the resources and personnel necessary to conduct that portion of the work as an independent entity.\nCosts normally associated with third-party efforts could include any or all of the following:\nLabor\nEmployee benefits\nMaterials and supplies\nTravel\nEquipment\nConsultants\nOther direct costs\nFacilities and administrative costs (indirect costs)\nNote: In the for-profit sector, it is common to include costs such as labor overhead, material overhead, general and administrative (G&A) expense, and a profit or fee.\nIf a sponsored award involves issuing subawards for physical construction of facilities or renovation of existing facilities, the Facilities Services Division, Facilities Contracts Department (607) 255-3982\u00a0must be contacted prior to submission of the proposal to ensure compliance with the Board of Trustees and university administrative procedures and to ensure that necessary approvals are obtained.\nThe Office of Sponsored Programs (OSP) is available to assist departments in these procedures and would be involved in assisting Facilities Contracts in the preparation of any subaward.Contact your GCOif you have questions or need assistance related to the inclusion of a subaward in your proposal. (/gco)\nSubaward Relationship\nSubaward agreement: The document that OSP generates to formalize a third-party relationship with another organization to perform substantive work based upon an award made to Cornell.\nSubrecipient: The third party performing the effort under a subaward agreement.\nWhat is NOT a Subaward\nActivities performed by a third party that do not constitute a substantive portion of the work effort of the project, are not unique or may be obtained competitively in a commercial environment, or are not performed independently and with decisions making authority are not obtained using a subaward and should be contracted for using either a consulting agreement or a purchase order.\nWhen such activities are performed by an individual under a sponsored award, they are administered through a consulting agreement issued by Supply Management Services. A purchase order must be used when purchased services may involve an organizational entity. For example, a purchase order would be appropriate for the performance of repetitive tests or activities requiring little or no discretionary judgment on the part of the provider. In these instances, a consulting agreement or a purchase order may be issued through the normal Cornell Procurement process.\nFor help in determining if you are working with a Subrecipient or a Contractor, this document can be utilized:Subrecipient vs Contractor Checklist (/sites/default/files/2022-11/Subrecipient%20vs%20Contractor%20Checklist.pdf)\nSubrecipient Selection\nSponsor or peer-reviewed.If the subrecipient is specified in the proposal and the collaboration is funded, it is not necessary to comply with the procurement requirements for competitive bidding or sole source justification because the sponsor or peer review process already approved the selection.\nNon-sponsor or non-peer reviewed.It is the responsibility of the Cornell Principal Investigator (PI), along with OSP, to comply with procurement requirements of the sponsor in selecting a subrecipient. There are two methods of selecting a subrecipient: competitive bidding or sole source procurement. Competitive bidding is the preferred method of subrecipient selection. This method requires OSP, in conjunction with the PI, to solicit proposals from a number of sources and make a final selection of a subrecipient from those responding based on technical merit and cost objectives, normally the lowest price from a technically qualified respondent.\nSole source justification.When the procurement requires performance from a specific entity because services or expertise are unique or not available from other sources, the PI is required to provide sole source justification, identifying the need for the services and why the selected subrecipient\u00a0is the only source available for the needed services.\nSole source selection is not justified simply by the fact that there has been an ongoing collaboration between the researchers and the potential subrecipient. It must be further justified with reasons for the unavailability of the services or expertise from other sources.\nSubaward Proposal\nIf a Cornell PI plans to include another institution in an upcoming proposal where such institution will be expected to perform a substantive portion of the effort, a number of documents must be obtained from the proposed subrecipient prior to submission of the proposal to the sponsor:\nASubrecipient Commitment Formor (for FDP Partner entities) anFDP Institutional Letter of Commitment (ILOC)signed by the Subrecipient\u2019s Authorized Organizational Official confirming the organization\u2019s commitment to participate in the project, commit resources, and abide by the prime sponsor\u2019s associated terms and conditions (https://researchservices.cornell.edu/forms/subcontractor-commitment-form, https://researchservices.cornell.edu/sites/default/files/2022-05/FDP%20ILCO%20%281%29.pdf)\nStatement of work\nBudget\nBudget Justification \u2013 Optional, but highly recommended. This allows Cornell to determine if the budgeted expenses are justified for the work the subrecipient will complete.\nA copy of the subrecipient\u2019s most recent negotiated indirect cost rate agreement (NICRA) for non-FDP subrecipients. For FDP subrecipients, the NICRA is obtained from theFDP Expanded Clearinghouse. (https://fdpclearinghouse.org/)\nAny other documents required by the prime sponsor (ex. Biographical sketches, equipment, facilities, current and pending, conflict of interest forms, etc.)\nThere must be adequate time provided between the receipt of a subrecipient's proposal and the sponsor's proposal due date, to allow Cornell's PI sufficient time to discuss and negotiate the statement of work, the unit administrator to review the subrecipient\u2019s budget and letter of commitment and for the OSP to review the subrecipient\u2019s documents.\nIncluding a Subaward in a Proposal Budget\nThe budget should be itemized by major budget category, such as salaries and wages, employee benefits, supplies, equipment, travel, consultants, other direct costs, and facilities and administrative (F&A) costs in a fashion similar to that required by the prime sponsor.\nMore specific itemization of budget categories may be needed if required by the sponsor.\nThe subrecipient's budget is included in Cornell's budget as a direct cost. When calculating Cornell's F&A costs, the amount that exceeds $25,000 of each subaward should be excluded from the calculation, in accordance with2 CFR 200 Uniform Guidance (UG). F&A costs on the first $25,000 is calculated using the on-campus rate applicable to the award. (http://www.ecfr.gov/cgi-bin/text-idx?SID=704835d27377ef5213a51c149de40cab&node=2:1.1.2.2.1&rgn=div5)\nSubawards in a Proposal (/proposal/subcontracts)\nSubawards: Roles and Responsibilities (/resources/subawards-roles-and-responsibilities)\nSubcontractor Commitment Form (/forms/subcontractor-commitment-form)\nFederal Demonstration Partnership (FDP) Expanded Clearinghouse Program (/resources/federal-demonstration-partnership-fdp-expanded-clearinghouse-program)\nSubawards: Risk Assessment (/resources/subawards-risk-assessment)\nPayments to Subrecipients on Sponsored Projects (/resources/payments-subrecipients-sponsored-projects)\nAmendment to Subaward Agreements (/resources/amendment-subaward-agreements)\nSubrecipient Monitoring: Financial and Technical (/resources/subrecipient-monitoring-financial-and-technical)\nQuick Reference\nRates (/rates)\nForms (/forms)\nPolicies (/policies)\nContacts (/contacts)\nTraining (/training)\nEvents (/events)\nNews & Announcements (/news)\n\u00a9 2019 Cornell University\nWeb Accessibility Help (mailto:rais-help@cornell.edu?subject=researchservices.cornell.edu%20site)"
}