{
    "URL location": "https://researchservices.cornell.edu/resources/grants-women-and-underrepresented-communities",
    "Last modification date": "2025-02-26T16:24Z",
    "Change frequency": "monthly",
    "Priority": "0.5",
    "Scraped Text": "Find guidance on funding and agency updates during the federal government transition(updated 3/19/2025) (/federal-transition)\nEssential ToolsFind My GCORASSExternalInstitutional Profile & DUNSIACUC applications (Cayuse Animal Management)Find Your Next Funding OpportunityIBC Applications (RASS-IBC)Research Development (ReD) ServicesIRB Applications (RASS-IRB)ExternalRates and budgetsReport external interests (RASS-COI)Join List ServsRASS Access Request FormAsk EHSExternalWeb Financials (WebFin2)ExternalCornell Data ServicesExternalPI DashboardExternalTravel RegistryExternalResearch Financials (formerly RA Dashboard)ExternalInternational research activitiesExternalRegister for Federal and Non-Federal SystemsDisclose Foreign Collaborations and SupportResearch metrics & executive dashboardsTraining (/about/essential-tools, /gco, http://guide.rass.cornell.edu/, /resources/institutional-profile-duns-and-uei-numbers, /resources/submit-new-iacuc-protocol, /proposal/Find-Your-Next-Funding-Opportunity, /resources/ibc-application-submission-review-and-approval, /research-development, https://rass.cornell.edu/irb, /proposal/budget, /compliance/conflict-of-interest, /resources/research-mailing-lists-list-servs, /resources/get-access-financial-sponsored-projects-data, https://tdx.cornell.edu/TDClient/42/Portal/Requests/TicketRequests/NewForm?ID=q5sab44D6GI_, http://webfin2.cornell.edu/, https://data.research.cornell.edu/, https://pidash.cornell.edu, https://travelregistry.cornell.edu/, http://radash.cornell.edu/, https://navigate.cornell.edu, /resources/register-federal-and-non-federal-systems, /proposal/disclose-foreign-collaborations-and-support, /resources/research-metrics, /training)\nFind My GCO (/gco)\nRASSExternal (http://guide.rass.cornell.edu/)\nInstitutional Profile & DUNS (/resources/institutional-profile-duns-and-uei-numbers)\nIACUC applications (Cayuse Animal Management) (/resources/submit-new-iacuc-protocol)\nFind Your Next Funding Opportunity (/proposal/Find-Your-Next-Funding-Opportunity)\nIBC Applications (RASS-IBC) (/resources/ibc-application-submission-review-and-approval)\nResearch Development (ReD) Services (/research-development)\nIRB Applications (RASS-IRB)External (https://rass.cornell.edu/irb)\nRates and budgets (/proposal/budget)\nReport external interests (RASS-COI) (/compliance/conflict-of-interest)\nJoin List Servs (/resources/research-mailing-lists-list-servs)\nRASS Access Request Form (/resources/get-access-financial-sponsored-projects-data)\nAsk EHSExternal (https://tdx.cornell.edu/TDClient/42/Portal/Requests/TicketRequests/NewForm?ID=q5sab44D6GI_)\nWeb Financials (WebFin2)External (http://webfin2.cornell.edu/)\nCornell Data ServicesExternal (https://data.research.cornell.edu/)\nPI DashboardExternal (https://pidash.cornell.edu)\nTravel RegistryExternal (https://travelregistry.cornell.edu/)\nResearch Financials (formerly RA Dashboard)External (http://radash.cornell.edu/)\nInternational research activitiesExternal (https://navigate.cornell.edu)\nRegister for Federal and Non-Federal Systems (/resources/register-federal-and-non-federal-systems)\nDisclose Foreign Collaborations and Support (/proposal/disclose-foreign-collaborations-and-support)\nResearch metrics & executive dashboards (/resources/research-metrics)\nTraining (/training)\nSearch (/search)\nGrants for Women and Underrepresented Communities\nResearch Development (ReD) Team (/research-development)\nFind Your Next Funding Opportunity (/proposal/Find-Your-Next-Funding-Opportunity)\nInternal Funding for Faculty, Postdocs & Students (/resources/internal-funding-faculty-postdocs-students)\nLimited Submissions Funding Opportunities (/resources/limited-submissions-funding-opportunities)\nThis page highlights a selection of research funding opportunities available for historically underrepresented populations, including women, from various sponsor agencies and foundations. These are\u00a0listed in alphabetical order according to the agency, including a program summary,\u00a0\u00a0approximate application deadline, and anticipated award amount.\u00a0This is not an exhaustive list of all available opportunities. Please also refer to theInternal Fundingwebpage for additional opportunities. (/resources/internal-funding-faculty-postdocs-students)\nNote:The following program summaries are intended for informational purposes and do not replace the sponsor's actual funding opportunity announcement. Program availability, eligibility and requirements, and deadlines are subject to change. Always review the sponsor's full announcement to verify program guidelines, requirements and deadlines.\nAmerican Astronomical Society (AAS) - Astronomy\nAlzheimer's Association - Alzheimer's Research\nAmerican Fund for Alternatives to Animal Research (AFAAR) - Alternatives to Animal Research; Women's Health\nAFAAR offers a $40,000, one-year postdoctoral fellowship grant (with possible renewal) to a woman interested in developing, validating, or using alternatives to animal methods in the investigation of human health or sex differences. The award is available to postdoctoral female scientists researching human health or sex differences whose research involves development, validation, or use of non-animal alternatives. Applicants must hold an interest in using or promoting non-animal alternatives in research.\nOctober\nFellowship Grant for Alternatives to Animal Research in Women's Health and Sex Differences (http://alternativestoanimalresearch.org/afaar/programs)\n$40,000 for 1 year\nAmerican Physical Society - Physics\nThe\u00a0Edward A. Bouchet Award promotes the participation of underrepresented minorities in physics by identifying and recognizing a distinguished minority physicist who has made significant contributions to physics research and the advancement of underrepresented minority scientists. The program will help publicize the lecturer's work and career development to the physics community, especially among minority physics students. This award is not limited to physicists currently active in research.\n\nAssociation for Women in Mathematics (AWM) - Mathematics\nhe Association for Women in Mathematics has administered the NSF-AWM Travel Grant Program for Women since 1988, supporting both travel to domestic or foreign research conferences and, more recently, longer-term visits with a mentor.\nFebruary/May/October\nSeveral travel awards available for women (https://awm-math.org/awards/awm-grants/travel-grants/)\nVarious\nBurroughs Wellcome Fund - Biomedical Sciences\nPostdoctoral Enrichment Program (PDEP) provides a total of $60,000 over three years to support the career development activities for underrepresented minority postdoctoral fellows in a degree-granting institution in the United States or Canada whose training and professional development are guided by mentors committed to helping them advance to stellar careers in biomedical or medical research. Generally, up to 12 awards will be granted for enrichment activities annually. This grant is meant to supplement the training of postdocs whose research activities are already supported. It is not a research grant.\nJanuary\nPostdoctoral Enrichment Program (http://www.bwfund.org/grant-programs/diversity-science/postdoctoral-enrichment-program)\n$60,000 over 3 years\nCornell Office of Faculty Development and Diversity - Life Sciences\nCornell University President's Council of Cornell Women - All areas\nHoward Hughes Medical Institute (HHMI) - Life Sciences\nThe Hanna H. Gray Fellows Program supports early career life scientists in academic labs across the U.S., and seeks to increase diversity in the biomedical research community by recruitment and retention of individuals from groups underrepresented in the life sciences. Through their successful careers as academic scientists, Hanna H. Gray Fellows will move science forward and inspire the next generation of scientists from America\u2019s diverse talent pool. The competition is open to those dedicated to basic research from both doctoral and/or medical training paths in the biomedical and life science disciplines, including plant biology, evolutionary biology, biophysics, chemical biology, biomedical engineering, and computational biology. Fellows will receive funding through their academic institution for postdoctoral training and may continue to receive funding during their early career years as independent faculty.\n\nL'Or\u00e9al - Science, Technology, Engineering and Mathematics (STEM)\nFind Your Next Funding Opportunity (/proposal/Find-Your-Next-Funding-Opportunity)\nUpstate New York Energy Storage Engine (/resources/upstate-new-york-energy-storage-engine)\nFunding Opportunity: Bezos Earth Fund Grand Challenge (/resources/funding-opportunity-bezos-earth-fund-grand-challenge)\nCornell Postdoc Parental Leave Support (PD PaLS) Program (/resources/postdoc-parental-leave-pd-pals)\nFoundation Funding (/resources/foundation-funding)\nLimited Submissions Funding Opportunities (/resources/limited-submissions-funding-opportunities)\nRecurring and Prestigious Funding Opportunities (/resources/recurring-and-prestigious-funding-opportunities)\nFaculty Recognition Prizes and Awards (/faculty-awards)\nInternal Funding for Faculty, Postdocs & Students (/resources/internal-funding-faculty-postdocs-students)\nEarly Career Faculty Research Funding (/resources/early-career-funding)\nExternal Funding for Postdoctoral Fellows (/resources/postdoctoral-fellows-funding)\nQuick Reference\nRates (/rates)\nForms (/forms)\nPolicies (/policies)\nContacts (/contacts)\nTraining (/training)\nEvents (/events)\nNews & Announcements (/news)\n\u00a9 2019 Cornell University\nWeb Accessibility Help (mailto:rais-help@cornell.edu?subject=researchservices.cornell.edu%20site)"
}