{
    "URL location": "https://researchservices.cornell.edu/resources/monitoring-cost-sharing-project",
    "Last modification date": "2022-01-13T14:41Z",
    "Change frequency": "never",
    "Priority": "0.5",
    "Scraped Text": "Find guidance on funding and agency updates during the federal government transition(updated 3/19/2025) (/federal-transition)\nEssential ToolsFind My GCORASSExternalInstitutional Profile & DUNSIACUC applications (Cayuse Animal Management)Find Your Next Funding OpportunityIBC Applications (RASS-IBC)Research Development (ReD) ServicesIRB Applications (RASS-IRB)ExternalRates and budgetsReport external interests (RASS-COI)Join List ServsRASS Access Request FormAsk EHSExternalWeb Financials (WebFin2)ExternalCornell Data ServicesExternalPI DashboardExternalTravel RegistryExternalResearch Financials (formerly RA Dashboard)ExternalInternational research activitiesExternalRegister for Federal and Non-Federal SystemsDisclose Foreign Collaborations and SupportResearch metrics & executive dashboardsTraining (/about/essential-tools, /gco, http://guide.rass.cornell.edu/, /resources/institutional-profile-duns-and-uei-numbers, /resources/submit-new-iacuc-protocol, /proposal/Find-Your-Next-Funding-Opportunity, /resources/ibc-application-submission-review-and-approval, /research-development, https://rass.cornell.edu/irb, /proposal/budget, /compliance/conflict-of-interest, /resources/research-mailing-lists-list-servs, /resources/get-access-financial-sponsored-projects-data, https://tdx.cornell.edu/TDClient/42/Portal/Requests/TicketRequests/NewForm?ID=q5sab44D6GI_, http://webfin2.cornell.edu/, https://data.research.cornell.edu/, https://pidash.cornell.edu, https://travelregistry.cornell.edu/, http://radash.cornell.edu/, https://navigate.cornell.edu, /resources/register-federal-and-non-federal-systems, /proposal/disclose-foreign-collaborations-and-support, /resources/research-metrics, /training)\nFind My GCO (/gco)\nRASSExternal (http://guide.rass.cornell.edu/)\nInstitutional Profile & DUNS (/resources/institutional-profile-duns-and-uei-numbers)\nIACUC applications (Cayuse Animal Management) (/resources/submit-new-iacuc-protocol)\nFind Your Next Funding Opportunity (/proposal/Find-Your-Next-Funding-Opportunity)\nIBC Applications (RASS-IBC) (/resources/ibc-application-submission-review-and-approval)\nResearch Development (ReD) Services (/research-development)\nIRB Applications (RASS-IRB)External (https://rass.cornell.edu/irb)\nRates and budgets (/proposal/budget)\nReport external interests (RASS-COI) (/compliance/conflict-of-interest)\nJoin List Servs (/resources/research-mailing-lists-list-servs)\nRASS Access Request Form (/resources/get-access-financial-sponsored-projects-data)\nAsk EHSExternal (https://tdx.cornell.edu/TDClient/42/Portal/Requests/TicketRequests/NewForm?ID=q5sab44D6GI_)\nWeb Financials (WebFin2)External (http://webfin2.cornell.edu/)\nCornell Data ServicesExternal (https://data.research.cornell.edu/)\nPI DashboardExternal (https://pidash.cornell.edu)\nTravel RegistryExternal (https://travelregistry.cornell.edu/)\nResearch Financials (formerly RA Dashboard)External (http://radash.cornell.edu/)\nInternational research activitiesExternal (https://navigate.cornell.edu)\nRegister for Federal and Non-Federal Systems (/resources/register-federal-and-non-federal-systems)\nDisclose Foreign Collaborations and Support (/proposal/disclose-foreign-collaborations-and-support)\nResearch metrics & executive dashboards (/resources/research-metrics)\nTraining (/training)\nSearch (/search)\nMonitoring Cost Sharing in a Project\nProposing Cost Share (/resources/proposing-cost-share)\nSpecial considerations for projects with cost sharing, including how to set up the correct accounts and how to track.\nUniversity Policy 1.1, Cost Sharing for Sponsored Agreementsoutlines critical guidance on cost share. Given that cost share generally comprises institutional funds, it\u2019s important to understand the risks and requirements related to managing this activity. (https://www.dfa.cornell.edu/policy/policies/cost-sharing-sponsored-agreements)\nFederal requirements are outlined in Title II of the Code of Federal Regulation, Part 200 - Uniform Administrative Requirements, Cost Principles, and Audit Requirements for Federal Awards. See Uniform Guidance (UG)2 CFR \u00a7200.306 Cost sharing or matching. (https://www.ecfr.gov/current/title-2/subtitle-A/chapter-II/part-200#200.306)\nGet Help. If you have questions on accounting for cost share,\u00a0contact the appropriateSource Accountantorsfs-help@cornell.edu (/resources/who-can-help-finance-staff, mailto:sfs-help@cornell.edu)\nTracking Cost Share\nStandard Operating Procedure (SOP) for Cost Share Sub-account (PDF, 865 KB) (https://www.dfa.cornell.edu/sites/default/files/cg-cost-share-sub-account.pdf)\nTo avoid complications well into the project, establish the required accounts/sub-accounts upon execution of the award and monitor them throughout the life of the agreement.\nCost Share Sub-Account\nA sub-account is required to track cost share commitments using institutional funds. Costs incurred and contributed to the match need to be posted to the cost share sub-account. Do not post them to the funding account (i.e., the account that is funding the cost sharing).\nAccount Attribute - Cost Share for Project Number\nAn account attribute is required to track cost share contributed by one sponsored agreement to another sponsored agreement. This is also used for cost share that is met by capital construction (i.e., a plant account). A separate project-related account consistent with the period of performance associated with the project necessitating the cost share may be required. For plant accounts, a separate sub-account may be used to manage the committed cost share related to the specific portion of a larger plant project.\nDo not use a cost share sub-account to track commitments between two separate sponsored agreements or capital construction. Refer toCost Share Sub-Accounts\u00a0(PDF, 865 KB). (https://www.dfa.cornell.edu/sites/default/files/cg-cost-share-sub-account.pdf)\nPre-Award Accounts\nBe cautious of lengthy negotiations and its impact on proposed commitments. Commitments can change over time and may need to be re-evaluated to ensure they can still be met, prior to executing the agreement.\nUncommitted Cost Share\nVoluntary uncommitted cost share is not required to be tracked and shouldnotbe recorded in a cost share sub-account. Effort that the unit wishes to track for other reporting purposes technically is not a component of the project that requires tracking and documentation. Therefore, these expenses are institutional and should be recorded appropriately based on institutional funds rather than in the cost base of the project.\nCoordinating Cost Share Across Collaborating Units/Departments\nExpenses Contributed by an Organization\nThe organization (org) contributing activity (i.e., expenses) may need a project-related account and cost share sub-account. Expenses incurred within an org generally must be tracked within that org. In addition, effort contributed by a specific org requires a costing allocation for staffing within that org. In other words, staffing must be allocated directly to that org\u2019s account/cost share sub-account.\nReporting access is derived from the fiscal officer, account manager, and the project\u2019s lead principal investigator. It\u2019s important that a project\u2019s accounting structure, including cost share sub-accounts be structured in a way that allows the individuals responsible for a specific portion of the project to have access to financial data required to provide such an oversight.\nFunding ($$) Contributed by an Organization\nIn some cases, an org may be contributing funds only. This can be addressed by an institutional transfer to the administrative org, and, in this case, the administrative org processes the transactions that are incurred within that org to address the commitment.\nMonitoring Commitments\nIt\u2019s important to monitor the cost share commitment throughout the life of the project. Failure to meet the cost share requirement may result in a loss of funding.\nProject Overrun (True Deficit)\nIf the project has incurred more expenses than awarded, the result is aproject overrun. A project overrun must remain in the same cost base as the project. For example, a research project must have the deficit recorded in a research account. A public service project must have the deficit recorded in a public service account.\nThe most appropriate mechanism for a project overrun is to record the deficit in a cost share sub-account as part of the closeout activity. By doing that, all costs automatically remain within the project\u2019s cost base. However, a departmental overrun account that is in the correct base may also be used.\nNational Institute of Health (NIH) Salary Cap\nEffort in excess of NIH\u2019s salary cap is unallowable toward a cost share commitment but does need to be tracked in a cost share sub-account.\nUnderstanding and Managing the NIH Salary Cap (PDF, 372 KB) (https://www.dfa.cornell.edu/sites/default/files/nih-salary-cap2015.pdf)\nFinancial Management (/compliance/financial-management)\nUkraine/Russia Transactions Guidance (/news/ukrainerussia-transactions-guidance)\nSalary Certification (/resources/salary-certification)\nMonitoring Project Expenditures (/resources/monitoring-project-expenditures)\nFinancial Reporting to Sponsors (/resources/financial-reporting-sponsors)\nDirect and Indirect Cost Examples (/resources/direct-and-indirect-cost-examples)\nDiverse Suppliers Requirements (/resources/diverse-suppliers-requirements)\nUse of Foreign Airlines on Federal Funds (/resources/use-foreign-airlines-federal-funds)\nFinancial Management of Sponsored Projects Policies and Procedures (/policies/financial-management-sponsored-projects-policies-and-procedures)\nQuick Reference\nRates (/rates)\nForms (/forms)\nPolicies (/policies)\nContacts (/contacts)\nTraining (/training)\nEvents (/events)\nNews & Announcements (/news)\n\u00a9 2019 Cornell University\nWeb Accessibility Help (mailto:rais-help@cornell.edu?subject=researchservices.cornell.edu%20site)"
}