{
    "URL location": "https://researchservices.cornell.edu/news/conflict-interest-system-launch-plan",
    "Last modification date": "2022-11-22T07:30Z",
    "Change frequency": "never",
    "Priority": "0.5",
    "Scraped Text": "Find guidance on funding and agency updates during the federal government transition(updated 3/19/2025) (/federal-transition)\nEssential ToolsFind My GCORASSExternalInstitutional Profile & DUNSIACUC applications (Cayuse Animal Management)Find Your Next Funding OpportunityIBC Applications (RASS-IBC)Research Development (ReD) ServicesIRB Applications (RASS-IRB)ExternalRates and budgetsReport external interests (RASS-COI)Join List ServsRASS Access Request FormAsk EHSExternalWeb Financials (WebFin2)ExternalCornell Data ServicesExternalPI DashboardExternalTravel RegistryExternalResearch Financials (formerly RA Dashboard)ExternalInternational research activitiesExternalRegister for Federal and Non-Federal SystemsDisclose Foreign Collaborations and SupportResearch metrics & executive dashboardsTraining (/about/essential-tools, /gco, http://guide.rass.cornell.edu/, /resources/institutional-profile-duns-and-uei-numbers, /resources/submit-new-iacuc-protocol, /proposal/Find-Your-Next-Funding-Opportunity, /resources/ibc-application-submission-review-and-approval, /research-development, https://rass.cornell.edu/irb, /proposal/budget, /compliance/conflict-of-interest, /resources/research-mailing-lists-list-servs, /resources/get-access-financial-sponsored-projects-data, https://tdx.cornell.edu/TDClient/42/Portal/Requests/TicketRequests/NewForm?ID=q5sab44D6GI_, http://webfin2.cornell.edu/, https://data.research.cornell.edu/, https://pidash.cornell.edu, https://travelregistry.cornell.edu/, http://radash.cornell.edu/, https://navigate.cornell.edu, /resources/register-federal-and-non-federal-systems, /proposal/disclose-foreign-collaborations-and-support, /resources/research-metrics, /training)\nFind My GCO (/gco)\nRASSExternal (http://guide.rass.cornell.edu/)\nInstitutional Profile & DUNS (/resources/institutional-profile-duns-and-uei-numbers)\nIACUC applications (Cayuse Animal Management) (/resources/submit-new-iacuc-protocol)\nFind Your Next Funding Opportunity (/proposal/Find-Your-Next-Funding-Opportunity)\nIBC Applications (RASS-IBC) (/resources/ibc-application-submission-review-and-approval)\nResearch Development (ReD) Services (/research-development)\nIRB Applications (RASS-IRB)External (https://rass.cornell.edu/irb)\nRates and budgets (/proposal/budget)\nReport external interests (RASS-COI) (/compliance/conflict-of-interest)\nJoin List Servs (/resources/research-mailing-lists-list-servs)\nRASS Access Request Form (/resources/get-access-financial-sponsored-projects-data)\nAsk EHSExternal (https://tdx.cornell.edu/TDClient/42/Portal/Requests/TicketRequests/NewForm?ID=q5sab44D6GI_)\nWeb Financials (WebFin2)External (http://webfin2.cornell.edu/)\nCornell Data ServicesExternal (https://data.research.cornell.edu/)\nPI DashboardExternal (https://pidash.cornell.edu)\nTravel RegistryExternal (https://travelregistry.cornell.edu/)\nResearch Financials (formerly RA Dashboard)External (http://radash.cornell.edu/)\nInternational research activitiesExternal (https://navigate.cornell.edu)\nRegister for Federal and Non-Federal Systems (/resources/register-federal-and-non-federal-systems)\nDisclose Foreign Collaborations and Support (/proposal/disclose-foreign-collaborations-and-support)\nResearch metrics & executive dashboards (/resources/research-metrics)\nTraining (/training)\nSearch (/search)\nConflict of Interest System Launch Plan\nAs part of the campus-wideResearch Administration Support Systems (RASS)rollout, the current system for submitting Conflict of Interest reports will be replaced with Cornell\u2019s new RASS-COI system. Departments will be brought into the new system on a rolling schedule beginning in December. (https://guide.rass.cornell.edu/)\nMany researchers at Cornell have already been using RASS for sponsored projects and IRB protocols. The new COI reporting will look and feel similar.\nRASS-COI includes enhancements to reduce processing delays for sponsored awards and IRB protocols and to improve the reporting process for everyone involved.\nGo to:What to Do|Schedule|For New Awards|Project Specific Disclosures (#todo, #schedule, #new, #specific)\nUpdated: 11/18/22\nWhat do I need to do?\nBeginning in December, the new RASS-COI system will be rolled out to departments gradually. You will receive an email task notification from RASS-COI when you are required to complete a COI report.\nThese notifications will be sent incrementally, by department, rather than to the entire university at the same time.You are not required to report until you receive the task notification from RASS-COI.From the date of that notification, you will have 45 days to complete your COI report before sanctions for non-compliance may apply to you.\nWe will be communicating with department leadership so they can share information about when your department will start using the new system. Referto the project schedule belowfor dates. (#schedule)\nNote: If you need assistance, the COI staff will have training available.\nPlanned Schedule\nResearch & Innovation Division\nCornell Tech\nCollege of Agriculture and Life Sciences\nUniversity Library\nArchitecture, Art, and Planning\nBowers CIS\nLaw School\nCollege of Arts & Sciences\nEngineering\nCollege of Human Ecology\nCollege of Veterinary Medicine\nBrooks School of Public Policy\nSC Johnson College of Business\nILR School\n\nFor new sponsored awards or IRB protocols\nIf you are named on a new sponsored award or IRB protocol, you must complete your COI report before that award or IRB protocol can be processed.Note: This means that you could be asked to report before the date listed in the schedule above for your department to begin using the new system.\nIf you receive a task notification from RASS-COI to complete a COI report, please complete it as soon as possible; waiting will cause delays in releasing your sponsored award or processing your IRB protocol.\nNote: If you need assistance, the COI Office will have training available.\nReport only once per year\nIn the past, Cornell used an annual COI reporting cycle. Everyone completed a COI report at the same time. Even if you had updated your COI report that year, you were still required to report again during the annual cycle.\nCornell is now using a \u201crolling cycle.\u201d This means that you only need to update your COI report once each year. If you update your COI report at any time throughout the year, the due date for your next report will be reset, and you won\u2019t be required to report again for another year. For example: you complete a COI report in January and then update it in March, your next update is not required until the following March.\nProject specific disclosures reduce delays in processing research funds and IRB approvals\nIf you havebothsignificant financial interests (such as equity or compensation over $5K) andeithersponsored awards or IRB protocols, you will now provideproject-specific answersfor a few questions to help Cornell understand whether there is a relationship that could present a COI issue. These disclosures will reduce delays in distributing your research funds and processing your IRB protocols. (#specific)\nSystem communications provide clarity\nYou\u2019ll receive notifications from the RASS-COI system when you have tasks to complete. These will be similar to the notifications you\u2019re already receiving about sponsored projects or IRB protocols and may include:\nCOI reporting deadlines\nNotification of project-specific disclosures to complete\nMissed deadlines (which may result in sanctions)\nCOI staff questions or comments that require your response\nA note about COI reporting requirements and the regulatory landscape:The regulatory landscape in which Cornell operates its research enterprise has significantly evolved and expanded in scope over the last few years. The COI staff and others in the administrative teams of the OVPRI are diligent in responding to this changing environment to protect the integrity of Cornell\u2019s institutional reputation. The newly redesigned RASS-COI report will help to ensure adequate disclosures of \u201cother\u201d support, and management of possible COIs and export-controlled information.\nCOI Project-specific disclosures: What are they, why do I need to complete them, and when?\nWhat is a project-specific disclosure?\nProject-specific disclosures are updates to your COI report in the form of a few short questions used to indicate relationships between your research and your financial interests. They only need to be completed if you have both significant financial interests (such as equity or compensation over $5K) and either sponsored awards or IRB protocols.\nWhen do I need to complete a project-specific disclosure?\nThe first time you complete a COI report in RASS-COI: If you are required to complete project-specific disclosures, you will receive an email fromcoi@research.cornell.eduasking you to do soimmediately after you submit your first COI reportin RASS-COI. At that time, you will need to log back into RASS-COI and complete a project-specific disclosure linking each of your significant financial interests with each or your sponsored awards and IRB protocols. For example, if you have two financial interests, two sponsored awards, and one IRB protocol, you will need to complete six project-specific disclosures. (mailto:coi@cornell.edu)\nWhen you are named on a new IRB protocol or a sponsored award: At that time, you will receive an email fromcoi@research.cornell.edu, asking you to complete a project-specific disclosure. If you do not have a current COI report on file at that time, you will need to complete one in addition to your project-specific disclosure. Until you do so, your IRB protocol or your sponsored award will be on hold, and the monies associated with your sponsored award will not be disbursed. (mailto:coi@cornelll.edu)\nWhen you report a new significant financial interest: Reporting certain types of financial interests, such as equity or compensation above $5K, will trigger the need for a project-specific disclosure. When you report such financial interests, you will receive an email fromcoi@research.cornell.eduasking you to complete a project-specific disclosure linking that financial interest with each of your sponsored awards and IRB protocols. (mailto:coi@cornell.edu)\nThis new process seems burdensome to me. Why do I need to do it?\nWe understand that the project-specific disclosure process may seem burdensome, especially for researchers with multiple significant financial interests, sponsored awards, or IRB protocols. However, project-specific disclosures are critical to identifying conflicts of interest related to your research so that we can help you manage them. This in turn improves the processes in place that protect researchers and the integrity of research at Cornell. Completion of project-specific disclosures will also lead to far fewer delays in processing your sponsored awards and IRB protocols, and will reduce interruptions to your research activities due to compliance screening processes.\nWe\u2019re here help. Please reach out to us atcoi@cornell.eduif you need assistance completing your project-specific disclosures. (mailto:cornell.edu)\nI submitted my COI report and then immediately got an email telling me to complete a project-specific disclosure. Why?\nWhether or not project-specific disclosures are required of you depends on what types of financial interests you report. Until you submit your COI report, the RASS-COI system has no way to determine whether you\u2019ve reported anything that requires the completion of a project-specific disclosure. When you submit a report in which you\u2019ve disclosed things such as equity interests or compensation above $5K, you will receive an email fromcoi@research.cornell.eduasking you to complete a project-specific disclosure if you are also named on sponsored awards or IRB protocols. (mailto:coi@cornell.edu)\nOne research administration support system for Sponsored Research, IRB, and COI\nWhen RASS-COI is live, Cornell will be using one system for Sponsored Projects, IRB, and COI. One shared system increases transparency, reduces the time required to distribute your research funds and process your IRB protocols, improves compliance with federal regulations, and allows for research administration at Cornell to function more efficiently and effectively, while continuing to adjust to changing regulations and expectations from our partners.\nQuick Reference\nRates (/rates)\nForms (/forms)\nPolicies (/policies)\nContacts (/contacts)\nTraining (/training)\nEvents (/events)\nNews & Announcements (/news)\n\u00a9 2019 Cornell University\nWeb Accessibility Help (mailto:rais-help@cornell.edu?subject=researchservices.cornell.edu%20site)"
}