{
    "URL location": "https://researchservices.cornell.edu/resources/appendix-b-facilities-and-administrative-fa-cost-calculation-detail",
    "Last modification date": "2019-06-18T23:03Z",
    "Change frequency": "never",
    "Priority": "0.5",
    "Scraped Text": "Find guidance on funding and agency updates during the federal government transition(updated 3/19/2025) (/federal-transition)\nEssential ToolsFind My GCORASSExternalInstitutional Profile & DUNSIACUC applications (Cayuse Animal Management)Find Your Next Funding OpportunityIBC Applications (RASS-IBC)Research Development (ReD) ServicesIRB Applications (RASS-IRB)ExternalRates and budgetsReport external interests (RASS-COI)Join List ServsRASS Access Request FormAsk EHSExternalWeb Financials (WebFin2)ExternalCornell Data ServicesExternalPI DashboardExternalTravel RegistryExternalResearch Financials (formerly RA Dashboard)ExternalInternational research activitiesExternalRegister for Federal and Non-Federal SystemsDisclose Foreign Collaborations and SupportResearch metrics & executive dashboardsTraining (/about/essential-tools, /gco, http://guide.rass.cornell.edu/, /resources/institutional-profile-duns-and-uei-numbers, /resources/submit-new-iacuc-protocol, /proposal/Find-Your-Next-Funding-Opportunity, /resources/ibc-application-submission-review-and-approval, /research-development, https://rass.cornell.edu/irb, /proposal/budget, /compliance/conflict-of-interest, /resources/research-mailing-lists-list-servs, /resources/get-access-financial-sponsored-projects-data, https://tdx.cornell.edu/TDClient/42/Portal/Requests/TicketRequests/NewForm?ID=q5sab44D6GI_, http://webfin2.cornell.edu/, https://data.research.cornell.edu/, https://pidash.cornell.edu, https://travelregistry.cornell.edu/, http://radash.cornell.edu/, https://navigate.cornell.edu, /resources/register-federal-and-non-federal-systems, /proposal/disclose-foreign-collaborations-and-support, /resources/research-metrics, /training)\nFind My GCO (/gco)\nRASSExternal (http://guide.rass.cornell.edu/)\nInstitutional Profile & DUNS (/resources/institutional-profile-duns-and-uei-numbers)\nIACUC applications (Cayuse Animal Management) (/resources/submit-new-iacuc-protocol)\nFind Your Next Funding Opportunity (/proposal/Find-Your-Next-Funding-Opportunity)\nIBC Applications (RASS-IBC) (/resources/ibc-application-submission-review-and-approval)\nResearch Development (ReD) Services (/research-development)\nIRB Applications (RASS-IRB)External (https://rass.cornell.edu/irb)\nRates and budgets (/proposal/budget)\nReport external interests (RASS-COI) (/compliance/conflict-of-interest)\nJoin List Servs (/resources/research-mailing-lists-list-servs)\nRASS Access Request Form (/resources/get-access-financial-sponsored-projects-data)\nAsk EHSExternal (https://tdx.cornell.edu/TDClient/42/Portal/Requests/TicketRequests/NewForm?ID=q5sab44D6GI_)\nWeb Financials (WebFin2)External (http://webfin2.cornell.edu/)\nCornell Data ServicesExternal (https://data.research.cornell.edu/)\nPI DashboardExternal (https://pidash.cornell.edu)\nTravel RegistryExternal (https://travelregistry.cornell.edu/)\nResearch Financials (formerly RA Dashboard)External (http://radash.cornell.edu/)\nInternational research activitiesExternal (https://navigate.cornell.edu)\nRegister for Federal and Non-Federal Systems (/resources/register-federal-and-non-federal-systems)\nDisclose Foreign Collaborations and Support (/proposal/disclose-foreign-collaborations-and-support)\nResearch metrics & executive dashboards (/resources/research-metrics)\nTraining (/training)\nSearch (/search)\nAppendix B: Facilities and Administrative (F&A) Cost Calculation Detail\nCosts for Project Budgets - Appendix B\nSample format for how Facilities and Administrative (F&A) cost calculations are computed\n1. Total Direct Costs\n$\nMinus Exclusions:\n2. GRA Exclusion\n3. Capital Equipment\n3.a. $5,000 value per unit cost and useful life of two years or more, and cost greater than or equal to the capitalization threshold\n3.b. Collectibles (artwork, antiques)\n3.c. Fabricated Equipment (materials, supplies, and some shop costs -- but not direct labor -- of fabricated items which when completed will meet the capital equipment criteria.)\n3.d. $100,000 value Computer Software\n4. Participant Support Costs for Conferences and Seminars\n$\n5. Subcontract Costs\n$\nMinus items to which F&A costs are not applicable:\n9. Exclusions Subtotal:\n$\n10. Modified Total Direct Costs (MTDC)\n$\n12. F&A Costs Subtotal:\n$\n14. Subcontract F&A Cost Subtotal:\n$\n15. Total F&A Cost\n$\n\n\nOverview of Costs for Project Budgets (Budget and Costing Guide) (/resources/overview-costs-project-budgets-budget-and-costing-guide)\nAppendix A: Sample Budget Format Showing Major Categories (/resources/appendix-sample-budget-format-showing-major-categories)\nAppendix C: Sample Budget Justification (/resources/appendix-c-sample-budget-justification)\nAppendix D: Sample Budget for Conferences and Seminars (/resources/appendix-d-sample-budget-conferences-and-seminars)\nAppendix E: Cost Sharing Allowability Matrix (/resources/appendix-e-cost-sharing-allowability-matrix)\nQuick Reference\nRates (/rates)\nForms (/forms)\nPolicies (/policies)\nContacts (/contacts)\nTraining (/training)\nEvents (/events)\nNews & Announcements (/news)\n\u00a9 2019 Cornell University\nWeb Accessibility Help (mailto:rais-help@cornell.edu?subject=researchservices.cornell.edu%20site)"
}