{
    "URL location": "https://researchservices.cornell.edu/resources/coi-considerations-proposals-and-awards",
    "Last modification date": "2020-12-09T20:35Z",
    "Change frequency": "never",
    "Priority": "0.5",
    "Scraped Text": "Find guidance on funding and agency updates during the federal government transition(updated 3/19/2025) (/federal-transition)\nEssential ToolsFind My GCORASSExternalInstitutional Profile & DUNSIACUC applications (Cayuse Animal Management)Find Your Next Funding OpportunityIBC Applications (RASS-IBC)Research Development (ReD) ServicesIRB Applications (RASS-IRB)ExternalRates and budgetsReport external interests (RASS-COI)Join List ServsRASS Access Request FormAsk EHSExternalWeb Financials (WebFin2)ExternalCornell Data ServicesExternalPI DashboardExternalTravel RegistryExternalResearch Financials (formerly RA Dashboard)ExternalInternational research activitiesExternalRegister for Federal and Non-Federal SystemsDisclose Foreign Collaborations and SupportResearch metrics & executive dashboardsTraining (/about/essential-tools, /gco, http://guide.rass.cornell.edu/, /resources/institutional-profile-duns-and-uei-numbers, /resources/submit-new-iacuc-protocol, /proposal/Find-Your-Next-Funding-Opportunity, /resources/ibc-application-submission-review-and-approval, /research-development, https://rass.cornell.edu/irb, /proposal/budget, /compliance/conflict-of-interest, /resources/research-mailing-lists-list-servs, /resources/get-access-financial-sponsored-projects-data, https://tdx.cornell.edu/TDClient/42/Portal/Requests/TicketRequests/NewForm?ID=q5sab44D6GI_, http://webfin2.cornell.edu/, https://data.research.cornell.edu/, https://pidash.cornell.edu, https://travelregistry.cornell.edu/, http://radash.cornell.edu/, https://navigate.cornell.edu, /resources/register-federal-and-non-federal-systems, /proposal/disclose-foreign-collaborations-and-support, /resources/research-metrics, /training)\nFind My GCO (/gco)\nRASSExternal (http://guide.rass.cornell.edu/)\nInstitutional Profile & DUNS (/resources/institutional-profile-duns-and-uei-numbers)\nIACUC applications (Cayuse Animal Management) (/resources/submit-new-iacuc-protocol)\nFind Your Next Funding Opportunity (/proposal/Find-Your-Next-Funding-Opportunity)\nIBC Applications (RASS-IBC) (/resources/ibc-application-submission-review-and-approval)\nResearch Development (ReD) Services (/research-development)\nIRB Applications (RASS-IRB)External (https://rass.cornell.edu/irb)\nRates and budgets (/proposal/budget)\nReport external interests (RASS-COI) (/compliance/conflict-of-interest)\nJoin List Servs (/resources/research-mailing-lists-list-servs)\nRASS Access Request Form (/resources/get-access-financial-sponsored-projects-data)\nAsk EHSExternal (https://tdx.cornell.edu/TDClient/42/Portal/Requests/TicketRequests/NewForm?ID=q5sab44D6GI_)\nWeb Financials (WebFin2)External (http://webfin2.cornell.edu/)\nCornell Data ServicesExternal (https://data.research.cornell.edu/)\nPI DashboardExternal (https://pidash.cornell.edu)\nTravel RegistryExternal (https://travelregistry.cornell.edu/)\nResearch Financials (formerly RA Dashboard)External (http://radash.cornell.edu/)\nInternational research activitiesExternal (https://navigate.cornell.edu)\nRegister for Federal and Non-Federal Systems (/resources/register-federal-and-non-federal-systems)\nDisclose Foreign Collaborations and Support (/proposal/disclose-foreign-collaborations-and-support)\nResearch metrics & executive dashboards (/resources/research-metrics)\nTraining (/training)\nSearch (/search)\nCOI Considerations for Proposals and Awards\nWhat you should know if you currently receive\u2014or plan to receive\u2014outside funding for your research\nSponsors and the government hold the University responsible for ensuring that any conflicts related to research they sponsor are identified and responsibly managed or eliminated.\nThere are many federal and state laws and regulations, as well as sponsor requirements, regarding conflicts of interest (COI), including from the National Institutes of Health (NIH), National Science Foundation (NSF), Food and Drug Administration (FDA), and Department of Defense (DOD).\nCornell's COI procedures are in place to ensure timely and complete disclosures of outside interests, and review and management of conflicts for any research funded by outside agencies.\nBefore a proposal can be submitted,each person listed as PI, Co-PI or Key Personnel on the proposal must have a current, active COI report on file in theeCOI system. OSP and COI staff work together to check reports and communicate with PIs and Department Liaisons to ensure all necessary reports have been submitted. OSP staff can submit a proposal once all required COI reports are filed, or an exception is approved by the COI office or the Vice President for Research and Innovation. (https://coiprod.hosting.cornell.edu/)\nBefore an award can be accepted, all real or apparent conflicts of interest for each person listed as PI, Co-PI or Key Personnel must be reviewed, and either managed or eliminated. OSP and COI staff work together to review award materials and COI reports, and identify any real or apparent conflicts that might be connected to the sponsored project. If such a conflict appears to exist, the COI office will work with the FCOI Committee and the conflicted individual to develop or update a conflict management plan (seeHow Conflicts of Interest are Reviewed and Managed). Once that plan has been approved by the Committee, the award can be released. Note: this can take a few weeks or more, depending on the nature of the relationship and the extent of the conflict. (/resources/how-are-conflicts-interest-reviewed-and-managed)\nPHS (including NIH) awards:If the award is from the NIH, or another agency of thePublic Health Service(PHS), there are additional regulatory requirements, including award-specific COI reporting, travel reporting, and training. OSP and COI staff work together to check required reporting and training; PHS awards cannot be released until these requirements are met. For more information, visitCOI Requirements for NIH (PHS) Funded Researchers. (http://thefdp.org/default/fcoi-clearinghouse/fcoi-agencies/, /resources/coi-requirements-nih-phs-funded-researchers)\nSubawards (incoming or outgoing):For most subawards (incoming or outgoing), there are no special COI-related requirements. The main exception to that rule is for subawards connected to funding from NIH or anotherPHS agency, as PHS policy requires that all recipients of their funding (including subaward recipients) comply with their policy; Cornell must confirm that each subawardee is compliant. If there are any questions or concerns related to a PHS-funded subaward, OSP or COI staff will contact the PI. (http://thefdp.org/default/fcoi-clearinghouse/fcoi-agencies/)\nSBIR/STTR awards:COI considerations for Small Business Innovation Research (\"SBIR\") or Small Business Technology Transfer (\"STTR\") awards to Cornell from private entities are no different from any other awards, except when a member of the Cornell team has a financial interest in the sponsoring entity. In that case, because the Cornell researcher has a financial interest in the company sponsoring the research, this intersection of interests presents a conflict of interest that must be managed under a management plan. For details, seeCOI Guidance for SBIR/STTR projects. (/resources/coi-guidance-sbirsttr-projects)\nCOI considerations when sponsored research involves Human Participants:VisitManaging COI For Research Involving Human Participantsto learn about requirements pertaining to potential conflicts of interest for this type of project. (/resources/managing-coi-research-involving-human-participants)\nCOI considerations for funding in the form of gifts:Research funding in the form of gifts to the university is subject to the same considerations for conflict of interest as sponsored funding. In particular, a COI may arise when the investigator whose research will benefit from the gift has a financial interest or another significant relationship with the donor.University policy 4.14describes some additional considerations for gifts. However, since gifts are not processed by the Office of Sponsored Programs, reviews of gifts for conflicts of interests are generally done at the unit level. Management practices (seeHow COI Are Reviewed and Managed) for gifts are similar to those for sponsored research. Investigators and units should contact the COI office if there is a potential COI with regards to a research gift, and work with the FCOI Committee to implement appropriate conflict management practices. (https://www.dfa.cornell.edu/policy/policies/conflicts-interest-and-commitment-excluding-financial-conflict-interest-related, /resources/how-are-conflicts-interest-reviewed-and-managed)\nConflict of Interest (COI) Office (/offices/coi)\nProposal Development, Review, and Submission (/proposal/develop)\nRegister for Federal and Non-Federal Systems (/resources/register-federal-and-non-federal-systems)\nPre-Award Research Operations (PRO) (/resources/pro-research-operations)\nAdditional Things to Consider when Preparing a Proposal (/resources/additional-things-consider-when-preparing-proposal)\nFind My GCO (Grant & Contract Officer) (/gco)\nSample Proposal Library (/resources/sample-proposal-library)\nProposal Review Guidelines (/resources/proposal-review-guidelines)\nLimited Submissions Funding Opportunities (/resources/limited-submissions-funding-opportunities)\nPI Eligibility (/policies/pi-eligibility)\nInstitutional Profile, DUNS, and UEI Numbers (/resources/institutional-profile-duns-and-uei-numbers)\nQuick Reference\nRates (/rates)\nForms (/forms)\nPolicies (/policies)\nContacts (/contacts)\nTraining (/training)\nEvents (/events)\nNews & Announcements (/news)\n\u00a9 2019 Cornell University\nWeb Accessibility Help (mailto:rais-help@cornell.edu?subject=researchservices.cornell.edu%20site)"
}