{
    "URL location": "https://researchservices.cornell.edu/events/nov-osp-roundtable-industry%20partnerships",
    "Last modification date": "2024-06-18T22:00Z",
    "Change frequency": "yearly",
    "Priority": "0.5",
    "Scraped Text": "Find guidance on funding and agency updates during the federal government transition(updated 3/19/2025) (/federal-transition)\nEssential ToolsFind My GCORASSExternalInstitutional Profile & DUNSIACUC applications (Cayuse Animal Management)Find Your Next Funding OpportunityIBC Applications (RASS-IBC)Research Development (ReD) ServicesIRB Applications (RASS-IRB)ExternalRates and budgetsReport external interests (RASS-COI)Join List ServsRASS Access Request FormAsk EHSExternalWeb Financials (WebFin2)ExternalCornell Data ServicesExternalPI DashboardExternalTravel RegistryExternalResearch Financials (formerly RA Dashboard)ExternalInternational research activitiesExternalRegister for Federal and Non-Federal SystemsDisclose Foreign Collaborations and SupportResearch metrics & executive dashboardsTraining (/about/essential-tools, /gco, http://guide.rass.cornell.edu/, /resources/institutional-profile-duns-and-uei-numbers, /resources/submit-new-iacuc-protocol, /proposal/Find-Your-Next-Funding-Opportunity, /resources/ibc-application-submission-review-and-approval, /research-development, https://rass.cornell.edu/irb, /proposal/budget, /compliance/conflict-of-interest, /resources/research-mailing-lists-list-servs, /resources/get-access-financial-sponsored-projects-data, https://tdx.cornell.edu/TDClient/42/Portal/Requests/TicketRequests/NewForm?ID=q5sab44D6GI_, http://webfin2.cornell.edu/, https://data.research.cornell.edu/, https://pidash.cornell.edu, https://travelregistry.cornell.edu/, http://radash.cornell.edu/, https://navigate.cornell.edu, /resources/register-federal-and-non-federal-systems, /proposal/disclose-foreign-collaborations-and-support, /resources/research-metrics, /training)\nFind My GCO (/gco)\nRASSExternal (http://guide.rass.cornell.edu/)\nInstitutional Profile & DUNS (/resources/institutional-profile-duns-and-uei-numbers)\nIACUC applications (Cayuse Animal Management) (/resources/submit-new-iacuc-protocol)\nFind Your Next Funding Opportunity (/proposal/Find-Your-Next-Funding-Opportunity)\nIBC Applications (RASS-IBC) (/resources/ibc-application-submission-review-and-approval)\nResearch Development (ReD) Services (/research-development)\nIRB Applications (RASS-IRB)External (https://rass.cornell.edu/irb)\nRates and budgets (/proposal/budget)\nReport external interests (RASS-COI) (/compliance/conflict-of-interest)\nJoin List Servs (/resources/research-mailing-lists-list-servs)\nRASS Access Request Form (/resources/get-access-financial-sponsored-projects-data)\nAsk EHSExternal (https://tdx.cornell.edu/TDClient/42/Portal/Requests/TicketRequests/NewForm?ID=q5sab44D6GI_)\nWeb Financials (WebFin2)External (http://webfin2.cornell.edu/)\nCornell Data ServicesExternal (https://data.research.cornell.edu/)\nPI DashboardExternal (https://pidash.cornell.edu)\nTravel RegistryExternal (https://travelregistry.cornell.edu/)\nResearch Financials (formerly RA Dashboard)External (http://radash.cornell.edu/)\nInternational research activitiesExternal (https://navigate.cornell.edu)\nRegister for Federal and Non-Federal Systems (/resources/register-federal-and-non-federal-systems)\nDisclose Foreign Collaborations and Support (/proposal/disclose-foreign-collaborations-and-support)\nResearch metrics & executive dashboards (/resources/research-metrics)\nTraining (/training)\nSearch (/search)\n\nNovember 2021 OSP Roundtable - Bridging Worlds: Building Sustainable Partnerships with Companies\nLooking to diversify your funding sources? While traditional funding opportunities are becoming more and more competitive and difficult to secure, industry partnerships are heating up. This Roundtable will help researchers gain a better understanding of when and how to engage with industry partners to help grow collaborative research.\nDiscussion topics include:\nLearn about the Office of Corporate Engagement.\nGetting Started \u2013 resources to help make the right connections.\nBridging Worlds \u2013 understanding some of the differences between your lab and theirs.\nSetting \u00a0Goals \u2013 focusing on mutually beneficial expectations.\nLeveraging Cornell Resources - \u00a0IGNITE funding, Gateway to Partnership Program, etc.\nCurrent and Trending Opportunities (RFPs, \u00a0Innovation Hubs, SBIR/STTRs).\nHow OSP can help \u2013 Non-financial Agreements, Proposal submission, award negotiations, and more.\nPresenters:\nCornell Corporate Engagement\nSr. Grant & Contract Officer - Industry Team, Office of Sponsored Programs and Research Development\nZoom Meeting:https://cornell.zoom.us/j/3042826417?pwd=MjdGUm5GTnBFeit0 eXdnWjZ3RXZ1QT09 (https://cornell.zoom.us/j/3042826417?pwd=MjdGUm5GTnBFeit0%20eXdnWjZ3RXZ1QT09)\nMeeting ID: 304 282 6417\u00a0 Passcode: Research\n\nOffice of Sponsored Programs (OSP) & Research Development (/offices/osp)\nCenter for Technology Licensing (CTL) (/offices/ctl)\nQuick Reference\nRates (/rates)\nForms (/forms)\nPolicies (/policies)\nContacts (/contacts)\nTraining (/training)\nEvents (/events)\nNews & Announcements (/news)\n\u00a9 2019 Cornell University\nWeb Accessibility Help (mailto:rais-help@cornell.edu?subject=researchservices.cornell.edu%20site)"
}