{
    "URL location": "https://researchservices.cornell.edu/events/women-innovators-initiative-wi2-running-startup-perspective-two-women-founders-and-ceos",
    "Last modification date": "2021-03-23T18:00Z",
    "Change frequency": "never",
    "Priority": "0.5",
    "Scraped Text": "Find guidance on funding and agency updates during the federal government transition(updated 3/19/2025) (/federal-transition)\nEssential ToolsFind My GCORASSExternalInstitutional Profile & DUNSIACUC applications (Cayuse Animal Management)Find Your Next Funding OpportunityIBC Applications (RASS-IBC)Research Development (ReD) ServicesIRB Applications (RASS-IRB)ExternalRates and budgetsReport external interests (RASS-COI)Join List ServsRASS Access Request FormAsk EHSExternalWeb Financials (WebFin2)ExternalCornell Data ServicesExternalPI DashboardExternalTravel RegistryExternalResearch Financials (formerly RA Dashboard)ExternalInternational research activitiesExternalRegister for Federal and Non-Federal SystemsDisclose Foreign Collaborations and SupportResearch metrics & executive dashboardsTraining (/about/essential-tools, /gco, http://guide.rass.cornell.edu/, /resources/institutional-profile-duns-and-uei-numbers, /resources/submit-new-iacuc-protocol, /proposal/Find-Your-Next-Funding-Opportunity, /resources/ibc-application-submission-review-and-approval, /research-development, https://rass.cornell.edu/irb, /proposal/budget, /compliance/conflict-of-interest, /resources/research-mailing-lists-list-servs, /resources/get-access-financial-sponsored-projects-data, https://tdx.cornell.edu/TDClient/42/Portal/Requests/TicketRequests/NewForm?ID=q5sab44D6GI_, http://webfin2.cornell.edu/, https://data.research.cornell.edu/, https://pidash.cornell.edu, https://travelregistry.cornell.edu/, http://radash.cornell.edu/, https://navigate.cornell.edu, /resources/register-federal-and-non-federal-systems, /proposal/disclose-foreign-collaborations-and-support, /resources/research-metrics, /training)\nFind My GCO (/gco)\nRASSExternal (http://guide.rass.cornell.edu/)\nInstitutional Profile & DUNS (/resources/institutional-profile-duns-and-uei-numbers)\nIACUC applications (Cayuse Animal Management) (/resources/submit-new-iacuc-protocol)\nFind Your Next Funding Opportunity (/proposal/Find-Your-Next-Funding-Opportunity)\nIBC Applications (RASS-IBC) (/resources/ibc-application-submission-review-and-approval)\nResearch Development (ReD) Services (/research-development)\nIRB Applications (RASS-IRB)External (https://rass.cornell.edu/irb)\nRates and budgets (/proposal/budget)\nReport external interests (RASS-COI) (/compliance/conflict-of-interest)\nJoin List Servs (/resources/research-mailing-lists-list-servs)\nRASS Access Request Form (/resources/get-access-financial-sponsored-projects-data)\nAsk EHSExternal (https://tdx.cornell.edu/TDClient/42/Portal/Requests/TicketRequests/NewForm?ID=q5sab44D6GI_)\nWeb Financials (WebFin2)External (http://webfin2.cornell.edu/)\nCornell Data ServicesExternal (https://data.research.cornell.edu/)\nPI DashboardExternal (https://pidash.cornell.edu)\nTravel RegistryExternal (https://travelregistry.cornell.edu/)\nResearch Financials (formerly RA Dashboard)External (http://radash.cornell.edu/)\nInternational research activitiesExternal (https://navigate.cornell.edu)\nRegister for Federal and Non-Federal Systems (/resources/register-federal-and-non-federal-systems)\nDisclose Foreign Collaborations and Support (/proposal/disclose-foreign-collaborations-and-support)\nResearch metrics & executive dashboards (/resources/research-metrics)\nTraining (/training)\nSearch (/search)\n\nWomen Innovators Initiative (WI2): Running a Startup: Perspective of Two Women Founders and CEOs from Cornell\nAccording to Silicon Valley Bank report[1], 28% of U.S. startups have a female founder and 14% have a female CEO. While venture capital is their most likely next source of funding regardless of the gender makeup of the founding team, the startups with a female founder are slightly less likely to rely on them for funding. Companies founded solely by women garnered 2.1% of the total capital invested in venture-backed startups in the US[2].\n\nFor the third WI2 webinar, we speak with two women founders and CEOs from Cornell University to find out about their experience as female founders/CEOs and to hear about the lessons learned during the formation and the growth of their venture.\n\nPanelists:\nRachel Dorin, Ph.D., President and CEO, and Co-Founder, Terapore (https://ctl.cornell.edu/meet-the-panelists-of-running-a-startup-perspective-of-two-women-founders-and-ceos-from-cornell/#DrRachelDorin)\nSiyu Huang, Ph.D., Co-Founder and CEO, Lionano (https://ctl.cornell.edu/meet-the-panelists-of-running-a-startup-perspective-of-two-women-founders-and-ceos-from-cornell/#DrSiyuHuang)\nModerator:\nAlice Li, Ph.D., Executive Director, Center for Technology Licensing, Cornell University (https://ctl.cornell.edu/meet-the-panelists-of-running-a-startup-perspective-of-two-women-founders-and-ceos-from-cornell/#AliceLi)\nRegistration link:\nhttps://cornell.zoom.us/webinar/register/WN_l6Q791OkRg2DgJIUt1VV-w (https://cornell.zoom.us/webinar/register/WN_l6Q791OkRg2DgJIUt1VV-w)\n\n[1] 2020 Women in US Technology Leadership. Silicon Valley Bank. (2021).https://www.svb.com/women-in-technology#[2] The US VC Female Founders Dashboard. PitchBook (updated in 2021).https://pitchbook.com/news/articles/the-vc-female-founders-dashboard (https://www.svb.com/women-in-technology#, https://pitchbook.com/news/articles/the-vc-female-founders-dashboard)\nQuick Reference\nRates (/rates)\nForms (/forms)\nPolicies (/policies)\nContacts (/contacts)\nTraining (/training)\nEvents (/events)\nNews & Announcements (/news)\n\u00a9 2019 Cornell University\nWeb Accessibility Help (mailto:rais-help@cornell.edu?subject=researchservices.cornell.edu%20site)"
}