{
    "URL location": "https://researchservices.cornell.edu/resources/postdoctoral-fellows-funding",
    "Last modification date": "2025-03-03T20:38Z",
    "Change frequency": "monthly",
    "Priority": "0.5",
    "Scraped Text": "Find guidance on funding and agency updates during the federal government transition(updated 3/19/2025) (/federal-transition)\nEssential ToolsFind My GCORASSExternalInstitutional Profile & DUNSIACUC applications (Cayuse Animal Management)Find Your Next Funding OpportunityIBC Applications (RASS-IBC)Research Development (ReD) ServicesIRB Applications (RASS-IRB)ExternalRates and budgetsReport external interests (RASS-COI)Join List ServsRASS Access Request FormAsk EHSExternalWeb Financials (WebFin2)ExternalCornell Data ServicesExternalPI DashboardExternalTravel RegistryExternalResearch Financials (formerly RA Dashboard)ExternalInternational research activitiesExternalRegister for Federal and Non-Federal SystemsDisclose Foreign Collaborations and SupportResearch metrics & executive dashboardsTraining (/about/essential-tools, /gco, http://guide.rass.cornell.edu/, /resources/institutional-profile-duns-and-uei-numbers, /resources/submit-new-iacuc-protocol, /proposal/Find-Your-Next-Funding-Opportunity, /resources/ibc-application-submission-review-and-approval, /research-development, https://rass.cornell.edu/irb, /proposal/budget, /compliance/conflict-of-interest, /resources/research-mailing-lists-list-servs, /resources/get-access-financial-sponsored-projects-data, https://tdx.cornell.edu/TDClient/42/Portal/Requests/TicketRequests/NewForm?ID=q5sab44D6GI_, http://webfin2.cornell.edu/, https://data.research.cornell.edu/, https://pidash.cornell.edu, https://travelregistry.cornell.edu/, http://radash.cornell.edu/, https://navigate.cornell.edu, /resources/register-federal-and-non-federal-systems, /proposal/disclose-foreign-collaborations-and-support, /resources/research-metrics, /training)\nFind My GCO (/gco)\nRASSExternal (http://guide.rass.cornell.edu/)\nInstitutional Profile & DUNS (/resources/institutional-profile-duns-and-uei-numbers)\nIACUC applications (Cayuse Animal Management) (/resources/submit-new-iacuc-protocol)\nFind Your Next Funding Opportunity (/proposal/Find-Your-Next-Funding-Opportunity)\nIBC Applications (RASS-IBC) (/resources/ibc-application-submission-review-and-approval)\nResearch Development (ReD) Services (/research-development)\nIRB Applications (RASS-IRB)External (https://rass.cornell.edu/irb)\nRates and budgets (/proposal/budget)\nReport external interests (RASS-COI) (/compliance/conflict-of-interest)\nJoin List Servs (/resources/research-mailing-lists-list-servs)\nRASS Access Request Form (/resources/get-access-financial-sponsored-projects-data)\nAsk EHSExternal (https://tdx.cornell.edu/TDClient/42/Portal/Requests/TicketRequests/NewForm?ID=q5sab44D6GI_)\nWeb Financials (WebFin2)External (http://webfin2.cornell.edu/)\nCornell Data ServicesExternal (https://data.research.cornell.edu/)\nPI DashboardExternal (https://pidash.cornell.edu)\nTravel RegistryExternal (https://travelregistry.cornell.edu/)\nResearch Financials (formerly RA Dashboard)External (http://radash.cornell.edu/)\nInternational research activitiesExternal (https://navigate.cornell.edu)\nRegister for Federal and Non-Federal Systems (/resources/register-federal-and-non-federal-systems)\nDisclose Foreign Collaborations and Support (/proposal/disclose-foreign-collaborations-and-support)\nResearch metrics & executive dashboards (/resources/research-metrics)\nTraining (/training)\nSearch (/search)\nExternal Funding for Postdoctoral Fellows\nResources for Postdoctoral Fellows and a\u00a0selection of Fellowship opportunities.\nFind Your Next Funding Opportunity (/proposal/Find-Your-Next-Funding-Opportunity)\nGrants for Women and Underrepresented Communities (/resources/grants-women-and-underrepresented-communities)\nInternal Funding for Faculty, Postdocs & Students (/resources/internal-funding-faculty-postdocs-students)\nIt is common for postdoctoral fellows to be supported by their PI initially, but often postdocs will be asked to find their own funding at some point. Below are some helpful resources, and information about recurring postdoc funding opportunities.\nFunding Search Sites\nGrantForward: A searchable\u00a0database of grants from over 14,000 sponsors thatuses specialized data-crawling technology to constantly update its extensive database of sponsors and funding opportunities. GrantForward is updated daily with new funding opportunities from diverse disciplines, including\u00a0in the Life and Physical Sciences, Social Sciences, and Arts and Humanities. Search by keywords and advanced filters. Save your favorite\u00a0searches to receive alerts about new grants, and save your favorite grants to keep track of them. GrantForward also\u00a0recommends grants to you based on your CV, past publications, and research interests.Cornell University has an institutional subscription. Faculty, students and staff with a netID have free full access.Sign up hereusing your Cornell email address. (https://www.grantforward.com/index, https://www.grantforward.com/signup)\nLearn how to make GrantForward work for you:Click hereto access the March 2024 webinar \"Using GrantForward as a Grant Seeker\". ReviewQuickTipsand theResearcher Welcome Guide. (https://drive.google.com/file/d/1LI9wGQISUTwXBrkM7RcLBWNChy7cH-rO/view?pli=1, https://www.grantforward.com/support/quick_tips, https://www.grantforward.com/public/documents/GrantForward-ResearcherWelcomeGuide-201506.pdf)\nGrants.gov: A searchable database of funding opportunities from U.S. federal agencies. You can alsosubscribe to receive email notifications. (https://www.grants.gov/, https://www.grants.gov/connect/manage-subscriptions/)\nGrant Searching Made Easy: Mastering Keywords on\u00a0Grants.gov. (https://grantsgovprod.wordpress.com/2024/04/11/grant-searching-made-easy-mastering-keywords-on-grants-gov/)\nNational Science Foundation (NSF) funding opportunities: The NSFoffers postdoctoral fellows paid opportunities to expand their skills and knowledge in science and engineering -learn more here. (https://new.nsf.gov/funding/postdocs)\nTo search for NSF funding,click here. (https://new.nsf.gov/funding/opportunities?f%5B0%5D=student_educator_eligibility%3Apostdoc)\nNational Institutes of Health (NIH): The NIH offers support for postdoc researchers through variousFellowshipandCareer Development Awardprograms, such as the Postdoctoral Individual National Research Service Award (F32) and the Pathway to Independence Award (K99/R00). (https://researchtraining.nih.gov/programs/fellowships, https://researchtraining.nih.gov/programs/career-development)\nSearch for funding opportunities using theNIH RePORTER tool. Using RePORTER, you can also look for current training grants at Cornell that may be relevant. Use the \"Advanced Search\" feature. Under \"Organization\", type Cornell University, then look in the list for training grants (T32). Determine where you might fit and contact the PI about your interest. (https://reporter.nih.gov/)\nUCLA GRAPESis another tool that can be used to search for awards among 625 scholarships, grants and fellowships, and postdoctoral awards. Free-to-search for applicants to any graduate program, to graduate students working on a master\u2019s thesis or doctoral dissertation, and to postdoc scholars. (https://grad.ucla.edu/funding/#/)\nTips to consider:Talk to your immediate predecessors, those who are within 5 years of where you are now. What fellowships or career awards did they apply for? As you read your field's literature, note the sponsors of the research conducted. Also, talk with your PI and department about potential internal funding opportunities.\nAdditional Resources\nWriting to Win Presentation & Video\nIn this writing workshop that is targeted to graduate students, postdocs, and early career faculty, Carmel Lee covers the basics of science communication, writing to impress, and techniques you can use to improve your writing. These writing basics will improve all of your professional writing, from reports to proposals. Watch now athttps://www.youtube.com/watch?v=IvkJtRtcq8Q (https://www.youtube.com/watch?v=IvkJtRtcq8Q)\n\nOffice of Postdoctoral Studies & the Cornell Graduate School\nFinding a Postdoc-\u00a0offers guidance on the postdoc process, including preparing for the job search and identifying the right lab/PI and university (https://postdocs.cornell.edu/prospective-postdocs/finding-a-postdoc/)\nCareers Beyond Academia- offers courses and workshops on a variety of topics, including effectively communicating your research and creating your \u201cbrand\u201d (https://gradcareers.cornell.edu/)\nGraduate Writing ServiceandEnglish Language Support Office Tutoring- assists\u00a0with all kinds of written work, including grant applications (https://knight.as.cornell.edu/gws, https://knight.as.cornell.edu/elso-tutoring)\nPathways to Success- a program designed to help graduate and professional students and postdoctoral scholars be successful throughout their time at Cornell and into their future careers (https://gradschool.cornell.edu/career-and-professional-development/pathways-to-success/)\nFeatured Opportunities\nAlfred P. Sloan Foundation Metascience and AI postdoctoral fellowship (https://sloan.org/programs/digital-technology/aipostdoc-rfp)\nThis is a postdoctoral fellowship program for grants of up to $250,000 to support early career researchers in the social sciences and humanities (with particular emphasis on philosophy, sociology of science, and metascience) who are interested in building a career in understanding the implications of AI for the science and research ecosystem. This program will not fund fellows whose primary research focus is the direct development of scientific AI tools.Applicationdeadline is April 10, 2025.\nChan Zuckerberg Biohub NetworkGlobal Science Scholars (https://www.czbiohub.org/program-ssfcz-global-science-scholars/)\nThe Global Science Scholars program is an up to two-year international postdoctoral fellowship program between the U.S. and Japan designed to advance excellence in bioengineering and biomedical research by supporting early-career researchers to advance their careers and conduct groundbreaking science in U.S. and Japanese research labs. Visit the program website for guidelines on candidate eligibility and more.Applications accepted on a rolling basis until May 27, 2025.Note: All awards may be allocated well before the close of the application period on May 27. Once all fellowships are allocated, no further applications will be accepted.\nRecurring Postdoctoral Fellowship Opportunities\nListed in alphabetical order by agency. Note: The following listings are not regularly updated. The summaries are intended for informational purposes. Program availability, requirements, and deadlines are subject to change. Visit the sponsor's website and reach out to program contacts to verify program information. For federal opportunities, you can also search for current solicitations onGrants.gov. (https://grants.gov/search-grants)\nFind Your Next Funding Opportunity (/proposal/Find-Your-Next-Funding-Opportunity)\nUpstate New York Energy Storage Engine (/resources/upstate-new-york-energy-storage-engine)\nFunding Opportunity: Bezos Earth Fund Grand Challenge (/resources/funding-opportunity-bezos-earth-fund-grand-challenge)\nCornell Postdoc Parental Leave Support (PD PaLS) Program (/resources/postdoc-parental-leave-pd-pals)\nFoundation Funding (/resources/foundation-funding)\nLimited Submissions Funding Opportunities (/resources/limited-submissions-funding-opportunities)\nRecurring and Prestigious Funding Opportunities (/resources/recurring-and-prestigious-funding-opportunities)\nFaculty Recognition Prizes and Awards (/faculty-awards)\nInternal Funding for Faculty, Postdocs & Students (/resources/internal-funding-faculty-postdocs-students)\nEarly Career Faculty Research Funding (/resources/early-career-funding)\nGrants for Women and Underrepresented Communities (/resources/grants-women-and-underrepresented-communities)\nQuick Reference\nRates (/rates)\nForms (/forms)\nPolicies (/policies)\nContacts (/contacts)\nTraining (/training)\nEvents (/events)\nNews & Announcements (/news)\n\u00a9 2019 Cornell University\nWeb Accessibility Help (mailto:rais-help@cornell.edu?subject=researchservices.cornell.edu%20site)"
}