{
    "URL location": "https://researchservices.cornell.edu/resources/rcr-requirements-research-awards",
    "Last modification date": "2024-08-19T18:37Z",
    "Change frequency": "yearly",
    "Priority": "0.5",
    "Scraped Text": "Find guidance on funding and agency updates during the federal government transition(updated 3/19/2025) (/federal-transition)\nEssential ToolsFind My GCORASSExternalInstitutional Profile & DUNSIACUC applications (Cayuse Animal Management)Find Your Next Funding OpportunityIBC Applications (RASS-IBC)Research Development (ReD) ServicesIRB Applications (RASS-IRB)ExternalRates and budgetsReport external interests (RASS-COI)Join List ServsRASS Access Request FormAsk EHSExternalWeb Financials (WebFin2)ExternalCornell Data ServicesExternalPI DashboardExternalTravel RegistryExternalResearch Financials (formerly RA Dashboard)ExternalInternational research activitiesExternalRegister for Federal and Non-Federal SystemsDisclose Foreign Collaborations and SupportResearch metrics & executive dashboardsTraining (/about/essential-tools, /gco, http://guide.rass.cornell.edu/, /resources/institutional-profile-duns-and-uei-numbers, /resources/submit-new-iacuc-protocol, /proposal/Find-Your-Next-Funding-Opportunity, /resources/ibc-application-submission-review-and-approval, /research-development, https://rass.cornell.edu/irb, /proposal/budget, /compliance/conflict-of-interest, /resources/research-mailing-lists-list-servs, /resources/get-access-financial-sponsored-projects-data, https://tdx.cornell.edu/TDClient/42/Portal/Requests/TicketRequests/NewForm?ID=q5sab44D6GI_, http://webfin2.cornell.edu/, https://data.research.cornell.edu/, https://pidash.cornell.edu, https://travelregistry.cornell.edu/, http://radash.cornell.edu/, https://navigate.cornell.edu, /resources/register-federal-and-non-federal-systems, /proposal/disclose-foreign-collaborations-and-support, /resources/research-metrics, /training)\nFind My GCO (/gco)\nRASSExternal (http://guide.rass.cornell.edu/)\nInstitutional Profile & DUNS (/resources/institutional-profile-duns-and-uei-numbers)\nIACUC applications (Cayuse Animal Management) (/resources/submit-new-iacuc-protocol)\nFind Your Next Funding Opportunity (/proposal/Find-Your-Next-Funding-Opportunity)\nIBC Applications (RASS-IBC) (/resources/ibc-application-submission-review-and-approval)\nResearch Development (ReD) Services (/research-development)\nIRB Applications (RASS-IRB)External (https://rass.cornell.edu/irb)\nRates and budgets (/proposal/budget)\nReport external interests (RASS-COI) (/compliance/conflict-of-interest)\nJoin List Servs (/resources/research-mailing-lists-list-servs)\nRASS Access Request Form (/resources/get-access-financial-sponsored-projects-data)\nAsk EHSExternal (https://tdx.cornell.edu/TDClient/42/Portal/Requests/TicketRequests/NewForm?ID=q5sab44D6GI_)\nWeb Financials (WebFin2)External (http://webfin2.cornell.edu/)\nCornell Data ServicesExternal (https://data.research.cornell.edu/)\nPI DashboardExternal (https://pidash.cornell.edu)\nTravel RegistryExternal (https://travelregistry.cornell.edu/)\nResearch Financials (formerly RA Dashboard)External (http://radash.cornell.edu/)\nInternational research activitiesExternal (https://navigate.cornell.edu)\nRegister for Federal and Non-Federal Systems (/resources/register-federal-and-non-federal-systems)\nDisclose Foreign Collaborations and Support (/proposal/disclose-foreign-collaborations-and-support)\nResearch metrics & executive dashboards (/resources/research-metrics)\nTraining (/training)\nSearch (/search)\nRCR Requirements for Research Awards\nSome federal agencies, specifically\u00a0NIH, NSF, and USDA-NIFA, carry special requirements for training on responsible conduct of research (RCR) for certain personnel receiving salaries or stipend support.\nFor all proposals submitted to NSF on or after July 31, 2023: All undergraduate students, graduate students, postdoctoral researchers, faculty, and other senior personnel supported by the proposed research project, must have received RCR training, including training in mentorship.\nPlease note that failure to complete the required RCR training may result in administrative sanctions including withholding of funds, inability to accept new awards, and inability to submit new proposals.\nRCR Requirements for Specific Awards\nSee below for information about RCR training requirements for federal sponsors. For detailed information about the requirements of your award, contact you Grant and Contract Officer.\nCornell\u2019s Online Training on RCR (https://cornell.sabacloud.com/Saba/Web_spf/NA1PRD0089/app/me/learningeventdetail/cours000000000088239)\nCornell\u2019s Online Training on RCR,BIOMG7510andRCR Symposium (https://cornell.sabacloud.com/Saba/Web_spf/NA1PRD0089/app/me/learningeventdetail/cours000000000088239, https://classes.cornell.edu/browse/roster/SP24/class/BIOMG/7510, https://researchservices.cornell.edu/resources/responsible-conduct-research-rcr-symposium-and-workshop)\nCornell\u2019s Online Training on RCR (https://cornell.sabacloud.com/Saba/Web_spf/NA1PRD0089/app/me/learningeventdetail/cours000000000088239)\nCornell\u2019s Online Training on RCR (https://cornell.sabacloud.com/Saba/Web_spf/NA1PRD0089/app/me/learningeventdetail/cours000000000088239)\n\n*Additional NIH requirements: NIH requires that all trainees, fellow, participants, and scholars receiving support through any NIH training, career development award (individual or institutional), research education grant, and dissertation research grant must receive instruction in responsible conduct of research. However, NIH does not consider online instruction alone to be adequate as the sole means of receiving training in RCR.See herefor more information about the RCR training requirements for those supported by NIH Training Grants. (https://grants.nih.gov/grants/guide/notice-files/NOT-OD-10-019.html#:~:text=a%20required%20component.-,Policy,conduct%20of%20research%20as%20stated%20in%20the%20relevant%20funding%20opportunity%20announcements.,-Instructional%20Components))\n\nResponsible Conduct of Research (RCR) Office (/offices/rcr)\nOffice of Sponsored Programs (OSP) & Research Development (/offices/osp)\nRCR Full Course Completion Records (https://oria.cornell.edu/rcr/lookup/)\nRCR-Short CITI Course Completion Records (https://www.oria.cornell.edu/rcr/lookup/foundational/)\nResearch Integrity (/resources/research-integrity)\nThe Research Integrity Council (/resources/research-integrity-council)\nResponsible Conduct of Research Committee (RCRC) (/resources/responsible-conduct-research-committee-rcrc)\nResearch Data Retention (/resources/research-data-retention)\nResponsible Conduct of Research (RCR) (/compliance/rcr)\nResponsible Conduct of Research (RCR) Topics and Case Studies (/resources/responsible-conduct-research-rcr-topics-and-case-studies)\nNIH Training Grant Requirement: RCR Symposium Summary (/resources/nih-training-grant-requirement-rcr-symposium-summary)\nQuick Reference\nRates (/rates)\nForms (/forms)\nPolicies (/policies)\nContacts (/contacts)\nTraining (/training)\nEvents (/events)\nNews & Announcements (/news)\n\u00a9 2019 Cornell University\nWeb Accessibility Help (mailto:rais-help@cornell.edu?subject=researchservices.cornell.edu%20site)"
}