{
    "URL location": "https://researchservices.cornell.edu/news/irb-news-amendments-migrated-protocols",
    "Last modification date": "2022-08-03T14:35Z",
    "Change frequency": "never",
    "Priority": "0.5",
    "Scraped Text": "Find guidance on funding and agency updates during the federal government transition(updated 3/19/2025) (/federal-transition)\nEssential ToolsFind My GCORASSExternalInstitutional Profile & DUNSIACUC applications (Cayuse Animal Management)Find Your Next Funding OpportunityIBC Applications (RASS-IBC)Research Development (ReD) ServicesIRB Applications (RASS-IRB)ExternalRates and budgetsReport external interests (RASS-COI)Join List ServsRASS Access Request FormAsk EHSExternalWeb Financials (WebFin2)ExternalCornell Data ServicesExternalPI DashboardExternalTravel RegistryExternalResearch Financials (formerly RA Dashboard)ExternalInternational research activitiesExternalRegister for Federal and Non-Federal SystemsDisclose Foreign Collaborations and SupportResearch metrics & executive dashboardsTraining (/about/essential-tools, /gco, http://guide.rass.cornell.edu/, /resources/institutional-profile-duns-and-uei-numbers, /resources/submit-new-iacuc-protocol, /proposal/Find-Your-Next-Funding-Opportunity, /resources/ibc-application-submission-review-and-approval, /research-development, https://rass.cornell.edu/irb, /proposal/budget, /compliance/conflict-of-interest, /resources/research-mailing-lists-list-servs, /resources/get-access-financial-sponsored-projects-data, https://tdx.cornell.edu/TDClient/42/Portal/Requests/TicketRequests/NewForm?ID=q5sab44D6GI_, http://webfin2.cornell.edu/, https://data.research.cornell.edu/, https://pidash.cornell.edu, https://travelregistry.cornell.edu/, http://radash.cornell.edu/, https://navigate.cornell.edu, /resources/register-federal-and-non-federal-systems, /proposal/disclose-foreign-collaborations-and-support, /resources/research-metrics, /training)\nFind My GCO (/gco)\nRASSExternal (http://guide.rass.cornell.edu/)\nInstitutional Profile & DUNS (/resources/institutional-profile-duns-and-uei-numbers)\nIACUC applications (Cayuse Animal Management) (/resources/submit-new-iacuc-protocol)\nFind Your Next Funding Opportunity (/proposal/Find-Your-Next-Funding-Opportunity)\nIBC Applications (RASS-IBC) (/resources/ibc-application-submission-review-and-approval)\nResearch Development (ReD) Services (/research-development)\nIRB Applications (RASS-IRB)External (https://rass.cornell.edu/irb)\nRates and budgets (/proposal/budget)\nReport external interests (RASS-COI) (/compliance/conflict-of-interest)\nJoin List Servs (/resources/research-mailing-lists-list-servs)\nRASS Access Request Form (/resources/get-access-financial-sponsored-projects-data)\nAsk EHSExternal (https://tdx.cornell.edu/TDClient/42/Portal/Requests/TicketRequests/NewForm?ID=q5sab44D6GI_)\nWeb Financials (WebFin2)External (http://webfin2.cornell.edu/)\nCornell Data ServicesExternal (https://data.research.cornell.edu/)\nPI DashboardExternal (https://pidash.cornell.edu)\nTravel RegistryExternal (https://travelregistry.cornell.edu/)\nResearch Financials (formerly RA Dashboard)External (http://radash.cornell.edu/)\nInternational research activitiesExternal (https://navigate.cornell.edu)\nRegister for Federal and Non-Federal Systems (/resources/register-federal-and-non-federal-systems)\nDisclose Foreign Collaborations and Support (/proposal/disclose-foreign-collaborations-and-support)\nResearch metrics & executive dashboards (/resources/research-metrics)\nTraining (/training)\nSearch (/search)\nIRB News: Amendments to Migrated Protocols\nNewsletter sent April 25, 2022\nNews for Cornell researchers with human participant research protocols that were submitted to the Cornell IRB via Word or PDF forms, prior to the implementation of the newRASS-IRBsystem (implemented February 1, 2022). The Cornell IRB Office wants to ensure researchers are aware of the amendment requirements for those \u201cmigrated\u201d protocols, as well as the reasons behind them. (https://rass.cornell.edu/irb)\nFor migrated protocols that received Expedited or Full Board Cornell IRB Review:\nRequirement: At the point of amendment or continuing review, all current protocol information must be in the protocol record in RASS-IRB. Unfortunately, our previous system did not allow us to migrate more than basic protocol meta-data and system-issued memos (i.e., protocol title, study personnel, review type, high level details of previous amendments, approval letters). This means thatfor Expedited and Full Board protocols,the PI or another research team member needs to enter into RASS-IRB all other IRB-approved protocol details and documents that are currently being used for the study, along with any changes being proposed.\nReason: For the IRB to use RASS-IRB to review protocol amendments and continuing reviews, the staff and committee members need to be able to have all the relevant information about that protocol easily accessible within the protocol record. RASS-IRB is built so that all details about a protocol are easy to find, and amendments are easy to track. In order for the system to work as designed, though, we need the protocol details for all studies requiring IRB review\u2014including those migrated from our old database\u2014to be viewable in this new system of record.\nAdditional Points:We know for some researchers it is burdensome or frustrating to have to re-enter details about an already-approved study\u2014especially studies that have been amended multiple times\u2014and we do apologize for the inconvenience.Unfortunately, the IRB staff do not have the ability to enter the full details of all active Expedited and Full Board protocols (~700) without researchers\u2019 assistance. In addition to capacity issues, we found during usability testing that PIs were better equipped to fill in the gaps in the protocol records, not only because of speed but also accuracy (given some of the questions are phrased differently than in the old forms, and a few questions are new). That being said, the IRB staff are very willing to help as best we can\u2014just ask.We believe that this one-time time investment from researchers will pay off in smoother and faster IRB review processes going forward; for all subsequent amendments and continuing reviews, researchers will only need to edit the protocol fields that are being changed, or upload new versions of modified study documents. The system will document the version changes, for easy comparison.\nWe know for some researchers it is burdensome or frustrating to have to re-enter details about an already-approved study\u2014especially studies that have been amended multiple times\u2014and we do apologize for the inconvenience.\nUnfortunately, the IRB staff do not have the ability to enter the full details of all active Expedited and Full Board protocols (~700) without researchers\u2019 assistance. In addition to capacity issues, we found during usability testing that PIs were better equipped to fill in the gaps in the protocol records, not only because of speed but also accuracy (given some of the questions are phrased differently than in the old forms, and a few questions are new). That being said, the IRB staff are very willing to help as best we can\u2014just ask.\nWe believe that this one-time time investment from researchers will pay off in smoother and faster IRB review processes going forward; for all subsequent amendments and continuing reviews, researchers will only need to edit the protocol fields that are being changed, or upload new versions of modified study documents. The system will document the version changes, for easy comparison.\nFor migrated protocols that were determined to be Exempt from IRB review:\nRequirement:For Exempt protocols migrated from the old system, amendment requests will continue to be accepted via email (irbhp@cornell.edu),for the time being. PIs are welcome to update the protocol record in RASS-IRB and process their Exempt amendments through that system, if they so desire, but it is not required. For exempt protocols submitted through RASS-IRB on or after February 1, 2022, though, please do use RASS-IRB to request amendments. (mailto:irbhp@cornell.edu)\nReason: Because Exempt protocols are not beholden to the same rigorous review requirements as Expedited and Full Board IRB protocols, the IRB staff have more flexibility with the review and documentation processes. The review of an amendment to an Exempt protocol primarily serves as a check to make sure the changes will not impact the protocol's eligibility for exemption, so a review of the amendment in the context of the full protocol is often not necessary.\nGuidance and Training:\nVisit theRASS Guide Siteto find recordings ofZoom trainings, as well as step-by-step, how-to documentation for various tasks within the new system, includingamending a protocol. These how-to guides can be found under the IRB tab of the top navigation bar. (https://guide.rass.cornell.edu/, https://cornell.box.com/v/rass-irb-training, https://guide.rass.cornell.edu/institutional-review-board-for-human-participant-research/amend-an-irb-protocol/)\nIf you have any problems with or questions about the system itself, you can contact the RASS system administrator viarass@research.cornell.edu. For questions about your research or the IRB review process, continue to contactirbhp@cornell.edu. (mailto:rass@research.cornell.edu, mailto:irbhp@cornell.edu)\nRASS-IRB System (https://rass.cornell.edu/irb)\nRASS-IRB Launch Plan (/news/rass-irb-launch-plan)\nInstitutional Review Board for Human Participant Research (IRB) Office (/offices/IRB)\nQuick Reference\nRates (/rates)\nForms (/forms)\nPolicies (/policies)\nContacts (/contacts)\nTraining (/training)\nEvents (/events)\nNews & Announcements (/news)\n\u00a9 2019 Cornell University\nWeb Accessibility Help (mailto:rais-help@cornell.edu?subject=researchservices.cornell.edu%20site)"
}