{
    "URL location": "https://researchservices.cornell.edu/news/visiting-scholar-lynnette-d-madsen",
    "Last modification date": "2024-04-17T18:22Z",
    "Change frequency": "yearly",
    "Priority": "0.5",
    "Scraped Text": "Find guidance on funding and agency updates during the federal government transition(updated 3/19/2025) (/federal-transition)\nEssential ToolsFind My GCORASSExternalInstitutional Profile & DUNSIACUC applications (Cayuse Animal Management)Find Your Next Funding OpportunityIBC Applications (RASS-IBC)Research Development (ReD) ServicesIRB Applications (RASS-IRB)ExternalRates and budgetsReport external interests (RASS-COI)Join List ServsRASS Access Request FormAsk EHSExternalWeb Financials (WebFin2)ExternalCornell Data ServicesExternalPI DashboardExternalTravel RegistryExternalResearch Financials (formerly RA Dashboard)ExternalInternational research activitiesExternalRegister for Federal and Non-Federal SystemsDisclose Foreign Collaborations and SupportResearch metrics & executive dashboardsTraining (/about/essential-tools, /gco, http://guide.rass.cornell.edu/, /resources/institutional-profile-duns-and-uei-numbers, /resources/submit-new-iacuc-protocol, /proposal/Find-Your-Next-Funding-Opportunity, /resources/ibc-application-submission-review-and-approval, /research-development, https://rass.cornell.edu/irb, /proposal/budget, /compliance/conflict-of-interest, /resources/research-mailing-lists-list-servs, /resources/get-access-financial-sponsored-projects-data, https://tdx.cornell.edu/TDClient/42/Portal/Requests/TicketRequests/NewForm?ID=q5sab44D6GI_, http://webfin2.cornell.edu/, https://data.research.cornell.edu/, https://pidash.cornell.edu, https://travelregistry.cornell.edu/, http://radash.cornell.edu/, https://navigate.cornell.edu, /resources/register-federal-and-non-federal-systems, /proposal/disclose-foreign-collaborations-and-support, /resources/research-metrics, /training)\nFind My GCO (/gco)\nRASSExternal (http://guide.rass.cornell.edu/)\nInstitutional Profile & DUNS (/resources/institutional-profile-duns-and-uei-numbers)\nIACUC applications (Cayuse Animal Management) (/resources/submit-new-iacuc-protocol)\nFind Your Next Funding Opportunity (/proposal/Find-Your-Next-Funding-Opportunity)\nIBC Applications (RASS-IBC) (/resources/ibc-application-submission-review-and-approval)\nResearch Development (ReD) Services (/research-development)\nIRB Applications (RASS-IRB)External (https://rass.cornell.edu/irb)\nRates and budgets (/proposal/budget)\nReport external interests (RASS-COI) (/compliance/conflict-of-interest)\nJoin List Servs (/resources/research-mailing-lists-list-servs)\nRASS Access Request Form (/resources/get-access-financial-sponsored-projects-data)\nAsk EHSExternal (https://tdx.cornell.edu/TDClient/42/Portal/Requests/TicketRequests/NewForm?ID=q5sab44D6GI_)\nWeb Financials (WebFin2)External (http://webfin2.cornell.edu/)\nCornell Data ServicesExternal (https://data.research.cornell.edu/)\nPI DashboardExternal (https://pidash.cornell.edu)\nTravel RegistryExternal (https://travelregistry.cornell.edu/)\nResearch Financials (formerly RA Dashboard)External (http://radash.cornell.edu/)\nInternational research activitiesExternal (https://navigate.cornell.edu)\nRegister for Federal and Non-Federal Systems (/resources/register-federal-and-non-federal-systems)\nDisclose Foreign Collaborations and Support (/proposal/disclose-foreign-collaborations-and-support)\nResearch metrics & executive dashboards (/resources/research-metrics)\nTraining (/training)\nSearch (/search)\nVisiting Scholar Lynnette D. Madsen\nLynnette\u00a0D. Madsen,\u00a0Program Director for Ceramics in the Division of Materials Research at the National Science Foundation, will be joining us in Ithaca as a Visiting Scholar. Lynette's appointment will be for a two-year period, ending November 2023, and will be shared between the College of Engineering and the Office of the Vice President for Research and Innovation.\nWhile at Cornell,\u00a0Lynnette\u00a0will, among other activities, study decision-making processes, education and research culture, and policies.\u00a0She will\u00a0also\u00a0provide fresh perspective and contribute her expertise to focused projects that advance education priorities in Cornell Engineering\u2019s strategic plan, as well as advancing DEI initiatives within Research Centers\u00a0overseen by OVPRI.\nAs a leader,\u00a0Lynnette\u00a0has been successful in a variety of environments, including academia, industry, and government. She has fostered cooperation and collaboration between agencies, industries, and nations to support valuable research. She has worked throughout her career to expand the research engagement of underrepresented groups across science and engineering.\nAn accomplished scholar,\u00a0Lynnette\u2019s areas of expertise include materials, sustainability, clean energy, nanotechnology, manufacturing, diversity, education, and international and industry partnerships. Her research spans epitaxial and pseudomorphic thin films, combinatorial nanomaterials science applied to magnetic recording media, contact formation to silicon carbide, and nanoscale graphite intercalation compounds.You can read more about her background on her NSF page. (https://www.nsf.gov/staff/staff_bio.jsp?lan=lmadsen&from_org=DMR)\nPlease join us in welcoming\u00a0Lynnette\u00a0to Cornell. She will officially arrive on campus in early December 2021 and will be working out of an office in Day Hall. This is a tremendous addition to our community, and we look forward to the opportunities for growth and collaboration that will result.\nBest Regards,\nLyndenA. ArcherJoseph Silbert Dean of Engineering\nEmmanuel GiannelisVice President for Research and Innovation\nQuick Reference\nRates (/rates)\nForms (/forms)\nPolicies (/policies)\nContacts (/contacts)\nTraining (/training)\nEvents (/events)\nNews & Announcements (/news)\n\u00a9 2019 Cornell University\nWeb Accessibility Help (mailto:rais-help@cornell.edu?subject=researchservices.cornell.edu%20site)"
}