{
    "URL location": "https://researchservices.cornell.edu/resources/rigor-and-reproducibility-planning",
    "Last modification date": "2019-06-18T04:47Z",
    "Change frequency": "never",
    "Priority": "0.5",
    "Scraped Text": "Find guidance on funding and agency updates during the federal government transition(updated 3/19/2025) (/federal-transition)\nEssential ToolsFind My GCORASSExternalInstitutional Profile & DUNSIACUC applications (Cayuse Animal Management)Find Your Next Funding OpportunityIBC Applications (RASS-IBC)Research Development (ReD) ServicesIRB Applications (RASS-IRB)ExternalRates and budgetsReport external interests (RASS-COI)Join List ServsRASS Access Request FormAsk EHSExternalWeb Financials (WebFin2)ExternalCornell Data ServicesExternalPI DashboardExternalTravel RegistryExternalResearch Financials (formerly RA Dashboard)ExternalInternational research activitiesExternalRegister for Federal and Non-Federal SystemsDisclose Foreign Collaborations and SupportResearch metrics & executive dashboardsTraining (/about/essential-tools, /gco, http://guide.rass.cornell.edu/, /resources/institutional-profile-duns-and-uei-numbers, /resources/submit-new-iacuc-protocol, /proposal/Find-Your-Next-Funding-Opportunity, /resources/ibc-application-submission-review-and-approval, /research-development, https://rass.cornell.edu/irb, /proposal/budget, /compliance/conflict-of-interest, /resources/research-mailing-lists-list-servs, /resources/get-access-financial-sponsored-projects-data, https://tdx.cornell.edu/TDClient/42/Portal/Requests/TicketRequests/NewForm?ID=q5sab44D6GI_, http://webfin2.cornell.edu/, https://data.research.cornell.edu/, https://pidash.cornell.edu, https://travelregistry.cornell.edu/, http://radash.cornell.edu/, https://navigate.cornell.edu, /resources/register-federal-and-non-federal-systems, /proposal/disclose-foreign-collaborations-and-support, /resources/research-metrics, /training)\nFind My GCO (/gco)\nRASSExternal (http://guide.rass.cornell.edu/)\nInstitutional Profile & DUNS (/resources/institutional-profile-duns-and-uei-numbers)\nIACUC applications (Cayuse Animal Management) (/resources/submit-new-iacuc-protocol)\nFind Your Next Funding Opportunity (/proposal/Find-Your-Next-Funding-Opportunity)\nIBC Applications (RASS-IBC) (/resources/ibc-application-submission-review-and-approval)\nResearch Development (ReD) Services (/research-development)\nIRB Applications (RASS-IRB)External (https://rass.cornell.edu/irb)\nRates and budgets (/proposal/budget)\nReport external interests (RASS-COI) (/compliance/conflict-of-interest)\nJoin List Servs (/resources/research-mailing-lists-list-servs)\nRASS Access Request Form (/resources/get-access-financial-sponsored-projects-data)\nAsk EHSExternal (https://tdx.cornell.edu/TDClient/42/Portal/Requests/TicketRequests/NewForm?ID=q5sab44D6GI_)\nWeb Financials (WebFin2)External (http://webfin2.cornell.edu/)\nCornell Data ServicesExternal (https://data.research.cornell.edu/)\nPI DashboardExternal (https://pidash.cornell.edu)\nTravel RegistryExternal (https://travelregistry.cornell.edu/)\nResearch Financials (formerly RA Dashboard)External (http://radash.cornell.edu/)\nInternational research activitiesExternal (https://navigate.cornell.edu)\nRegister for Federal and Non-Federal Systems (/resources/register-federal-and-non-federal-systems)\nDisclose Foreign Collaborations and Support (/proposal/disclose-foreign-collaborations-and-support)\nResearch metrics & executive dashboards (/resources/research-metrics)\nTraining (/training)\nSearch (/search)\nRigor and Reproducibility Planning\nThe resources linked below have been assembled to assist the Cornell research community address the topic of rigor and reproducibility (R&R) in research, for use when preparing a proposal, as well as at other points throughout the research lifecycle.\nR&R in Grant Applications and Journal Submissions\nNIH Application ResourcesNIH R&R Grant Guidance OverviewNIH R&R One-Page Resource ChartNIH Decision Tree - Sex as a Biological Variable (https://grants.nih.gov/reproducibility/index.htm, https://grants.nih.gov/grants/RigorandReproducibilityChart508.pdf, http://grants.nih.gov/grants/peer/guidelines_general/SABV_Decision_Tree_for_Reviewers.pdf)\nNIH R&R Grant Guidance Overview (https://grants.nih.gov/reproducibility/index.htm)\nNIH R&R One-Page Resource Chart (https://grants.nih.gov/grants/RigorandReproducibilityChart508.pdf)\nNIH Decision Tree - Sex as a Biological Variable (http://grants.nih.gov/grants/peer/guidelines_general/SABV_Decision_Tree_for_Reviewers.pdf)\nAnnouncement: Towards greater reproducibility for life-sciences research in Nature (https://www.nature.com/news/announcement-towards-greater-reproducibility-for-life-sciences-research-in-nature-1.22062)\nScience Editorial: Reproducibility (http://science.sciencemag.org/content/343/6168/229.full)\nCornell Support for R&R\nCornell Statistical Consulting Unit (CSCU)\u2014A professional service group that assists researchers via consulting, instruction, and contract services (https://www.cscu.cornell.edu/)\nCSCU Workshops Catalog (https://www.cscu.cornell.edu/workshops/catalog.php)\nCSCU Workshop: Reproducible Research and Automatic Reports (https://www.cscu.cornell.edu/workshops/reprod.php)\nCornell Institute for Social and Economic Research (CISER) Results Reproduction ServiceCISER Workshop: How to Make Your Thesis, Dissertation, or Research Article Transparent and Reproducible (https://ciser.cornell.edu/research/results-reproduction-r-squared-service/, https://ciser.cornell.edu/transparent-and-reproducible-research/)\nCISER Workshop: How to Make Your Thesis, Dissertation, or Research Article Transparent and Reproducible (https://ciser.cornell.edu/transparent-and-reproducible-research/)\nResearch Data Management Service Group (RDMSG)\u2014A campus-wide organization that assists with data management plans, services, and best practices (https://data.research.cornell.edu/)\nOpen Science Framework (tool):Cornell access (https://data.research.cornell.edu/content/now-available-osf-institutions-cornell)\nDiscussion & Teaching Materials\nClearinghouse for Training Modules to Enhance Data Reproducibility\u2014Compiled by the National Institute of General Medical Sciences (https://www.nigms.nih.gov/training/pages/clearinghouse-for-training-modules-to-enhance-data-reproducibility.aspx)\nNIH Teaching Training Resources:NIH Rigor Reproducibility Training ModulesNIH Office of Intramural Research Case Studies - Research ReproducibilityNIH Online Course Series: The Science of Sex Gender in Human HealthNIH Online Course: Pragmatic and Group-Randomized Trials in Public Health and Medicine (https://www.nih.gov/research-training/rigor-reproducibility/training#Modules, https://oir.nih.gov/sites/default/files/uploads/sourcebook/documents/ethical_conduct/case_studies-2016.pdf, https://sexandgendercourse.od.nih.gov/, https://prevention.nih.gov/resources-for-researchers/nih-methods-training/grt)\nNIH Rigor Reproducibility Training Modules (https://www.nih.gov/research-training/rigor-reproducibility/training#Modules)\nNIH Office of Intramural Research Case Studies - Research Reproducibility (https://oir.nih.gov/sites/default/files/uploads/sourcebook/documents/ethical_conduct/case_studies-2016.pdf)\nNIH Online Course Series: The Science of Sex Gender in Human Health (https://sexandgendercourse.od.nih.gov/)\nNIH Online Course: Pragmatic and Group-Randomized Trials in Public Health and Medicine (https://prevention.nih.gov/resources-for-researchers/nih-methods-training/grt)\nCase Studies from the Cornell RCR 2017 Winter Symposium: Rigor and Reproducibility in Research (/sites/default/files/2019-06/2017%20RCR%20Symposium%20Case%20Studies.pdf)\nArticles & Reference Materials\nA Manifesto for Reproducible Science (https://www.nature.com/articles/s41562-016-0021)\nFASEB Report: Enhancing Research Reproducibility (http://faseb.org/Science-Policy--Advocacy-and-Communications/Science-Policy-and-Research-Issues/Research-Reproducibility.aspx)\nNSF Subcommittee Report: Social, Behavioral, and Economic Sciences Perspectives on Robust and Reliable Science (https://www.nsf.gov/sbe/AC_Materials/SBE_Robust_and_Reliable_Research_Report.pdf)\nNature Special Collection: Challenges in Irreproducible Research (https://www.nature.com/collections/prbfkwmwvz/)\nEssential metrics for assessing sex gender integration in health research proposals involving human participants (http://journals.plos.org/plosone/article?id=10.1371/journal.pone.0182812)\nStudying both sexes: a guiding principle for biomedicine (https://www.fasebj.org/doi/full/10.1096/fj.15-279554)\nResponsible Conduct of Research (RCR) Office (/offices/rcr)\nProposal Development, Review, and Submission (/proposal/develop)\nRegister for Federal and Non-Federal Systems (/resources/register-federal-and-non-federal-systems)\nPre-Award Research Operations (PRO) (/resources/pro-research-operations)\nAdditional Things to Consider when Preparing a Proposal (/resources/additional-things-consider-when-preparing-proposal)\nFind My GCO (Grant & Contract Officer) (/gco)\nSample Proposal Library (/resources/sample-proposal-library)\nProposal Review Guidelines (/resources/proposal-review-guidelines)\nLimited Submissions Funding Opportunities (/resources/limited-submissions-funding-opportunities)\nPI Eligibility (/policies/pi-eligibility)\nInstitutional Profile, DUNS, and UEI Numbers (/resources/institutional-profile-duns-and-uei-numbers)\nQuick Reference\nRates (/rates)\nForms (/forms)\nPolicies (/policies)\nContacts (/contacts)\nTraining (/training)\nEvents (/events)\nNews & Announcements (/news)\n\u00a9 2019 Cornell University\nWeb Accessibility Help (mailto:rais-help@cornell.edu?subject=researchservices.cornell.edu%20site)"
}