{
    "URL location": "https://researchservices.cornell.edu/resources/payments-subrecipients-sponsored-projects",
    "Last modification date": "2025-01-13T20:26Z",
    "Change frequency": "yearly",
    "Priority": "0.5",
    "Scraped Text": "Find guidance on funding and agency updates during the federal government transition(updated 3/19/2025) (/federal-transition)\nEssential ToolsFind My GCORASSExternalInstitutional Profile & DUNSIACUC applications (Cayuse Animal Management)Find Your Next Funding OpportunityIBC Applications (RASS-IBC)Research Development (ReD) ServicesIRB Applications (RASS-IRB)ExternalRates and budgetsReport external interests (RASS-COI)Join List ServsRASS Access Request FormAsk EHSExternalWeb Financials (WebFin2)ExternalCornell Data ServicesExternalPI DashboardExternalTravel RegistryExternalResearch Financials (formerly RA Dashboard)ExternalInternational research activitiesExternalRegister for Federal and Non-Federal SystemsDisclose Foreign Collaborations and SupportResearch metrics & executive dashboardsTraining (/about/essential-tools, /gco, http://guide.rass.cornell.edu/, /resources/institutional-profile-duns-and-uei-numbers, /resources/submit-new-iacuc-protocol, /proposal/Find-Your-Next-Funding-Opportunity, /resources/ibc-application-submission-review-and-approval, /research-development, https://rass.cornell.edu/irb, /proposal/budget, /compliance/conflict-of-interest, /resources/research-mailing-lists-list-servs, /resources/get-access-financial-sponsored-projects-data, https://tdx.cornell.edu/TDClient/42/Portal/Requests/TicketRequests/NewForm?ID=q5sab44D6GI_, http://webfin2.cornell.edu/, https://data.research.cornell.edu/, https://pidash.cornell.edu, https://travelregistry.cornell.edu/, http://radash.cornell.edu/, https://navigate.cornell.edu, /resources/register-federal-and-non-federal-systems, /proposal/disclose-foreign-collaborations-and-support, /resources/research-metrics, /training)\nFind My GCO (/gco)\nRASSExternal (http://guide.rass.cornell.edu/)\nInstitutional Profile & DUNS (/resources/institutional-profile-duns-and-uei-numbers)\nIACUC applications (Cayuse Animal Management) (/resources/submit-new-iacuc-protocol)\nFind Your Next Funding Opportunity (/proposal/Find-Your-Next-Funding-Opportunity)\nIBC Applications (RASS-IBC) (/resources/ibc-application-submission-review-and-approval)\nResearch Development (ReD) Services (/research-development)\nIRB Applications (RASS-IRB)External (https://rass.cornell.edu/irb)\nRates and budgets (/proposal/budget)\nReport external interests (RASS-COI) (/compliance/conflict-of-interest)\nJoin List Servs (/resources/research-mailing-lists-list-servs)\nRASS Access Request Form (/resources/get-access-financial-sponsored-projects-data)\nAsk EHSExternal (https://tdx.cornell.edu/TDClient/42/Portal/Requests/TicketRequests/NewForm?ID=q5sab44D6GI_)\nWeb Financials (WebFin2)External (http://webfin2.cornell.edu/)\nCornell Data ServicesExternal (https://data.research.cornell.edu/)\nPI DashboardExternal (https://pidash.cornell.edu)\nTravel RegistryExternal (https://travelregistry.cornell.edu/)\nResearch Financials (formerly RA Dashboard)External (http://radash.cornell.edu/)\nInternational research activitiesExternal (https://navigate.cornell.edu)\nRegister for Federal and Non-Federal Systems (/resources/register-federal-and-non-federal-systems)\nDisclose Foreign Collaborations and Support (/proposal/disclose-foreign-collaborations-and-support)\nResearch metrics & executive dashboards (/resources/research-metrics)\nTraining (/training)\nSearch (/search)\nPayments to Subrecipients on Sponsored Projects\nAs required by the subaward, subrecipients will send invoices to the unit administrator, typically every quarter. Principal Investigators (PI) are primarily responsible, with assistance from department research administrators (DRA), for ensuring that sponsored funds are spent in accordance with regulations, policies, and award terms.\nWhere a project subcontracts (also known as subawards) work and funding to a subrecipient (also known as subawardee), the PI may be the only one aware of the subrecipient\u2019s technical progress and whether a particular payment should be made.\nThe PI, therefore, should authorize payment and be given the opportunity to raise any concerns prior to payment.\nUnder normal situations payments must be made within 30 days.\nDelays required to resolve invoice concerns should be fully documented in the payment eDoc.\nFinal Invoice or Invoice from Elevated Risk Subrecipient\nThe Office of Sponsored Programs (OSP) and Sponsored Financial Services (SFS) determine if asubaward or subrecipient is assessed as posing \u201celevated\u201d riskand notify the department research administrator\u00a0and PI of the risk determination and all actions required to manage this risk. (/resources/subawards-risk-assessment)\nNote:\u00a0A designation of \u201celevated risk\u201d is assigned following a review of subcontractor documentation related to financial status and financial management controls. A subcontractor will be deemed \u201celevated risk\u201d if it is determined that they lack essential controls and thus pose an increased risk for non-compliance with technical or administrative requirements of the award. The designation is provided to allow the PI, the department research administrator, OSP and SFS to use additional caution in monitoring and during the review of invoices to ensure that procedures and subcontract terms are followed.\nThe department research administrator receives the subaward invoices. The department research administrator and PI have responsibilities. Seedefinitions in the Roles and Responsibilities page. (/resources/subawards-roles-and-responsibilities)\nThe department research administrator\u00a0provides the PI (or formal technical designee*) a copy of the invoice, any supporting documentation, and review instructions.\nThe PI (or designee) must review**and approve or disapprove the payment, by signing the invoice, e-mail notification, or other written means.\nThe department research administrator must obtain and this documentation attach\u00a0it to the Disbursement Voucher (DV) eDoc when processed.\nAll Other Invoices (Not Final or Elevated Risk)\nThe department research administrator provides the PI (or formal technical designee*) a copy of the invoice, any supporting documentation, and review instructions.\nThe PI (or designee) must review the payment and notify the unit administrator withinthree business daysif there is any reason that the payment\u00a0should not\u00a0be made.\nIf no response is received by the department research administrator\u00a0within three business days it is presumed that PI has no concerns with the payment. The DV eDoc note field or invoice must include the notation \u201cPI notified, no issues communicated\u201d\u00a0or have attached any PI response.\n*The PI may designate an individual on their project team to provide the technical review and approval. A designee must have sufficient responsibility within the project (for example, research associate, lab manager), technical understanding, and knowledge of subrecipient requirements and performance. Department research administrators are normally not technically qualified to assume this responsibility. Delegation must be documented in writing, noted in the Account Expense Guideline Text in Kuali Financial System (with the authorization attached to the ACCT document), and with a copy retained by the department research administrator.\n**The purpose of PI review is to ensure that the subrecipient\u2019s technical progress is aligned with the amount of the specific and cumulative invoice.\u00a0 When approving the invoice the PI should be comfortable that:\nPerformance on the subaward as of the invoice date is satisfactory. If not, the PI should discuss this with the subrecipient.\nThe proportion of the overall subrecipient invoice is commensurate with the progress to date, or that the PI understands and agrees with a significant deviation. (For example,\u00a0it is reasonable if 10% of the subaward has been billed, and the work is 10% complete or if front-loaded costs such as equipment result in a 25% expended / 10% completed ratio. However, a project 10% complete and 50% billed may be cause for concern).\nAll required technical progress reports or deliverables have been received and reviewed.\nNote: the PI should contact OSP if a sufficient lack of progress or deliverables could negatively impact the project, or if there are other significant\u00a0 irregularities with the invoice.\nSample Invoices\n\nThe subrecipient shall submit invoices for payment as outlined in the terms and conditions of their subaward.\nAll subrecipientsshall certify on each invoice the costs are the actual costs as recorded in the subrecipient's records and as expended, or in accordance with a fixed price subaward, for the actual work performed per the agreement.\nFederally funded awardsshall have a certification equivalent to that required under\u00a02 CFR 200.415:\n[By signing this report, I certify to the best of my knowledge and belief that the report is true, complete, and accurate, and the expenditures, disbursements and cash receipts are for the purposes and objectives set forth in the terms and conditions of the Federal award. I am aware that any false, fictitious, or fraudulent information, or the omission of any material fact, may subject me to criminal, civil or administrative penalties for fraud, false statements, false claims or otherwise. (U.S. Code Title 18, Section 1001 and Title 31, Sections3729-3730and3801-3812)]. (tel:3729-3730, tel:3801-3812)\nAll invoices must be approved by an individual with payment authority on the award. Such approval asserts that the PI has performed their required review.\nIn order to be eligible for reimbursement, invoices shall be for allowable, approved costs incurred in accordance with the terms of the agreement and shall indicate expenses for reimbursement by budget category, identifying the total project costs, the reimbursable costs and the subrecipient\u2019s cost share pursuant to the submitted budget.\nAn authorized representative of the subrecipient shall certify on each invoice that the costs, including those requested for reimbursement and those shown as the subrecipient cost share, are the actual costs as recorded in subrecipient\u2019s records and as expended for the work actually performed in accordance with the terms of the subaward.\nProposing a Subaward (/resources/proposing-subaward)\nSubawards: Roles and Responsibilities (/resources/subawards-roles-and-responsibilities)\nIssuing the Subaward Agreement (/resources/issuing-subaward-agreement)\n\nAmendment to Subaward Agreements (/resources/amendment-subaward-agreements)\nSubaward Closeout (/resources/subaward-closeout)\nSubawards: Risk Assessment (/resources/subawards-risk-assessment)\nSubrecipient Monitoring: Financial and Technical (/resources/subrecipient-monitoring-financial-and-technical)\nFederal Demonstration Partnership (FDP) Expanded Clearinghouse Program (/resources/federal-demonstration-partnership-fdp-expanded-clearinghouse-program)\nSubcontractor Commitment Form (/forms/subcontractor-commitment-form)\nCollaborating with Weill Cornell Medicine (/process/collaborating-weill-cornell-medicine)\nQuick Reference\nRates (/rates)\nForms (/forms)\nPolicies (/policies)\nContacts (/contacts)\nTraining (/training)\nEvents (/events)\nNews & Announcements (/news)\n\u00a9 2019 Cornell University\nWeb Accessibility Help (mailto:rais-help@cornell.edu?subject=researchservices.cornell.edu%20site)"
}