{
    "URL location": "https://researchservices.cornell.edu/proposal/live-subjects-and-hazards",
    "Last modification date": "2022-04-14T15:58Z",
    "Change frequency": "never",
    "Priority": "0.5",
    "Scraped Text": "Find guidance on funding and agency updates during the federal government transition(updated 3/19/2025) (/federal-transition)\nEssential ToolsFind My GCORASSExternalInstitutional Profile & DUNSIACUC applications (Cayuse Animal Management)Find Your Next Funding OpportunityIBC Applications (RASS-IBC)Research Development (ReD) ServicesIRB Applications (RASS-IRB)ExternalRates and budgetsReport external interests (RASS-COI)Join List ServsRASS Access Request FormAsk EHSExternalWeb Financials (WebFin2)ExternalCornell Data ServicesExternalPI DashboardExternalTravel RegistryExternalResearch Financials (formerly RA Dashboard)ExternalInternational research activitiesExternalRegister for Federal and Non-Federal SystemsDisclose Foreign Collaborations and SupportResearch metrics & executive dashboardsTraining (/about/essential-tools, /gco, http://guide.rass.cornell.edu/, /resources/institutional-profile-duns-and-uei-numbers, /resources/submit-new-iacuc-protocol, /proposal/Find-Your-Next-Funding-Opportunity, /resources/ibc-application-submission-review-and-approval, /research-development, https://rass.cornell.edu/irb, /proposal/budget, /compliance/conflict-of-interest, /resources/research-mailing-lists-list-servs, /resources/get-access-financial-sponsored-projects-data, https://tdx.cornell.edu/TDClient/42/Portal/Requests/TicketRequests/NewForm?ID=q5sab44D6GI_, http://webfin2.cornell.edu/, https://data.research.cornell.edu/, https://pidash.cornell.edu, https://travelregistry.cornell.edu/, http://radash.cornell.edu/, https://navigate.cornell.edu, /resources/register-federal-and-non-federal-systems, /proposal/disclose-foreign-collaborations-and-support, /resources/research-metrics, /training)\nFind My GCO (/gco)\nRASSExternal (http://guide.rass.cornell.edu/)\nInstitutional Profile & DUNS (/resources/institutional-profile-duns-and-uei-numbers)\nIACUC applications (Cayuse Animal Management) (/resources/submit-new-iacuc-protocol)\nFind Your Next Funding Opportunity (/proposal/Find-Your-Next-Funding-Opportunity)\nIBC Applications (RASS-IBC) (/resources/ibc-application-submission-review-and-approval)\nResearch Development (ReD) Services (/research-development)\nIRB Applications (RASS-IRB)External (https://rass.cornell.edu/irb)\nRates and budgets (/proposal/budget)\nReport external interests (RASS-COI) (/compliance/conflict-of-interest)\nJoin List Servs (/resources/research-mailing-lists-list-servs)\nRASS Access Request Form (/resources/get-access-financial-sponsored-projects-data)\nAsk EHSExternal (https://tdx.cornell.edu/TDClient/42/Portal/Requests/TicketRequests/NewForm?ID=q5sab44D6GI_)\nWeb Financials (WebFin2)External (http://webfin2.cornell.edu/)\nCornell Data ServicesExternal (https://data.research.cornell.edu/)\nPI DashboardExternal (https://pidash.cornell.edu)\nTravel RegistryExternal (https://travelregistry.cornell.edu/)\nResearch Financials (formerly RA Dashboard)External (http://radash.cornell.edu/)\nInternational research activitiesExternal (https://navigate.cornell.edu)\nRegister for Federal and Non-Federal Systems (/resources/register-federal-and-non-federal-systems)\nDisclose Foreign Collaborations and Support (/proposal/disclose-foreign-collaborations-and-support)\nResearch metrics & executive dashboards (/resources/research-metrics)\nTraining (/training)\nSearch (/search)\nPlanning for Animals, Human Participants, r/sNA, Hazardous Materials, Radiation\nDeveloping a proposal that includes work with animals, human participants, recombinant or synthetic nucleic acid molecules (r/sNA), or hazardous materials (biological, chemical, or radiation) requires careful planning. It may require institutional approval;\u00a0may be regulated at the federal or state level;\u00a0or may require specialized infrastructure or controls.\nWork Requiring Institutional Committee or Office Approval\nFor research with animals, human participants, r/sNA, certain biological materials, and radiation, institutional approval will be required before funding can be released; in some cases, approval will be required even sooner (e.g., \"Just in Time\" requests). In general, we recommend you start work on your compliance protocolsat the proposal stage:\nIACUC protocol(live vertebrate animals) (/resources/submit-new-iacuc-protocol)\nIRB protocol(humans) (/resources/submit-or-manage-your-irb-protocol)\nIBC MUA(r/sNA or biohazards) (/resources/ibc-application-submission-review-and-approval)\nRadiation Safety approval (/compliance/research-safety)\nIf you are seeking NIH funding for amulti-site human participant research study, your project may require a Single IRB (\"sIRB\") Plan. Contact theIRB officewell in advance of submitting your proposal to discuss. (/resources/multi-site-and-collaborative-irb-research, /offices/IRB)\nSpecific Requirements for Hazardous Materials and Equipment\nThe purchase and use of certain types of materials and equipment may be regulated at the federal or state level or may necessitate specialized monitoring equipment, infrastructure, or controls. It is important to identify these requirements and the associated time and financial costs early in the planning process so they can be properly budgeted for and prevent a delay in starting your project.\nExamples include:\nRecombinant or synthetic nucleic acid molecules\nBiological agents classified as Risk Group 2, 3, and 4\nSelect agents and toxins\nRadioactive materials and radiation producing equipment\nClass 3B and 4 lasers\nMagnets\nControlled substances\nToxic and flammable gases\nChemicals with special storage or handling requirements (i.e. pyrophoric)\nEquipment with special ventilation requirements\nGet Help\nThe contacts and webpages listed here can provide you with guidance on the compliance and safety-related aspects of your proposed research:\nIACUC office;homepage for animal work (/offices/iacuc, /compliance/live-vertebrate-animal-research)\nIRB office;homepage for human research (/offices/IRB, /compliance/human-research)\nIBC office;homepage for work with r/sNA or biohazards (/offices/ibc, /compliance/rsna-or-biohazardous-research)\nEHS Research Safety office;homepage for research safety (mailto:askEHS@cornell.edu, /compliance/research-safety)\nDeadlines/Scheduling\nSome funding agencies, such as the DOE, require the completion of an environmental compliance questionnaire as part of the grant application process. Environment, Health and Safety (EHS) will assist with the completion of these questionnaires. Because some questionnaires are lengthy and complex, please allow five (5) days for completion. Submit the request for assistance viaaskEHSand include \u201cEnvironmental Certification\u201d in the subject line. (mailto:askEHS@cornell.edu)\nYou don't have to complete your research\u00a0protocol before submission of a funding proposal, but you should understand the process and requirements.Contact the appropriate compliance group (above)during or afterproposal submission. For some sponsors, the window to complete the protocol is short (e.g., the IACUC protocol deadline is short for NIH and USDA). If the campus group knows protocols are coming, it helps to keep things on schedule.In some cases, you and your staff may be required to complete trainingbeforeyou can begin work. Learn more about relevant training requirements in theCompliance, Ethics, Safetysection of this website. (/compliance)\nContact the appropriate compliance group (above)during or afterproposal submission. For some sponsors, the window to complete the protocol is short (e.g., the IACUC protocol deadline is short for NIH and USDA). If the campus group knows protocols are coming, it helps to keep things on schedule.\nIn some cases, you and your staff may be required to complete trainingbeforeyou can begin work. Learn more about relevant training requirements in theCompliance, Ethics, Safetysection of this website. (/compliance)\nStaff\nBe aware that personnel who work with select agents and irradiators require federal background checks.\nTraining is required for personnel who will work with animals, human participants, human biomaterials, or bloodborne pathogens. Learn more:IACUC (animal) trainingIRB (human) trainingIBC bloodborne pathogen training (/training/iacuc-education-and-training, /resources/irb-training, /training/bloodborne-pathogens)\nIACUC (animal) training (/training/iacuc-education-and-training)\nIRB (human) training (/resources/irb-training)\nIBC bloodborne pathogen training (/training/bloodborne-pathogens)\nDetailed information about working with animals, human participants, r/sNA, hazardous material, or radiation\u00a0is in theCompliance, Ethics, and Safety section. (/compliance)\nPrepare a Proposal (/proposal)\nQuick Reference\nRates (/rates)\nForms (/forms)\nPolicies (/policies)\nContacts (/contacts)\nTraining (/training)\nEvents (/events)\nNews & Announcements (/news)\n\u00a9 2019 Cornell University\nWeb Accessibility Help (mailto:rais-help@cornell.edu?subject=researchservices.cornell.edu%20site)"
}