{
    "URL location": "https://researchservices.cornell.edu/research-security",
    "Last modification date": "2024-09-18T14:19Z",
    "Change frequency": "yearly",
    "Priority": "0.5",
    "Scraped Text": "Find guidance on funding and agency updates during the federal government transition(updated 3/19/2025) (/federal-transition)\nEssential ToolsFind My GCORASSExternalInstitutional Profile & DUNSIACUC applications (Cayuse Animal Management)Find Your Next Funding OpportunityIBC Applications (RASS-IBC)Research Development (ReD) ServicesIRB Applications (RASS-IRB)ExternalRates and budgetsReport external interests (RASS-COI)Join List ServsRASS Access Request FormAsk EHSExternalWeb Financials (WebFin2)ExternalCornell Data ServicesExternalPI DashboardExternalTravel RegistryExternalResearch Financials (formerly RA Dashboard)ExternalInternational research activitiesExternalRegister for Federal and Non-Federal SystemsDisclose Foreign Collaborations and SupportResearch metrics & executive dashboardsTraining (/about/essential-tools, /gco, http://guide.rass.cornell.edu/, /resources/institutional-profile-duns-and-uei-numbers, /resources/submit-new-iacuc-protocol, /proposal/Find-Your-Next-Funding-Opportunity, /resources/ibc-application-submission-review-and-approval, /research-development, https://rass.cornell.edu/irb, /proposal/budget, /compliance/conflict-of-interest, /resources/research-mailing-lists-list-servs, /resources/get-access-financial-sponsored-projects-data, https://tdx.cornell.edu/TDClient/42/Portal/Requests/TicketRequests/NewForm?ID=q5sab44D6GI_, http://webfin2.cornell.edu/, https://data.research.cornell.edu/, https://pidash.cornell.edu, https://travelregistry.cornell.edu/, http://radash.cornell.edu/, https://navigate.cornell.edu, /resources/register-federal-and-non-federal-systems, /proposal/disclose-foreign-collaborations-and-support, /resources/research-metrics, /training)\nFind My GCO (/gco)\nRASSExternal (http://guide.rass.cornell.edu/)\nInstitutional Profile & DUNS (/resources/institutional-profile-duns-and-uei-numbers)\nIACUC applications (Cayuse Animal Management) (/resources/submit-new-iacuc-protocol)\nFind Your Next Funding Opportunity (/proposal/Find-Your-Next-Funding-Opportunity)\nIBC Applications (RASS-IBC) (/resources/ibc-application-submission-review-and-approval)\nResearch Development (ReD) Services (/research-development)\nIRB Applications (RASS-IRB)External (https://rass.cornell.edu/irb)\nRates and budgets (/proposal/budget)\nReport external interests (RASS-COI) (/compliance/conflict-of-interest)\nJoin List Servs (/resources/research-mailing-lists-list-servs)\nRASS Access Request Form (/resources/get-access-financial-sponsored-projects-data)\nAsk EHSExternal (https://tdx.cornell.edu/TDClient/42/Portal/Requests/TicketRequests/NewForm?ID=q5sab44D6GI_)\nWeb Financials (WebFin2)External (http://webfin2.cornell.edu/)\nCornell Data ServicesExternal (https://data.research.cornell.edu/)\nPI DashboardExternal (https://pidash.cornell.edu)\nTravel RegistryExternal (https://travelregistry.cornell.edu/)\nResearch Financials (formerly RA Dashboard)External (http://radash.cornell.edu/)\nInternational research activitiesExternal (https://navigate.cornell.edu)\nRegister for Federal and Non-Federal Systems (/resources/register-federal-and-non-federal-systems)\nDisclose Foreign Collaborations and Support (/proposal/disclose-foreign-collaborations-and-support)\nResearch metrics & executive dashboards (/resources/research-metrics)\nTraining (/training)\nSearch (/search)\nResearch Security\nUpdates from Federal Sponsors (/news/updates-federal-sponsors)\nAll Cornell-related international travel must be preregistered in theCornell International Travel Registry.Starting on November 1, 2024,international travel that is not preregistered will be classified as non-authorized andbusiness-related travel expenseswill not be reimbursed. The registration process is simple, crucial for your safety, and ensures compliance with federal requirements.See the full guidance on the Travel Registry page. (https://travelregistry.cornell.edu/, https://policy.cornell.edu/policy-library/travel-expenses, https://global.cornell.edu/statement/updated-travel-reimbursement-requirements)\nSince 2019, the federal government has imposed a series of research security regulations. The details about what these regulations require continue to evolve. Cornell partners with researchers to ensure that all activities are conducted compliantly. Topics relevant to research security include foreign talent programs; export controls considerations; proper and timely disclosures of outside activities, in-kind and other support, and foreign travel; data and cybersecurity; and others.\nCornell's Commitment to International Collaboration\nIt's important to remember that foreign nationals who are part of the Cornell community as faculty, staff, students, and postdocs are not the target of any of these changing regulations.NSPM-33 guidanceincludes many \"shoulds\" but there is one important \"must\": (/resources/nspm-33)\n\"It isessentialthat the policies and consequences must be appliedwithout discrimination in any way, including with respect to national origin or identity.\u201d\nEssentials at a Glance\nCornell faculty and staff should expect the following as part of our shared responsibilities to safeguard our work. Contact theResearch Security Officerwith questions. (/offices/research-security-office)\n\nCornell is well positioned to address evolving requirements and is looking forwarding to partnering with researchers to ensure all obligations are met.\nHow does Cornell partner with researchers to address federal requirements?\nStrives to be proactive\u2014smooths the way for effective compliance.\nActively monitors regulations. Consults with peers. Engages with professional associations.\nCollaborates internally across offices and areas of expertise (OVPIA, OVPRI, OSP, CTL, ORIA\u2026)\nImproves\u00a0Cornell policies as required and provides guidance on the Research Services website.\nCollects information from researchers using central systems to reduce burden as much as possible. (Conflict of Interest; RASS; etc.)\nScreens entities against restricted party lists.\nAlerts from RASS for sponsored projects, for example if a project involves an entity located in a foreign country of concern.\nResearch Security Office (/offices/research-security-office)\nExport Controls Office (/offices/export-controls-office)\nJoi Mindingall - Research Security | Export Control Officer (/contact/jmm793)\nCompliance, Ethics, Safety (/compliance)\nReport: Research Data Security Task Force (/resources/report-research-data-security-task-force)\nDrusilla Jaiah - Export Control Associate (/contact/dbj43)\nNational Security Presidential Memorandum-33 (NSPM-33) on Research Security (/resources/nspm-33)\nSponsored Projects: TikTok Restrictions (/resources/sponsored-projects-tiktok-restrictions)\nCU601: Responsible Conduct of Research and Research Security (/training/cu601-responsible-conduct-research-and-research-security)\nCHIPS and Science Act National Security Guardrails (/resources/chips-and-science-act-national-security-guardrails)\nResearch Security and Foreign Engagements: Helpful Resources (/resources/research-security-and-foreign-engagements-helpful-resources)\nQuick Reference\nRates (/rates)\nForms (/forms)\nPolicies (/policies)\nContacts (/contacts)\nTraining (/training)\nEvents (/events)\nNews & Announcements (/news)\n\u00a9 2019 Cornell University\nWeb Accessibility Help (mailto:rais-help@cornell.edu?subject=researchservices.cornell.edu%20site)"
}