{
    "URL location": "https://researchservices.cornell.edu/resources/research-continuity-planning-faq-ga-unionization",
    "Last modification date": "2025-03-18T19:51Z",
    "Change frequency": "hourly",
    "Priority": "0.5",
    "Scraped Text": "Find guidance on funding and agency updates during the federal government transition(updated 3/19/2025) (/federal-transition)\nEssential ToolsFind My GCORASSExternalInstitutional Profile & DUNSIACUC applications (Cayuse Animal Management)Find Your Next Funding OpportunityIBC Applications (RASS-IBC)Research Development (ReD) ServicesIRB Applications (RASS-IRB)ExternalRates and budgetsReport external interests (RASS-COI)Join List ServsRASS Access Request FormAsk EHSExternalWeb Financials (WebFin2)ExternalCornell Data ServicesExternalPI DashboardExternalTravel RegistryExternalResearch Financials (formerly RA Dashboard)ExternalInternational research activitiesExternalRegister for Federal and Non-Federal SystemsDisclose Foreign Collaborations and SupportResearch metrics & executive dashboardsTraining (/about/essential-tools, /gco, http://guide.rass.cornell.edu/, /resources/institutional-profile-duns-and-uei-numbers, /resources/submit-new-iacuc-protocol, /proposal/Find-Your-Next-Funding-Opportunity, /resources/ibc-application-submission-review-and-approval, /research-development, https://rass.cornell.edu/irb, /proposal/budget, /compliance/conflict-of-interest, /resources/research-mailing-lists-list-servs, /resources/get-access-financial-sponsored-projects-data, https://tdx.cornell.edu/TDClient/42/Portal/Requests/TicketRequests/NewForm?ID=q5sab44D6GI_, http://webfin2.cornell.edu/, https://data.research.cornell.edu/, https://pidash.cornell.edu, https://travelregistry.cornell.edu/, http://radash.cornell.edu/, https://navigate.cornell.edu, /resources/register-federal-and-non-federal-systems, /proposal/disclose-foreign-collaborations-and-support, /resources/research-metrics, /training)\nFind My GCO (/gco)\nRASSExternal (http://guide.rass.cornell.edu/)\nInstitutional Profile & DUNS (/resources/institutional-profile-duns-and-uei-numbers)\nIACUC applications (Cayuse Animal Management) (/resources/submit-new-iacuc-protocol)\nFind Your Next Funding Opportunity (/proposal/Find-Your-Next-Funding-Opportunity)\nIBC Applications (RASS-IBC) (/resources/ibc-application-submission-review-and-approval)\nResearch Development (ReD) Services (/research-development)\nIRB Applications (RASS-IRB)External (https://rass.cornell.edu/irb)\nRates and budgets (/proposal/budget)\nReport external interests (RASS-COI) (/compliance/conflict-of-interest)\nJoin List Servs (/resources/research-mailing-lists-list-servs)\nRASS Access Request Form (/resources/get-access-financial-sponsored-projects-data)\nAsk EHSExternal (https://tdx.cornell.edu/TDClient/42/Portal/Requests/TicketRequests/NewForm?ID=q5sab44D6GI_)\nWeb Financials (WebFin2)External (http://webfin2.cornell.edu/)\nCornell Data ServicesExternal (https://data.research.cornell.edu/)\nPI DashboardExternal (https://pidash.cornell.edu)\nTravel RegistryExternal (https://travelregistry.cornell.edu/)\nResearch Financials (formerly RA Dashboard)External (http://radash.cornell.edu/)\nInternational research activitiesExternal (https://navigate.cornell.edu)\nRegister for Federal and Non-Federal Systems (/resources/register-federal-and-non-federal-systems)\nDisclose Foreign Collaborations and Support (/proposal/disclose-foreign-collaborations-and-support)\nResearch metrics & executive dashboards (/resources/research-metrics)\nTraining (/training)\nSearch (/search)\nResearch Continuity Planning FAQ\nGraduate Assistant Unionization\nIn an election held November 6-8, 2023, eligible graduate assistants voted to approve the United Electrical, Radio & Machine Workers of America (UE) as their exclusive representative for the purposes of collective bargaining. The members of the bargaining unit are teaching assistants, graduate research assistants, research assistants, and graduate assistants at the Ithaca, Geneva, and Cornell Tech campuses.\nThe university hasbegunthe process of collective bargaining with the UE. (https://news.cornell.edu/stories/2024/04/contract-negotiations-begin-between-cornell-union-representing-graduate-assistants)\nThe university has assembled resources on theGraduate Assistant Unionization Update websiteto answer questions faculty and staff may have about unionization, the bargaining process, \u201cterms and conditions\u201d of employment, and related matters.\u00a0Below are selected FAQs relevant to research continuity planning. You can find the full list of FAQs at theGraduate Assistant Unionization Update website.Guidance on steps that faculty may take to support research continuity are available atResearch Continuity During Unexpected InteruptionsandFaculty Contingency Planning Resources. Faculty seeking additional advice may reach out by email tofaculty colleagues in Research & Innovation. (https://unionupdate.gradschool.cornell.edu/, https://unionupdate.gradschool.cornell.edu/, /news/research-continuity-during-unexpected-disruptions, https://unionupdate.gradschool.cornell.edu/welcome/strike-guidance-and-staffing/faculty-resources/, /offices/ovpr)\nFrequently Asked Questions\nHow many hours per week should graduate assistants devote to their studies? To their assistantship duties?\nAll graduate students in research degrees are considered to be full time students and are enrolled in 12 credits of coursework and/or research. By Cornell and New York state standards, 12 credits equates to 36 hours academic activity.\u00a0This is a baseline expectation. Of course, many students invest much more time into their own studies. Students should have full-time engagement in academic duties that are developmental for their own training as a scholar and in furtherance of a degree.\nWhen a full-time student holds an assistantship position, the time commitment is 15 hours per week on average, with no week to exceed 20 hours.\u00a0That rule is in place, in part, to ensure that students are not performing excessive service work for the university that slows their own degree progress.\nIf a graduate student in the RA, GRA or GA categories, who are funded by faculty grants, decide to strike and do not work on the grant during the strike, how should I complete the effort certification?\nIf the union calls a strike the university could stop pay unless an individual student elects to work.\u00a0Faculty PIs would not pay for work unless the student was confirmed to be working.\nIf a strike goes on longer than a month, for example, will faculty be allowed to reassign the research being done by the student to other people or is this considered retaliatory?\nManagers can reassign work during a strike, but there would likely be some obligation to shift work back to the striking employee once the strike is resolved.\nResearch Continuity During Unexpected Disruptions (/news/research-continuity-during-unexpected-disruptions)\nResearch & Innovation (/offices/ovpr)\nQuick Reference\nRates (/rates)\nForms (/forms)\nPolicies (/policies)\nContacts (/contacts)\nTraining (/training)\nEvents (/events)\nNews & Announcements (/news)\n\u00a9 2019 Cornell University\nWeb Accessibility Help (mailto:rais-help@cornell.edu?subject=researchservices.cornell.edu%20site)"
}