{
    "URL location": "https://researchservices.cornell.edu/manage/live-subjects-and-hazards",
    "Last modification date": "2024-09-16T14:49Z",
    "Change frequency": "yearly",
    "Priority": "0.5",
    "Scraped Text": "Find guidance on funding and agency updates during the federal government transition(updated 3/19/2025) (/federal-transition)\nEssential ToolsFind My GCORASSExternalInstitutional Profile & DUNSIACUC applications (Cayuse Animal Management)Find Your Next Funding OpportunityIBC Applications (RASS-IBC)Research Development (ReD) ServicesIRB Applications (RASS-IRB)ExternalRates and budgetsReport external interests (RASS-COI)Join List ServsRASS Access Request FormAsk EHSExternalWeb Financials (WebFin2)ExternalCornell Data ServicesExternalPI DashboardExternalTravel RegistryExternalResearch Financials (formerly RA Dashboard)ExternalInternational research activitiesExternalRegister for Federal and Non-Federal SystemsDisclose Foreign Collaborations and SupportResearch metrics & executive dashboardsTraining (/about/essential-tools, /gco, http://guide.rass.cornell.edu/, /resources/institutional-profile-duns-and-uei-numbers, /resources/submit-new-iacuc-protocol, /proposal/Find-Your-Next-Funding-Opportunity, /resources/ibc-application-submission-review-and-approval, /research-development, https://rass.cornell.edu/irb, /proposal/budget, /compliance/conflict-of-interest, /resources/research-mailing-lists-list-servs, /resources/get-access-financial-sponsored-projects-data, https://tdx.cornell.edu/TDClient/42/Portal/Requests/TicketRequests/NewForm?ID=q5sab44D6GI_, http://webfin2.cornell.edu/, https://data.research.cornell.edu/, https://pidash.cornell.edu, https://travelregistry.cornell.edu/, http://radash.cornell.edu/, https://navigate.cornell.edu, /resources/register-federal-and-non-federal-systems, /proposal/disclose-foreign-collaborations-and-support, /resources/research-metrics, /training)\nFind My GCO (/gco)\nRASSExternal (http://guide.rass.cornell.edu/)\nInstitutional Profile & DUNS (/resources/institutional-profile-duns-and-uei-numbers)\nIACUC applications (Cayuse Animal Management) (/resources/submit-new-iacuc-protocol)\nFind Your Next Funding Opportunity (/proposal/Find-Your-Next-Funding-Opportunity)\nIBC Applications (RASS-IBC) (/resources/ibc-application-submission-review-and-approval)\nResearch Development (ReD) Services (/research-development)\nIRB Applications (RASS-IRB)External (https://rass.cornell.edu/irb)\nRates and budgets (/proposal/budget)\nReport external interests (RASS-COI) (/compliance/conflict-of-interest)\nJoin List Servs (/resources/research-mailing-lists-list-servs)\nRASS Access Request Form (/resources/get-access-financial-sponsored-projects-data)\nAsk EHSExternal (https://tdx.cornell.edu/TDClient/42/Portal/Requests/TicketRequests/NewForm?ID=q5sab44D6GI_)\nWeb Financials (WebFin2)External (http://webfin2.cornell.edu/)\nCornell Data ServicesExternal (https://data.research.cornell.edu/)\nPI DashboardExternal (https://pidash.cornell.edu)\nTravel RegistryExternal (https://travelregistry.cornell.edu/)\nResearch Financials (formerly RA Dashboard)External (http://radash.cornell.edu/)\nInternational research activitiesExternal (https://navigate.cornell.edu)\nRegister for Federal and Non-Federal Systems (/resources/register-federal-and-non-federal-systems)\nDisclose Foreign Collaborations and Support (/proposal/disclose-foreign-collaborations-and-support)\nResearch metrics & executive dashboards (/resources/research-metrics)\nTraining (/training)\nSearch (/search)\nManaging Projects with Animals, Human Participants, r/sNA, Hazardous Materials, Radiation\nProjects involving work with animals, human participants, recombinant or synthetic nucleic acid molecules (r/sNA), or hazardous materials (biological, chemical, or radiation) require ongoing maintenance: amendment approvals for any changes to the project, and continuing approvals (\"renewals\") for certain types of projects.\nManaging Your Protocol\nGet Help\nYour research administrator or departmental admin should be your first stop if you have questions.\nLive vertebrate animals:CARE staffprovide\u00a0you with high-quality veterinary care, consultations and training on animal use, including experimental design and protocol development.ACUPSprovide standard operating procedures.IACUC staffcan provide guidance on management of an IACUC protocol; you can also visit ourhomepage. (https://researchsupport.cornell.edu/resources/care-staff, /resources/animal-users-policies-and-procedures-archive, /offices/iacuc, /compliance/live-vertebrate-animal-research)\nCARE staffprovide\u00a0you with high-quality veterinary care, consultations and training on animal use, including experimental design and protocol development.ACUPSprovide standard operating procedures. (https://researchsupport.cornell.edu/resources/care-staff, /resources/animal-users-policies-and-procedures-archive)\nIACUC staffcan provide guidance on management of an IACUC protocol; you can also visit ourhomepage. (/offices/iacuc, /compliance/live-vertebrate-animal-research)\nr/sNA or Biohazardous Materials:IBC staffcan provide assistance with questions concerning an IBC MUA; you can also visit ourhomepage. (/offices/ibc, /compliance/rsna-or-biohazardous-research)\nHuman Participants:IRB staffcan provide help with questions and modifications to an IRB protocol; you can also visit ourhomepage. (/offices/IRB, /compliance/human-research)\nRadiation Safety:EHS staffcan provide help with questions related to your radioactive material permit; you can also visit ourhomepage. (mailto: radiation-safety@cornell.edu, /compliance/research-safety)\nAmendments to Protocols\nLive Vertebrate Animals (IACUC).Changes to an IACUC protocol\u2014including research personnel, change in facility, addition of a species, increase in animal numbers, addition of surgical and non-surgical procedures, etc.\u2014require an amendment.Learn moreabout the IACUC amendment process, orlog-into the system (Cayuse Animal Management System). (/node/6026, https://cornell.esirius.cayuse.com/, https://cornell.esirius.cayuse.com/)\nr/sNA or Biohazardous Materials (IBC).Certain changes to an IBC MUA\u2014including adding or removing personnel, change in facility, new vectors, new sources, etc.\u2014require an amendment.Learn moreabout the IBC amendment process, or login toRASS-IBC. (/node/5881, https://guide.rass.cornell.edu/institutional-biosafety-committee-ibc/)\nHuman Participants (IRB).Changes to your IRB protocol\u2014including research personnel, change in study population, addition of procedures and surveys, change in funding source, etc.\u2014require an amendment.Learn moreabout the IRB amendment process, orfill out an IRB amendment form. (/node/4656, /forms/irb-amendment-form)\nRadioactive Material Permit.The radioactive material permit issued by the Radiation Safety Committee includes conditions that authorizes and reflects the permit holder's use needs at the time of issuance. Changes to these\u00a0conditions require an amendment to the permit. Refer to the Permit Amendment Process\u00a0in theRadiation Safety Manualfor more information. (https://ehs.cornell.edu/system/files/private/resource-files/radiation_safety_manual.pdf)\nContinuing Approval (Renewals)\nCertain protocols must be renewed on a regular (annual or triennial) schedule. If this is the case for your approved project, you will\u00a0receive notification\u00a0of the upcoming review. It's your responsibility to submit the renewal request with sufficient time for the protocol office or committee to review by the expiration date. Learn more about review timelines in theCompliance, Ethics, Safetysection of this website. (/compliance)\nRequired Training and Training Updates\nMost compliance protocols require some sort of training, which needs to be updated on a recurring basis. You will receive a notice from the training program (or compliance office) to alert you to an expiring training.\nManaging Work with Hazardous Materials\nManaging safety in the laboratory is an integral and ongoing part of a successful research project. Proper management of hazards\u00a0reduces the potential for incidents that may negatively impact you, your staff, or your research, such as an\u00a0injury or illness, damage or destruction of research materials or data, a short term or long term loss of part or all of a facility, and/or a regulatory violation or fine.\nThe proper management of hazardous materials and equipment involves:\nUnderstanding and meeting regulatory and institutional requirements for working with hazardous materials and equipment.\nTraining to provide researchers with the knowledge and skills needed to safely perform their work.\nRisk assessments for new hazardous materials, processes, or equipment.\nControls to minimize risks. Examples of controls include fume hoods, biological safety cabinets, interlock systems, signage, and personal protective equipment.\nProper disposal of hazardous waste.\nHazardous Materials Guidance\nGuidance for managing work with hazardous materials can be found on theResearch Safety webpageor you canrequest assistance via askEHS. (https://ehs.cornell.edu/research-safety, https://ehs.cornell.edu/about-us/contact-us/askehs)\nFor more information on any of the topics on this page, see theCompliance, Ethics, Safety section. (/compliance)\nManage a Project (/manage)\nQuick Reference\nRates (/rates)\nForms (/forms)\nPolicies (/policies)\nContacts (/contacts)\nTraining (/training)\nEvents (/events)\nNews & Announcements (/news)\n\u00a9 2019 Cornell University\nWeb Accessibility Help (mailto:rais-help@cornell.edu?subject=researchservices.cornell.edu%20site)"
}