{
    "URL location": "https://researchservices.cornell.edu/resources/report-concern-involving-human-participant-research",
    "Last modification date": "2023-03-17T16:54Z",
    "Change frequency": "never",
    "Priority": "0.5",
    "Scraped Text": "Find guidance on funding and agency updates during the federal government transition(updated 3/19/2025) (/federal-transition)\nEssential ToolsFind My GCORASSExternalInstitutional Profile & DUNSIACUC applications (Cayuse Animal Management)Find Your Next Funding OpportunityIBC Applications (RASS-IBC)Research Development (ReD) ServicesIRB Applications (RASS-IRB)ExternalRates and budgetsReport external interests (RASS-COI)Join List ServsRASS Access Request FormAsk EHSExternalWeb Financials (WebFin2)ExternalCornell Data ServicesExternalPI DashboardExternalTravel RegistryExternalResearch Financials (formerly RA Dashboard)ExternalInternational research activitiesExternalRegister for Federal and Non-Federal SystemsDisclose Foreign Collaborations and SupportResearch metrics & executive dashboardsTraining (/about/essential-tools, /gco, http://guide.rass.cornell.edu/, /resources/institutional-profile-duns-and-uei-numbers, /resources/submit-new-iacuc-protocol, /proposal/Find-Your-Next-Funding-Opportunity, /resources/ibc-application-submission-review-and-approval, /research-development, https://rass.cornell.edu/irb, /proposal/budget, /compliance/conflict-of-interest, /resources/research-mailing-lists-list-servs, /resources/get-access-financial-sponsored-projects-data, https://tdx.cornell.edu/TDClient/42/Portal/Requests/TicketRequests/NewForm?ID=q5sab44D6GI_, http://webfin2.cornell.edu/, https://data.research.cornell.edu/, https://pidash.cornell.edu, https://travelregistry.cornell.edu/, http://radash.cornell.edu/, https://navigate.cornell.edu, /resources/register-federal-and-non-federal-systems, /proposal/disclose-foreign-collaborations-and-support, /resources/research-metrics, /training)\nFind My GCO (/gco)\nRASSExternal (http://guide.rass.cornell.edu/)\nInstitutional Profile & DUNS (/resources/institutional-profile-duns-and-uei-numbers)\nIACUC applications (Cayuse Animal Management) (/resources/submit-new-iacuc-protocol)\nFind Your Next Funding Opportunity (/proposal/Find-Your-Next-Funding-Opportunity)\nIBC Applications (RASS-IBC) (/resources/ibc-application-submission-review-and-approval)\nResearch Development (ReD) Services (/research-development)\nIRB Applications (RASS-IRB)External (https://rass.cornell.edu/irb)\nRates and budgets (/proposal/budget)\nReport external interests (RASS-COI) (/compliance/conflict-of-interest)\nJoin List Servs (/resources/research-mailing-lists-list-servs)\nRASS Access Request Form (/resources/get-access-financial-sponsored-projects-data)\nAsk EHSExternal (https://tdx.cornell.edu/TDClient/42/Portal/Requests/TicketRequests/NewForm?ID=q5sab44D6GI_)\nWeb Financials (WebFin2)External (http://webfin2.cornell.edu/)\nCornell Data ServicesExternal (https://data.research.cornell.edu/)\nPI DashboardExternal (https://pidash.cornell.edu)\nTravel RegistryExternal (https://travelregistry.cornell.edu/)\nResearch Financials (formerly RA Dashboard)External (http://radash.cornell.edu/)\nInternational research activitiesExternal (https://navigate.cornell.edu)\nRegister for Federal and Non-Federal Systems (/resources/register-federal-and-non-federal-systems)\nDisclose Foreign Collaborations and Support (/proposal/disclose-foreign-collaborations-and-support)\nResearch metrics & executive dashboards (/resources/research-metrics)\nTraining (/training)\nSearch (/search)\nReport a Concern Involving Human Participant Research\nUPDATED February 1, 2023\nNIH Data Management and Sharing Policy Update:Learn morehere.TRAINING UPDATE:Effective October 1, 2022, all Cornell study personnel involved in Exempt research protocols are now required to complete CITI training in human participant research ethics.See detailshere. For more information about Cornell IRB training requirements, visit theIRB Training webpage. (/news/nih-policy-change-new-data-management-and-sharing-policy, /news/irb-news-new-training-requirement-exempt-research, /resources/irb-training)\nThis page containsinformationfor researchers and research participants on how and when to report something unexpected in connection with a Cornell research project involving human participants.\nFor Researchers - how and when to report a protocol deviation or unexpected event\nReporting an Unanticipated Problem/Adverse Event\nPrincipal Investigators (PIs) must promptly report to the IRB anyinjuries or other unanticipated problems involving risks to human participants or othersthat occur in connection with a Cornell research project. An unanticipated problem involving risk to human participants or others is one that: (1) was unforeseen at the time of its occurrence, and (2) indicates that participants or others are at an increased risk of harm. One type of unanticipated problem is an \"adverse event,\" referring to an instance where a participant is harmed in the course of participating in the research.\nThe IRB staff encourages researchers to report such problems as soon as possible. As soon as possible the PI shouldfill out an Adverse Event reporton their RASS-IRB protocol. When in doubt about whether and what information to report to the IRB, please discuss the issue with a member of theIRB staff. (https://guide.rass.cornell.edu/institutional-review-board-for-human-participant-research/submit-an-adverse-event/, /offices/IRB)\nReporting a Protocol Deviation\nA protocol deviation (also referred to as protocol \"noncompliance\") occurs whenresearch involving human participants is conducted in a manner that disregards or violates federal regulations,the policies or procedures of the Cornell IRB, or a research protocol as it was approved or exempted by the Cornell IRB or IRB staff. Even in the absence of any ill intent, an unapproved or otherwise noncompliant research activity may place a research participant at unnecessary risk.\nThe IRB may become aware of information indicating noncompliance from a participant, researcher, Cornell employee, or member of the public; from the interpretation of information received during the protocol submission and review process; from the findings of a random or for-cause audit or other quality control activities; or from the PI or member of the research team directly. Depending on the facts and circumstances, the IRB may require the PI toreport the Protocol Deviationin RASS-IRB. (https://guide.rass.cornell.edu/institutional-review-board-for-human-participant-research/submit-a-protocol-deviation/)\nSee SOPs4and5for detailed information on Cornell IRB policy and procedure related to protocol deviation andunanticipated problems (https://researchservices.cornell.edu/policies/irb-policy-4-reporting-unanticipatedadverse-events, https://researchservices.cornell.edu/policies/irb-policy-5-managing-noncompliance)\nFor Research Participants - Report a study concern or ask about your rights\nThe foremost concern of the Cornell IRB isensuring the safety, rights and welfare of all persons participating in research projectsbeing undertaken by Cornell faculty, staff and students, whether conducted online, in person at Cornell, or at another location or institution.\nTo resolve a minor issue with a study, it is often best to communicate directly with the research team. You may get in touch with the Principal Investigator for the study using the contact information given during the informed consent process.\nIf your concern is more grave, or if you prefer to have a third party work with you to investigate and resolve your complaint, contact theIRB office. Please include enough information so that the IRB staff can conduct an investigation and take appropriate action. The title of the study in question and name of the researcher with whom you worked are key information that the IRB will need from you. (https://researchservices.cornell.edu/offices/IRB)\nBy phone:\nContactMyles Gideon, IRB Manager, Office of Research Integrity and Assurance (https://researchservices.cornell.edu/contacts/myles-gideon-mls-irb-manager)\nBy email:\nWrite to the IRB atirbhp@cornell.edu (mailto:%20irbhp@cornell.edu)\nAnonymously:\nUse the Cornell hotline (1-866-293-3077) oronline site, both of which are administered by an independent company called EthicsPoint, which protects your anonymity. (https://secure.ethicspoint.com/domain/en/report_custom.asp?clientid=6357)\nEthicsPoint: Cornell Ethical Conduct and Compliance Hotline (https://secure.ethicspoint.com/domain/en/report_custom.asp?clientid=6357)\nInstitutional Review Board for Human Participant Research (IRB) Office (/offices/IRB)\nAbout the IRB Committee (/resources/about-irb-committee)\nThe Life Cycle of an IRB Protocol (/resources/life-cycle-irb-protocol)\nIRB Announcements & Newsletters (/resources/irb-announcements-newsletters)\nResearch with Human Participants (/compliance/human-research)\nIRB Informed Consent (/resources/irb-informed-consent)\nIRB Training (/resources/irb-training)\nIRB Considerations: Human Participant Data, Data Sets and Internet Research (/resources/human-participant-data)\nIRB Biomedical Research (/resources/irb-biomedical-research)\nIRB Considerations for International Research (/resources/irb-considerations-international-research)\nQuick Reference\nRates (/rates)\nForms (/forms)\nPolicies (/policies)\nContacts (/contacts)\nTraining (/training)\nEvents (/events)\nNews & Announcements (/news)\n\u00a9 2019 Cornell University\nWeb Accessibility Help (mailto:rais-help@cornell.edu?subject=researchservices.cornell.edu%20site)"
}