{
    "URL location": "https://researchservices.cornell.edu/compliance/rcr",
    "Last modification date": "2024-09-11T02:44Z",
    "Change frequency": "yearly",
    "Priority": "0.5",
    "Scraped Text": "Find guidance on funding and agency updates during the federal government transition(updated 3/19/2025) (/federal-transition)\nEssential ToolsFind My GCORASSExternalInstitutional Profile & DUNSIACUC applications (Cayuse Animal Management)Find Your Next Funding OpportunityIBC Applications (RASS-IBC)Research Development (ReD) ServicesIRB Applications (RASS-IRB)ExternalRates and budgetsReport external interests (RASS-COI)Join List ServsRASS Access Request FormAsk EHSExternalWeb Financials (WebFin2)ExternalCornell Data ServicesExternalPI DashboardExternalTravel RegistryExternalResearch Financials (formerly RA Dashboard)ExternalInternational research activitiesExternalRegister for Federal and Non-Federal SystemsDisclose Foreign Collaborations and SupportResearch metrics & executive dashboardsTraining (/about/essential-tools, /gco, http://guide.rass.cornell.edu/, /resources/institutional-profile-duns-and-uei-numbers, /resources/submit-new-iacuc-protocol, /proposal/Find-Your-Next-Funding-Opportunity, /resources/ibc-application-submission-review-and-approval, /research-development, https://rass.cornell.edu/irb, /proposal/budget, /compliance/conflict-of-interest, /resources/research-mailing-lists-list-servs, /resources/get-access-financial-sponsored-projects-data, https://tdx.cornell.edu/TDClient/42/Portal/Requests/TicketRequests/NewForm?ID=q5sab44D6GI_, http://webfin2.cornell.edu/, https://data.research.cornell.edu/, https://pidash.cornell.edu, https://travelregistry.cornell.edu/, http://radash.cornell.edu/, https://navigate.cornell.edu, /resources/register-federal-and-non-federal-systems, /proposal/disclose-foreign-collaborations-and-support, /resources/research-metrics, /training)\nFind My GCO (/gco)\nRASSExternal (http://guide.rass.cornell.edu/)\nInstitutional Profile & DUNS (/resources/institutional-profile-duns-and-uei-numbers)\nIACUC applications (Cayuse Animal Management) (/resources/submit-new-iacuc-protocol)\nFind Your Next Funding Opportunity (/proposal/Find-Your-Next-Funding-Opportunity)\nIBC Applications (RASS-IBC) (/resources/ibc-application-submission-review-and-approval)\nResearch Development (ReD) Services (/research-development)\nIRB Applications (RASS-IRB)External (https://rass.cornell.edu/irb)\nRates and budgets (/proposal/budget)\nReport external interests (RASS-COI) (/compliance/conflict-of-interest)\nJoin List Servs (/resources/research-mailing-lists-list-servs)\nRASS Access Request Form (/resources/get-access-financial-sponsored-projects-data)\nAsk EHSExternal (https://tdx.cornell.edu/TDClient/42/Portal/Requests/TicketRequests/NewForm?ID=q5sab44D6GI_)\nWeb Financials (WebFin2)External (http://webfin2.cornell.edu/)\nCornell Data ServicesExternal (https://data.research.cornell.edu/)\nPI DashboardExternal (https://pidash.cornell.edu)\nTravel RegistryExternal (https://travelregistry.cornell.edu/)\nResearch Financials (formerly RA Dashboard)External (http://radash.cornell.edu/)\nInternational research activitiesExternal (https://navigate.cornell.edu)\nRegister for Federal and Non-Federal Systems (/resources/register-federal-and-non-federal-systems)\nDisclose Foreign Collaborations and Support (/proposal/disclose-foreign-collaborations-and-support)\nResearch metrics & executive dashboards (/resources/research-metrics)\nTraining (/training)\nSearch (/search)\nResponsible Conduct of Research (RCR)\nResearch Integrity at Cornell\nResponsible Conduct of Research (RCR) Office (/offices/rcr)\nCornell provides an online training course on Responsible and Ethical Conduct of Research and Research Security. This course meets all current federal requirements for Research Security training as well as those for Responsible Conduct of Research training*. This training is a requirement of anyone who is named or paid on sponsored funds, and can be found here:CU601 - Responsible and Ethical Conduct of Research and Research Security. (https://nam12.safelinks.protection.outlook.com/?url=https%3A%2F%2Fcornell.sabacloud.com%2FSaba%2FWeb_spf%2FNA1PRD0089%2Fcommon%2Fledetail%2F0000123507%2Flatestversion&data=05%7C02%7Cdp462%40cornell.edu%7C105b49254935417cedc208dcc14a4583%7C5d7e43661b9b45cf8e79b14b27df46e1%7C0%7C0%7C638597771967550935%7CUnknown%7CTWFpbGZsb3d8eyJWIjoiMC4wLjAwMDAiLCJQIjoiV2luMzIiLCJBTiI6Ik1haWwiLCJXVCI6Mn0%3D%7C0%7C%7C%7C&sdata=NkVRrMxYn5xpdkBZHCc1MtraOp5cigg0f6Zg%2F4I8nzs%3D&reserved=0)\n*Please note that additional training requirements still apply for those researchers who work with animals or human subjects.\nThe integrity of research conducted at Cornell University is of the utmost importance to the institution, as well as to the public and our research sponsors. Our training and education program in Responsible Conduct of Research (RCR) is designed to meet the university's commitment to promoting and supporting the ethical and responsible conduct of research across all disciplines. It is also designed to meet the regulatory requirements set by NSF, NIH, and USDA-NIFA for funded research.\nCornell's Responsible Conduct of Research (RCR) program demonstrates this commitment by providing the following services to researchers across the campus:\nOnline Training on RCR and Research Security (CU601): Cornell providesonline RCR training, which isrequiredfor all individuals who are named or paid on sponsored funds. (https://nam12.safelinks.protection.outlook.com/?url=https%3A%2F%2Fresearchservices.cornell.edu%2Ftraining%2Fcu601-responsible-conduct-research-and-research-security&data=05%7C02%7Cdp462%40cornell.edu%7C105b49254935417cedc208dcc14a4583%7C5d7e43661b9b45cf8e79b14b27df46e1%7C0%7C0%7C638597771967537366%7CUnknown%7CTWFpbGZsb3d8eyJWIjoiMC4wLjAwMDAiLCJQIjoiV2luMzIiLCJBTiI6Ik1haWwiLCJXVCI6Mn0%3D%7C0%7C%7C%7C&sdata=2X35cKnJ6D7ZeTIfGHbDQon3Qfv2%2B3irK%2F%2FH4o4Olns%3D&reserved=0)\nCompliance with Sponsor RCR Requirements: RCR and OSP staff collaborate to ensure that Cornell researchers funded by NIH, NSF, or USDA-NIFA are in compliance with sponsor RCR requirements. Learn morehere. (/resources/rcr-requirements-research-awards)\nRCR Resources: The RCR office compiles and sharescase studies and other discussion materialson topics such as plagiarism, mentoring, research misconduct, and rigor and reproducibility. Anyone is welcome to use these materials in their classrooms or labs. We can also help develop new educational materials specific to your discipline; contactour officeif you would like to learn more. (/resources/responsible-conduct-research-rcr-topics-and-case-studies, /offices/rcr)\n\"Face-to-face\" RCR Training:The RCR office co-hosts workshops and symposia throughout the year, including the annual Spring RCR Symposium (which is open to everyone, and assists in meeting the in-person training requirements of NIH training grants). Additionally, faculty are encouraged to host their own RCR trainings, discussions, and workshops in their labs, and may reach out to the RCR office for help withcontent. (https://researchservices.cornell.edu/resources/responsible-conduct-research-rcr-symposium-and-workshop)\nAdditional RCR Training: Cornell provides online RCR training through theCollaborative Institutional Training Initiative (CITI), which is available to Cornell faculty, staff, and students.Training completion recordsare also available to document compliance, when needed. (/training/citi-online-courses-cornell-researchers-coi-irb-rcr-export-control, https://oria.cornell.edu/rcr/lookup/foundational/index.cfm)\nUniversity Policy 1.2, Research Integrity (https://policy.cornell.edu/policy-library/research-integrity)\nUniversity Policy 4.21, Research Data Retention (https://policy.cornell.edu/policy-library/research-data-retention)\nCompliance, Ethics, Safety (/compliance)\nThe Research Integrity Council (/resources/research-integrity-council)\nResponsible Conduct of Research Committee (RCRC) (/resources/responsible-conduct-research-committee-rcrc)\nResearch Data Retention (/resources/research-data-retention)\nResponsible Conduct of Research (RCR) Topics and Case Studies (/resources/responsible-conduct-research-rcr-topics-and-case-studies)\nRCR Requirements for Research Awards (/resources/rcr-requirements-research-awards)\nNIH Training Grant Requirement: RCR Symposium Summary (/resources/nih-training-grant-requirement-rcr-symposium-summary)\nResponsible Conduct of Research (RCR) Symposium and Workshop (/resources/responsible-conduct-research-rcr-symposium-and-workshop)\nResearch Integrity (/resources/research-integrity)\nQuick Reference\nRates (/rates)\nForms (/forms)\nPolicies (/policies)\nContacts (/contacts)\nTraining (/training)\nEvents (/events)\nNews & Announcements (/news)\n\u00a9 2019 Cornell University\nWeb Accessibility Help (mailto:rais-help@cornell.edu?subject=researchservices.cornell.edu%20site)"
}