{
    "URL location": "https://researchservices.cornell.edu/resources/research-data-access-update-cornell-research-community",
    "Last modification date": "2025-03-07T23:58Z",
    "Change frequency": "weekly",
    "Priority": "0.5",
    "Scraped Text": "Find guidance on funding and agency updates during the federal government transition(updated 3/19/2025) (/federal-transition)\nEssential ToolsFind My GCORASSExternalInstitutional Profile & DUNSIACUC applications (Cayuse Animal Management)Find Your Next Funding OpportunityIBC Applications (RASS-IBC)Research Development (ReD) ServicesIRB Applications (RASS-IRB)ExternalRates and budgetsReport external interests (RASS-COI)Join List ServsRASS Access Request FormAsk EHSExternalWeb Financials (WebFin2)ExternalCornell Data ServicesExternalPI DashboardExternalTravel RegistryExternalResearch Financials (formerly RA Dashboard)ExternalInternational research activitiesExternalRegister for Federal and Non-Federal SystemsDisclose Foreign Collaborations and SupportResearch metrics & executive dashboardsTraining (/about/essential-tools, /gco, http://guide.rass.cornell.edu/, /resources/institutional-profile-duns-and-uei-numbers, /resources/submit-new-iacuc-protocol, /proposal/Find-Your-Next-Funding-Opportunity, /resources/ibc-application-submission-review-and-approval, /research-development, https://rass.cornell.edu/irb, /proposal/budget, /compliance/conflict-of-interest, /resources/research-mailing-lists-list-servs, /resources/get-access-financial-sponsored-projects-data, https://tdx.cornell.edu/TDClient/42/Portal/Requests/TicketRequests/NewForm?ID=q5sab44D6GI_, http://webfin2.cornell.edu/, https://data.research.cornell.edu/, https://pidash.cornell.edu, https://travelregistry.cornell.edu/, http://radash.cornell.edu/, https://navigate.cornell.edu, /resources/register-federal-and-non-federal-systems, /proposal/disclose-foreign-collaborations-and-support, /resources/research-metrics, /training)\nFind My GCO (/gco)\nRASSExternal (http://guide.rass.cornell.edu/)\nInstitutional Profile & DUNS (/resources/institutional-profile-duns-and-uei-numbers)\nIACUC applications (Cayuse Animal Management) (/resources/submit-new-iacuc-protocol)\nFind Your Next Funding Opportunity (/proposal/Find-Your-Next-Funding-Opportunity)\nIBC Applications (RASS-IBC) (/resources/ibc-application-submission-review-and-approval)\nResearch Development (ReD) Services (/research-development)\nIRB Applications (RASS-IRB)External (https://rass.cornell.edu/irb)\nRates and budgets (/proposal/budget)\nReport external interests (RASS-COI) (/compliance/conflict-of-interest)\nJoin List Servs (/resources/research-mailing-lists-list-servs)\nRASS Access Request Form (/resources/get-access-financial-sponsored-projects-data)\nAsk EHSExternal (https://tdx.cornell.edu/TDClient/42/Portal/Requests/TicketRequests/NewForm?ID=q5sab44D6GI_)\nWeb Financials (WebFin2)External (http://webfin2.cornell.edu/)\nCornell Data ServicesExternal (https://data.research.cornell.edu/)\nPI DashboardExternal (https://pidash.cornell.edu)\nTravel RegistryExternal (https://travelregistry.cornell.edu/)\nResearch Financials (formerly RA Dashboard)External (http://radash.cornell.edu/)\nInternational research activitiesExternal (https://navigate.cornell.edu)\nRegister for Federal and Non-Federal Systems (/resources/register-federal-and-non-federal-systems)\nDisclose Foreign Collaborations and Support (/proposal/disclose-foreign-collaborations-and-support)\nResearch metrics & executive dashboards (/resources/research-metrics)\nTraining (/training)\nSearch (/search)\nResearch Data Access Update for the Cornell Research Community\nChanges and interruptions in access to several federal data sources previously available for public use and research purposes have been noted.\nUniversity Researchers have long relied upon publicly accessible federal research data. Several government websites and pages have been taken down, rendering some critical research data inaccessible to university researchers.\nActions to Take*\nIf you have encountered changes to access to federal data for research, please share that awareness withresearchimpact@cornell.edu. (mailto:researchimpact@cornell.edu)\nFor those relying on federal datasets and reports for research and other work, it is recommended that you archive any essential data locally. Note that this local archiving must be done in a manner appropriate for those data, and in accordance withCornell\u2019s policy 4.21 on research data. (https://policy.cornell.edu/policy-library/research-data-retention)\nResources (see FAQs):The Roper Center for Public Opinion Research, hosted at Cornell, provides a repository of public opinion data and is a partner to Cornell researchers in collecting, preserving, and disseminating public opinion data. Cornell researchers are encouraged to check the Roper Center repository if they have questions about specific data resources.For the past five presidential terms, a collaborative effort called theEnd of Term Web Archivehas preserved content on United States government websites at the end of a presidential administration, using the Wayback Machine. (https://ropercenter.cornell.edu/, https://eotarchive.org/)\nThe Roper Center for Public Opinion Research, hosted at Cornell, provides a repository of public opinion data and is a partner to Cornell researchers in collecting, preserving, and disseminating public opinion data. Cornell researchers are encouraged to check the Roper Center repository if they have questions about specific data resources. (https://ropercenter.cornell.edu/)\nFor the past five presidential terms, a collaborative effort called theEnd of Term Web Archivehas preserved content on United States government websites at the end of a presidential administration, using the Wayback Machine. (https://eotarchive.org/)\n*Important note: This information is applicable to publicly available federal research data. Datasets carrying Terms of Use (TOUs) or End User Licensing Agreements (EULAs) are beyond the scope of this bulletin.\nFAQs\nWhy do I need to save federal research data locally in a secure location?At the direction of the Trump Administration, the Centers for Disease Control and Prevention (CDC) and the U.S. Department of Health and Human Services (DHHS) and its agencies are removing from their websites information and data on a broad array of subject matter related to certain administration executive orders.What websites and pages were affected as of Friday evening, Jan 31, 2025?Items removed include online resources hosted at the CDC such as websites, pages, and interactive data tools, and DHHS resources including some offices within the National Institutes of Health (NIH). It is possible that more websites and pages will become inaccessible, so preserving access to the research data is time-sensitive for some research areas. Please report any sites or pages no longer available atresearchimpact@cornell.edu.What can I do to preserve publicly accessible research data?For currently accessible public data, save the data locally consistent withCornell\u2019s policy 4.21 on research data.Additional alternatives for preserving and finding relevant data include:Missing websites and pages can still be found at theInternet Archive, or \u201cWayback Machine.\u201d Type in the missing website\u2019s URL in the search bar.You may also preserve websites by saving them to the Internet Archive (Wayback Machine). To do this, install the Wayback Machine extension for your browser from the add-ons and extensions (located under the web tab \u201cBrowser Extensions\u201d on the Wayback homepage).For the past five presidential terms, a collaborative effort called theEnd of Term Web Archivehas preserved the information on U.S government websites at the end of a presidential administration, using the Wayback Machine. (mailto:researchimpact@cornell.edu, https://policy.cornell.edu/policy-library/research-data-retention, https://archive.org/, https://archive.org/projects/, https://eotarchive.org/)\nAt the direction of the Trump Administration, the Centers for Disease Control and Prevention (CDC) and the U.S. Department of Health and Human Services (DHHS) and its agencies are removing from their websites information and data on a broad array of subject matter related to certain administration executive orders.\nWhat websites and pages were affected as of Friday evening, Jan 31, 2025?Items removed include online resources hosted at the CDC such as websites, pages, and interactive data tools, and DHHS resources including some offices within the National Institutes of Health (NIH). It is possible that more websites and pages will become inaccessible, so preserving access to the research data is time-sensitive for some research areas. Please report any sites or pages no longer available atresearchimpact@cornell.edu. (mailto:researchimpact@cornell.edu)\nItems removed include online resources hosted at the CDC such as websites, pages, and interactive data tools, and DHHS resources including some offices within the National Institutes of Health (NIH). It is possible that more websites and pages will become inaccessible, so preserving access to the research data is time-sensitive for some research areas. Please report any sites or pages no longer available atresearchimpact@cornell.edu. (mailto:researchimpact@cornell.edu)\nWhat can I do to preserve publicly accessible research data?For currently accessible public data, save the data locally consistent withCornell\u2019s policy 4.21 on research data.Additional alternatives for preserving and finding relevant data include:Missing websites and pages can still be found at theInternet Archive, or \u201cWayback Machine.\u201d Type in the missing website\u2019s URL in the search bar.You may also preserve websites by saving them to the Internet Archive (Wayback Machine). To do this, install the Wayback Machine extension for your browser from the add-ons and extensions (located under the web tab \u201cBrowser Extensions\u201d on the Wayback homepage).For the past five presidential terms, a collaborative effort called theEnd of Term Web Archivehas preserved the information on U.S government websites at the end of a presidential administration, using the Wayback Machine. (https://policy.cornell.edu/policy-library/research-data-retention, https://archive.org/, https://archive.org/projects/, https://eotarchive.org/)\nFor currently accessible public data, save the data locally consistent withCornell\u2019s policy 4.21 on research data. (https://policy.cornell.edu/policy-library/research-data-retention)\nAdditional alternatives for preserving and finding relevant data include:Missing websites and pages can still be found at theInternet Archive, or \u201cWayback Machine.\u201d Type in the missing website\u2019s URL in the search bar.You may also preserve websites by saving them to the Internet Archive (Wayback Machine). To do this, install the Wayback Machine extension for your browser from the add-ons and extensions (located under the web tab \u201cBrowser Extensions\u201d on the Wayback homepage).For the past five presidential terms, a collaborative effort called theEnd of Term Web Archivehas preserved the information on U.S government websites at the end of a presidential administration, using the Wayback Machine. (https://archive.org/, https://archive.org/projects/, https://eotarchive.org/)\nMissing websites and pages can still be found at theInternet Archive, or \u201cWayback Machine.\u201d Type in the missing website\u2019s URL in the search bar. (https://archive.org/)\nYou may also preserve websites by saving them to the Internet Archive (Wayback Machine). To do this, install the Wayback Machine extension for your browser from the add-ons and extensions (located under the web tab \u201cBrowser Extensions\u201d on the Wayback homepage). (https://archive.org/projects/)\nFor the past five presidential terms, a collaborative effort called theEnd of Term Web Archivehas preserved the information on U.S government websites at the end of a presidential administration, using the Wayback Machine. (https://eotarchive.org/)\n2025 Federal Research Policy Updates (/federal-transition)\nUniversity Policy 4.21, Research Data Retention (https://policy.cornell.edu/policy-library/research-data-retention)\nQuick Reference\nRates (/rates)\nForms (/forms)\nPolicies (/policies)\nContacts (/contacts)\nTraining (/training)\nEvents (/events)\nNews & Announcements (/news)\n\u00a9 2019 Cornell University\nWeb Accessibility Help (mailto:rais-help@cornell.edu?subject=researchservices.cornell.edu%20site)"
}