{
    "URL location": "https://researchservices.cornell.edu/policies/announcing-externally-sponsored-awards-guidance-researchers",
    "Last modification date": "2024-02-13T14:19Z",
    "Change frequency": "yearly",
    "Priority": "0.5",
    "Scraped Text": "Find guidance on funding and agency updates during the federal government transition(updated 3/19/2025) (/federal-transition)\nEssential ToolsFind My GCORASSExternalInstitutional Profile & DUNSIACUC applications (Cayuse Animal Management)Find Your Next Funding OpportunityIBC Applications (RASS-IBC)Research Development (ReD) ServicesIRB Applications (RASS-IRB)ExternalRates and budgetsReport external interests (RASS-COI)Join List ServsRASS Access Request FormAsk EHSExternalWeb Financials (WebFin2)ExternalCornell Data ServicesExternalPI DashboardExternalTravel RegistryExternalResearch Financials (formerly RA Dashboard)ExternalInternational research activitiesExternalRegister for Federal and Non-Federal SystemsDisclose Foreign Collaborations and SupportResearch metrics & executive dashboardsTraining (/about/essential-tools, /gco, http://guide.rass.cornell.edu/, /resources/institutional-profile-duns-and-uei-numbers, /resources/submit-new-iacuc-protocol, /proposal/Find-Your-Next-Funding-Opportunity, /resources/ibc-application-submission-review-and-approval, /research-development, https://rass.cornell.edu/irb, /proposal/budget, /compliance/conflict-of-interest, /resources/research-mailing-lists-list-servs, /resources/get-access-financial-sponsored-projects-data, https://tdx.cornell.edu/TDClient/42/Portal/Requests/TicketRequests/NewForm?ID=q5sab44D6GI_, http://webfin2.cornell.edu/, https://data.research.cornell.edu/, https://pidash.cornell.edu, https://travelregistry.cornell.edu/, http://radash.cornell.edu/, https://navigate.cornell.edu, /resources/register-federal-and-non-federal-systems, /proposal/disclose-foreign-collaborations-and-support, /resources/research-metrics, /training)\nFind My GCO (/gco)\nRASSExternal (http://guide.rass.cornell.edu/)\nInstitutional Profile & DUNS (/resources/institutional-profile-duns-and-uei-numbers)\nIACUC applications (Cayuse Animal Management) (/resources/submit-new-iacuc-protocol)\nFind Your Next Funding Opportunity (/proposal/Find-Your-Next-Funding-Opportunity)\nIBC Applications (RASS-IBC) (/resources/ibc-application-submission-review-and-approval)\nResearch Development (ReD) Services (/research-development)\nIRB Applications (RASS-IRB)External (https://rass.cornell.edu/irb)\nRates and budgets (/proposal/budget)\nReport external interests (RASS-COI) (/compliance/conflict-of-interest)\nJoin List Servs (/resources/research-mailing-lists-list-servs)\nRASS Access Request Form (/resources/get-access-financial-sponsored-projects-data)\nAsk EHSExternal (https://tdx.cornell.edu/TDClient/42/Portal/Requests/TicketRequests/NewForm?ID=q5sab44D6GI_)\nWeb Financials (WebFin2)External (http://webfin2.cornell.edu/)\nCornell Data ServicesExternal (https://data.research.cornell.edu/)\nPI DashboardExternal (https://pidash.cornell.edu)\nTravel RegistryExternal (https://travelregistry.cornell.edu/)\nResearch Financials (formerly RA Dashboard)External (http://radash.cornell.edu/)\nInternational research activitiesExternal (https://navigate.cornell.edu)\nRegister for Federal and Non-Federal Systems (/resources/register-federal-and-non-federal-systems)\nDisclose Foreign Collaborations and Support (/proposal/disclose-foreign-collaborations-and-support)\nResearch metrics & executive dashboards (/resources/research-metrics)\nTraining (/training)\nSearch (/search)\nAnnouncing Externally Sponsored Awards: Guidance for Researchers\nAnnouncing Externally Sponsored Awards: Guidance for Communicators (/policies/announcing-externally-sponsored-awards-guidance-communicators)\nTo safeguard the reputations of Cornell researchers, Cornell, and external sponsors, it is important not to publicly announce a sponsored award before OSP has finalized the grant or award agreement.\nExternal sponsors often notify researchers verbally or by email once the researcher has been selected to receive a sponsored award. However, different sponsors provide research funding on different terms and with different stipulations; and Cornell\u2014in keeping with its land grant mission and commitment to the open dissemination of knowledge and discovery\u2014has policies and stipulations of its own. OSP will finalize a sponsored award only after it has ensured that the terms of the award align with Cornell policies and regulations. Furthermore, some sponsored awards involve a negotiated agreement between the sponsor and Cornell. The total amount and duration of funding and other terms may change during the negotiation process. In very rare instances, Cornell and the sponsor may not come to an agreement and the award cannot be accepted.\nTiming of Announcements\nPublic announcements should occur only AFTER the grant or award agreement has been finalized by OSP and is in effect. Once the grant or agreement is finalized, you will receive an email fromcu_awards@research.mail.cornell.edustating that the award has been finalized and your project has been awarded by the sponsor.\nNOTE: Although external sponsors often notify researchers verbally or by email once the researcher has been selected to receive a sponsored award, notification from the sponsor isnotthe same as a finalized grant or award agreement.\nExceptions to the guideline above may be made if the sponsor provides written permission to announce the\u00a0award before OSP finalizes the awardandthe Office of the Vice President for Research & Innovation approves the exception. Please forward written permission from the sponsor toosp-help@cornell.edufor review. (mailto:osp-help@cornell.edu)\nThese guidelines apply to all public announcements for publication in the Cornell Chronicle or other official Cornell outlets.\nFor Cornell-led sponsored awards that include sub-awardees at other universities or organizations, sub-awardees should NOT announce an award before the Cornell Chronicle or other official Cornell media outlet has published an announcement or has declined to do so. The Lead PI is responsible for communicating this expectation to sub-awardees.\nIf you need assistance communicating this expectation to sub-awardees or managing public announcements,your college or unit communications teamcan assist to help coordinate such communications among participating organizations. (https://universityrelations.cornell.edu/resources/comms-leads/)\nAdditional guidance for communicators may be found atAnnouncing Externally Sponsored Awards: Guidance for Communicators. (/policies/announcing-externally-sponsored-awards-guidance-communicators)\nIf you are a sub-awardee on a sponsored award led by a PI at another organization, you should expect coordination of communications from the Lead PI\u2019s organization.\nAnnouncements from Social Media Accounts, Lab Websites, etc.\nTo protect your relationship with sponsors, sponsored awards should NOT be announced through social media, public laboratory and faculty websites, public presentations, or other public communication platforms, spoken or print, until after OSP has finalized the\u00a0award.\nBefore making any public announcements, confirm that the grant or award agreement does not restrict such communications. The Additional Project Information PDF (attached with the notification from OSP that the award\u00a0has been finalized) will call attention to certain non-standard terms and conditions. If communications restrictions are not mentioned in the Highlighted Terms and Conditions, best practice is to check withyour Grant and Contract Officer (GCO)before publicly announcing the award. (/gco)\nThecommunications lead in your college or unitcan provide professional guidance on using social media, laboratory websites, and other public platforms to announce awards. (https://universityrelations.cornell.edu/resources/comms-leads/)\nSub-awardees and Other Research Personnel\nThe Lead PI of the sponsored award is responsible for communicating these guidelines to co-PIs, key personnel, individual and institutional sub-awardees, and other persons informed of a funding decision by an external sponsor. The Lead PI is the researcher who led the proposed project or program, and whose organization submitted that proposal to the sponsor or donor.\nQuestions?If you have questions about these guidelines, contact Mary-Margaret Klempa (mk636@cornell.edu), senior director of Cornell\u2019s Office of Sponsored Programs within the Office of the Vice President for Research & Innovation. (mailto:mk636@cornell.edu)\nAward Negotiation and Finalization (/manage/finalization)\nAnnouncing Externally Sponsored Awards: Guidance for Communicators (/policies/announcing-externally-sponsored-awards-guidance-communicators)\nTransfer an Award from Another Institution (/resources/transfer-award-another-institution)\nQuick Reference\nRates (/rates)\nForms (/forms)\nPolicies (/policies)\nContacts (/contacts)\nTraining (/training)\nEvents (/events)\nNews & Announcements (/news)\n\u00a9 2019 Cornell University\nWeb Accessibility Help (mailto:rais-help@cornell.edu?subject=researchservices.cornell.edu%20site)"
}