{
    "URL location": "https://researchservices.cornell.edu/training/racp",
    "Last modification date": "2025-01-14T14:07Z",
    "Change frequency": "yearly",
    "Priority": "0.5",
    "Scraped Text": "Find guidance on funding and agency updates during the federal government transition(updated 3/19/2025) (/federal-transition)\nEssential ToolsFind My GCORASSExternalInstitutional Profile & DUNSIACUC applications (Cayuse Animal Management)Find Your Next Funding OpportunityIBC Applications (RASS-IBC)Research Development (ReD) ServicesIRB Applications (RASS-IRB)ExternalRates and budgetsReport external interests (RASS-COI)Join List ServsRASS Access Request FormAsk EHSExternalWeb Financials (WebFin2)ExternalCornell Data ServicesExternalPI DashboardExternalTravel RegistryExternalResearch Financials (formerly RA Dashboard)ExternalInternational research activitiesExternalRegister for Federal and Non-Federal SystemsDisclose Foreign Collaborations and SupportResearch metrics & executive dashboardsTraining (/about/essential-tools, /gco, http://guide.rass.cornell.edu/, /resources/institutional-profile-duns-and-uei-numbers, /resources/submit-new-iacuc-protocol, /proposal/Find-Your-Next-Funding-Opportunity, /resources/ibc-application-submission-review-and-approval, /research-development, https://rass.cornell.edu/irb, /proposal/budget, /compliance/conflict-of-interest, /resources/research-mailing-lists-list-servs, /resources/get-access-financial-sponsored-projects-data, https://tdx.cornell.edu/TDClient/42/Portal/Requests/TicketRequests/NewForm?ID=q5sab44D6GI_, http://webfin2.cornell.edu/, https://data.research.cornell.edu/, https://pidash.cornell.edu, https://travelregistry.cornell.edu/, http://radash.cornell.edu/, https://navigate.cornell.edu, /resources/register-federal-and-non-federal-systems, /proposal/disclose-foreign-collaborations-and-support, /resources/research-metrics, /training)\nFind My GCO (/gco)\nRASSExternal (http://guide.rass.cornell.edu/)\nInstitutional Profile & DUNS (/resources/institutional-profile-duns-and-uei-numbers)\nIACUC applications (Cayuse Animal Management) (/resources/submit-new-iacuc-protocol)\nFind Your Next Funding Opportunity (/proposal/Find-Your-Next-Funding-Opportunity)\nIBC Applications (RASS-IBC) (/resources/ibc-application-submission-review-and-approval)\nResearch Development (ReD) Services (/research-development)\nIRB Applications (RASS-IRB)External (https://rass.cornell.edu/irb)\nRates and budgets (/proposal/budget)\nReport external interests (RASS-COI) (/compliance/conflict-of-interest)\nJoin List Servs (/resources/research-mailing-lists-list-servs)\nRASS Access Request Form (/resources/get-access-financial-sponsored-projects-data)\nAsk EHSExternal (https://tdx.cornell.edu/TDClient/42/Portal/Requests/TicketRequests/NewForm?ID=q5sab44D6GI_)\nWeb Financials (WebFin2)External (http://webfin2.cornell.edu/)\nCornell Data ServicesExternal (https://data.research.cornell.edu/)\nPI DashboardExternal (https://pidash.cornell.edu)\nTravel RegistryExternal (https://travelregistry.cornell.edu/)\nResearch Financials (formerly RA Dashboard)External (http://radash.cornell.edu/)\nInternational research activitiesExternal (https://navigate.cornell.edu)\nRegister for Federal and Non-Federal Systems (/resources/register-federal-and-non-federal-systems)\nDisclose Foreign Collaborations and Support (/proposal/disclose-foreign-collaborations-and-support)\nResearch metrics & executive dashboards (/resources/research-metrics)\nTraining (/training)\nSearch (/search)\n\nResearch Administration Certification Program (RACP)\nIntended\u00a0to develop and maintain a skilled cadre of research administration professionals within the university and\u00a0promote a culture of research facilitation, compliance, and integrity.\nThe Office of Sponsored Programs (OSP) and the Division of Financial Services (DFS) are pleased to announce the dates and call for applicants for the upcoming Research Administration Certification Program\u00a0(RACP).RACP is a professional development opportunity designed to educate Cornell staff about sponsored programs administration. The program develops and maintains a skilled cadre of research administration professionals within the university and promotes a culture of research facilitation, compliance, and integrity.Attendance is recommended for staff whose work supports sponsored projects, particularly those new to the field or new to Cornell University. We strongly encourage that college officers recommend all new administrative managers and administrators attend. Experienced research administrators wishing to refresh their skills are also encouraged to attend.Participants for each semi-annual cohort are selected after submitting an application for consideration. Registrations will be confirmed with each applicant before the program begins. A program certificate will be issued after all program requirements are met.There is no fee for this program.\nWINTER 2025\nWe are offering our FALL 2024 cohort virtually through a series of 1.5 hour Zoom meetings over the course of 5 weeks in september and october.\nSchedule:\n\nHow to Apply\nClick on the blue \"Apply for the Program\" button on the top of this page notification and complete the application.\nDeadline for application: Friday, January 17th, 2025, by 5:00 p.m.\nAttendance is required at all sessions.Accepted applicants will have their registration confirmed by Friday, January 24th, 2025. If you are interested in attending, we highly recommend that you tentatively block your schedule now to ensure your availability if selected.\nConditions of acceptance:Attendance at all sessions is required. All attendees are expected to participate fully in the virtual sessions, which will include turning on Zoom video and audio, asking questions live and via chat, and participating in various class exercises via breakout rooms and polls.\nCore Course\nPrinciples and Practice of Research Administration at Cornell University\nAgenda for Core Training Course:\nTopics to be covered include:\nIntroduction to Research Administration at Cornell\nDeveloping and Submitting Proposals\nFinancial Policies and Stewardship\nCrafting Fully Compliant Budgets\nUnderstanding Awards and the Award Process\nResearch Integrity and Compliance at Cornell\nTechnical & Administrative Management of Awarded Projects\nRequired Courses (To fulfill part of the 15-hour\u00a0 certificate requirements)\n\nElective Courses (Additional course options to fulfill the 15-hour certificate requirements)\nDivision of Financial Services\u00a0(DFS) training\nOffice of Research Integrity & Assurance (ORIA) training\nEnvironmental Health & Safety\nProfessional organizations (NCURA & SRA)\nThe chart below contains a list of accepted electives. To request approval for a non-listed workshop or conference to count as an elective, please emailosp-help@cornell.edu. (mailto:osp-help@cornell.edu)\nContinuing Education\nResearch Roundtables (OSP) 3 required to obtain certificate.\nAd hoc Outreach Sessions (OSP & SFS)Continuing education courses are recommended each year subsequent to initial certification. Sources include all electives. In addition to the Research Roundtables and ad hoc outreach sessions offered by OSP and Sponsored Financial Services (SFS), RACP participants may choose from any of the electives listed above.\nOnce requirements are successfully completed submit theRACP Electives Formfor approval and to receive your certificate. (https://researchservices.cornell.edu/sites/default/files/2020-02/RACP-ElectivesForm_2020.pdf)\n\nThe Administrative Team Responsible for Conducting the Program\nMary-Margaret KlempaDirectorOffice of Sponsored Programs\nJeffrey SilberSenior DirectorSponsored Financial Services\nQuick Reference\nRates (/rates)\nForms (/forms)\nPolicies (/policies)\nContacts (/contacts)\nTraining (/training)\nEvents (/events)\nNews & Announcements (/news)\n\u00a9 2019 Cornell University\nWeb Accessibility Help (mailto:rais-help@cornell.edu?subject=researchservices.cornell.edu%20site)"
}