{
    "URL location": "https://researchservices.cornell.edu/rates/fa",
    "Last modification date": "2022-08-24T14:17Z",
    "Change frequency": "never",
    "Priority": "0.5",
    "Scraped Text": "Find guidance on funding and agency updates during the federal government transition(updated 3/19/2025) (/federal-transition)\nEssential ToolsFind My GCORASSExternalInstitutional Profile & DUNSIACUC applications (Cayuse Animal Management)Find Your Next Funding OpportunityIBC Applications (RASS-IBC)Research Development (ReD) ServicesIRB Applications (RASS-IRB)ExternalRates and budgetsReport external interests (RASS-COI)Join List ServsRASS Access Request FormAsk EHSExternalWeb Financials (WebFin2)ExternalCornell Data ServicesExternalPI DashboardExternalTravel RegistryExternalResearch Financials (formerly RA Dashboard)ExternalInternational research activitiesExternalRegister for Federal and Non-Federal SystemsDisclose Foreign Collaborations and SupportResearch metrics & executive dashboardsTraining (/about/essential-tools, /gco, http://guide.rass.cornell.edu/, /resources/institutional-profile-duns-and-uei-numbers, /resources/submit-new-iacuc-protocol, /proposal/Find-Your-Next-Funding-Opportunity, /resources/ibc-application-submission-review-and-approval, /research-development, https://rass.cornell.edu/irb, /proposal/budget, /compliance/conflict-of-interest, /resources/research-mailing-lists-list-servs, /resources/get-access-financial-sponsored-projects-data, https://tdx.cornell.edu/TDClient/42/Portal/Requests/TicketRequests/NewForm?ID=q5sab44D6GI_, http://webfin2.cornell.edu/, https://data.research.cornell.edu/, https://pidash.cornell.edu, https://travelregistry.cornell.edu/, http://radash.cornell.edu/, https://navigate.cornell.edu, /resources/register-federal-and-non-federal-systems, /proposal/disclose-foreign-collaborations-and-support, /resources/research-metrics, /training)\nFind My GCO (/gco)\nRASSExternal (http://guide.rass.cornell.edu/)\nInstitutional Profile & DUNS (/resources/institutional-profile-duns-and-uei-numbers)\nIACUC applications (Cayuse Animal Management) (/resources/submit-new-iacuc-protocol)\nFind Your Next Funding Opportunity (/proposal/Find-Your-Next-Funding-Opportunity)\nIBC Applications (RASS-IBC) (/resources/ibc-application-submission-review-and-approval)\nResearch Development (ReD) Services (/research-development)\nIRB Applications (RASS-IRB)External (https://rass.cornell.edu/irb)\nRates and budgets (/proposal/budget)\nReport external interests (RASS-COI) (/compliance/conflict-of-interest)\nJoin List Servs (/resources/research-mailing-lists-list-servs)\nRASS Access Request Form (/resources/get-access-financial-sponsored-projects-data)\nAsk EHSExternal (https://tdx.cornell.edu/TDClient/42/Portal/Requests/TicketRequests/NewForm?ID=q5sab44D6GI_)\nWeb Financials (WebFin2)External (http://webfin2.cornell.edu/)\nCornell Data ServicesExternal (https://data.research.cornell.edu/)\nPI DashboardExternal (https://pidash.cornell.edu)\nTravel RegistryExternal (https://travelregistry.cornell.edu/)\nResearch Financials (formerly RA Dashboard)External (http://radash.cornell.edu/)\nInternational research activitiesExternal (https://navigate.cornell.edu)\nRegister for Federal and Non-Federal Systems (/resources/register-federal-and-non-federal-systems)\nDisclose Foreign Collaborations and Support (/proposal/disclose-foreign-collaborations-and-support)\nResearch metrics & executive dashboards (/resources/research-metrics)\nTraining (/training)\nSearch (/search)\nFacilities & Administrative (F&A) Rates\nFacilities & Administrative (F&A) rates (sometimes referred to as indirect costs)\u00a0for use in sponsored project\u00a0proposal budgets.\nF&A rates used are determined by the award date rather than the project period of the award. (SeeUniform Guidance Appendix III Section C.7 below) (#UG_AppIIIC.7)\nF&A Rate Usage Guidelines\nProposals for new and competing renewal awards should use the latest set of rates in effect, while proposals for non-competing continuations (e.g., annual NIH continuations) should use the fixed rates that were in effect and frozen at the time of the initial award(per UG below). In this context, \"competing\" refers to the amount of time originally proposed. For example, a five-year award will be subject to the rate schedule in effect at the time of the award, even when the funds are released annually. However, an award that has additional time added (excluding No Cost Extensions) will be subject to the then-current rates on the extended period. For both Endowed and Contract Colleges, F&A costs are calculated on modified total direct costs (MTDC), which equals the total direct costs less the following exclusions: (#UG_AppIIIC.7)\nCapital equipment items with a unit cost of $5,000 or more and a useful life of more than one year. ($500,000 threshold for computer software)\nCost in excess of $25,000 on each subcontract (F&A costs are charged on the first $25,000 of each subcontract).\nGRA exclusion (amount of GRA support equivalent to tuition and fees including\u00a0Graduate Health Insurance).\nLeases of real property.\nParticipant support costsfor conferences, seminars and certain training programs. (https://www.ecfr.gov/current/title-2/subtitle-A/chapter-II/part-200#200.456)\nProvisional F&A Rates:Provisional rates may be in effect at the time of an award. Provisional rates are not negotiated rates and are used for interim budgeting and billing purposes in order to allow adequate time for F&A rate negotiations. The provisional rate is used in proposals and sponsor billings until such time as rates (fixed or predetermined) are negotiated. Once rates are negotiated individual awards are adjusted to reflect the negotiated rate.\n\nGuidelines for awards issued under prior rate agreements:\n\n\nUniform Guidance Appendix III Section C.7states the following: (https://www.ecfr.gov/current/title-2/subtitle-A/chapter-II/part-200#Appendix-III-to-Part-200)\n\n\"Federal agencies must use the negotiated rates in effect at the time of the initial award throughout the life of the Federal award. Award levels for Federal awards may not be Except as provided inparagraph (c)(1) of \u00a7 200.414, Federal agencies must use the negotiated rates in effect at the time of the initial award throughout the life of the Federal award. Award levels for Federal awards may not be adjusted in future years as a result of changes in negotiated rates. \u201cNegotiated rates\u201d per the rate agreement include final, fixed, and predetermined rates and exclude provisional rates. \u201cLife\u201d for the purpose of this subsection means each competitive segment of a project. A competitive segment is a period of years approved by the Federal awarding agency at the time of the Federal award. If negotiated rate agreements do not extend through the life of the Federal award at the time of the initial award, then the negotiated rate for the last year of the Federal award must be extended through the end of the life of the Federal award.adjusted in future years as a result of changes in negotiated rates. \u201cNegotiated rates\u201d per the rate agreement include final, fixed, and predetermined rates and exclude provisional rates. \u201cLife\u201d for the purpose of this subsection means each competitive segment of a project. A competitive segment is a period of years approved by the Federal awarding agency at the time of the Federal award. If negotiated rate agreements do not extend through the life of the Federal award at the time of the initial award, then the negotiated rate for the last year of the Federal award must be extended through the end of the life of the Federal award.\u201d (https://www.ecfr.gov/current/title-2/section-200.414#p-200.414(c)(1))\nBudget, Costs, and Rates (/proposal/budget)\nOverview of Costs for Project Budgets (Budget and Costing Guide) (/resources/overview-costs-project-budgets-budget-and-costing-guide)\nBudget Templates and Budget Justification Templates (/resources/budget-templates-and-budget-justification-templates)\nEmployee Benefit (Fringe) Rates (/rates/employee-benefit-fringe-rates)\nEscalation Rates (/rates/escalation-rates)\nPostdoctoral Associate Minimum Salary (/rates/postdoctoral-associate-minimum-salary)\nGrad Student Tuition, Health Benefits, and Stipend (/rates/grad-student-tuition-health-benefits-and-stipend)\nNIH Salary Cap (/rates/nih-salary-cap)\nPer Diem Rates for Travel (/rates/diem-rates-travel)\nWeill Cornell Medicine F&A and Benefits Rates (/rates/weill-cornell-medicine-fa-and-benefits-rates)\nProposing Cost Share (/resources/proposing-cost-share)\nQuick Reference\nRates (/rates)\nForms (/forms)\nPolicies (/policies)\nContacts (/contacts)\nTraining (/training)\nEvents (/events)\nNews & Announcements (/news)\n\u00a9 2019 Cornell University\nWeb Accessibility Help (mailto:rais-help@cornell.edu?subject=researchservices.cornell.edu%20site)"
}