{
    "URL location": "https://researchservices.cornell.edu/resources/use-student-data-human-participant-research",
    "Last modification date": "2023-07-27T17:46Z",
    "Change frequency": "yearly",
    "Priority": "0.5",
    "Scraped Text": "Find guidance on funding and agency updates during the federal government transition(updated 3/19/2025) (/federal-transition)\nEssential ToolsFind My GCORASSExternalInstitutional Profile & DUNSIACUC applications (Cayuse Animal Management)Find Your Next Funding OpportunityIBC Applications (RASS-IBC)Research Development (ReD) ServicesIRB Applications (RASS-IRB)ExternalRates and budgetsReport external interests (RASS-COI)Join List ServsRASS Access Request FormAsk EHSExternalWeb Financials (WebFin2)ExternalCornell Data ServicesExternalPI DashboardExternalTravel RegistryExternalResearch Financials (formerly RA Dashboard)ExternalInternational research activitiesExternalRegister for Federal and Non-Federal SystemsDisclose Foreign Collaborations and SupportResearch metrics & executive dashboardsTraining (/about/essential-tools, /gco, http://guide.rass.cornell.edu/, /resources/institutional-profile-duns-and-uei-numbers, /resources/submit-new-iacuc-protocol, /proposal/Find-Your-Next-Funding-Opportunity, /resources/ibc-application-submission-review-and-approval, /research-development, https://rass.cornell.edu/irb, /proposal/budget, /compliance/conflict-of-interest, /resources/research-mailing-lists-list-servs, /resources/get-access-financial-sponsored-projects-data, https://tdx.cornell.edu/TDClient/42/Portal/Requests/TicketRequests/NewForm?ID=q5sab44D6GI_, http://webfin2.cornell.edu/, https://data.research.cornell.edu/, https://pidash.cornell.edu, https://travelregistry.cornell.edu/, http://radash.cornell.edu/, https://navigate.cornell.edu, /resources/register-federal-and-non-federal-systems, /proposal/disclose-foreign-collaborations-and-support, /resources/research-metrics, /training)\nFind My GCO (/gco)\nRASSExternal (http://guide.rass.cornell.edu/)\nInstitutional Profile & DUNS (/resources/institutional-profile-duns-and-uei-numbers)\nIACUC applications (Cayuse Animal Management) (/resources/submit-new-iacuc-protocol)\nFind Your Next Funding Opportunity (/proposal/Find-Your-Next-Funding-Opportunity)\nIBC Applications (RASS-IBC) (/resources/ibc-application-submission-review-and-approval)\nResearch Development (ReD) Services (/research-development)\nIRB Applications (RASS-IRB)External (https://rass.cornell.edu/irb)\nRates and budgets (/proposal/budget)\nReport external interests (RASS-COI) (/compliance/conflict-of-interest)\nJoin List Servs (/resources/research-mailing-lists-list-servs)\nRASS Access Request Form (/resources/get-access-financial-sponsored-projects-data)\nAsk EHSExternal (https://tdx.cornell.edu/TDClient/42/Portal/Requests/TicketRequests/NewForm?ID=q5sab44D6GI_)\nWeb Financials (WebFin2)External (http://webfin2.cornell.edu/)\nCornell Data ServicesExternal (https://data.research.cornell.edu/)\nPI DashboardExternal (https://pidash.cornell.edu)\nTravel RegistryExternal (https://travelregistry.cornell.edu/)\nResearch Financials (formerly RA Dashboard)External (http://radash.cornell.edu/)\nInternational research activitiesExternal (https://navigate.cornell.edu)\nRegister for Federal and Non-Federal Systems (/resources/register-federal-and-non-federal-systems)\nDisclose Foreign Collaborations and Support (/proposal/disclose-foreign-collaborations-and-support)\nResearch metrics & executive dashboards (/resources/research-metrics)\nTraining (/training)\nSearch (/search)\nUse of Student Data in Human Participant Research\nExamples of where IRB and FERPA intersect\nFERPA\u2014the Family Educational Rights and Privacy Act\u2014is a federal law\u00a0that protects the privacy of student education records. FERPA compliance is primarily managed by the University Registrar, but the IRB and FERPA overlap when identifiable student records (e.g., class assignments, exams, course rosters, etc.) are used for research purposes. (https://registrar.cornell.edu/service-resources/ferpa)\nBelow are some examples of common scenarios where IRB and FERPA might intersect, as well as additional Cornell FERPA and student data resources. As always, please reach out to the IRB staff (irbhp@cornell.edu) if you have any questions about your human participant research. You can also learn more about the use of student data on theRegistrar\u2019s website, or contact their office atunivreg@cornell.edu. (mailto:irbhp@cornell.edu, https://registrar.cornell.edu/service-resources/use-student-data, mailto:univreg@cornell.edu)\nNote: where written consent is mentioned below, this pertains to the FERPA requirement of written consent from a student giving permission for use of their FERPA-protected records.This is different thanIRB requirements for written consent.Learn more about the FERPA written consent requirement on the Cornell University Registrar'sFERPA FAQs site. (https://researchservices.cornell.edu/resources/irb-informed-consent, https://registrar.cornell.edu/FERPA_FAQ)\n\nStudent Data Use Scenarios:\n1. Use of identifiable student grades or test/quiz scores for research purposesFERPA protected. Written consent is required.\n2. Use of identifiable student writing (e.g., Canvas posts, class writing exercises, correspondence about a course) for research purposesFERPA protected. Written consent is required.\n3.Use of de-identified student grades or other student records for research purposes, if obtained from someone who has legitimate access to those dataNot FERPA protected; no FERPA concerns regarding use of data.IRB Note: Depending on the details and context, this project may still constitute human participant research, and require IRB approval or exemption.\n4. Students in a specific class are required to participate in an activity (e.g., complete a survey, participate in a focus group, etc.) as part of the class requirements, and the outcomes/responses will also be used for research purposesFERPA protected. Written consent is required in order to use the activity outcomes/responses for research purposes.\n5.Students in a specific class are invited to participate in optional activities only meant for research purposes (e.g., a survey, a focus group), not to be used for class assignments/gradesNot FERPA protected.IRB Note: IRB review is still needed for this research.\n6.Observation of students\u2019 behavior in the classroom for research purposesa.The researcher is only watching students and taking notes.Not FERPA protected, but caution regarding capturing identifiable student characteristics.\nb.The researcher wants to record (video or audio) or photograph the studentsFERPA protected. Written consent is required.\n7.Use of identifiable student records for research purposes after the student has graduatedFERPA protected. Written consent is required.\n8.Student course evaluations that will only be used to improve instruction, with no intention to generalize or publish findingsExempt from FERPA: While considered an educational record, the use of teaching evaluations to improve pedagogy is considered a legitimate educational interest by a University official and is a supported activity under FERPA. Therefore, no\u00a0additional written consent is required. Caution should be used if results could eventually be broadened to additional external research opportunities.IRB Note: this activity is not considered \u201cresearch\u201d, so no IRB review would be needed.\n9.Student evaluations of instructorsNot FERPA protected.\n10.Use of a class roster to contact and invite students from a specific class to participate in a research projectFERPA protected. In order to avoid the written consent requirement, this could be handled by having the research recruitment email/invitation sent by the class instructor (who has a legitimate educational interest in accessing that FERPA protected information).\n\nCornell FERPA/Student Data Resources\nLearn more about FERPA and how you can access and use student data for research:\nFERPA FAQs (https://registrar.cornell.edu/FERPA_FAQ)\nUse of student data (information and access) (https://registrar.cornell.edu/service-resources/use-student-data)\nAnnual Privacy Notification under FERPA (found on theCornell Courses of Study webpage, and highlights information fromCornell Policy 4.5 Access to Student Information) (https://courses.cornell.edu/, https://www.dfa.cornell.edu/tools-library/policies/access-student-information)\nUniversity Registrar officecontact:univreg@cornell.edu, (607) 255-4232 (https://registrar.cornell.edu/service-resources/university-registrar-directory, mailto:univreg@cornell.edu)\nResearch with Human Participants (/compliance/human-research)\nInstitutional Review Board for Human Participant Research (IRB) Office (/offices/IRB)\nIRB Informed Consent (/resources/irb-informed-consent)\nQuick Reference\nRates (/rates)\nForms (/forms)\nPolicies (/policies)\nContacts (/contacts)\nTraining (/training)\nEvents (/events)\nNews & Announcements (/news)\n\u00a9 2019 Cornell University\nWeb Accessibility Help (mailto:rais-help@cornell.edu?subject=researchservices.cornell.edu%20site)"
}