{
    "URL location": "https://researchservices.cornell.edu/news/new-website-finding-information-and-tools-manage-your-cornell-research",
    "Last modification date": "2022-04-14T15:58Z",
    "Change frequency": "never",
    "Priority": "0.5",
    "Scraped Text": "Find guidance on funding and agency updates during the federal government transition(updated 3/19/2025) (/federal-transition)\nEssential ToolsFind My GCORASSExternalInstitutional Profile & DUNSIACUC applications (Cayuse Animal Management)Find Your Next Funding OpportunityIBC Applications (RASS-IBC)Research Development (ReD) ServicesIRB Applications (RASS-IRB)ExternalRates and budgetsReport external interests (RASS-COI)Join List ServsRASS Access Request FormAsk EHSExternalWeb Financials (WebFin2)ExternalCornell Data ServicesExternalPI DashboardExternalTravel RegistryExternalResearch Financials (formerly RA Dashboard)ExternalInternational research activitiesExternalRegister for Federal and Non-Federal SystemsDisclose Foreign Collaborations and SupportResearch metrics & executive dashboardsTraining (/about/essential-tools, /gco, http://guide.rass.cornell.edu/, /resources/institutional-profile-duns-and-uei-numbers, /resources/submit-new-iacuc-protocol, /proposal/Find-Your-Next-Funding-Opportunity, /resources/ibc-application-submission-review-and-approval, /research-development, https://rass.cornell.edu/irb, /proposal/budget, /compliance/conflict-of-interest, /resources/research-mailing-lists-list-servs, /resources/get-access-financial-sponsored-projects-data, https://tdx.cornell.edu/TDClient/42/Portal/Requests/TicketRequests/NewForm?ID=q5sab44D6GI_, http://webfin2.cornell.edu/, https://data.research.cornell.edu/, https://pidash.cornell.edu, https://travelregistry.cornell.edu/, http://radash.cornell.edu/, https://navigate.cornell.edu, /resources/register-federal-and-non-federal-systems, /proposal/disclose-foreign-collaborations-and-support, /resources/research-metrics, /training)\nFind My GCO (/gco)\nRASSExternal (http://guide.rass.cornell.edu/)\nInstitutional Profile & DUNS (/resources/institutional-profile-duns-and-uei-numbers)\nIACUC applications (Cayuse Animal Management) (/resources/submit-new-iacuc-protocol)\nFind Your Next Funding Opportunity (/proposal/Find-Your-Next-Funding-Opportunity)\nIBC Applications (RASS-IBC) (/resources/ibc-application-submission-review-and-approval)\nResearch Development (ReD) Services (/research-development)\nIRB Applications (RASS-IRB)External (https://rass.cornell.edu/irb)\nRates and budgets (/proposal/budget)\nReport external interests (RASS-COI) (/compliance/conflict-of-interest)\nJoin List Servs (/resources/research-mailing-lists-list-servs)\nRASS Access Request Form (/resources/get-access-financial-sponsored-projects-data)\nAsk EHSExternal (https://tdx.cornell.edu/TDClient/42/Portal/Requests/TicketRequests/NewForm?ID=q5sab44D6GI_)\nWeb Financials (WebFin2)External (http://webfin2.cornell.edu/)\nCornell Data ServicesExternal (https://data.research.cornell.edu/)\nPI DashboardExternal (https://pidash.cornell.edu)\nTravel RegistryExternal (https://travelregistry.cornell.edu/)\nResearch Financials (formerly RA Dashboard)External (http://radash.cornell.edu/)\nInternational research activitiesExternal (https://navigate.cornell.edu)\nRegister for Federal and Non-Federal Systems (/resources/register-federal-and-non-federal-systems)\nDisclose Foreign Collaborations and Support (/proposal/disclose-foreign-collaborations-and-support)\nResearch metrics & executive dashboards (/resources/research-metrics)\nTraining (/training)\nSearch (/search)\nNew Website for Finding Information and Tools to Manage Your Cornell Research\nHave you found it difficult to navigate Cornell's many sources of information about research and compliance? The Research Division is finishing a project to modernize its websites.\nThe new Cornell Research Services site launched recently, provides\u00a0a central spot for information about doing research at Cornell. Based on faculty feedback, the site is organized around the stages of the research lifecycle, which aligns with similar sites at other large research institutions.\nThe new site consolidates the content previously available on websites for the Center for Animal Resources and Education (CARE), the Office of Research Integrity and Assurance (ORIA), the Office of Sponsored Programs (OSP), and Sponsored Financial Services (SFS). (Those four sites are being retired.) The new site also includes relevant content from Cornell Technology Licensing (CTL) and Environment, Health and Safety (EHS), but those two sites will remain separate.\nBenefits of the Consolidated Website\nA single site address to remember.\nCentral communication, which reduces duplication.\nOrganized by research process stages to clarify information for faculty.\nSearch results that can be filtered by office.\nQuick access to most important web pages, systems, and tools related to research at Cornell.\nQuick Tips\nLists of all Rates, Policies, Contacts, Forms and more are handy at the bottom of each page.\nFilter search results by the associated Office or to show only a particular kind of content, for example, Rates or Forms.\nThe Essential Tools links to systems and tools\u00a0is always convenient at the top or bottom of every page.\nQuickly find any office helping to support or administer research at Cornell in the Research Offices list at the bottom of every page.\nQuestions? Want to Offer Feedback?\nIf you have questions or want to offer feedback, click theFeedbackbutton (found at the bottom of each page) or contact RAIS (Research Administration Information Services) atresearchservices@cornell.edu. We\u2019re continuing to update the site and are interested in your ideas. (mailto:rais-help@cornell.edu)\nQuick Reference\nRates (/rates)\nForms (/forms)\nPolicies (/policies)\nContacts (/contacts)\nTraining (/training)\nEvents (/events)\nNews & Announcements (/news)\n\u00a9 2019 Cornell University\nWeb Accessibility Help (mailto:rais-help@cornell.edu?subject=researchservices.cornell.edu%20site)"
}