{
    "URL location": "https://researchservices.cornell.edu/resources/research-data-retention",
    "Last modification date": "2024-04-24T16:06Z",
    "Change frequency": "yearly",
    "Priority": "0.5",
    "Scraped Text": "Find guidance on funding and agency updates during the federal government transition(updated 3/19/2025) (/federal-transition)\nEssential ToolsFind My GCORASSExternalInstitutional Profile & DUNSIACUC applications (Cayuse Animal Management)Find Your Next Funding OpportunityIBC Applications (RASS-IBC)Research Development (ReD) ServicesIRB Applications (RASS-IRB)ExternalRates and budgetsReport external interests (RASS-COI)Join List ServsRASS Access Request FormAsk EHSExternalWeb Financials (WebFin2)ExternalCornell Data ServicesExternalPI DashboardExternalTravel RegistryExternalResearch Financials (formerly RA Dashboard)ExternalInternational research activitiesExternalRegister for Federal and Non-Federal SystemsDisclose Foreign Collaborations and SupportResearch metrics & executive dashboardsTraining (/about/essential-tools, /gco, http://guide.rass.cornell.edu/, /resources/institutional-profile-duns-and-uei-numbers, /resources/submit-new-iacuc-protocol, /proposal/Find-Your-Next-Funding-Opportunity, /resources/ibc-application-submission-review-and-approval, /research-development, https://rass.cornell.edu/irb, /proposal/budget, /compliance/conflict-of-interest, /resources/research-mailing-lists-list-servs, /resources/get-access-financial-sponsored-projects-data, https://tdx.cornell.edu/TDClient/42/Portal/Requests/TicketRequests/NewForm?ID=q5sab44D6GI_, http://webfin2.cornell.edu/, https://data.research.cornell.edu/, https://pidash.cornell.edu, https://travelregistry.cornell.edu/, http://radash.cornell.edu/, https://navigate.cornell.edu, /resources/register-federal-and-non-federal-systems, /proposal/disclose-foreign-collaborations-and-support, /resources/research-metrics, /training)\nFind My GCO (/gco)\nRASSExternal (http://guide.rass.cornell.edu/)\nInstitutional Profile & DUNS (/resources/institutional-profile-duns-and-uei-numbers)\nIACUC applications (Cayuse Animal Management) (/resources/submit-new-iacuc-protocol)\nFind Your Next Funding Opportunity (/proposal/Find-Your-Next-Funding-Opportunity)\nIBC Applications (RASS-IBC) (/resources/ibc-application-submission-review-and-approval)\nResearch Development (ReD) Services (/research-development)\nIRB Applications (RASS-IRB)External (https://rass.cornell.edu/irb)\nRates and budgets (/proposal/budget)\nReport external interests (RASS-COI) (/compliance/conflict-of-interest)\nJoin List Servs (/resources/research-mailing-lists-list-servs)\nRASS Access Request Form (/resources/get-access-financial-sponsored-projects-data)\nAsk EHSExternal (https://tdx.cornell.edu/TDClient/42/Portal/Requests/TicketRequests/NewForm?ID=q5sab44D6GI_)\nWeb Financials (WebFin2)External (http://webfin2.cornell.edu/)\nCornell Data ServicesExternal (https://data.research.cornell.edu/)\nPI DashboardExternal (https://pidash.cornell.edu)\nTravel RegistryExternal (https://travelregistry.cornell.edu/)\nResearch Financials (formerly RA Dashboard)External (http://radash.cornell.edu/)\nInternational research activitiesExternal (https://navigate.cornell.edu)\nRegister for Federal and Non-Federal Systems (/resources/register-federal-and-non-federal-systems)\nDisclose Foreign Collaborations and Support (/proposal/disclose-foreign-collaborations-and-support)\nResearch metrics & executive dashboards (/resources/research-metrics)\nTraining (/training)\nSearch (/search)\nResearch Data Retention\nAccurate and detailed research records are an essential component of any research project whether supported by University resources or by external funders. Cornell researchers (faculty, staff, and students who are involved in the design, conduct, or reporting of research at, or under the auspices of, Cornell University, including Weill Cornell Medicine), and the University share in this responsibility as outlined in theUniversity Policy 4.21. \u00a0Each research team member needs to understand their role in data retention and their specific responsibilities. (https://policy.cornell.edu/policy-library/research-data-retention)\nDefinition of Research Data:\nResearch datais defined as the recorded factual material commonly accepted in the scientific community as necessary to validate research findings, but not any of the following: preliminary analyses, drafts of scientific papers, plans for future research, peer reviews, or communications with colleagues, as defined in2 CFR 200.315 (e) (3). (https://www.ecfr.gov/current/title-2/subtitle-A/chapter-II/part-200/subpart-D/subject-group-ECFR8feb98c2e3e5ad2/section-200.315)\nHow to comply with the Research Data Retention Policy?\nTo ensure researchers understand their research data retention responsibilities,Cornell researchers are required tocomplete a CU Learn Course \u201cRSRCH-OVPRI-101 Research Data Retention Policy 4.21.\u201d The course includes the following: (https://cornell.sabacloud.com/Saba/Web_spf/NA1PRD0089/common/ledetail/cours000000000028360/latestversion)\nAn overview of the policy, describing its principles, to whom it applies, and the need for such a policy; and\nThe required attestation that the researcher understands and will comply with the terms of the policy.\nThe required course will take about 5 minutes. Once completed, you will have fulfilled the attestation requirement and only be asked to complete the course in the futureifthere are policy changes.\nWho to Contact to Review My Research Program and Data Retention Requirements?\nThe following resources provide support for research data retention requirements:\nThe Office of Research Integrity and Assurance (ORIA)provides support regarding compliance withUniversity Policy 4.21. (https://researchservices.cornell.edu/offices/ORIA, https://policy.cornell.edu/policy-library/research-data-retention)\nCornell Data Servicesprovides\u00a0expertise in all facets of data retention, from developing data management plans to providing guidance on data disposition. (https://data.research.cornell.edu/)\nThe Office of Sponsored Programs (OSP)handles and signsincoming data use agreements. (https://researchservices.cornell.edu/offices/osp, https://researchservices.cornell.edu/resources/exchange-commercially-unavailablerestricted-data)\nCenter for Technology Licensingprovides expertise on technology transfer agreements and intellectual property protection. (https://ctl.cornell.edu/)\nCornell Center for Social Sciencesprovides services supporting computing, secure data, research methods, and outreach. (https://socialsciences.cornell.edu/)\nResearch Integrity (/resources/research-integrity)\nThe Research Integrity Council (/resources/research-integrity-council)\nResponsible Conduct of Research Committee (RCRC) (/resources/responsible-conduct-research-committee-rcrc)\nResponsible Conduct of Research (RCR) (/compliance/rcr)\nResponsible Conduct of Research (RCR) Topics and Case Studies (/resources/responsible-conduct-research-rcr-topics-and-case-studies)\nRCR Requirements for Research Awards (/resources/rcr-requirements-research-awards)\nNIH Training Grant Requirement: RCR Symposium Summary (/resources/nih-training-grant-requirement-rcr-symposium-summary)\nResponsible Conduct of Research (RCR) Symposium and Workshop (/resources/responsible-conduct-research-rcr-symposium-and-workshop)\nQuick Reference\nRates (/rates)\nForms (/forms)\nPolicies (/policies)\nContacts (/contacts)\nTraining (/training)\nEvents (/events)\nNews & Announcements (/news)\n\u00a9 2019 Cornell University\nWeb Accessibility Help (mailto:rais-help@cornell.edu?subject=researchservices.cornell.edu%20site)"
}