{
    "URL location": "https://researchservices.cornell.edu/resources/issuing-subaward-agreement",
    "Last modification date": "2023-08-31T18:59Z",
    "Change frequency": "yearly",
    "Priority": "0.5",
    "Scraped Text": "Find guidance on funding and agency updates during the federal government transition(updated 3/19/2025) (/federal-transition)\nEssential ToolsFind My GCORASSExternalInstitutional Profile & DUNSIACUC applications (Cayuse Animal Management)Find Your Next Funding OpportunityIBC Applications (RASS-IBC)Research Development (ReD) ServicesIRB Applications (RASS-IRB)ExternalRates and budgetsReport external interests (RASS-COI)Join List ServsRASS Access Request FormAsk EHSExternalWeb Financials (WebFin2)ExternalCornell Data ServicesExternalPI DashboardExternalTravel RegistryExternalResearch Financials (formerly RA Dashboard)ExternalInternational research activitiesExternalRegister for Federal and Non-Federal SystemsDisclose Foreign Collaborations and SupportResearch metrics & executive dashboardsTraining (/about/essential-tools, /gco, http://guide.rass.cornell.edu/, /resources/institutional-profile-duns-and-uei-numbers, /resources/submit-new-iacuc-protocol, /proposal/Find-Your-Next-Funding-Opportunity, /resources/ibc-application-submission-review-and-approval, /research-development, https://rass.cornell.edu/irb, /proposal/budget, /compliance/conflict-of-interest, /resources/research-mailing-lists-list-servs, /resources/get-access-financial-sponsored-projects-data, https://tdx.cornell.edu/TDClient/42/Portal/Requests/TicketRequests/NewForm?ID=q5sab44D6GI_, http://webfin2.cornell.edu/, https://data.research.cornell.edu/, https://pidash.cornell.edu, https://travelregistry.cornell.edu/, http://radash.cornell.edu/, https://navigate.cornell.edu, /resources/register-federal-and-non-federal-systems, /proposal/disclose-foreign-collaborations-and-support, /resources/research-metrics, /training)\nFind My GCO (/gco)\nRASSExternal (http://guide.rass.cornell.edu/)\nInstitutional Profile & DUNS (/resources/institutional-profile-duns-and-uei-numbers)\nIACUC applications (Cayuse Animal Management) (/resources/submit-new-iacuc-protocol)\nFind Your Next Funding Opportunity (/proposal/Find-Your-Next-Funding-Opportunity)\nIBC Applications (RASS-IBC) (/resources/ibc-application-submission-review-and-approval)\nResearch Development (ReD) Services (/research-development)\nIRB Applications (RASS-IRB)External (https://rass.cornell.edu/irb)\nRates and budgets (/proposal/budget)\nReport external interests (RASS-COI) (/compliance/conflict-of-interest)\nJoin List Servs (/resources/research-mailing-lists-list-servs)\nRASS Access Request Form (/resources/get-access-financial-sponsored-projects-data)\nAsk EHSExternal (https://tdx.cornell.edu/TDClient/42/Portal/Requests/TicketRequests/NewForm?ID=q5sab44D6GI_)\nWeb Financials (WebFin2)External (http://webfin2.cornell.edu/)\nCornell Data ServicesExternal (https://data.research.cornell.edu/)\nPI DashboardExternal (https://pidash.cornell.edu)\nTravel RegistryExternal (https://travelregistry.cornell.edu/)\nResearch Financials (formerly RA Dashboard)External (http://radash.cornell.edu/)\nInternational research activitiesExternal (https://navigate.cornell.edu)\nRegister for Federal and Non-Federal Systems (/resources/register-federal-and-non-federal-systems)\nDisclose Foreign Collaborations and Support (/proposal/disclose-foreign-collaborations-and-support)\nResearch metrics & executive dashboards (/resources/research-metrics)\nTraining (/training)\nSearch (/search)\nIssuing the Subaward Agreement\nSubawards: Risk Assessment (/resources/subawards-risk-assessment)\nSubawards are issued only after a fully executed award is received by OSP from the prime sponsor. After receipt of a fully executed award from the prime sponsor, the award is distributed to the PI and the unit by OSP.\nThe PI and unit are responsible for initiating the request to issue a subaward to OSP via RASS.See step-by step directions. (https://guide.rass.cornell.edu/sponsored-projects/initiate-a-subaward/)\nPIs/Units should initiate this request as soon as possible after they receive a fully executed prime award distribution notification. The information requested via RASS is necessary for the OSP Subward Team to draft the subaward and ensure that the proper steps and determinations have been made prior to the issuance of the subaward.\nIf the subrecipient was not proposed in Cornell's original proposal, prime sponsor approval may be necessary prior to issuance of the subaward.\nPrior approval may also be necessary even if the subrecipient was proposed in the original proposal.\nIn some very rare instances, prime sponsors request to review and approve the proposed subaward prior to Cornell's release of the subaward to the subrecipient.\nAdvance Payments to Subrecipients\nRequests for advance payments to subrecipients will be considered only in very unusual circumstances and on a case-by-case basis. Advance payment terms are written into the subagreement and the advance payment, if approved by OSP and Sponsored Financial Services (SFS), is issued after a fully executed subaward agreement is in place.\nAdvance payments are generally not allowed because:\nSponsor guidelines typically state that subrecipients are reimbursed for expenses incurred for performing the work.\nCornell does not usually receive advance funding from its sponsors, therefore as a matter of practice, Cornell does not advance funds to a subrecipient.\nPrepaying an award reduces the university\u2019s leverage for ensuring that the scope of work is delivered, therefore it is considered poor fiscal management to advance funds to a subrecipient.\nManaging Subawards (/process/managing-subawards)\nSubaward FAQs (/resources/subaward-faqs)\nSubawards: Roles and Responsibilities (/resources/subawards-roles-and-responsibilities)\nSubcontractor Commitment Form (/forms/subcontractor-commitment-form)\nFederal Demonstration Partnership (FDP) Expanded Clearinghouse Program (/resources/federal-demonstration-partnership-fdp-expanded-clearinghouse-program)\nSubawards: Risk Assessment (/resources/subawards-risk-assessment)\nPayments to Subrecipients on Sponsored Projects (/resources/payments-subrecipients-sponsored-projects)\nAmendment to Subaward Agreements (/resources/amendment-subaward-agreements)\nSubrecipient Monitoring: Financial and Technical (/resources/subrecipient-monitoring-financial-and-technical)\nQuick Reference\nRates (/rates)\nForms (/forms)\nPolicies (/policies)\nContacts (/contacts)\nTraining (/training)\nEvents (/events)\nNews & Announcements (/news)\n\u00a9 2019 Cornell University\nWeb Accessibility Help (mailto:rais-help@cornell.edu?subject=researchservices.cornell.edu%20site)"
}