{
    "URL location": "https://researchservices.cornell.edu/proposal/disclose-foreign-collaborations-and-support",
    "Last modification date": "2022-02-21T01:07Z",
    "Change frequency": "never",
    "Priority": "0.5",
    "Scraped Text": "Find guidance on funding and agency updates during the federal government transition(updated 3/19/2025) (/federal-transition)\nEssential ToolsFind My GCORASSExternalInstitutional Profile & DUNSIACUC applications (Cayuse Animal Management)Find Your Next Funding OpportunityIBC Applications (RASS-IBC)Research Development (ReD) ServicesIRB Applications (RASS-IRB)ExternalRates and budgetsReport external interests (RASS-COI)Join List ServsRASS Access Request FormAsk EHSExternalWeb Financials (WebFin2)ExternalCornell Data ServicesExternalPI DashboardExternalTravel RegistryExternalResearch Financials (formerly RA Dashboard)ExternalInternational research activitiesExternalRegister for Federal and Non-Federal SystemsDisclose Foreign Collaborations and SupportResearch metrics & executive dashboardsTraining (/about/essential-tools, /gco, http://guide.rass.cornell.edu/, /resources/institutional-profile-duns-and-uei-numbers, /resources/submit-new-iacuc-protocol, /proposal/Find-Your-Next-Funding-Opportunity, /resources/ibc-application-submission-review-and-approval, /research-development, https://rass.cornell.edu/irb, /proposal/budget, /compliance/conflict-of-interest, /resources/research-mailing-lists-list-servs, /resources/get-access-financial-sponsored-projects-data, https://tdx.cornell.edu/TDClient/42/Portal/Requests/TicketRequests/NewForm?ID=q5sab44D6GI_, http://webfin2.cornell.edu/, https://data.research.cornell.edu/, https://pidash.cornell.edu, https://travelregistry.cornell.edu/, http://radash.cornell.edu/, https://navigate.cornell.edu, /resources/register-federal-and-non-federal-systems, /proposal/disclose-foreign-collaborations-and-support, /resources/research-metrics, /training)\nFind My GCO (/gco)\nRASSExternal (http://guide.rass.cornell.edu/)\nInstitutional Profile & DUNS (/resources/institutional-profile-duns-and-uei-numbers)\nIACUC applications (Cayuse Animal Management) (/resources/submit-new-iacuc-protocol)\nFind Your Next Funding Opportunity (/proposal/Find-Your-Next-Funding-Opportunity)\nIBC Applications (RASS-IBC) (/resources/ibc-application-submission-review-and-approval)\nResearch Development (ReD) Services (/research-development)\nIRB Applications (RASS-IRB)External (https://rass.cornell.edu/irb)\nRates and budgets (/proposal/budget)\nReport external interests (RASS-COI) (/compliance/conflict-of-interest)\nJoin List Servs (/resources/research-mailing-lists-list-servs)\nRASS Access Request Form (/resources/get-access-financial-sponsored-projects-data)\nAsk EHSExternal (https://tdx.cornell.edu/TDClient/42/Portal/Requests/TicketRequests/NewForm?ID=q5sab44D6GI_)\nWeb Financials (WebFin2)External (http://webfin2.cornell.edu/)\nCornell Data ServicesExternal (https://data.research.cornell.edu/)\nPI DashboardExternal (https://pidash.cornell.edu)\nTravel RegistryExternal (https://travelregistry.cornell.edu/)\nResearch Financials (formerly RA Dashboard)External (http://radash.cornell.edu/)\nInternational research activitiesExternal (https://navigate.cornell.edu)\nRegister for Federal and Non-Federal Systems (/resources/register-federal-and-non-federal-systems)\nDisclose Foreign Collaborations and Support (/proposal/disclose-foreign-collaborations-and-support)\nResearch metrics & executive dashboards (/resources/research-metrics)\nTraining (/training)\nSearch (/search)\nDisclose Foreign Collaborations and Support\nThe FBI, federal lawmakers, and sponsoring agencies have raised concerns regarding undue foreign influence on federally funded research. As a result, there are several actions that faculty need to take to ensure that all required disclosures are made and avoid exposing their projects, themselves, and the University to risk.\nWhat do I need to do?\nDisclose All Sources of Support:All current and pending support of your research endeavors,whether this effort is though Cornell, through an outside entity, or a personal venture, must be disclosed to external research sponsors as required by their guidelines and regulations. This includes both foreign and domestic sources of support. SeeDisclosing International Partnerships to Cornell and External Sponsors. Researchers who hold support that is not managed by Cornell cannot rely solely on research administrators to complete their current and pending support reports. Research administrators will not have access to this information through Cornell systems. (/policies/disclosing-international-partnerships-cornell-and-external-sponsors)\nDisclose All Appointments and Affiliations:All academic professional, or institutional appointments held by investigators must be disclosed in applications for external funding. This includes those that are domestic or foreign, paid or unpaid, or full/part-time/voluntary (including adjunct, visiting or honorary). SeeDisclosing International Partnerships to Cornell and External Sponsors. (/policies/disclosing-international-partnerships-cornell-and-external-sponsors)\nDisclosure of Consulting Activity:All time spent working for or consulting with foreign entities or institutions must be reported to the university in your Financial Conflict of Interest disclosure regardless of whether such activity is conducted in your professional or personal capacity, and whether such effort is paid or unpaid. SeeDisclosing International Partnerships to Cornell and External Sponsors. If this activity is in support of and/or related to your research efforts, it must also be disclosed under your current and pending support in your proposals to federal agencies. (/policies/disclosing-international-partnerships-cornell-and-external-sponsors)\nForeign Collaborations in Sponsored Projects:Collaboration with a foreign entity (e.g. subawards, consultants, funded or unfunded collaborations with investigators located at a foreign site, etc.) in a project must be disclosed in funding applications and project reports. Additionally, adding a foreign collaboration to an existing award may require prior approval from the sponsor. SeeDisclosing International Partnerships to Cornell and External Sponsors. (/policies/disclosing-international-partnerships-cornell-and-external-sponsors)\nForeign Travel:Observe the appropriate security precautions when traveling. Register your travel in the Cornelltravel registryand follow theinternational travel guidelines from Cornell\u2019s CIT. SeeTravel and International ActivitiesandExport Controls and International Travel. (https://navigate.cornell.edu/hc/en-us/articles/115006777427-Travel-Registry, https://travelregistry.cornell.edu/, https://it.cornell.edu/security-and-policy-students-travelsecure/travel-internationally-technology, /manage/travel, /resources/export-controls-and-international-travel)\nNegotiating Unfunded Research Collaborations with Foreign Entities:All unfunded collaboration agreements and non-sponsored revenue-generating agreements must be initiated by yourunit's contract administratorand include standard language to protect academic freedom, intellectual property, and non-discrimination. SeeExploring an Academic Collaboration. (https://global.cornell.edu/operations/collaborations/international-contracting, https://global.cornell.edu/operations/collaborations/exploring-academic-collaboration)\nReporting Foreign Gifts and Contracts:Cornell University is committed to complying with reporting requirements for foreign gifts and contracts, as outlined in Section 117 of the Higher Education Act of 1965 and in Section 207-a of the New York State Education Law. SeeReporting Foreign Gifts and Contracts. (https://www.dfa.cornell.edu/our-policies/reporting-foreign-gifts)\nScreen and Monitor Visitors:Working with foreign collaborators on Cornell University grounds is often vital and productive to the research enterprise. If you are bringing a visitor to campus, whether a fellow scientist, student, or funder, make sure that you have properly vetted them and provide adequate supervision. SeeExport Controls in Research and Education \u2013 Visiting Scholars. (/resources/export-controls-research-and-education)\nWho Can Answer my Questions?\nFor externally sponsored research projects, OSP oversees international collaborations and funding. SeeFind my GCOto contact your assigned Grant & Contract Officer. (/gco)\nFor other international contracts, including the formalization of collaborations with foreign institutions, please reach out toOVPIA\u2019s Global Operations teamatglobaloperations@cornell.edu. (https://global.cornell.edu/about/vpia, mailto:globaloperations@cornell.edu)\nFor questions regarding export controls or restricted party screening, see the information provided on theExport Controlswebpage or emailexportcontrols@cornell.edu. (/export-controls, mailto:exportcontrols@cornell.edu)\nFor advice and assistance with bringing international researchers and faculty to the U.S., seeInternational Servicesin the Office of Global Learning. (https://international.globallearning.cornell.edu)\nFor additional guidance regarding work with China, seeEngagement with China: FAQ. (https://global.cornell.edu/resources/engagement-china-faq)\nFor questions regarding conflict of interest disclosures, seeConflict of Interestor contactcoi@cornell.edu. (/compliance/conflict-of-interest, mailto:coi@cornell.edu)\nWhere Can I Find More Information?\nJanuary 25, 2022NIH Changes to Other Support and Biosketch (/news/nih-changes-other-support-and-biosketch-format-and-instructions-january-25-2022)\nFebruary 4, 2021Update on International Research and Engagement: Guidance for the Cornell Community (https://global.cornell.edu/statement/update-international-research-and-engagement-guidance-cornell-community)\nMarch 24, 2020 University Industry Demonstration Partnership (UIDP) presentation \u201cManaging\u00a0Foreign Influence.\u201d (https://vimeo.com/400992114/0687c3ecf1)\nNovember 21, 2019 OSP Roundtable \u201cDisclosing Foreign Relationships and Activities\u201d presented by the Office of Sponsored Programs. (https://vod.video.cornell.edu/media/November+2019+OSP+Roundtable+Zoom+Recording/1_17ovcni7)\nNovember 14, 2019 \u201cGuidelines on Ethical International Engagement\u201d from Mike Kotlikoff, Provost and Wendy W. Wolford, Vice Provost for International Affairs. (https://statements.cornell.edu/2019/20191114-guidelines-ethical-international-engagement.cfm)\nMay 28, 2019 Dear Colleague Letter \u201cGuidelines for the Cornell University Faculty on Academic Integrity and Undue Foreign Influence\u201d from Emmanuel P. Giannelis, Vice President for Research and Innovation and Wendy W. Wolford, Vice Provost for International Affairs. (https://global.cornell.edu/statement/academic-integrity-and-undue-foreign-influence-guidelines)\nPrepare a Proposal (/proposal)\nNASA: Affiliations with China and Disclosing Current & Pending Support (/policies/nasa-affiliations-china-and-disclosing-current-pending-support)\nNSF: Disclosing Current & Pending Support, Biographical Sketches, and International Partnerships (/policies/nsf-disclosing-current-pending-support-biographical-sketches-and-international)\nNIH: Disclosing Other Support and Foreign Components (/policies/nih-disclosing-other-support-and-foreign-components)\nDisclosing International Partnerships to Cornell and External Sponsors (/policies/disclosing-international-partnerships-cornell-and-external-sponsors)\nQuick Reference\nRates (/rates)\nForms (/forms)\nPolicies (/policies)\nContacts (/contacts)\nTraining (/training)\nEvents (/events)\nNews & Announcements (/news)\n\u00a9 2019 Cornell University\nWeb Accessibility Help (mailto:rais-help@cornell.edu?subject=researchservices.cornell.edu%20site)"
}