{
    "URL location": "https://researchservices.cornell.edu/export-controls",
    "Last modification date": "2024-07-16T17:08Z",
    "Change frequency": "yearly",
    "Priority": "0.5",
    "Scraped Text": "Find guidance on funding and agency updates during the federal government transition(updated 3/19/2025) (/federal-transition)\nEssential ToolsFind My GCORASSExternalInstitutional Profile & DUNSIACUC applications (Cayuse Animal Management)Find Your Next Funding OpportunityIBC Applications (RASS-IBC)Research Development (ReD) ServicesIRB Applications (RASS-IRB)ExternalRates and budgetsReport external interests (RASS-COI)Join List ServsRASS Access Request FormAsk EHSExternalWeb Financials (WebFin2)ExternalCornell Data ServicesExternalPI DashboardExternalTravel RegistryExternalResearch Financials (formerly RA Dashboard)ExternalInternational research activitiesExternalRegister for Federal and Non-Federal SystemsDisclose Foreign Collaborations and SupportResearch metrics & executive dashboardsTraining (/about/essential-tools, /gco, http://guide.rass.cornell.edu/, /resources/institutional-profile-duns-and-uei-numbers, /resources/submit-new-iacuc-protocol, /proposal/Find-Your-Next-Funding-Opportunity, /resources/ibc-application-submission-review-and-approval, /research-development, https://rass.cornell.edu/irb, /proposal/budget, /compliance/conflict-of-interest, /resources/research-mailing-lists-list-servs, /resources/get-access-financial-sponsored-projects-data, https://tdx.cornell.edu/TDClient/42/Portal/Requests/TicketRequests/NewForm?ID=q5sab44D6GI_, http://webfin2.cornell.edu/, https://data.research.cornell.edu/, https://pidash.cornell.edu, https://travelregistry.cornell.edu/, http://radash.cornell.edu/, https://navigate.cornell.edu, /resources/register-federal-and-non-federal-systems, /proposal/disclose-foreign-collaborations-and-support, /resources/research-metrics, /training)\nFind My GCO (/gco)\nRASSExternal (http://guide.rass.cornell.edu/)\nInstitutional Profile & DUNS (/resources/institutional-profile-duns-and-uei-numbers)\nIACUC applications (Cayuse Animal Management) (/resources/submit-new-iacuc-protocol)\nFind Your Next Funding Opportunity (/proposal/Find-Your-Next-Funding-Opportunity)\nIBC Applications (RASS-IBC) (/resources/ibc-application-submission-review-and-approval)\nResearch Development (ReD) Services (/research-development)\nIRB Applications (RASS-IRB)External (https://rass.cornell.edu/irb)\nRates and budgets (/proposal/budget)\nReport external interests (RASS-COI) (/compliance/conflict-of-interest)\nJoin List Servs (/resources/research-mailing-lists-list-servs)\nRASS Access Request Form (/resources/get-access-financial-sponsored-projects-data)\nAsk EHSExternal (https://tdx.cornell.edu/TDClient/42/Portal/Requests/TicketRequests/NewForm?ID=q5sab44D6GI_)\nWeb Financials (WebFin2)External (http://webfin2.cornell.edu/)\nCornell Data ServicesExternal (https://data.research.cornell.edu/)\nPI DashboardExternal (https://pidash.cornell.edu)\nTravel RegistryExternal (https://travelregistry.cornell.edu/)\nResearch Financials (formerly RA Dashboard)External (http://radash.cornell.edu/)\nInternational research activitiesExternal (https://navigate.cornell.edu)\nRegister for Federal and Non-Federal Systems (/resources/register-federal-and-non-federal-systems)\nDisclose Foreign Collaborations and Support (/proposal/disclose-foreign-collaborations-and-support)\nResearch metrics & executive dashboards (/resources/research-metrics)\nTraining (/training)\nSearch (/search)\nExport Controls\nDisclose Foreign Collaborations and Support (/proposal/disclose-foreign-collaborations-and-support)\nDetecting and Reporting Export Controls Violations (/policies/detecting-and-reporting-export-controls-violations)\nResearch Security (/research-security)\nCompliance with U.S. Export and Import Control Laws is the responsibility of all Cornell faculty, staff, and students.\nDuring Proposal Preparation\nIf your project includes foreign activities, including travel, collaboration with consultants or subcontractors (here or abroad), or overseas shipments, contact your GCO or the Export Control Office\u00a0as early as possible. They will help determine\u00a0if additional steps need to be taken to ensure that the project is carried out as seamlessly as possible. The GCO may advise that consultation with other Cornell offices (i.e. Global Cornell, the Office of the Vice Provost for International Affairs, or the Export Control\u00a0Office) is necessary or helpful to the success of the project.\nIf you are entering into a confidentiality agreement at any stage of your research, please seehere. (/resources/export-control-and-confidentiality-agreements)\nPost-Award Activities\nDuring the term of the award, foreign activities may arise that must be vetted for export control concerns. For example, international shipments and foreign travel should be processed in accordance with the links at the bottom of this page.\nIn addition, access to proprietary or controlled information by a foreign national, must be reviewed and approved by theExport Control Office,priorto such access occurring. (/offices/export-controls-office)\nTraining\nRequest one-on-one, departmental, or unit-specific training from Cornell\u2019s Export Control\u00a0Office.\nReview this Export Control website, specifically:Export Control Decision TreesTravel requirementsShipping and procurement requirementsResearch and education considerationsImport Control resourcesThe Export Control Compliance ManualCornell's Export and Import Control Policy (/resources/export-controls-decision-trees, /resources/export-controls-and-international-travel, /resources/export-controls-procurement-and-shipping, /resources/export-controls-research-and-education, /node/8811, /policies/export-control-compliance-manual, https://policy.cornell.edu/policy-library/export-and-import-control-compliance)\nExport Control Decision Trees (/resources/export-controls-decision-trees)\nTravel requirements (/resources/export-controls-and-international-travel)\nShipping and procurement requirements (/resources/export-controls-procurement-and-shipping)\nResearch and education considerations (/resources/export-controls-research-and-education)\nImport Control resources (/node/8811)\nThe Export Control Compliance Manual (/policies/export-control-compliance-manual)\nCornell's Export and Import Control Policy (https://policy.cornell.edu/policy-library/export-and-import-control-compliance)\nDepartment of Commerce - Export Administration Regulations: The U.S. Department of Commerce\u2019sBureau of Industry and Security (BIS) offers a series of online training seminars on export controlsrelated to commodities covered by the EAR. (https://www.bis.doc.gov/index.php/compliance-a-training)\nReview one of our Export Control focusedround table events (/events/march-2021-osp-roundtable-export-control-compliance-introduction)\nTake introductory or detailed online Export Control classes viaCornell\u2019s Citi course subscription (/training/citi-online-courses-cornell-researchers-coi-irb-rcr-export-control)\nWho can Help?\nContact theExport Control Office (/offices/export-controls-office)\nNote: Penalties for non-compliance with export control laws are severe and impact both the institution and the researcher. If an export control violation is determined by an investigating agency, an individual may be subject to civil and criminal penalties, and Cornell may be subject to, among other penalties, debarment from government contracts.\nExport Controls Office (/offices/export-controls-office)\nResearch Security (/research-security)\nCompliance, Ethics, Safety (/compliance)\nDrusilla Jaiah - Export Control Associate (/contact/dbj43)\nJoi Mindingall - Research Security | Export Control Officer (/contact/jmm793)\nExport Control and Confidentiality Agreements (/resources/export-control-and-confidentiality-agreements)\nDetecting and Reporting Export Controls Violations (/policies/detecting-and-reporting-export-controls-violations)\nUkraine/Russia Transactions Guidance (/news/ukrainerussia-transactions-guidance)\nExport Controls Frequently Asked Questions (FAQ) (/resources/export-controls-frequently-asked-questions-faq)\nUniversity Policy 4.22, Export and Import Control Compliance (https://policy.cornell.edu/policy-library/export-and-import-control-compliance)\nOff-Campus Research (/resources/campus-research)\nQuick Reference\nRates (/rates)\nForms (/forms)\nPolicies (/policies)\nContacts (/contacts)\nTraining (/training)\nEvents (/events)\nNews & Announcements (/news)\n\u00a9 2019 Cornell University\nWeb Accessibility Help (mailto:rais-help@cornell.edu?subject=researchservices.cornell.edu%20site)"
}