{
    "URL location": "https://researchservices.cornell.edu/resources/export-controls-and-international-travel",
    "Last modification date": "2023-12-19T20:38Z",
    "Change frequency": "yearly",
    "Priority": "0.5",
    "Scraped Text": "Find guidance on funding and agency updates during the federal government transition(updated 3/19/2025) (/federal-transition)\nEssential ToolsFind My GCORASSExternalInstitutional Profile & DUNSIACUC applications (Cayuse Animal Management)Find Your Next Funding OpportunityIBC Applications (RASS-IBC)Research Development (ReD) ServicesIRB Applications (RASS-IRB)ExternalRates and budgetsReport external interests (RASS-COI)Join List ServsRASS Access Request FormAsk EHSExternalWeb Financials (WebFin2)ExternalCornell Data ServicesExternalPI DashboardExternalTravel RegistryExternalResearch Financials (formerly RA Dashboard)ExternalInternational research activitiesExternalRegister for Federal and Non-Federal SystemsDisclose Foreign Collaborations and SupportResearch metrics & executive dashboardsTraining (/about/essential-tools, /gco, http://guide.rass.cornell.edu/, /resources/institutional-profile-duns-and-uei-numbers, /resources/submit-new-iacuc-protocol, /proposal/Find-Your-Next-Funding-Opportunity, /resources/ibc-application-submission-review-and-approval, /research-development, https://rass.cornell.edu/irb, /proposal/budget, /compliance/conflict-of-interest, /resources/research-mailing-lists-list-servs, /resources/get-access-financial-sponsored-projects-data, https://tdx.cornell.edu/TDClient/42/Portal/Requests/TicketRequests/NewForm?ID=q5sab44D6GI_, http://webfin2.cornell.edu/, https://data.research.cornell.edu/, https://pidash.cornell.edu, https://travelregistry.cornell.edu/, http://radash.cornell.edu/, https://navigate.cornell.edu, /resources/register-federal-and-non-federal-systems, /proposal/disclose-foreign-collaborations-and-support, /resources/research-metrics, /training)\nFind My GCO (/gco)\nRASSExternal (http://guide.rass.cornell.edu/)\nInstitutional Profile & DUNS (/resources/institutional-profile-duns-and-uei-numbers)\nIACUC applications (Cayuse Animal Management) (/resources/submit-new-iacuc-protocol)\nFind Your Next Funding Opportunity (/proposal/Find-Your-Next-Funding-Opportunity)\nIBC Applications (RASS-IBC) (/resources/ibc-application-submission-review-and-approval)\nResearch Development (ReD) Services (/research-development)\nIRB Applications (RASS-IRB)External (https://rass.cornell.edu/irb)\nRates and budgets (/proposal/budget)\nReport external interests (RASS-COI) (/compliance/conflict-of-interest)\nJoin List Servs (/resources/research-mailing-lists-list-servs)\nRASS Access Request Form (/resources/get-access-financial-sponsored-projects-data)\nAsk EHSExternal (https://tdx.cornell.edu/TDClient/42/Portal/Requests/TicketRequests/NewForm?ID=q5sab44D6GI_)\nWeb Financials (WebFin2)External (http://webfin2.cornell.edu/)\nCornell Data ServicesExternal (https://data.research.cornell.edu/)\nPI DashboardExternal (https://pidash.cornell.edu)\nTravel RegistryExternal (https://travelregistry.cornell.edu/)\nResearch Financials (formerly RA Dashboard)External (http://radash.cornell.edu/)\nInternational research activitiesExternal (https://navigate.cornell.edu)\nRegister for Federal and Non-Federal Systems (/resources/register-federal-and-non-federal-systems)\nDisclose Foreign Collaborations and Support (/proposal/disclose-foreign-collaborations-and-support)\nResearch metrics & executive dashboards (/resources/research-metrics)\nTraining (/training)\nSearch (/search)\nExport Controls and International Travel\nTravel Safety and Emergency Planning for Employees Abroad (/resources/travel-safety-and-emergency-planning-employees-abroad)\nInternational Travel Regulations and Considerations\nRestrictions on Physical Items\nWhen leaving the country, everything taken is an export, including devices, software, and data.\nIt is the traveler\u2019s responsibility to ensure that their electronic devices and presentations do not contain any export-controlled technical data or technology.\nYou cannot take ITAR-controlled articles, technical data, or software without a license from the State Department.\nTangible items developed through fundamental research are still subject to the ITAR and EAR.\nRestrictions on Location and Entities\nTravel to embargoed and sanctioned countries may be prohibited. Please referenceOFAC\u2019s Sanctions Program and Country Information Pagefor the most current list of countries and restrictions. Please consult withCornell'sExport Control Officeprior to arranging travel to the following countries: (http://www.treasury.gov/resource-center/sanctions/Programs/Pages/Programs.aspx, mailto: exportcontrols@cornell.edu, /contact/jmm793)\nUkraine\nCuba (Seehttps://global.cornell.edu/travel-cuba) (https://global.cornell.edu/travel-cuba)\nIran (See theIran Sanctions Guidance Document) (/policies/export-controls-iran-sanctions-guidance-document)\nNorth Korea\nSyria\nRussia\nBelarus\nThere are various lists which the federal government maintains with the restrictions and restricted entities.\u00a0OFAC\u2019s Specially Designated Nationals and Blocked Persons List and the Commerce Department\u2019s Entity List are the most relevant.\nPlease consult withCornell's Export Control Officeto run Restricted Party Screening prior to travel. (/offices/export-controls-office)\nTravel Information and Policies\nCornell University utilizes a travel registry for Ithaca-based Cornellians to record travel plans:http://travelregistry.cornell.edu (http://travelregistry.cornell.edu/)\nCornell travelers can log complete itineraries online.\u00a0Travel registration is mandatory for all staff, faculty, undergraduate, and graduate students traveling internationally on behalf of Cornell.\u00a0In addition to notifying relevant departments about Cornell business related travel, this process allows each registrant to be eligible for emergency evacuation services should they be required in the event of natural disasters, health emergencies or political unrest.\nCornell Travel Policies\nhttps://policy.cornell.edu/policy-library/risk-management-international-travel (https://www.dfa.cornell.edu/sites/default/files/vol8_5.pdf)\nhttps://policy.cornell.edu/policy-library/travel-expenses (https://www.dfa.cornell.edu/sites/default/files/vol3_2.pdf)\nTraveling with Encrypted Devices\nCornell owned laptop computers are routinely equipped with encryption software and are subject to export control regulations under the Export Administration Regulations (EAR). U.S. regulations may permit the export of such computers under certain export license exceptions, however various countries have implemented prohibitions against importing the same computers and software. Under United States law, no individual is permitted to export the encrypted software to a prohibited country or individual.\nAs mentioned above, certain countries, such as China, Israel, and Russia have restrictions on the import and use of encryption tools and do not allow cryptography tools to be imported or used within their borders without a license, or in some extreme cases, at all. Under these restrictions, any country can potentially confiscate systems mobile computing devices/ devices entering or leaving their borders. For that reason,Cornell strongly recommends traveling with loaner devices.\nOther Resources\nObtaining a Temporary Use Laptop (Loaner Device)\nIf your department does not have a spare device (loaner) on hand that can be used for travel, please contact your IT Department to see if they have any spare devices for you to use during travel.\nIf travel to one of these countries is a frequent or routine occurrence and/or loaner device isn't a viable option, the IT Security Office offers a service to work with your IT support provider on alternative solutions. For additional information, seehere. (https://it.cornell.edu/highrisktravel)\nU.S. Customs Device Inspections\nU.S. Customs officials are authorized to search or retain electronic devices to look for violation of export control regulations, as well as other laws and regulations.\nConsider taking a minimal device equipped with only ordinary, recognizable software and minimal data so your delay is minimal and the consequence of a loss less disruptive.\nExceptions\nTMP Exception (EAR \u00a7740.9)\nTMP Exception Letter (/sites/default/files/2023-12/TMP_Exception_Letter%2011-2023.docx)\nThe EAR makes an exception to licensing requirements for the temporary export or re-export of certain items, technology, or software for\u00a0professional\u00a0use as long as you meet the following criteria:\nThe item or software remains under the \"effective control\" of Cornell personnel while the property is abroad.Effective Controlmeans - retaining physical possession of an item or maintaining it in a secure environment such as a hotel safe or locked facility.\nThe item or software to return to the US within 12 months.\nThe item or software to be shipped, retransferred, or hand-carried be used ONLY as a \"tool of the trade\" to conduct Cornell University business.\nThe TMP exception does NOT apply to the following:\nAny EAR satellite or space-related equipment, components, or software, or to any technology associated with high-level encryption products.\nItems, technology, data, or software regulated by the Department of State\u2019s International Traffic in Arms Regulations (ITAR).\nItems going to Iran, Cuba, Syria, certain areas of Ukraine, or North Korea.\nElectronic Devices\nCornell owned electronic devices (the physical device and ordinary software installed on it) are typically subject to the EAR:\nLaptops, iPhones, Android devices\nMass market software such as Windows, OS X, Office, Adobe products, Visual Studio\nOpen source software such as Linux, Apache\nComplete, print and take with you, a copy of theTMP Exception Letterto self-certify your use of the exception. For U.S. government record keeping requirements, file a copy with the Export Controls Office\u00a0before you travel (hard copy, a scan of the signed form, or the unsigned .pdf sent from your Cornell email account). (/sites/default/files/2023-12/TMP_Exception_Letter%2011-2023.docx)\nTake the signed copy with you, and give it to the Customs officialIFthey question or inspect your device.\n\u2018BAG\u2019 Exception\nPersonal items such as clothes, toiletries, medicine, souvenirs, games, etc. are generally covered by EAR\u2019s personal baggage exception:\u00a0\u2018BAG.\u2019\nExport Controls Office (/offices/export-controls-office)\nExport Controls (/export-controls)\nDrusilla Jaiah - Export Control Associate (/contact/dbj43)\nJoi Mindingall - Research Security | Export Control Officer (/contact/jmm793)\nExport Control and Confidentiality Agreements (/resources/export-control-and-confidentiality-agreements)\nDetecting and Reporting Export Controls Violations (/policies/detecting-and-reporting-export-controls-violations)\nUkraine/Russia Transactions Guidance (/news/ukrainerussia-transactions-guidance)\nExport Controls Frequently Asked Questions (FAQ) (/resources/export-controls-frequently-asked-questions-faq)\nUniversity Policy 4.22, Export and Import Control Compliance (https://policy.cornell.edu/policy-library/export-and-import-control-compliance)\nOff-Campus Research (/resources/campus-research)\nImport Control (/resources/import-control)\nQuick Reference\nRates (/rates)\nForms (/forms)\nPolicies (/policies)\nContacts (/contacts)\nTraining (/training)\nEvents (/events)\nNews & Announcements (/news)\n\u00a9 2019 Cornell University\nWeb Accessibility Help (mailto:rais-help@cornell.edu?subject=researchservices.cornell.edu%20site)"
}