{
    "URL location": "https://researchservices.cornell.edu/resources/uniform-guidance-federal-awards",
    "Last modification date": "2022-01-13T14:39Z",
    "Change frequency": "never",
    "Priority": "0.5",
    "Scraped Text": "Find guidance on funding and agency updates during the federal government transition(updated 3/19/2025) (/federal-transition)\nEssential ToolsFind My GCORASSExternalInstitutional Profile & DUNSIACUC applications (Cayuse Animal Management)Find Your Next Funding OpportunityIBC Applications (RASS-IBC)Research Development (ReD) ServicesIRB Applications (RASS-IRB)ExternalRates and budgetsReport external interests (RASS-COI)Join List ServsRASS Access Request FormAsk EHSExternalWeb Financials (WebFin2)ExternalCornell Data ServicesExternalPI DashboardExternalTravel RegistryExternalResearch Financials (formerly RA Dashboard)ExternalInternational research activitiesExternalRegister for Federal and Non-Federal SystemsDisclose Foreign Collaborations and SupportResearch metrics & executive dashboardsTraining (/about/essential-tools, /gco, http://guide.rass.cornell.edu/, /resources/institutional-profile-duns-and-uei-numbers, /resources/submit-new-iacuc-protocol, /proposal/Find-Your-Next-Funding-Opportunity, /resources/ibc-application-submission-review-and-approval, /research-development, https://rass.cornell.edu/irb, /proposal/budget, /compliance/conflict-of-interest, /resources/research-mailing-lists-list-servs, /resources/get-access-financial-sponsored-projects-data, https://tdx.cornell.edu/TDClient/42/Portal/Requests/TicketRequests/NewForm?ID=q5sab44D6GI_, http://webfin2.cornell.edu/, https://data.research.cornell.edu/, https://pidash.cornell.edu, https://travelregistry.cornell.edu/, http://radash.cornell.edu/, https://navigate.cornell.edu, /resources/register-federal-and-non-federal-systems, /proposal/disclose-foreign-collaborations-and-support, /resources/research-metrics, /training)\nFind My GCO (/gco)\nRASSExternal (http://guide.rass.cornell.edu/)\nInstitutional Profile & DUNS (/resources/institutional-profile-duns-and-uei-numbers)\nIACUC applications (Cayuse Animal Management) (/resources/submit-new-iacuc-protocol)\nFind Your Next Funding Opportunity (/proposal/Find-Your-Next-Funding-Opportunity)\nIBC Applications (RASS-IBC) (/resources/ibc-application-submission-review-and-approval)\nResearch Development (ReD) Services (/research-development)\nIRB Applications (RASS-IRB)External (https://rass.cornell.edu/irb)\nRates and budgets (/proposal/budget)\nReport external interests (RASS-COI) (/compliance/conflict-of-interest)\nJoin List Servs (/resources/research-mailing-lists-list-servs)\nRASS Access Request Form (/resources/get-access-financial-sponsored-projects-data)\nAsk EHSExternal (https://tdx.cornell.edu/TDClient/42/Portal/Requests/TicketRequests/NewForm?ID=q5sab44D6GI_)\nWeb Financials (WebFin2)External (http://webfin2.cornell.edu/)\nCornell Data ServicesExternal (https://data.research.cornell.edu/)\nPI DashboardExternal (https://pidash.cornell.edu)\nTravel RegistryExternal (https://travelregistry.cornell.edu/)\nResearch Financials (formerly RA Dashboard)External (http://radash.cornell.edu/)\nInternational research activitiesExternal (https://navigate.cornell.edu)\nRegister for Federal and Non-Federal Systems (/resources/register-federal-and-non-federal-systems)\nDisclose Foreign Collaborations and Support (/proposal/disclose-foreign-collaborations-and-support)\nResearch metrics & executive dashboards (/resources/research-metrics)\nTraining (/training)\nSearch (/search)\nUniform Guidance for Federal Awards\nUniform Administrative Requirements, Cost Principles, and Audit Requirements for Federal Awards (2 CFR 200) is the regulation that replaces OMB Circulars A-21, A-110, and A-133, and itbecame effective December 26, 2014. (https://www.ecfr.gov/current/title-2/subtitle-A/chapter-II/part-200)\nThe Uniform Guidance contains the following sections:\nSubpart A: Acronyms and Definitions\nSubpart B: General Provisions\nSubpart C: Pre-Federal Award Requirements and Contents of Federal Awards (previously contained in A-110)\nSubpart D: Standards for Financial and Program Management (previously contained in A-110)\nSubpart E: Cost Principles (previously contained in A-21)\nSubpart F: Audit Requirements (previously contained in A-133)\nUpdates\nPayments to Sub-awardees\nSection 200.305(b)(3)indicates that payments to sub-awardees must be made within 30 days unless the invoice is believed to be improper (e.g., deliverables have not been made, the invoice does not meet the requirements of the sub-award). Previously there was no standard for payment. Please make sure that invoices are reviewed and disbursement voucher (DV) e-docs are prepared and approved so that the check/ACH is issued within 30 days of invoice receipt. It is important to retain documentation of any invoice problems or deliverables to substantiate a delayed payment, and this should be noted in the DV. Please work with the Office of Sponsored Programs or Sponsored Financial Services, as appropriate, where problems exist with sub-awardees. (https://www.ecfr.gov/current/title-2/subtitle-A/chapter-II/part-200#p-200.305(b)(3))\nPublication Costs and Period of Performance\nSection 200.461(b)(3)permits expenses for project related publications (e.g., page charges) after the period of performance.\u00a0 However, these charges must be liquidated (i.e., shown as spent on the project account) prior to the project closeout. In practical terms, this limits the applicability of this option to the 60 days following most awards (30 days for most sub-awards). (https://www.ecfr.gov/current/title-2/subtitle-A/chapter-II/part-200#p-200.461(b)(3))\nResources\nCornell\nPresentation: Managing Participant Costs under the Uniform Guidance, June 15, 2016 (PDF, 720 KB) (https://www.dfa.cornell.edu/sites/default/files/managing-participant-support-costs.pdf)\nPresentation: Research Administration Forum, December 11, 2014 (PDF, 1 MB)WebEx Recording of Presentation (MP4 Video, 20 MB) (https://www.dfa.cornell.edu/sites/default/files/raf-uniform-guidance-20141211.pdf, https://www.dfa.cornell.edu/sites/default/files/uniform%20guidance-20141211.mp4)\nWebEx Recording of Presentation (MP4 Video, 20 MB) (https://www.dfa.cornell.edu/sites/default/files/uniform%20guidance-20141211.mp4)\nOffice of Sponsored Programs Roundtable, December 18, 2014\nDeferred Implementation of Procurement Rules (PDF, 75 KB) (https://www.dfa.cornell.edu/sites/default/files/procurement-election.pdf)\nPrevious WebEx sessions have been archived and will be retained for approximately one month from the original date.Friday, March 20, 2015 -Watch the recorded session (MP4 Video, 60 MB) (https://www.dfa.cornell.edu/sites/default/files/uniform-guidance-monthly-20150320.mp4)\nFriday, March 20, 2015 -Watch the recorded session (MP4 Video, 60 MB) (https://www.dfa.cornell.edu/sites/default/files/uniform-guidance-monthly-20150320.mp4)\nFederal\nPart 200 Uniform Administrative Requirements, Cost Principles, and Audit Requirements for Federal Awards (Uniform Guidance) (https://www.ecfr.gov/current/title-2/subtitle-A/chapter-II/part-200)\nInterim joint final rule implementing Uniform Guidance (PDF, 3.0 MB) (http://www.gpo.gov/fdsys/pkg/FR-2014-12-19/pdf/2014-28697.pdf)\nFrequently Asked Questions from the Federal Council on Financial Assistance Reform (PDF, 716 KB) (https://www.cfo.gov/wp-content/uploads/2014/11/2014-11-26-Frequently-Asked-Questions.pdf)\nCouncil on Financial Assistance Reform (COFAR) website (https://cfo.gov//grants/)\nHigher Education Associations\nCouncil on Governmental Relations Guide to OMB Uniform Guidance (version 2) (PDF, 318 KB) (http://www.cogr.edu/sites/default/files/COGR_Readiness_Document_-_Uniform_Guidance_-_December_2014.pdf)\nCouncil on Governmental Relations (COGR) website (https://www.cogr.edu)\nProject Finances (/manage/finances)\nSalary Cap Calculator (/rates/salary-cap-calculator)\nPI Dashboard (/resources/pi-dashboard)\nAccount Award Portfolio Dashboard (/resources/account-award-portfolio-dashboard)\nWebFin2 (/resources/webfin2)\nGet Access to Financial & Sponsored Projects Data (/resources/get-access-financial-sponsored-projects-data)\nBilling (Invoicing) Sponsors (/resources/billing-invoicing-sponsors)\nForeign Currency Awards (/resources/foreign-currency-awards)\nWho Can Help: Finance Staff (/resources/who-can-help-finance-staff)\nAccount Setup Details (/resources/account-setup-details)\nPost-award Reference: Employee Benefits and Facility/Administrative Costs (/resources/post-award-reference-employee-benefits-and-facilityadministrative-costs)\nQuick Reference\nRates (/rates)\nForms (/forms)\nPolicies (/policies)\nContacts (/contacts)\nTraining (/training)\nEvents (/events)\nNews & Announcements (/news)\n\u00a9 2019 Cornell University\nWeb Accessibility Help (mailto:rais-help@cornell.edu?subject=researchservices.cornell.edu%20site)"
}