{
    "URL location": "https://researchservices.cornell.edu/resources/dual-use-research-concern-durc",
    "Last modification date": "2019-06-18T03:07Z",
    "Change frequency": "never",
    "Priority": "0.5",
    "Scraped Text": "Find guidance on funding and agency updates during the federal government transition(updated 3/19/2025) (/federal-transition)\nEssential ToolsFind My GCORASSExternalInstitutional Profile & DUNSIACUC applications (Cayuse Animal Management)Find Your Next Funding OpportunityIBC Applications (RASS-IBC)Research Development (ReD) ServicesIRB Applications (RASS-IRB)ExternalRates and budgetsReport external interests (RASS-COI)Join List ServsRASS Access Request FormAsk EHSExternalWeb Financials (WebFin2)ExternalCornell Data ServicesExternalPI DashboardExternalTravel RegistryExternalResearch Financials (formerly RA Dashboard)ExternalInternational research activitiesExternalRegister for Federal and Non-Federal SystemsDisclose Foreign Collaborations and SupportResearch metrics & executive dashboardsTraining (/about/essential-tools, /gco, http://guide.rass.cornell.edu/, /resources/institutional-profile-duns-and-uei-numbers, /resources/submit-new-iacuc-protocol, /proposal/Find-Your-Next-Funding-Opportunity, /resources/ibc-application-submission-review-and-approval, /research-development, https://rass.cornell.edu/irb, /proposal/budget, /compliance/conflict-of-interest, /resources/research-mailing-lists-list-servs, /resources/get-access-financial-sponsored-projects-data, https://tdx.cornell.edu/TDClient/42/Portal/Requests/TicketRequests/NewForm?ID=q5sab44D6GI_, http://webfin2.cornell.edu/, https://data.research.cornell.edu/, https://pidash.cornell.edu, https://travelregistry.cornell.edu/, http://radash.cornell.edu/, https://navigate.cornell.edu, /resources/register-federal-and-non-federal-systems, /proposal/disclose-foreign-collaborations-and-support, /resources/research-metrics, /training)\nFind My GCO (/gco)\nRASSExternal (http://guide.rass.cornell.edu/)\nInstitutional Profile & DUNS (/resources/institutional-profile-duns-and-uei-numbers)\nIACUC applications (Cayuse Animal Management) (/resources/submit-new-iacuc-protocol)\nFind Your Next Funding Opportunity (/proposal/Find-Your-Next-Funding-Opportunity)\nIBC Applications (RASS-IBC) (/resources/ibc-application-submission-review-and-approval)\nResearch Development (ReD) Services (/research-development)\nIRB Applications (RASS-IRB)External (https://rass.cornell.edu/irb)\nRates and budgets (/proposal/budget)\nReport external interests (RASS-COI) (/compliance/conflict-of-interest)\nJoin List Servs (/resources/research-mailing-lists-list-servs)\nRASS Access Request Form (/resources/get-access-financial-sponsored-projects-data)\nAsk EHSExternal (https://tdx.cornell.edu/TDClient/42/Portal/Requests/TicketRequests/NewForm?ID=q5sab44D6GI_)\nWeb Financials (WebFin2)External (http://webfin2.cornell.edu/)\nCornell Data ServicesExternal (https://data.research.cornell.edu/)\nPI DashboardExternal (https://pidash.cornell.edu)\nTravel RegistryExternal (https://travelregistry.cornell.edu/)\nResearch Financials (formerly RA Dashboard)External (http://radash.cornell.edu/)\nInternational research activitiesExternal (https://navigate.cornell.edu)\nRegister for Federal and Non-Federal Systems (/resources/register-federal-and-non-federal-systems)\nDisclose Foreign Collaborations and Support (/proposal/disclose-foreign-collaborations-and-support)\nResearch metrics & executive dashboards (/resources/research-metrics)\nTraining (/training)\nSearch (/search)\nDual Use Research of Concern (DURC)\nDual Use Research of Concern (DURC) is life sciences research that, based on current understanding, can be reasonably anticipated to provide knowledge, information, products, or technologies that could be directly misapplied to pose a significant threat with broad potential consequences to public health and safety, agricultural crops and other plants, animals, the environment, materiel, or national security.\nThe United States Government\u2019s oversight of DURC is aimed at preserving the benefits of life sciences research while minimizing the risk of misuse of the knowledge, information, products, or technologies provided by such research.\nScope of Research covered under the policy: This policy applies to research that involves both (1) one or more of the 15 agents or toxins listed in the 1 HHS Policy (the \"DURC Agents\") and (2) must produce, aim to produce, or can be reasonably anticipated to produce one or more of the 7 categories of experiments listed in the Health and Human Services (HHS) Policy.\n\nDual Use Research of Concern (DURC) Agents: 15 agents and toxins referred to in the 2014 DURC USG Policy\nAvian influenza virus (highly pathogenic)\nBacillus anthracis\nBotulinum neurotoxin (For purposes of this Policy, there are no exempt quantities of botulinum neurotoxin. Research involving any quantity of botulinum neurotoxin should be evaluated for\u00a0DURC potential.)\nBurkholderia mallei\nBurkholderia pesudomallei\nEbola virus\nFoot-and-mouth disease virus\nFrancisella tularensis\nMarburg virus\nReconstructed 1918 Influenza virus\nRinderpest virus\nToxin-producing strains ofClostridium botulinum\nVariola major virus\nVariola minor virus\nYersinia pestis\nExperimental Effects of Concern: The following 7 categories of experiments referred to in the 2014 USG DURC Policy:\nEnhances the harmful consequences of the agent or toxin\nDisrupts immunity or effectiveness of an immunization against the agent or\u00a0toxin without clinical\u00a0and/or agricultural justification\nConfers to the agent or toxin resistance to clinically and/or agriculturally useful prophylactic or\u00a0therapeutic interventions against that agent or toxin or facilitates their ability to evade detection\u00a0methodologies\nIncreases the stability, transmissibility or the ability to disseminate the agent or toxin.\nAlters the host range or tropism of the agent or toxin\nEnhances the susceptibility of a host population to the agent or toxin\nGenerates or reconstitutes an eradicated or extinct agent or toxin listed in the definition of DURC\u00a0Agents above\nCornell Policy and Risk Mitigation Plan\nCornell University\u00a0Policy for Institutional Oversight of Life Sciences Dual Use\u00a0Research of Concern (/sites/default/files/2019-05/Dual_Use_Research_of_Concern_Policy.pdf)\nU.S. Government DURC Policies\nUnited States Government Policy for Oversight of Life Sciences Dual Use Research of Concern (March 2012) (http://www.phe.gov/s3/dualuse/Documents/us-policy-durc-032812.pdf)\nUnited States Government Policy for Institutional Oversight of Life Sciences Dual use Research of Concern (September 2014) (http://www.phe.gov/s3/dualuse/Documents/durc-policy.pdf)\nCompanion Guide to U.S. government policies for oversight of DURC (http://www.phe.gov/s3/dualuse/Documents/durc-companion-guide.pdf)\nFAQs on U.S. government policy for institutional oversight of life sciences DURC (http://www.phe.gov/s3/dualuse/Documents/durc-faqs.pdf)\n\"Dual Use Research: A Dialogue\" - NIH video\nWatch the video\u201cDual Use Research: A Dialogue,\u201dan educational video produced by the National Institutes of Health (https://www.youtube.com/watch?v=0yS1ur24j40)\nRegulated Biological Materials in Research (/compliance/rsna-or-biohazardous-research)\nMUA Submission Deadline and IBC Meeting Dates (/resources/mua-submission-deadline-and-ibc-meeting-dates)\nRegulated Biological Materials Frequently Asked Questions (/resources/regulated-biological-materials-frequently-asked-questions)\nApril IBC Meeting (/events/april-ibc-meeting)\nIBC Application Submission, Review and Approval (/resources/ibc-application-submission-review-and-approval)\nGet Started with Recombinant or Synthetic Nucleic Acid Molecules (r/sNA) or Other Biohazardous Agents (/resources/get-started-with-rsna-biohazardous-agents)\nHuman Embryonic Stem Cell Research Oversight Committee (ESCRO) (/resources/human-embryonic-stem-cell-research-oversight-committee-escro)\nReport an Incident or Exposure to Recombinant or Biohazardous Materials (/resources/report-incident-or-exposure-recombinant-or-biohazardous-materials)\nWork with Bloodborne Pathogens and Training Requirements (/training/bloodborne-pathogens)\nInstitutional Biosafety Committee (IBC) (/resources/institutional-biosafety-committee-ibc)\nInstitutional Biosafety Committee (IBC) Office (/offices/ibc)\nQuick Reference\nRates (/rates)\nForms (/forms)\nPolicies (/policies)\nContacts (/contacts)\nTraining (/training)\nEvents (/events)\nNews & Announcements (/news)\n\u00a9 2019 Cornell University\nWeb Accessibility Help (mailto:rais-help@cornell.edu?subject=researchservices.cornell.edu%20site)"
}