{
    "URL location": "https://researchservices.cornell.edu/resources/postdoc-parental-leave-pd-pals",
    "Last modification date": "2024-11-21T12:45Z",
    "Change frequency": "yearly",
    "Priority": "0.5",
    "Scraped Text": "Find guidance on funding and agency updates during the federal government transition(updated 3/19/2025) (/federal-transition)\nEssential ToolsFind My GCORASSExternalInstitutional Profile & DUNSIACUC applications (Cayuse Animal Management)Find Your Next Funding OpportunityIBC Applications (RASS-IBC)Research Development (ReD) ServicesIRB Applications (RASS-IRB)ExternalRates and budgetsReport external interests (RASS-COI)Join List ServsRASS Access Request FormAsk EHSExternalWeb Financials (WebFin2)ExternalCornell Data ServicesExternalPI DashboardExternalTravel RegistryExternalResearch Financials (formerly RA Dashboard)ExternalInternational research activitiesExternalRegister for Federal and Non-Federal SystemsDisclose Foreign Collaborations and SupportResearch metrics & executive dashboardsTraining (/about/essential-tools, /gco, http://guide.rass.cornell.edu/, /resources/institutional-profile-duns-and-uei-numbers, /resources/submit-new-iacuc-protocol, /proposal/Find-Your-Next-Funding-Opportunity, /resources/ibc-application-submission-review-and-approval, /research-development, https://rass.cornell.edu/irb, /proposal/budget, /compliance/conflict-of-interest, /resources/research-mailing-lists-list-servs, /resources/get-access-financial-sponsored-projects-data, https://tdx.cornell.edu/TDClient/42/Portal/Requests/TicketRequests/NewForm?ID=q5sab44D6GI_, http://webfin2.cornell.edu/, https://data.research.cornell.edu/, https://pidash.cornell.edu, https://travelregistry.cornell.edu/, http://radash.cornell.edu/, https://navigate.cornell.edu, /resources/register-federal-and-non-federal-systems, /proposal/disclose-foreign-collaborations-and-support, /resources/research-metrics, /training)\nFind My GCO (/gco)\nRASSExternal (http://guide.rass.cornell.edu/)\nInstitutional Profile & DUNS (/resources/institutional-profile-duns-and-uei-numbers)\nIACUC applications (Cayuse Animal Management) (/resources/submit-new-iacuc-protocol)\nFind Your Next Funding Opportunity (/proposal/Find-Your-Next-Funding-Opportunity)\nIBC Applications (RASS-IBC) (/resources/ibc-application-submission-review-and-approval)\nResearch Development (ReD) Services (/research-development)\nIRB Applications (RASS-IRB)External (https://rass.cornell.edu/irb)\nRates and budgets (/proposal/budget)\nReport external interests (RASS-COI) (/compliance/conflict-of-interest)\nJoin List Servs (/resources/research-mailing-lists-list-servs)\nRASS Access Request Form (/resources/get-access-financial-sponsored-projects-data)\nAsk EHSExternal (https://tdx.cornell.edu/TDClient/42/Portal/Requests/TicketRequests/NewForm?ID=q5sab44D6GI_)\nWeb Financials (WebFin2)External (http://webfin2.cornell.edu/)\nCornell Data ServicesExternal (https://data.research.cornell.edu/)\nPI DashboardExternal (https://pidash.cornell.edu)\nTravel RegistryExternal (https://travelregistry.cornell.edu/)\nResearch Financials (formerly RA Dashboard)External (http://radash.cornell.edu/)\nInternational research activitiesExternal (https://navigate.cornell.edu)\nRegister for Federal and Non-Federal Systems (/resources/register-federal-and-non-federal-systems)\nDisclose Foreign Collaborations and Support (/proposal/disclose-foreign-collaborations-and-support)\nResearch metrics & executive dashboards (/resources/research-metrics)\nTraining (/training)\nSearch (/search)\nCornell Postdoc Parental Leave Support (PD PaLS) Program\n\nThe Cornell Postdoc Parental Leave Support (PD PaLS) program is designed to assist postdoctoral associates in balancing professional and personal responsibilities, appreciating the impact of this duality on the postdoctoral researcher and on the research leader and team in which they work. Cornell PD PaLS offers Cornell-internal funding (up to $10,000 per applicant) when postdoctoral researchers require leave or other work adjustments for the birth or adoption of a child.\nPD PaLS is co-funded by the Office of the Vice President for Research & Innovation (OVPRI) and colleges with 50% cost-shared between OVPRI and the college of the postdoc's faculty mentor, up to 10 slots per year. Proposals are developed jointly by the postdoc and the faculty mentor; the provisioned funding is distributed to the postdoc mentor because the use period generally occurs during the postdoc leave period.\nProgram Eligibility\nThe PD PaLS program provides financial assistance (up to $10K per applicant) when postdoctoral researchers require leave or other work adjustments for the birth or adoption of a child, allowing the project team to adapt during the postdoc\u2019s extended absence. Eligibility includes those on parental leave throughAcademic Medical Leave and/or Federal Family and Medical Leave (FMLA).\nThe preferred use of program fundsis for those working on sponsored projects and programs who can provide clear evidence of need,allowing the project team to adapt during the postdoc\u2019s leave period.\nThis program is for postdoctoral associates working in Ithaca-based departments.\nContact: Questions about the Cornell PD PaLS program should be directed to Sally Blinn(sgb93@cornell.eduor 607-255-7200), Senior Administrative Assistant and Event Coordinator in OVPRI. ((sgb93@cornell.edu)\nHow to apply: Faculty mentors may apply to this program and should coordinate the application with their postdoctoral associate. Postdoctoral associates should not apply directly to the program. It is expected that the faculty mentor will submit the application after consultation with the postdoctoral associate.\nTiming: Applications will be accepted on a rolling basis. However, award notifications will be announced quarterly, with reviews conducted in March, June, September, and December.\nNOTE: During the first review period with awards announced by or in December 2024, there will be rolling awards to allow participation for those not previously aware of the new quarterly award structure. Starting in 2025, applications will be compiled and considered on the quarterly basis to allow mindful assessment of needs in balance with limited funds to award.\nSally Blinn - Senior Administrative Support and Event Coordinator (/contacts/sally-blinn-senior-administrative-support-and-event-coordinator)\nFind Your Next Funding Opportunity (/proposal/Find-Your-Next-Funding-Opportunity)\nUpstate New York Energy Storage Engine (/resources/upstate-new-york-energy-storage-engine)\nFunding Opportunity: Bezos Earth Fund Grand Challenge (/resources/funding-opportunity-bezos-earth-fund-grand-challenge)\nFoundation Funding (/resources/foundation-funding)\nLimited Submissions Funding Opportunities (/resources/limited-submissions-funding-opportunities)\nRecurring and Prestigious Funding Opportunities (/resources/recurring-and-prestigious-funding-opportunities)\nFaculty Recognition Prizes and Awards (/faculty-awards)\nInternal Funding for Faculty, Postdocs & Students (/resources/internal-funding-faculty-postdocs-students)\nEarly Career Faculty Research Funding (/resources/early-career-funding)\nGrants for Women and Underrepresented Communities (/resources/grants-women-and-underrepresented-communities)\nQuick Reference\nRates (/rates)\nForms (/forms)\nPolicies (/policies)\nContacts (/contacts)\nTraining (/training)\nEvents (/events)\nNews & Announcements (/news)\n\u00a9 2019 Cornell University\nWeb Accessibility Help (mailto:rais-help@cornell.edu?subject=researchservices.cornell.edu%20site)"
}