{
    "URL location": "https://researchservices.cornell.edu/resources/covid-19-summit-speakers-schedule",
    "Last modification date": "2020-10-28T22:21Z",
    "Change frequency": "never",
    "Priority": "0.5",
    "Scraped Text": "Find guidance on funding and agency updates during the federal government transition(updated 3/19/2025) (/federal-transition)\nEssential ToolsFind My GCORASSExternalInstitutional Profile & DUNSIACUC applications (Cayuse Animal Management)Find Your Next Funding OpportunityIBC Applications (RASS-IBC)Research Development (ReD) ServicesIRB Applications (RASS-IRB)ExternalRates and budgetsReport external interests (RASS-COI)Join List ServsRASS Access Request FormAsk EHSExternalWeb Financials (WebFin2)ExternalCornell Data ServicesExternalPI DashboardExternalTravel RegistryExternalResearch Financials (formerly RA Dashboard)ExternalInternational research activitiesExternalRegister for Federal and Non-Federal SystemsDisclose Foreign Collaborations and SupportResearch metrics & executive dashboardsTraining (/about/essential-tools, /gco, http://guide.rass.cornell.edu/, /resources/institutional-profile-duns-and-uei-numbers, /resources/submit-new-iacuc-protocol, /proposal/Find-Your-Next-Funding-Opportunity, /resources/ibc-application-submission-review-and-approval, /research-development, https://rass.cornell.edu/irb, /proposal/budget, /compliance/conflict-of-interest, /resources/research-mailing-lists-list-servs, /resources/get-access-financial-sponsored-projects-data, https://tdx.cornell.edu/TDClient/42/Portal/Requests/TicketRequests/NewForm?ID=q5sab44D6GI_, http://webfin2.cornell.edu/, https://data.research.cornell.edu/, https://pidash.cornell.edu, https://travelregistry.cornell.edu/, http://radash.cornell.edu/, https://navigate.cornell.edu, /resources/register-federal-and-non-federal-systems, /proposal/disclose-foreign-collaborations-and-support, /resources/research-metrics, /training)\nFind My GCO (/gco)\nRASSExternal (http://guide.rass.cornell.edu/)\nInstitutional Profile & DUNS (/resources/institutional-profile-duns-and-uei-numbers)\nIACUC applications (Cayuse Animal Management) (/resources/submit-new-iacuc-protocol)\nFind Your Next Funding Opportunity (/proposal/Find-Your-Next-Funding-Opportunity)\nIBC Applications (RASS-IBC) (/resources/ibc-application-submission-review-and-approval)\nResearch Development (ReD) Services (/research-development)\nIRB Applications (RASS-IRB)External (https://rass.cornell.edu/irb)\nRates and budgets (/proposal/budget)\nReport external interests (RASS-COI) (/compliance/conflict-of-interest)\nJoin List Servs (/resources/research-mailing-lists-list-servs)\nRASS Access Request Form (/resources/get-access-financial-sponsored-projects-data)\nAsk EHSExternal (https://tdx.cornell.edu/TDClient/42/Portal/Requests/TicketRequests/NewForm?ID=q5sab44D6GI_)\nWeb Financials (WebFin2)External (http://webfin2.cornell.edu/)\nCornell Data ServicesExternal (https://data.research.cornell.edu/)\nPI DashboardExternal (https://pidash.cornell.edu)\nTravel RegistryExternal (https://travelregistry.cornell.edu/)\nResearch Financials (formerly RA Dashboard)External (http://radash.cornell.edu/)\nInternational research activitiesExternal (https://navigate.cornell.edu)\nRegister for Federal and Non-Federal Systems (/resources/register-federal-and-non-federal-systems)\nDisclose Foreign Collaborations and Support (/proposal/disclose-foreign-collaborations-and-support)\nResearch metrics & executive dashboards (/resources/research-metrics)\nTraining (/training)\nSearch (/search)\nCOVID-19 Summit Speakers & Schedule\nCOVID-19 Summit 11/4-5 (/covid-19-summit)\nSchedule\u00a0for the COVID-19 Summit,\u00a0a 2-day event featuring researchers from across Cornell.\nDownload the complete schedule (PDF). (/sites/default/files/2020-11/Schedule%20for%20COVID%2019%20Summit.pdf)\nNovember 4th\n9:00\u2013 9:15\u00a0\u00a0Welcome and Introduction\nPaula Cohen, Associate Vice Provost for Life Sciences, Cornell University\nAugustine Choi, Stephen and Suzanne Weiss Dean of Weill Cornell Medicine and Provost for Medical Affairs\nMike Kotlikoff, Provost, Cornell University\n9:15 \u2013 11:11\u00a0 SESSION 1: Clinical Science and Epidemiology\nChair: Doug Nixon\nRapporteur: TBD\n11:16 \u2013 1:40\u00a0\u00a0SESSION 2: Molecular Virology and Host Biology\nChair: Julie Blander\nRapporteur: Ted Clark\n2:10 \u2013 4:24\u00a0 \u00a0SESSION 3: Vaccines, Anti-Virals, and other Therapeutics\nChair: Deborah Fowell\nRapporteur: Hector Aguilar-Carreno\n4:29 \u2013 6:18\u00a0 \u00a0SESSION 4: The Materials/Biology/Virology interface: new tools and innovative strategies for understanding, diagnosing, and treating SARS-CoV-2\nChair: TBD\nRapporteur: TBD\n\nNovember 5 (note 8:30 start)\n8:30 Welcome\nPraveen Sethupathy, Co-Chair of the Organizing Committee, Director, Cornell Center for Vertebrate Genomics\n8:30 - 10:44\u00a0 \u00a0SESSION 5: One Health Perspectives\nChair: Alex Travis\nRapporteur: Daryl Van Nydam\n10:49 \u2013 1:21\u00a0 SESSION 6: Social Sciences and Modeling\nChair: Maria Fitzpatrick\nRapporteur: Peter Enns\n1:51 \u2013 3:37\u00a0 \u00a0 SESSION 7: Variations in response to SARS-CoV-2 and Disease Interactions\nChair: Praveen Sethupathy\nRapporteur: Cedric Feschotte\n3:45 \u2013 5:45 Brainstorming & Discussion ForumNOTE: This session is open to current Cornell employees only (from any campus)\nChairs: Paula Cohen and Gary Koretzky\n5:45 Closing Remarks & End of Summit\nGary Koretzky, Vice Provost for Academic Integration\n\nSee overview\u00a0information for\u00a0the COVID-19 Summit. (/covid-19-summit)\nCOVID-19 Summit 11/4-5 (/covid-19-summit)\nQuick Reference\nRates (/rates)\nForms (/forms)\nPolicies (/policies)\nContacts (/contacts)\nTraining (/training)\nEvents (/events)\nNews & Announcements (/news)\n\u00a9 2019 Cornell University\nWeb Accessibility Help (mailto:rais-help@cornell.edu?subject=researchservices.cornell.edu%20site)"
}