{
    "URL location": "https://researchservices.cornell.edu/manage/changes-and-deliverables",
    "Last modification date": "2022-03-03T03:55Z",
    "Change frequency": "never",
    "Priority": "0.5",
    "Scraped Text": "Find guidance on funding and agency updates during the federal government transition(updated 3/19/2025) (/federal-transition)\nEssential ToolsFind My GCORASSExternalInstitutional Profile & DUNSIACUC applications (Cayuse Animal Management)Find Your Next Funding OpportunityIBC Applications (RASS-IBC)Research Development (ReD) ServicesIRB Applications (RASS-IRB)ExternalRates and budgetsReport external interests (RASS-COI)Join List ServsRASS Access Request FormAsk EHSExternalWeb Financials (WebFin2)ExternalCornell Data ServicesExternalPI DashboardExternalTravel RegistryExternalResearch Financials (formerly RA Dashboard)ExternalInternational research activitiesExternalRegister for Federal and Non-Federal SystemsDisclose Foreign Collaborations and SupportResearch metrics & executive dashboardsTraining (/about/essential-tools, /gco, http://guide.rass.cornell.edu/, /resources/institutional-profile-duns-and-uei-numbers, /resources/submit-new-iacuc-protocol, /proposal/Find-Your-Next-Funding-Opportunity, /resources/ibc-application-submission-review-and-approval, /research-development, https://rass.cornell.edu/irb, /proposal/budget, /compliance/conflict-of-interest, /resources/research-mailing-lists-list-servs, /resources/get-access-financial-sponsored-projects-data, https://tdx.cornell.edu/TDClient/42/Portal/Requests/TicketRequests/NewForm?ID=q5sab44D6GI_, http://webfin2.cornell.edu/, https://data.research.cornell.edu/, https://pidash.cornell.edu, https://travelregistry.cornell.edu/, http://radash.cornell.edu/, https://navigate.cornell.edu, /resources/register-federal-and-non-federal-systems, /proposal/disclose-foreign-collaborations-and-support, /resources/research-metrics, /training)\nFind My GCO (/gco)\nRASSExternal (http://guide.rass.cornell.edu/)\nInstitutional Profile & DUNS (/resources/institutional-profile-duns-and-uei-numbers)\nIACUC applications (Cayuse Animal Management) (/resources/submit-new-iacuc-protocol)\nFind Your Next Funding Opportunity (/proposal/Find-Your-Next-Funding-Opportunity)\nIBC Applications (RASS-IBC) (/resources/ibc-application-submission-review-and-approval)\nResearch Development (ReD) Services (/research-development)\nIRB Applications (RASS-IRB)External (https://rass.cornell.edu/irb)\nRates and budgets (/proposal/budget)\nReport external interests (RASS-COI) (/compliance/conflict-of-interest)\nJoin List Servs (/resources/research-mailing-lists-list-servs)\nRASS Access Request Form (/resources/get-access-financial-sponsored-projects-data)\nAsk EHSExternal (https://tdx.cornell.edu/TDClient/42/Portal/Requests/TicketRequests/NewForm?ID=q5sab44D6GI_)\nWeb Financials (WebFin2)External (http://webfin2.cornell.edu/)\nCornell Data ServicesExternal (https://data.research.cornell.edu/)\nPI DashboardExternal (https://pidash.cornell.edu)\nTravel RegistryExternal (https://travelregistry.cornell.edu/)\nResearch Financials (formerly RA Dashboard)External (http://radash.cornell.edu/)\nInternational research activitiesExternal (https://navigate.cornell.edu)\nRegister for Federal and Non-Federal Systems (/resources/register-federal-and-non-federal-systems)\nDisclose Foreign Collaborations and Support (/proposal/disclose-foreign-collaborations-and-support)\nResearch metrics & executive dashboards (/resources/research-metrics)\nTraining (/training)\nSearch (/search)\nProject Modifications\nPost-award changes resulting from circumstances not anticipated during the proposal stages of the project are sometimes necessary. These changes may be programmatic, contractual, or financial in nature.\nProject Changes and Prior Approval Requirements\nWhile some changes may be processed\u00a0by the administering unit, Sponsored Financial Services (SFS), or the\u00a0Office of Sponsored Programs (OSP), others require the sponsor\u2019s prior written approval. The level at which approval may be granted and the timing for submission of prior approval requests depends on the nature of the change, the type of sponsored research award, and the sponsor\u2019s specific policies for that type of award. Refer to the sponsor\u2019s guidelines, award documents andcontact your Grant and Contract Officer. (/gco)\nAwards using Federal Research Terms and Conditions (RTC).The federal government, based on collaborative work with the research community, developed standard grant Research Terms and Conditions (RTC) now in use by several federal sponsoring agencies. The federal-wide Research Terms and Conditions page on the National Science Foundation website explains each of theResearch Terms and Conditionsas well as a link to each participating federal agency\u2019s specific RTC. (https://www.nsf.gov/awards/managing/rtc.jsp)\nAwards not using RTCs.For federal agencies not utilizing RTCs, contracts, cooperative agreements and non-federal sponsored programs (e.g. industry, foundations, foreign government, non-profits), consult the terms of the agreement for guidance as requirements vary depending on the sponsor\u2019s policies. If the award does not include specific requirements Principal Investigators (PI) should contact their Grant and Contract Officer.\nTheOffice of Sponsored Programs (OSP)must submit all prior approval requests to sponsors. (/offices/osp)\nExamples of Changes\nChanges in the scope of work (SOW)\nChange of Principal Investigator or significant reduction (>= 25%) of effort\nChange in Key Personnel\nChanges/additions to collaborating institutions/subcontractors responsible for carrying out a portion of the SOW\nRe-budgeting beyond level permitted in award\nCarry-forward of funds from one budget period into the next within a project period unless previously authorized\nSupplemental Funding Request\nNo cost extension of the budget or project period (extension of time without additional funds)\nStart Submission of a Change Request\nRequests should be submitted to OSP via RASS. Seestep-by-step instructions. (https://guide.rass.cornell.edu/sponsored-projects/submit-change-requests/)\nManage a Project (/manage)\nNo-Cost Extensions (/resources/no-cost-extensions)\nBudget Revisions (/resources/budget-revisions)\nChange in PI or Key Personnel and Effort (/resources/change-pi-or-key-personnel-and-effort)\nAmendment to Subaward Agreements (/resources/amendment-subaward-agreements)\nQuick Reference\nRates (/rates)\nForms (/forms)\nPolicies (/policies)\nContacts (/contacts)\nTraining (/training)\nEvents (/events)\nNews & Announcements (/news)\n\u00a9 2019 Cornell University\nWeb Accessibility Help (mailto:rais-help@cornell.edu?subject=researchservices.cornell.edu%20site)"
}