{
    "URL location": "https://researchservices.cornell.edu/events/nsf-webinar-understanding-rules-life-emerging-networks-urolen-solicitation",
    "Last modification date": "2022-10-19T15:52Z",
    "Change frequency": "never",
    "Priority": "0.5",
    "Scraped Text": "Find guidance on funding and agency updates during the federal government transition(updated 3/19/2025) (/federal-transition)\nEssential ToolsFind My GCORASSExternalInstitutional Profile & DUNSIACUC applications (Cayuse Animal Management)Find Your Next Funding OpportunityIBC Applications (RASS-IBC)Research Development (ReD) ServicesIRB Applications (RASS-IRB)ExternalRates and budgetsReport external interests (RASS-COI)Join List ServsRASS Access Request FormAsk EHSExternalWeb Financials (WebFin2)ExternalCornell Data ServicesExternalPI DashboardExternalTravel RegistryExternalResearch Financials (formerly RA Dashboard)ExternalInternational research activitiesExternalRegister for Federal and Non-Federal SystemsDisclose Foreign Collaborations and SupportResearch metrics & executive dashboardsTraining (/about/essential-tools, /gco, http://guide.rass.cornell.edu/, /resources/institutional-profile-duns-and-uei-numbers, /resources/submit-new-iacuc-protocol, /proposal/Find-Your-Next-Funding-Opportunity, /resources/ibc-application-submission-review-and-approval, /research-development, https://rass.cornell.edu/irb, /proposal/budget, /compliance/conflict-of-interest, /resources/research-mailing-lists-list-servs, /resources/get-access-financial-sponsored-projects-data, https://tdx.cornell.edu/TDClient/42/Portal/Requests/TicketRequests/NewForm?ID=q5sab44D6GI_, http://webfin2.cornell.edu/, https://data.research.cornell.edu/, https://pidash.cornell.edu, https://travelregistry.cornell.edu/, http://radash.cornell.edu/, https://navigate.cornell.edu, /resources/register-federal-and-non-federal-systems, /proposal/disclose-foreign-collaborations-and-support, /resources/research-metrics, /training)\nFind My GCO (/gco)\nRASSExternal (http://guide.rass.cornell.edu/)\nInstitutional Profile & DUNS (/resources/institutional-profile-duns-and-uei-numbers)\nIACUC applications (Cayuse Animal Management) (/resources/submit-new-iacuc-protocol)\nFind Your Next Funding Opportunity (/proposal/Find-Your-Next-Funding-Opportunity)\nIBC Applications (RASS-IBC) (/resources/ibc-application-submission-review-and-approval)\nResearch Development (ReD) Services (/research-development)\nIRB Applications (RASS-IRB)External (https://rass.cornell.edu/irb)\nRates and budgets (/proposal/budget)\nReport external interests (RASS-COI) (/compliance/conflict-of-interest)\nJoin List Servs (/resources/research-mailing-lists-list-servs)\nRASS Access Request Form (/resources/get-access-financial-sponsored-projects-data)\nAsk EHSExternal (https://tdx.cornell.edu/TDClient/42/Portal/Requests/TicketRequests/NewForm?ID=q5sab44D6GI_)\nWeb Financials (WebFin2)External (http://webfin2.cornell.edu/)\nCornell Data ServicesExternal (https://data.research.cornell.edu/)\nPI DashboardExternal (https://pidash.cornell.edu)\nTravel RegistryExternal (https://travelregistry.cornell.edu/)\nResearch Financials (formerly RA Dashboard)External (http://radash.cornell.edu/)\nInternational research activitiesExternal (https://navigate.cornell.edu)\nRegister for Federal and Non-Federal Systems (/resources/register-federal-and-non-federal-systems)\nDisclose Foreign Collaborations and Support (/proposal/disclose-foreign-collaborations-and-support)\nResearch metrics & executive dashboards (/resources/research-metrics)\nTraining (/training)\nSearch (/search)\n\nNSF Webinar: Understanding the Rules of Life: Emerging Networks (URoL:EN) Solicitation\nAs part of theUnderstanding the Rules of Life: Predicting Phenotype, one of ten \u201cBig Ideas\u201d NSF-wide, this new solicitation builds on previous URoL programs to help increase knowledge and the ability to predict an organism\u2019s observable characteristics\u2014its phenotype\u2014from its genotype. Understanding the mechanisms at play in the interconnections between living organisms and their environments, across every biological scale, will provide vital insight into grand biological challenges, help advance biotechnology to spur the US bioeconomy, and aid in solving some of society\u2019s issues, including the growing impacts of infectious disease and climate change. Investigators from across the biological sciences are encouraged to submit proposals in concert with researchers in other disciplines, including the mathematical and physical sciences, geosciences, computer and information sciences, engineering, and behavioral and social sciences. (https://www.nsf.gov/news/special_reports/big_ideas/life.jsp, https://www.nsf.gov/news/special_reports/big_ideas/index.jsp)\nThis solicitation invites submission of convergent, cross-disciplinary research \u2013 including the biological sciences \u2013 to examine such rules, the outcomes of these interactions, and to aid in the prediction of emergent properties. The program also seeks to train STEM practitioners to contribute to this area of convergent research. Proposals under the solicitation should be submitted by May 10, 2021.\nResearch Development (ReD) Team (/research-development)\nFeatured\nNSF is the only federal agency whose mission includes support for allfundamental science and engineering fields, except for medical sciences.\u00a0In addition to funding basic research through its core disciplinary programs, the NSF also provides support for facilities, equipment, instrumentation... (https://www.nsf.gov/funding/aboutfunding.jsp)\nQuick Reference\nRates (/rates)\nForms (/forms)\nPolicies (/policies)\nContacts (/contacts)\nTraining (/training)\nEvents (/events)\nNews & Announcements (/news)\n\u00a9 2019 Cornell University\nWeb Accessibility Help (mailto:rais-help@cornell.edu?subject=researchservices.cornell.edu%20site)"
}