{
    "URL location": "https://researchservices.cornell.edu/resources/report-incident-or-exposure-recombinant-or-biohazardous-materials",
    "Last modification date": "2024-08-07T13:58Z",
    "Change frequency": "yearly",
    "Priority": "0.5",
    "Scraped Text": "Find guidance on funding and agency updates during the federal government transition(updated 3/19/2025) (/federal-transition)\nEssential ToolsFind My GCORASSExternalInstitutional Profile & DUNSIACUC applications (Cayuse Animal Management)Find Your Next Funding OpportunityIBC Applications (RASS-IBC)Research Development (ReD) ServicesIRB Applications (RASS-IRB)ExternalRates and budgetsReport external interests (RASS-COI)Join List ServsRASS Access Request FormAsk EHSExternalWeb Financials (WebFin2)ExternalCornell Data ServicesExternalPI DashboardExternalTravel RegistryExternalResearch Financials (formerly RA Dashboard)ExternalInternational research activitiesExternalRegister for Federal and Non-Federal SystemsDisclose Foreign Collaborations and SupportResearch metrics & executive dashboardsTraining (/about/essential-tools, /gco, http://guide.rass.cornell.edu/, /resources/institutional-profile-duns-and-uei-numbers, /resources/submit-new-iacuc-protocol, /proposal/Find-Your-Next-Funding-Opportunity, /resources/ibc-application-submission-review-and-approval, /research-development, https://rass.cornell.edu/irb, /proposal/budget, /compliance/conflict-of-interest, /resources/research-mailing-lists-list-servs, /resources/get-access-financial-sponsored-projects-data, https://tdx.cornell.edu/TDClient/42/Portal/Requests/TicketRequests/NewForm?ID=q5sab44D6GI_, http://webfin2.cornell.edu/, https://data.research.cornell.edu/, https://pidash.cornell.edu, https://travelregistry.cornell.edu/, http://radash.cornell.edu/, https://navigate.cornell.edu, /resources/register-federal-and-non-federal-systems, /proposal/disclose-foreign-collaborations-and-support, /resources/research-metrics, /training)\nFind My GCO (/gco)\nRASSExternal (http://guide.rass.cornell.edu/)\nInstitutional Profile & DUNS (/resources/institutional-profile-duns-and-uei-numbers)\nIACUC applications (Cayuse Animal Management) (/resources/submit-new-iacuc-protocol)\nFind Your Next Funding Opportunity (/proposal/Find-Your-Next-Funding-Opportunity)\nIBC Applications (RASS-IBC) (/resources/ibc-application-submission-review-and-approval)\nResearch Development (ReD) Services (/research-development)\nIRB Applications (RASS-IRB)External (https://rass.cornell.edu/irb)\nRates and budgets (/proposal/budget)\nReport external interests (RASS-COI) (/compliance/conflict-of-interest)\nJoin List Servs (/resources/research-mailing-lists-list-servs)\nRASS Access Request Form (/resources/get-access-financial-sponsored-projects-data)\nAsk EHSExternal (https://tdx.cornell.edu/TDClient/42/Portal/Requests/TicketRequests/NewForm?ID=q5sab44D6GI_)\nWeb Financials (WebFin2)External (http://webfin2.cornell.edu/)\nCornell Data ServicesExternal (https://data.research.cornell.edu/)\nPI DashboardExternal (https://pidash.cornell.edu)\nTravel RegistryExternal (https://travelregistry.cornell.edu/)\nResearch Financials (formerly RA Dashboard)External (http://radash.cornell.edu/)\nInternational research activitiesExternal (https://navigate.cornell.edu)\nRegister for Federal and Non-Federal Systems (/resources/register-federal-and-non-federal-systems)\nDisclose Foreign Collaborations and Support (/proposal/disclose-foreign-collaborations-and-support)\nResearch metrics & executive dashboards (/resources/research-metrics)\nTraining (/training)\nSearch (/search)\nReport an Incident or Exposure to Recombinant or Biohazardous Materials\nTo report an incident or exposureCornell University Injury/Illness/Exposure Report (https://ehs.cornell.edu/incident-reporting)\nTo report any on-campus emergency, call\nFrom a Cornell phone, dial 911, or\nFrom any phone, dial (607) 255-1111 to reach Cornell Police Dispatch\nContact information for reporting\nCornell University Injury/Illness/Exposure Reporthttps://ehs.cornell.edu/incident-reporting (https://ehs.cornell.edu/incident-reporting)\nInstitutional Biosafety Officer: 607- 255-8200 or \u201caskEHS\u201d (https://ehs.cornell.edu/about-us/contact-us/askehs)\nIBC Administrator (ORIA): 607-255-0741 orcu_ibc@cornell.edu\nDirector of Research Assurance (ORA) 607-255-5398 or cu_ibc@cornell.edu\nCornell Health Occupational Medicine 607-255-6960 or occmed@cornell.edu\nFederal Regulations for reporting incidents involving r/sNA materials\nNIH Guidelines For Research Involving Recombinant Or Synthetic Nucleic Acid Molecules (NIH Guidelines)(Excerpt relevant to requirements related to accidental spills, personnel contamination, or exposure resulting from recombinant or synthetic nucleic acid molecule research).\nOn behalf of the institution, the Institutional Biosafety Committee is responsible for:\nSection IV-B-2-b-(6).Adopting emergency plans covering accidental spills and personnel contamination resulting from recombinant or synthetic nucleic acid molecule research.\nSection IV-B-2-b-(7).Reporting any significant problems with or violations of theNIH Guidelinesand any significant research-related accidents or illnesses to the appropriate institutional official and NIH OSP within 30 days, unless the Institutional Biosafety Committee determines that a report has already been filed by the Principal Investigator. Reports to NIH OSP shall be sent to the Office of Science Policy, National Institutes of Health, preferably by e-mail to:NIHGuidelines@od.nih.gov; additional contact information is also availablehereand on theOSP website(www.osp.od.nih.gov). (mailto:NIHGuidelines@od.nih.gov, https://osp.od.nih.gov/wp-content/uploads/2019_NIH_Guidelines.htm#_NIH_Office_of, http://www.osp.od.nih.gov/)\nAs part of this general responsibility, the Principal Investigator shall:\nSection IV-B-7-a-(3).Report any significant problems, violations of theNIH Guidelines, or any significant research-related accidents and illnesses to the Biological Safety Officer (where applicable), Greenhouse/Animal Facility Director (where applicable), Institutional Biosafety Committee, and other appropriate authorities (if applicable).\nAt Cornell, it is the responsibility of the PI is to complete the reporting requirements detailed in section 3 of this guidance document. The PI is to work with the IBC and ORIA to complete the report to the NIH. Completed reports are sent by the Cornell IBC to the Office of Science Policy (OSP), National Institutes of Health, by e-mail to:NIHGuidelines@od.nih.gov. NIH OSP may be notified within the first 24 hours of the incident by the IBC administrator in the event of overt or potential exposures to RG2 or RG3 organisms containing recombinant or synthetic nucleic acids. The final report will be completed and submitted by the IBC administrator within 30 days. The PI will be cc\u2019d on any correspondence to the NIH OSP. (mailto:NIHGuidelines@od.nih.gov)\nReferences:\nNIH Guidelines for Research Involving Recombinant or Synthetic Nucleic Acid Molecules (https://osp.od.nih.gov/wp-content/uploads/NIH_Guidelines.htm)\nBiosafety in Microbiological and Biomedical Laboratories (https://www.cdc.gov/labs/bmbl/?CDC_AAref_Val=https://www.cdc.gov/labs/BMBL.html)\nNIH FAQ\u2019s about Incident Reporting (https://osp.od.nih.gov/policies/incident-reporting-may-2019/)\nEHS 1985 \u2013 Incident Reporting Using Cority (https://cornell.sabacloud.com/Saba/Web_spf/NA1PRD0089/app/me/learningeventdetail;spf-url=common%2Fledetail%2Fcours000000000021381)\nRegulated Biological Materials in Research (/compliance/rsna-or-biohazardous-research)\nMUA Submission Deadline and IBC Meeting Dates (/resources/mua-submission-deadline-and-ibc-meeting-dates)\nRegulated Biological Materials Frequently Asked Questions (/resources/regulated-biological-materials-frequently-asked-questions)\nApril IBC Meeting (/events/april-ibc-meeting)\nIBC Application Submission, Review and Approval (/resources/ibc-application-submission-review-and-approval)\nGet Started with Recombinant or Synthetic Nucleic Acid Molecules (r/sNA) or Other Biohazardous Agents (/resources/get-started-with-rsna-biohazardous-agents)\nDual Use Research of Concern (DURC) (/resources/dual-use-research-concern-durc)\nHuman Embryonic Stem Cell Research Oversight Committee (ESCRO) (/resources/human-embryonic-stem-cell-research-oversight-committee-escro)\nWork with Bloodborne Pathogens and Training Requirements (/training/bloodborne-pathogens)\nInstitutional Biosafety Committee (IBC) (/resources/institutional-biosafety-committee-ibc)\nInstitutional Biosafety Committee (IBC) Office (/offices/ibc)\nQuick Reference\nRates (/rates)\nForms (/forms)\nPolicies (/policies)\nContacts (/contacts)\nTraining (/training)\nEvents (/events)\nNews & Announcements (/news)\n\u00a9 2019 Cornell University\nWeb Accessibility Help (mailto:rais-help@cornell.edu?subject=researchservices.cornell.edu%20site)"
}