{
    "URL location": "https://researchservices.cornell.edu/events/spatial-transcriptomics-st-workshop",
    "Last modification date": "2023-08-25T02:03Z",
    "Change frequency": "yearly",
    "Priority": "0.5",
    "Scraped Text": "Find guidance on funding and agency updates during the federal government transition(updated 3/19/2025) (/federal-transition)\nEssential ToolsFind My GCORASSExternalInstitutional Profile & DUNSIACUC applications (Cayuse Animal Management)Find Your Next Funding OpportunityIBC Applications (RASS-IBC)Research Development (ReD) ServicesIRB Applications (RASS-IRB)ExternalRates and budgetsReport external interests (RASS-COI)Join List ServsRASS Access Request FormAsk EHSExternalWeb Financials (WebFin2)ExternalCornell Data ServicesExternalPI DashboardExternalTravel RegistryExternalResearch Financials (formerly RA Dashboard)ExternalInternational research activitiesExternalRegister for Federal and Non-Federal SystemsDisclose Foreign Collaborations and SupportResearch metrics & executive dashboardsTraining (/about/essential-tools, /gco, http://guide.rass.cornell.edu/, /resources/institutional-profile-duns-and-uei-numbers, /resources/submit-new-iacuc-protocol, /proposal/Find-Your-Next-Funding-Opportunity, /resources/ibc-application-submission-review-and-approval, /research-development, https://rass.cornell.edu/irb, /proposal/budget, /compliance/conflict-of-interest, /resources/research-mailing-lists-list-servs, /resources/get-access-financial-sponsored-projects-data, https://tdx.cornell.edu/TDClient/42/Portal/Requests/TicketRequests/NewForm?ID=q5sab44D6GI_, http://webfin2.cornell.edu/, https://data.research.cornell.edu/, https://pidash.cornell.edu, https://travelregistry.cornell.edu/, http://radash.cornell.edu/, https://navigate.cornell.edu, /resources/register-federal-and-non-federal-systems, /proposal/disclose-foreign-collaborations-and-support, /resources/research-metrics, /training)\nFind My GCO (/gco)\nRASSExternal (http://guide.rass.cornell.edu/)\nInstitutional Profile & DUNS (/resources/institutional-profile-duns-and-uei-numbers)\nIACUC applications (Cayuse Animal Management) (/resources/submit-new-iacuc-protocol)\nFind Your Next Funding Opportunity (/proposal/Find-Your-Next-Funding-Opportunity)\nIBC Applications (RASS-IBC) (/resources/ibc-application-submission-review-and-approval)\nResearch Development (ReD) Services (/research-development)\nIRB Applications (RASS-IRB)External (https://rass.cornell.edu/irb)\nRates and budgets (/proposal/budget)\nReport external interests (RASS-COI) (/compliance/conflict-of-interest)\nJoin List Servs (/resources/research-mailing-lists-list-servs)\nRASS Access Request Form (/resources/get-access-financial-sponsored-projects-data)\nAsk EHSExternal (https://tdx.cornell.edu/TDClient/42/Portal/Requests/TicketRequests/NewForm?ID=q5sab44D6GI_)\nWeb Financials (WebFin2)External (http://webfin2.cornell.edu/)\nCornell Data ServicesExternal (https://data.research.cornell.edu/)\nPI DashboardExternal (https://pidash.cornell.edu)\nTravel RegistryExternal (https://travelregistry.cornell.edu/)\nResearch Financials (formerly RA Dashboard)External (http://radash.cornell.edu/)\nInternational research activitiesExternal (https://navigate.cornell.edu)\nRegister for Federal and Non-Federal Systems (/resources/register-federal-and-non-federal-systems)\nDisclose Foreign Collaborations and Support (/proposal/disclose-foreign-collaborations-and-support)\nResearch metrics & executive dashboards (/resources/research-metrics)\nTraining (/training)\nSearch (/search)\n\nSpatial Transcriptomics (ST) Workshop\n1-day workshop to discuss innovation in the area of spatial transcriptomics (ST). Registration required.\nLed by faculty at Cornell with experience in various ST methodologies, together with the Directors of the Cornell Transcriptional regulation and gene expression (TREx), Bioninformatics, Genomics, and Imaging Core Facilities. In addition, we will hear talks from three companies presending their various ST platforms. Seminars will be provided by leading researchers specializing in ST, including:\nDr. Hongkui Zeng (The Allen Institute)\nDr. Andrew Ji (Mount Sinai School of Medicine)\nDr. Silas Maniaitis (NY Genome Center)\nZoom or in-person attendance available. Lunch provided to in-person attendees. In-person attendance is capped at 150 people.\nSchedule\n9am:\u00a0 Introduction and welcome - Paula Cohen, Associate Vice Provost for Life Sciences\n9:05:\u00a0 Introduction to ST technologies - Iwijn De Vlaminck, Associate Professor, Meinig School of Biomedical Engineering\n9:50:Illuminating biology with spatially resolved transcriptomics\u2013 Virtual presentation byGeorge Emanuel,PhD, Vizgen Scientific Co-founder and Director of Technology and Partnerships\n10:20:\u00a0 Methods for Understanding Spatial Genomic Organization- Warren Zipfel, AssociateProfessor, Meinig School of Biomedical Engineering\n10:50\u00a0 Break\n11:10:\u00a0\u00a0Single-cell and spatial dissection of epidermal homeostasis and neoplasia - Andrew Ji, Mt Sinai Schoolof Medicine\n11:55:\u00a0 Spatial biology without limits-Patrick Murphy, Ph.D., Science and Technology Advisor,10XGenomics\n12:25\u00a0\u00a0\u00a0\u00a0 Lunch\n1:10:Understanding brain cell type diversity- Hongkui Zeng, Allen Institute\n1:55:Tissue-based Proteomic and Transcriptomic Applications of NanoString\u2019s GeoMx DigitalSpatial Profiler,Matt Kane, Regional Account Manager, Nanostring\n2:25:Spatially resolved multi-modal analysis of neurodegenerative disease at scale - SilasManiatis,LeadScientist, Spatial Genomics & Engineering,New York Genome Center\n3:10\u00a0 \u00a0 \u00a0 \u00a0Break\n3:30:Case Study: a spatial transcriptomics pipeline from tissue sample, through wet-bench processing and into data management and handling\n25 mins \u2013 talk from Madhav Mantri, DeVlaminck lab\n5 mins - questions\n1 hour \u2013 Round table discussion chaired by Jen Grenier, panelist including Madhav Mantri, Iwijn DeVlaminck, Peter Schweitzer, Qi Sun,\u00a0Jarek Pillardy, Becky Williams, Warren Zipfel\n5:00 \u00a0\u00a0\u00a0\u00a0\u00a0 End\nThanks to the following people for their help in putting together this exciting day: Praveen Sethupathy, Nilay Yapici, Jen Grenier, Iwijin De Vlaminck, Warren Zipfel, Becky Williams, Peter Schweitzer, and Paul Soloway.\nQuick Reference\nRates (/rates)\nForms (/forms)\nPolicies (/policies)\nContacts (/contacts)\nTraining (/training)\nEvents (/events)\nNews & Announcements (/news)\n\u00a9 2019 Cornell University\nWeb Accessibility Help (mailto:rais-help@cornell.edu?subject=researchservices.cornell.edu%20site)"
}