{
    "URL location": "https://researchservices.cornell.edu/resources/use-foreign-airlines-federal-funds",
    "Last modification date": "2023-05-18T15:05Z",
    "Change frequency": "yearly",
    "Priority": "0.5",
    "Scraped Text": "Find guidance on funding and agency updates during the federal government transition(updated 3/19/2025) (/federal-transition)\nEssential ToolsFind My GCORASSExternalInstitutional Profile & DUNSIACUC applications (Cayuse Animal Management)Find Your Next Funding OpportunityIBC Applications (RASS-IBC)Research Development (ReD) ServicesIRB Applications (RASS-IRB)ExternalRates and budgetsReport external interests (RASS-COI)Join List ServsRASS Access Request FormAsk EHSExternalWeb Financials (WebFin2)ExternalCornell Data ServicesExternalPI DashboardExternalTravel RegistryExternalResearch Financials (formerly RA Dashboard)ExternalInternational research activitiesExternalRegister for Federal and Non-Federal SystemsDisclose Foreign Collaborations and SupportResearch metrics & executive dashboardsTraining (/about/essential-tools, /gco, http://guide.rass.cornell.edu/, /resources/institutional-profile-duns-and-uei-numbers, /resources/submit-new-iacuc-protocol, /proposal/Find-Your-Next-Funding-Opportunity, /resources/ibc-application-submission-review-and-approval, /research-development, https://rass.cornell.edu/irb, /proposal/budget, /compliance/conflict-of-interest, /resources/research-mailing-lists-list-servs, /resources/get-access-financial-sponsored-projects-data, https://tdx.cornell.edu/TDClient/42/Portal/Requests/TicketRequests/NewForm?ID=q5sab44D6GI_, http://webfin2.cornell.edu/, https://data.research.cornell.edu/, https://pidash.cornell.edu, https://travelregistry.cornell.edu/, http://radash.cornell.edu/, https://navigate.cornell.edu, /resources/register-federal-and-non-federal-systems, /proposal/disclose-foreign-collaborations-and-support, /resources/research-metrics, /training)\nFind My GCO (/gco)\nRASSExternal (http://guide.rass.cornell.edu/)\nInstitutional Profile & DUNS (/resources/institutional-profile-duns-and-uei-numbers)\nIACUC applications (Cayuse Animal Management) (/resources/submit-new-iacuc-protocol)\nFind Your Next Funding Opportunity (/proposal/Find-Your-Next-Funding-Opportunity)\nIBC Applications (RASS-IBC) (/resources/ibc-application-submission-review-and-approval)\nResearch Development (ReD) Services (/research-development)\nIRB Applications (RASS-IRB)External (https://rass.cornell.edu/irb)\nRates and budgets (/proposal/budget)\nReport external interests (RASS-COI) (/compliance/conflict-of-interest)\nJoin List Servs (/resources/research-mailing-lists-list-servs)\nRASS Access Request Form (/resources/get-access-financial-sponsored-projects-data)\nAsk EHSExternal (https://tdx.cornell.edu/TDClient/42/Portal/Requests/TicketRequests/NewForm?ID=q5sab44D6GI_)\nWeb Financials (WebFin2)External (http://webfin2.cornell.edu/)\nCornell Data ServicesExternal (https://data.research.cornell.edu/)\nPI DashboardExternal (https://pidash.cornell.edu)\nTravel RegistryExternal (https://travelregistry.cornell.edu/)\nResearch Financials (formerly RA Dashboard)External (http://radash.cornell.edu/)\nInternational research activitiesExternal (https://navigate.cornell.edu)\nRegister for Federal and Non-Federal Systems (/resources/register-federal-and-non-federal-systems)\nDisclose Foreign Collaborations and Support (/proposal/disclose-foreign-collaborations-and-support)\nResearch metrics & executive dashboards (/resources/research-metrics)\nTraining (/training)\nSearch (/search)\nUse of Foreign Airlines on Federal Funds\nFly America Act and Open Skies Agreements\nGenerally, when one is traveling on funds provided by the federal government they must use U.S. Flag carriers. This requirement is outlined in the Fly America Act.\u00a0International treaties referred to as \u201cOpen Skies Agreements\u201d provide a limited exception to the Fly America Act.\nFly America Act.Generally, when one is traveling on funds provided by the federal government they must use U.S. Flag carriers. Such carriers include American, United, Delta, etc. This requirement must be observed even in instances where foreign carriers are cheaper, provide preferred routing, more convenient, or are part of a frequent\u2010flyer agreement such as Star Alliance. Limited exceptions are contained in the act.\nOpen Skies Agreements.International treaties referred to as \u201cOpen Skies Agreements\u201d also provide a limited exception to the Fly America Act. Where an open skies agreement exists a traveler may use the foreign airline in the situations described in the treaty (generally between the U.S. and the airline\u2019s country) except when the travel is funded by the U.S. Department of Defense.\nDetailed information about the Fly America Act and procedures for your travelare available on the Division of Financial Services (DFS) site. (https://www.dfa.cornell.edu/travel/international/flyamerica)\nFinancial Management (/compliance/financial-management)\nUkraine/Russia Transactions Guidance (/news/ukrainerussia-transactions-guidance)\nSalary Certification (/resources/salary-certification)\nMonitoring Project Expenditures (/resources/monitoring-project-expenditures)\nMonitoring Cost Sharing in a Project (/resources/monitoring-cost-sharing-project)\nFinancial Reporting to Sponsors (/resources/financial-reporting-sponsors)\nDirect and Indirect Cost Examples (/resources/direct-and-indirect-cost-examples)\nDiverse Suppliers Requirements (/resources/diverse-suppliers-requirements)\nFinancial Management of Sponsored Projects Policies and Procedures (/policies/financial-management-sponsored-projects-policies-and-procedures)\nQuick Reference\nRates (/rates)\nForms (/forms)\nPolicies (/policies)\nContacts (/contacts)\nTraining (/training)\nEvents (/events)\nNews & Announcements (/news)\n\u00a9 2019 Cornell University\nWeb Accessibility Help (mailto:rais-help@cornell.edu?subject=researchservices.cornell.edu%20site)"
}