{
    "URL location": "https://researchservices.cornell.edu/resources/amendment-subaward-agreements",
    "Last modification date": "2023-09-01T13:33Z",
    "Change frequency": "yearly",
    "Priority": "0.5",
    "Scraped Text": "Find guidance on funding and agency updates during the federal government transition(updated 3/19/2025) (/federal-transition)\nEssential ToolsFind My GCORASSExternalInstitutional Profile & DUNSIACUC applications (Cayuse Animal Management)Find Your Next Funding OpportunityIBC Applications (RASS-IBC)Research Development (ReD) ServicesIRB Applications (RASS-IRB)ExternalRates and budgetsReport external interests (RASS-COI)Join List ServsRASS Access Request FormAsk EHSExternalWeb Financials (WebFin2)ExternalCornell Data ServicesExternalPI DashboardExternalTravel RegistryExternalResearch Financials (formerly RA Dashboard)ExternalInternational research activitiesExternalRegister for Federal and Non-Federal SystemsDisclose Foreign Collaborations and SupportResearch metrics & executive dashboardsTraining (/about/essential-tools, /gco, http://guide.rass.cornell.edu/, /resources/institutional-profile-duns-and-uei-numbers, /resources/submit-new-iacuc-protocol, /proposal/Find-Your-Next-Funding-Opportunity, /resources/ibc-application-submission-review-and-approval, /research-development, https://rass.cornell.edu/irb, /proposal/budget, /compliance/conflict-of-interest, /resources/research-mailing-lists-list-servs, /resources/get-access-financial-sponsored-projects-data, https://tdx.cornell.edu/TDClient/42/Portal/Requests/TicketRequests/NewForm?ID=q5sab44D6GI_, http://webfin2.cornell.edu/, https://data.research.cornell.edu/, https://pidash.cornell.edu, https://travelregistry.cornell.edu/, http://radash.cornell.edu/, https://navigate.cornell.edu, /resources/register-federal-and-non-federal-systems, /proposal/disclose-foreign-collaborations-and-support, /resources/research-metrics, /training)\nFind My GCO (/gco)\nRASSExternal (http://guide.rass.cornell.edu/)\nInstitutional Profile & DUNS (/resources/institutional-profile-duns-and-uei-numbers)\nIACUC applications (Cayuse Animal Management) (/resources/submit-new-iacuc-protocol)\nFind Your Next Funding Opportunity (/proposal/Find-Your-Next-Funding-Opportunity)\nIBC Applications (RASS-IBC) (/resources/ibc-application-submission-review-and-approval)\nResearch Development (ReD) Services (/research-development)\nIRB Applications (RASS-IRB)External (https://rass.cornell.edu/irb)\nRates and budgets (/proposal/budget)\nReport external interests (RASS-COI) (/compliance/conflict-of-interest)\nJoin List Servs (/resources/research-mailing-lists-list-servs)\nRASS Access Request Form (/resources/get-access-financial-sponsored-projects-data)\nAsk EHSExternal (https://tdx.cornell.edu/TDClient/42/Portal/Requests/TicketRequests/NewForm?ID=q5sab44D6GI_)\nWeb Financials (WebFin2)External (http://webfin2.cornell.edu/)\nCornell Data ServicesExternal (https://data.research.cornell.edu/)\nPI DashboardExternal (https://pidash.cornell.edu)\nTravel RegistryExternal (https://travelregistry.cornell.edu/)\nResearch Financials (formerly RA Dashboard)External (http://radash.cornell.edu/)\nInternational research activitiesExternal (https://navigate.cornell.edu)\nRegister for Federal and Non-Federal Systems (/resources/register-federal-and-non-federal-systems)\nDisclose Foreign Collaborations and Support (/proposal/disclose-foreign-collaborations-and-support)\nResearch metrics & executive dashboards (/resources/research-metrics)\nTraining (/training)\nSearch (/search)\nAmendment to Subaward Agreements\nManaging Subawards (/process/managing-subawards)\nIn most cases, the terms and conditions of a subaward will remain unchanged for the duration of the subaward. However, during the term of a subaward, it may be necessary to change or modify one or more of the terms and conditions of the subaward.\nAmendments to the subaward, such as time extensions, rebudgeting or fund changes are accomplished by an amendment to the subaward.\nSome changes, such as scope of work or PI may require sponsor approval before an amendment can be issued.\nRequests for changes should be submitted by the subrecipient's authorized official to the unit administrator, have the approval of the Cornell PI, and where appropriate, the prior approval of the prime sponsor.\nIf prime sponsor prior approval is required, the unit submits\u00a0a modification request on the prime award in RASS and\u00a0the GCO\u00a0will\u00a0request sponsor approval for the change.\nThe request to change the subaward is submitted by the unit to OSP via\u00a0RASS.\nNote: If there is a change in the total estimated cost, a revised budget must be incorporated with the amendment.\nThe Subaward Team reviewsthe subaward modification request for accuracy and completeness and approvesthe request orreturnsitto the unit formodification.\nOnce the modification request is approved, the Subaward Team:\nDetermines the appropriate subaward amendment template,\nReviews the prime award and prime sponsor guidelinesand regulationsto determine ifanychangesimpact the subaward.\nReviews the subrecipient monitoring information currently on file and obtains and reviews any updated information as needed, including, but not limited to, the most recent audit, subrecipient profile, and/or federally negotiated rate agreement.\nDetermines if any current subrecipient monitoring information impacts the risk rating of the subrecipient and updates Cornell\u2019s records accordingly.\nIncorporateanychanges into the subagreement amendment document.\nDraftsthe amendmentand negotiates terms, if necessary.\nExecutes and distributes the amendment.\nProposing a Subaward (/resources/proposing-subaward)\nSubawards: Roles and Responsibilities (/resources/subawards-roles-and-responsibilities)\nIssuing the Subaward Agreement (/resources/issuing-subaward-agreement)\n\nSubaward Closeout (/resources/subaward-closeout)\nPayments to Subrecipients on Sponsored Projects (/resources/payments-subrecipients-sponsored-projects)\nSubawards: Risk Assessment (/resources/subawards-risk-assessment)\nSubrecipient Monitoring: Financial and Technical (/resources/subrecipient-monitoring-financial-and-technical)\nFederal Demonstration Partnership (FDP) Expanded Clearinghouse Program (/resources/federal-demonstration-partnership-fdp-expanded-clearinghouse-program)\nSubcontractor Commitment Form (/forms/subcontractor-commitment-form)\nCollaborating with Weill Cornell Medicine (/process/collaborating-weill-cornell-medicine)\nQuick Reference\nRates (/rates)\nForms (/forms)\nPolicies (/policies)\nContacts (/contacts)\nTraining (/training)\nEvents (/events)\nNews & Announcements (/news)\n\u00a9 2019 Cornell University\nWeb Accessibility Help (mailto:rais-help@cornell.edu?subject=researchservices.cornell.edu%20site)"
}