{
    "URL location": "https://researchservices.cornell.edu/resources/early-career-funding",
    "Last modification date": "2024-12-19T15:45Z",
    "Change frequency": "yearly",
    "Priority": "0.5",
    "Scraped Text": "Find guidance on funding and agency updates during the federal government transition(updated 3/19/2025) (/federal-transition)\nEssential ToolsFind My GCORASSExternalInstitutional Profile & DUNSIACUC applications (Cayuse Animal Management)Find Your Next Funding OpportunityIBC Applications (RASS-IBC)Research Development (ReD) ServicesIRB Applications (RASS-IRB)ExternalRates and budgetsReport external interests (RASS-COI)Join List ServsRASS Access Request FormAsk EHSExternalWeb Financials (WebFin2)ExternalCornell Data ServicesExternalPI DashboardExternalTravel RegistryExternalResearch Financials (formerly RA Dashboard)ExternalInternational research activitiesExternalRegister for Federal and Non-Federal SystemsDisclose Foreign Collaborations and SupportResearch metrics & executive dashboardsTraining (/about/essential-tools, /gco, http://guide.rass.cornell.edu/, /resources/institutional-profile-duns-and-uei-numbers, /resources/submit-new-iacuc-protocol, /proposal/Find-Your-Next-Funding-Opportunity, /resources/ibc-application-submission-review-and-approval, /research-development, https://rass.cornell.edu/irb, /proposal/budget, /compliance/conflict-of-interest, /resources/research-mailing-lists-list-servs, /resources/get-access-financial-sponsored-projects-data, https://tdx.cornell.edu/TDClient/42/Portal/Requests/TicketRequests/NewForm?ID=q5sab44D6GI_, http://webfin2.cornell.edu/, https://data.research.cornell.edu/, https://pidash.cornell.edu, https://travelregistry.cornell.edu/, http://radash.cornell.edu/, https://navigate.cornell.edu, /resources/register-federal-and-non-federal-systems, /proposal/disclose-foreign-collaborations-and-support, /resources/research-metrics, /training)\nFind My GCO (/gco)\nRASSExternal (http://guide.rass.cornell.edu/)\nInstitutional Profile & DUNS (/resources/institutional-profile-duns-and-uei-numbers)\nIACUC applications (Cayuse Animal Management) (/resources/submit-new-iacuc-protocol)\nFind Your Next Funding Opportunity (/proposal/Find-Your-Next-Funding-Opportunity)\nIBC Applications (RASS-IBC) (/resources/ibc-application-submission-review-and-approval)\nResearch Development (ReD) Services (/research-development)\nIRB Applications (RASS-IRB)External (https://rass.cornell.edu/irb)\nRates and budgets (/proposal/budget)\nReport external interests (RASS-COI) (/compliance/conflict-of-interest)\nJoin List Servs (/resources/research-mailing-lists-list-servs)\nRASS Access Request Form (/resources/get-access-financial-sponsored-projects-data)\nAsk EHSExternal (https://tdx.cornell.edu/TDClient/42/Portal/Requests/TicketRequests/NewForm?ID=q5sab44D6GI_)\nWeb Financials (WebFin2)External (http://webfin2.cornell.edu/)\nCornell Data ServicesExternal (https://data.research.cornell.edu/)\nPI DashboardExternal (https://pidash.cornell.edu)\nTravel RegistryExternal (https://travelregistry.cornell.edu/)\nResearch Financials (formerly RA Dashboard)External (http://radash.cornell.edu/)\nInternational research activitiesExternal (https://navigate.cornell.edu)\nRegister for Federal and Non-Federal Systems (/resources/register-federal-and-non-federal-systems)\nDisclose Foreign Collaborations and Support (/proposal/disclose-foreign-collaborations-and-support)\nResearch metrics & executive dashboards (/resources/research-metrics)\nTraining (/training)\nSearch (/search)\nEarly Career Faculty Research Funding\nBuilding your research portfolio.\nResearch Development (ReD) Team (/research-development)\nResearch Concierge Service (/research-concierge)\nLimited Submissions Funding Opportunities (/resources/limited-submissions-funding-opportunities)\nFind Your Next Funding Opportunity (/proposal/Find-Your-Next-Funding-Opportunity)\nDoD Funding for Early Career Faculty (/resources/dod-funding-early-career-faculty)\nThe Research Development team has compiled lists of funding and engagement opportunities\u00a0for new faculty, including downloadable calendars featuring selections of recurring research grants (many of which are geared toward early career faculty).\n\nCalendar of select research funding opportunities for early career faculty in STEM (/sites/default/files/2023-04/Early%20Career%20Research%20Funding_All%20STEM_with%20workshops_revised%20APril%202023.docx)\n\n\n\nCalendar of select funding opportunities for early career faculty in the Arts & Humanities (/sites/default/files/2024-08/Early%20Career%20Research%20Funding_Arts%20and%20Humanities_revised%20August%202024.docx)\nLearn about federal agency opportunities:\nNational Institutes of Health (NIH) Early Stage Investigator (ESI) Status\nNIH defines an Early Stage Investigator (ESI) as a Program Director/Principal Investigator (PD/PI) who has completed their terminal research degree or end of post-graduate clinical training, whichever date is later, within the past 10 years and who has not previously competed successfully as PD/PI for a substantial NIH independent research award.Click here to learn more about NIH ESI Policies. (https://grants.nih.gov/policy/early-stage/index.htm)\nNational Endowment for the Humanities (NEH) Division of Research Programs\nThe NEH Division of Research supports scholarly research that advances knowledge and understanding of the humanities. Through twelve annual funding opportunities, awards are made to scholars (individuals, collaborative teams, or institutions) working on research projects of significance to specific humanities fields and to the humanities as a whole. Opportunities include the Fellowships, Collaborative Research, and Summer Stipends programs.Learn more here. (https://www.neh.gov/divisions/research)\nNational Science Foundation (NSF)\nEarly\u00a0career\u00a0researchers\u00a0are eligible\u00a0(and encouraged!)\u00a0to\u00a0compete for\u00a0NSF core grants and special initiatives as well as many other funding mechanisms. The articleNSF 101:\u00a0Funding opportunities for early\u00a0career\u00a0researchersdescribes\u00a0several of these funding opportunities. (https://beta.nsf.gov/science-matters/nsf-101-funding-opportunities-early-career-researchers)\nUnited States Department of Agriculture (USDA) New Investigator Grants\nThe Agriculture and Food Research Initiative (AFRI) is the nation\u2019s leading competitive grants program for the food and agricultural sciences. Within AFRI there are specific opportunities for early career professionals that meet the USDA's eligibility criteria for New Investigators. There are two types of New Investigator Grants available: Standard Grants and Seed Grants.To learn more about USDA New Investigator grants, click here. (https://nifa.usda.gov/2021-afri-ni-webinar-series)\n\nBecome a Reviewer:\nIn addition to providing a great service, reviewers benefit by gaining first-hand knowledge about the peer review process, learn common problems with proposals, and have opportunities to meet agency program officers and new colleagues.\nNIH Center for Scientific Review (CSR) Early Career Reviewer (ECR) Program\nThe NIH ECR Program aims to help early-career scientists (Assistant Professor level or equivalent) become more competitive as grant applicants through first-hand experience with peer review and to enrich and diversify the CSR's pool of trained reviewers.Learn more here. (https://public.csr.nih.gov/ForReviewers/BecomeAReviewer/ECR#)\nServe on an NEH peer review panel\nThe NEH is always looking for scholars, humanities center staff, and other experts to serve as peer reviewers. Lean about theNEH application review processandsign-up to be an NEH review panelist here. (https://www.neh.gov/grants/application-process, https://apps.neh.gov/signup/)\nNSF Reviewer Program\nSend an e-mail to the NSF program officer(s) of the program(s) that fits your expertise. Introduce yourself and identify your areas of expertise, share your CV, and let them know that you are interested in becoming a peer reviewer.Learn more about the NSF Reviewer Program here. (https://www.nsf.gov/bfa/dias/policy/merit_review/reviewer.jsp)\nUSDA National Institute of Food and Agriculture (NIFA) Peer Review Panels\nNIFA convenes peer review panels comprised of research, education, extension, and other subject matter experts to review competitive grant proposals. Peer review panelists are selected based on their expertise, credentials, and NIFA panel needs. Contact the program staff listed in Request for Applications or volunteer via the Peer Review system.Learn more here. (https://www.nifa.usda.gov/about-nifa/what-we-do/panelist-information#:~:text=Become%20a%20Panelist!&text=NIFA%20uses%20a%20Peer%20Review,in%20the%20%E2%80%9CVolunteer%E2%80%9D%20section.)\n\n\nJoin the CU-RES-ADMIN mailing listto receive funding opportunities and other research-related announcements. (/resources/research-mailing-lists-list-servs)\nContact theResearch Development teamto learn more about opportunities, proposal assistance, and more. (mailto:research_development@cornell.edu)\n\nSummaries of Funding Opportunities (multiple fields)\nNote: This website is not continually updated. The summaries are intended for informational purposes and do not replace a sponsor's actual funding opportunity announcement. Always review the sponsor's full announcement to verify program guidelines, requirements, and deadlines.\nFor opportunities marked as \"Limited Submission\", please contact Cornell Limited Submission (ovpr_limited_submissions@cornell.edu) for details about the university's internal selection process. (mailto:ovpr_limited_submissions@cornell.edu)\nAlfred P. Sloan Foundation - Mathematics and all Sciences\n\nAlliance for Cancer Gene Therapy (ACGT) - Translational Cancer Research\nACGT is the only public charity in the nation exclusively funding cancer cell and gene therapy research. By supporting both discovery and translational research, we stimulate innovation and progress.\u00a0ACGT awards Clinical Translation grants of $250,000-500,000 over 2-3 years, inclusive of a maximum of 10% indirect costs. Candidates must hold an MD, PhD, or equivalent degree and be a tenure-track or tenured faculty. The investigator must be conducting original research as an independent faculty member.\nSeptember\nInvestigator Award (https://acgtfoundation.org/groundbreaking-research/apply-for-funding/)\n$350,000 - $500,000 for 2-3 years\nALS Association - ALS\nThe ALS Association Research INVESTIGATOR-INITIATED RESEARCH GRANT PROGRAM supports INNOVATIVE research of high scientific merit and relevance to amyotrophic lateral sclerosis (ALS). Starter Grants are one-year awards for independent investigators entering the field of ALS or senior fellows about to set up independently. Applicants can include pilot studies by experienced investigators of any field or discipline.\u00a0These applications do not require strong preliminary data but must emphasize innovation, scientific merit, feasibility and relevance to ALS.\nAlzheimer's Association - Alzheimer's Research\nThe AARG aims to fund investigators who are less than 15 years past their doctoral or post-residency (M.D. or D.O.). The purpose of this program is to provide newly independent investigators with funding that will allow them to develop preliminary or pilot data, to test procedures and to develop hypotheses. The intent is to support early-career development that will lay the groundwork for future research grant applications to federal or other funding entities, like the National Institutes of Health, including future proposals to the Alzheimer's Association.\n\nAmerican Association of Cancer Research (AACR) - Cancer\nAmerican Cancer Society - Cancer\nRSGs support investigator initiated projects across the cancer research continuum. Independent investigators in the first six years of an independent research career or faculty appointment are eligible to apply.\n\nAmerican Chemical Society - Petroleum Field\nDNI grants provide start-up funding for scientists and engineers in the United States who are within the first three years of their first academic appointment at the level of Assistant Professor or the equivalent. Applicants may have limited or no preliminary results for a research project they wish to pursue, with the intention of using the preliminary results obtained to seek continuation funding from other agencies. DNI grants are to be used to illustrate proof of principle or concept, to test a hypothesis, or to demonstrate feasibility of an approach.\nOctober\nDoctoral New Investigator Grants (DNI) (http://www.sloan.org/sloan-research-fellowships/, https://www.acs.org/content/acs/en/funding-and-awards/grants/prf/programs/dni.html)\n$110,000 over 2 years\nAmerican Educational Research Association (AERA) - Education Research\nThe AERA Fellowship Program on the Study of Deeper Learning (AERA-SDL) supports postdoctoral and early career scholars in education research and thereby fosters excellence and rigor in the next generation of faculty members, research scientists, and scholars examining education topics and issues.\nMarch\nFellowship Study of Deeper Learning (https://www.aera.net/Professional-Opportunities-Funding/AERA-Funding-Opportunities/AERA-Fellowship-Program-on-the-Study-of-Deeper-Learning)\n$25,000 over 20 months\nAmerican Federation for Aging Research (AFAR) - Aging\nThe Glenn Foundation for Medical Research and AFAR provide this award to junior faculty (MDs and PhDs) to conduct research that will serve as the basis for longer term research efforts on the biology of aging. These investigators study a broad range of biomedical and clinical topics related to aging.\u00a0The major goal of this program is to assist in the development of the careers of junior investigators committed to pursuing careers in the field of aging research. It supports research projects concerned with understanding the basic mechanisms of aging rather than disease-specific research.\nDecember\nAFAR Research Grants for Junior Faculty (https://www.aera.net/Professional-Opportunities-Funding/AERA-Funding-Opportunities/AERA-Fellowship-Program-on-the-Study-of-Deeper-Learning)\n$100,000 over 1- 2 years\nAmerican Heart Association (AHA) - Heart / Stroke\nAHA is the largest not-for-profit funding source for cardiovascular and cerebrovascular disease research next to the federal government. This award supports highly promising healthcare and academic professionals, in the early years of an awardee\u2019s first professional appointment, to explore innovative questions or pilot studies that will provide preliminary data and training necessary to assure future success as a research scientist.\u00a0The AHA funds basic, clinical, behavioral, translational and population research, bioengineering/biotechnology and public health problems broadly related to fulfilling our mission to be a relentless force for a world of longer, healthier lives.\nDecember\nCareer Development Award (https://professional.heart.org/professional/ResearchPrograms/UCM_495968_Career-Development-Award.jsp)\n$77,000 per year for 3 years\nAmerican Liver Foundation (ALF) - Liver Physiology / Disease\nThe Liver Scholar Award provides early career scientists with support for their research to bridge the gap between completion of research training and attainment of status as an independent research scientist. The additional research\u00a0experience provided by this award is intended to enable early career scientists to successfully compete for research awards\u00a0from national sources, particularly the NIH. Applicants must apply within the first three years of their first faculty appointment.\nDecember\nLiver Scholar Award (https://liverfoundation.org/medical-professionals/research-awards-program)\n$225,000 over 3 years\nAmerican Lung Association - Lung Disease\nThe Catalyst Award is a mentored award meant to support outstanding investigators on the path to independence for research into the mechanisms of lung disease and general lung biology. Preference is given to projects that are novel; innovative in design/approach; utilize modern technologies; and incorporate a multidisciplinary collaborative training plan.\nDecember\nCatalyst Award (https://www.lung.org/research/awards-and-grants-opportunities)\n$50,000 over 2 years\nAmerican Mathematical Society (AMS) - Mathematics\nThe AMS Centennial Research Fellowship Program make an award annually to an outstanding mathematician to help further their career in research. The primary selection criterion for the Centennial Fellowship is the excellence of the candidate's research. Eligible applicants shall have held their doctoral degree for at least three years and not more than twelve years at the inception of the award.\u00a0Applications will be accepted from those currently holding a tenured, tenure track, post-doctoral, or comparable position at an institution in North America.\nDecember\nAMS Centennial Fellowships (https://www.lung.org/research/awards-and-grants-opportunities, http://www.ams.org/programs/ams-fellowships/centennial-fellow/emp-centflyer)\n$50,000\nAmerican Political Science Association (APSA) - Political Science\nPolitical Science Fellows have completed a PhD in the last 15 years or will have defended a dissertation in political science by November of the fellowship year. The program is open to scholars in all fields of study within political science who can show a scholarly interest in Congress and the legislative process. U.S. citizenship or permanent residency is required.\nDecember\nCongressional Fellowship Program (http://www.apsanet.org/cfp)\n$52,500 for 9.5 months\nAmerican Society for Mass Spectrometry (ASMS) - Mass Spectrometry\nResearch awards promote the research of academic scientists within the first four years of joining the tenure track or research faculty of a North American University at the time the award is conferred.\u00a0Applicants may not have previously received an award under this program. Applicants must be members of ASMS.\nNovember\nResearch Awards (http://www.apsanet.org/cfp, https://www.asms.org/about-asms-awards/research-awards)\n$35,000\nAmerican Society for Suicide Prevention (AFSP) - Suicide Prevention\nAFSP research grants support studies that will increase our understanding of suicide or test treatments and other interventions that save lives. Young Investigator Innovation Grants are awarded to investigators at or below the level of assistant professor. These grants must allocate $10,000 ($5,000 per year) of their award for an established suicide researcher to mentor the Young Investigator. AFSP is available to assist you in identifying a suitable mentor.\nNovember\nYoung Investigator Innovation Grants\n$90,000 over 2 years\nAmerican Speech-Language-Hearing Foundation (ASHFoundation) - Speech / Hearing / Language\nThe ASHFoundation supports priority research in communication sciences and disorders, which leads to advances in treatment and new developments, such as the use of technology in assessment and intervention. ASHFoundation grants help launch research careers and are often instrumental in securing additional funding from other sources for continued research efforts.\u00a0This grant is designed to help further new investigators' research activities by funding preliminary studies that could launch larger-scale research studies. Research, while not limited in topic, should be focused to match a one-year scope and should have clinical relevance to audiology and/or speech-language pathology.\nMarch\nNew Investigators Research\u00a0Grants (https://www.ashfoundation.org/apply/new-investigators-research-grant/)\n$10,000\nAndrew Carnegie Fellows Program - Humanities and Social Sciences\nBayer Hemophilia Awards Program - Bleeding Disorders\nThis award is intended to facilitate the development of clinical and research expertise in the field of hemophilia for applicants who have completed medical training and have an interest in pursuing a career as a hemophilia clinician. The award will support a mentored physician for one year, who will be expected to undertake a research project as well as clinical training.\u00a0The applicant should have earned their medical degree within the previous eight years. The applicant may not have received previous funding from this award category.\nRolling\nFellowship Project Award (https://www.ashfoundation.org/apply/new-investigators-research-grant/, http://www.bayer-hemophilia-awards.com/awards/)\n$80,000 for 1 year\nBeckman Foundation - Life / Chemical Sciences\nThe Beckman Young Investigator (BYI) Program provides research support to the most promising young faculty members in the early stages of their academic careers in the chemical and life sciences, particularly to foster the invention of methods, instruments and materials that will open up new avenues of research in science.\nAugust\nBeckman Young Investigators Program\n$600,000 over 4 years\nBinational Science Foundation (BSF) - Various\nThe Start-Up Grant Program is meant to help newly appointed researchers who are beginning their research careers and may not yet have initial results to show for their work. Projects must have a strong element of cooperation between an Israeli and an American scientist(s), and fall within the areas of research supported in that year by the BSF. In addition, at least one of the principal investigators should have attained their Ph.D., M.D. degree or equivalent, no more than ten years prior to submitting the proposal.\nNovember\nStart-Up Research Grant (https://www.bsf.org.il/funding-opportunities/start-up-research-grants/about/)\n$75,000 per PI over 2 years (cost match required in Year 2)\nBrain and Behavior Research Foundation (BBRF) - Brain and Behavior Research\nThe goal of the Young Investigator Grants program is to help researchers launch careers in neuroscience and psychiatry and gather pilot data to apply for larger federal and university grants. The program is intended to facilitate innovative research opportunities and supports basic, as well as translational and/or clinical investigators. All research must be relevant to our understanding, treatment and prevention of serious psychiatric disorders such as: schizophrenia; bipolar; mood and anxiety disorders; or early onset brain and behavior disorders.\nFebruary\nYoung Investigator Grants (https://www.bsf.org.il/funding-opportunities/start-up-research-grants/about/, https://www.bbrfoundation.org/grants-prizes/bbrf-young-investigator-grants)\n$125,000 for 2 years\nBrain Research Foundation (BRF) - Neuroscience, Brain Function\nBreast Cancer Alliance (BCA) - Breast Cancer\nCamille and Henry Dreyfus Foundation - Chemical Sciences\nChicago Community Trust - Biomedical Sciences and Chemistry\nCornell University President\u2019s Council of Cornell Women (PCCW) - All Areas\nAffinito-Stewart grants support non-tenured Cornell women faculty in completing research already underway or in initiating new research projects that will provide the evidence of scholarship necessary for successful tenure submission.\n\nAffinito-Stewart Grants (https://alumni.cornell.edu/volunteer/leadership/pccw/grants/)\n$1,000-$10,000\nCrohn's and Colitis Foundation of America - Crohn's and Colitis\nCareer Development Awards are mentored awards intended to facilitate the development of individuals with research potential to prepare for a career of independent basic and/or clinical investigation in the area of inflammatory bowel disease (IBD).\nNovember\nCareer Development Awards (https://www.crohnscolitisfoundation.org/research/grants-fellowships/research-fellowship-awards)\nDamon Runyon Cancer Research Foundation - Cancer\nThe Damon Runyon-Rachleff Innovation Award is designed to provide support for the next generation of exceptionally creative thinkers with \u201chigh-risk/high-reward\u201d ideas that have the potential to significantly impact our understanding of and/or approaches to the prevention, diagnosis or treatment of cancer. The Innovation Award is specifically designed to provide funding to extraordinary early career researchers who have an innovative new idea but lack sufficient preliminary data to obtain traditional funding. It is not designed to fund incremental advances. The research supported by the award must be novel, exceptionally creative and, if successful, have the strong potential for high impact in the cancer field.\nJuly\nInnovation Award (https://www.damonrunyon.org/for-scientists/application-guidelines/innovation)\nDoE Office of Science - Energy related research, Basic Science\nThe Department of Energy Office of Science Early Career Research Program supports the development of individual research programs of outstanding scientists early in their careers and stimulates research careers in the disciplines supported by the DoE Office of Science. Opportunities exist in the following program areas: Advanced Scientific Computing Research (ASCR); Biological and Environmental Research (BER); Basic Energy Sciences (BES), Fusion Energy Sciences (FES); High Energy Physics (HEP), and Nuclear Physics (NP).\nSeptember-November\nEarly Career Research Program (https://science.osti.gov/early-career)\nDesmoid Tumor Research Foundation - Cancer Research\nThe purpose of this program is to fund early stage research that will explore new approaches to advance the current scientific knowledge about desmoid tumors, resulting in the development of new treatment options and bringing us closer to our ultimate goal - a cure. The program seeks applications from young investigators (at the rank of Associate Professor or below) who are new to desmoid tumor research and need seed funding to gather preliminary data to enable the applicant to apply for funding to support a more fully developed line of research in the future.\nDecember\nNew Investigator Grants (http://dtrf.org/apply-for-a-grant/)\nDoD Air Force Office of Scientific Research - Science and Engineering\nThe Air Force YIP supports young in career scientists and engineers who have received Ph.D. or equivalent degrees within the last seven years and show exceptional ability and promise for conducting basic research. The program objectives are to foster creative basic research in science and engineering; enhance early career development of outstanding young investigators; and increase opportunities for the young investigator to recognize the Air Force mission and related challenges in science and engineering.\nMay/July\nYoung Investigator Program (YIP) (https://www.afrl.af.mil/About-Us/Fact-Sheets/Fact-Sheet-Display/Article/2282106/afosr-funding-opportunities-special-programs/#anchor2)\nDoD Army Research Office - Related to Army Mission\nArmy Research Office YIP awards are one of the most prestigious honors bestowed by the Army on outstanding scientists beginning their independent careers. The objective of the YIP is to attract outstanding young university faculty members to pursue fundamental research in areas relevant to the Army, to support their research in these areas, and to encourage their teaching and research careers.\u00a0Research areas of interest are mechanical sciences, mathematical sciences, electronics, computing science, physics, chemistry, life sciences, materials science, network science, and environmental sciences. Outstanding YIP projects may be considered for a Presidential Early Career Award for Scientists and Engineers (PECASE).\nRolling\nYoung Investigator Research Program (YIP) (https://www.arl.army.mil/business/broad-agency-announcements/)\nDefense Advanced Research Projects Agency (DARPA) - National Security\nThe objective of the DARPA Young Faculty Award (YFA) program is to identify and engage rising stars in junior research positions, emphasizing those without prior DARPA funding, and expose them to DoD needs and DARPA\u2019s program development process. The YFA program provides funding, mentoring and industry and DoD contacts to awardees early in their careers so they may develop their research ideas in the context of national security needs.\nSeptember/November\nYoung Faculty Award (YFA) (https://www.darpa.mil/work-with-us/for-universities/young-faculty-award)\nDoD\u00a0Office of Naval Research - Basic, Applied and Technology Development Research\nThe Office of Naval Research YIP seeks to identify and support academic scientists and engineers who are in their first or second full-time tenure-track or tenure-track-equivalent academic appointment, and who show exceptional promise for doing creative research.\u00a0The program objectives are to attract outstanding faculty members of Institutions of Higher Education to the Department of the Navy's Science and Technology (S&T) research program, to support their research, and to encourage their teaching and research careers.\nAugust\nYoung Investigator Program (YIP) (https://www.onr.navy.mil/Education-Outreach/Sponsored-Research/YIP)\nEsther A. & Joseph Klingenstein Fund - Neuroscience\nThe awards are among the nation's oldest and most illustrious fellowships for young investigators in neuroscience research. Aimed at advancing cutting-edge investigations, the awards are presented to highly promising, early career scientists. At this critical juncture in young investigators\u2019 careers, when funding can be a challenge, the fellowship awards promote higher-risk, and potentially higher-reward, projects.\u00a0The candidate must be an independent investigator at a university, medical center or research institute and be within 4 years of completing postdoctoral training and the start of their tenure track or equivalent appointment.\nFebruary\nKlingenstein-Simons Fellowship Awards in the Neurosciences (http://www.klingfund.org/)\nFoundation for Child Development (FCD) - Child Development\nThe Young Scholars Program (YSP) supports scholarship for early career researchers. The program funds implementation research that is policy and practice-relevant and that examines the preparation, competency, compensation, well-being, and on-going professional learning of the early care and education workforce.\u00a0Scholars will become part of a growing network of the next generation of researchers whose work has the potential to strengthen the ECE workforce and improve the quality of services provided to young children and their families.\nJune\nYoung Scholars Program (http://fcd-us.org/sites/default/files/Final%202017%20YSP%20Guidelines.pdf)\nGlobal Probiotics Council -Probiotics / Microbiota\nThe purpose of the Young Investigator Grant for Probiotics Research (YIGPRO) is to contribute to the advancement of probiotics and gastrointestinal microbiota research in the United States for human health applications. This program seeks to support the best science that addresses the grant objectives. Attempts will be made to support young investigators who do not yet have independent funding (such as NIH R series awards that are likely to progress to RO1 research awards). Young investigators who are senior fellows with a committed faculty appointment, or early faculty members within a maximum of 5 consecutive years of their first faculty appointment are eligible. Applicants must be interested in understanding the health benefits of probiotics or microbiota and the relationship between probiotics, gastrointestinal microbiota and the body.\nFebruary\nYoung Investigator Grant (https://probioticsresearch.com/grant-program/)\nGrass Foundation - Neuroscience\nGrass Fellowships at the Marine Biological Laboratory (MBL) in Woods Hole, Massachusetts, USA, support investigator-designed, independent research projects by scientists early in their career. Supported approaches include neurophysiology, biophysics, integrative neurobiology, neuroethology, neuroanatomy, neuropharmacology, systems neuroscience, cellular and developmental neurobiology, and computational approaches to neural systems. The Foundation also has a longstanding interest in epilepsy-related research.\u00a0Early investigators (late stage predoctoral trainees and beyond) are eligible to apply.\nDecember\nGrass Fellowship (https://grassfoundation.org/fellowship-overview)\nGreenwall Foundation - Bioethics\n*Limited Submission*The Greenwall Faculty Scholars Program in Bioethics is a career development award to enable junior faculty members to carry out innovative bioethics research. Priority will be given to applicants who have not yet been considered for tenure, who have not received a comparable career development award, and whose work will have an impact on public policy, biomedical research, or clinical practice.\nSeptember\nGreenwall Faculty Scholars Program (https://greenwall.org/faculty-scholars-program)\n\nSee Guidelines\n\nHealth Effects Institute (HEI) - Air Pollution\nThe purpose of this award is to bring new, creative investigators into active research on the health effects of air pollution. It provides three years of funding for a small project relevant to HEI\u2019s research interests to a new investigator with outstanding promise at the Assistant Professor or equivalent level.\u00a0At the time of application the candidate should have two to seven years of research experience after obtaining the highest degree and must be at the Assistant Professor level or equivalent at an academic or research institution.\nApril\nRosenblith New Investigator Award (https://www.healtheffects.org/research/funding/rosenblith-award)\n\nUp to $500,000 for 3 years\nHoward Hughes Medical Institute (HHMI) - Life Sciences\nThe Hanna H. Gray Fellows \u00a0Program supports early career life scientists in academic labs across the U.S., and seeks to increase diversity in the biomedical research community by recruitment and retention of individuals from groups underrepresented in the life sciences.\u00a0Fellows will receive funding through their academic institution for postdoctoral training and may continue to receive funding during their early career years as independent faculty.\nJanuary\nHanna H. Gray Fellows Program (https://www.hhmi.org/programs/hanna-h-gray-fellows-program)\nThe Freeman Hrabowski Scholars Program aims to support creative and innovative early career faculty conducting research in basic biomedical science disciplines, as well as plant biology, evolutionary biology, biophysics, chemical biology, biomedical engineering, and computational biology. outstanding basic researchers, including physician-scientists, who have strong potential to become leaders in their fields and to advance diversity, equity, and inclusion through their mentorship and understanding of the experiences of trainees from races and ethnicities underrepresented in US science.\u00a0Scholars will prioritize scientific excellence in their own research while creating an equitable and inclusive lab climate that values diversity and serves as a model within their own institutions and beyond.\nSeptember\nFreeman Hrabowski Scholars Program (https://www.hhmi.org/programs/freeman-hrabowski-scholars)\nInfectious Disease Society of America - Vaccine Development\nThis award provides funding for outstanding research in vaccine development, either through clinical or laboratory investigation. The candidate must have a demonstrated commitment to vaccinology as a career, and must be conducting research or working in a recognized and accredited US institution of higher learning or in a government agency. Candidates for Young Investigator Awards must have a medical or equivalent doctoral level degree, and should have completed an accredited infectious diseases fellowship within the last four years.\nJuly\nPfizer Young Investigator Award in Vaccine Development (https://www.idsafoundation.org/our-initiatives/research/changing-the-course-of-humanity/our-awards/?_ga=2.161651007.28132827.1595011281-6686114.1595011281)\nJuvenile Diabetes Research Foundation (JDRF) - Type 1 Diabetes\nThe primary purpose of the Career Development Award is to attract qualified and promising scientists early in their faculty careers and to give them the opportunity to establish themselves in areas that reflect the JDRF research emphasis areas.\u00a0 Awardees will focus their research efforts on a subject directly related to JDRF mission goals and research priorities, and position themselves to work at the leading edge of type 1 diabetes research. These awards are designed to assist exceptionally promising investigators. Although JDRF is especially interested in fostering careers in clinical investigation, Career Development Awards may emphasize either basic or clinical topics.\nJanuary\nCareer Development Award (http://grantcenter.jdrf.org/information-for-applicants/grant-mechanism-descriptions/career-development-awards/)\nLeukemia & Lymphoma Society (LLS) - Leukemia and Lymphoma\nLLS offers career development awards to postdoctoral fellows and instructors, as well as early-career independent investigators, engaging in basic, clinical, or translational research to help understand and treat hematologic malignancies and relevant premalignant condicitons.\u00a0The Scholar award supports rising stars in the blood cancer research field. Candidates must be highly qualified investigators who have shown a capacity for independent, sustained, original investigation in the field of hematologic malignancies. They should hold an independent faculty-level position and should have obtained substantial support for their research from a national agency.\nSeptember\nScholar Award (http://www.lls.org/research/career-development-program?src1=22051&src2=)\nLeukemia Research Foundation - Blood Cancer\nThe Leukemia Research Foundation exclusively funds New Investigators - individuals beginning to establish their own laboratories that are no longer under the tutelage of a senior scientist mentor. The Foundation is unique in the level of support it provides to highly promising scientists in this absolutely critical research niche and allows innovative scientists to act on their ideas, and try new procedures and experiments that will hopefully lead to significant breakthroughs.\nFebruary\nHollis Brownstein Research Grants Program (https://allbloodcancers.org/research-grants/)\nMarch of Dimes - Birth defects, Premature Birth Prevention, Infant Mortality\nBasil O\u2019Connor Starter Scholar Research Awards (BOC) support young physicians/scientists committed to the mission of the March of Dimes. The BOC is intended to be an early career grant to young investigators who are just embarking on an independent research career. Impactful research that will advance our translational understanding of, or lead to improved clinical treatment of any serious medical conditions that afflict mothers during pregnancies or newborns within the first year of life is invited. Applications focused on preterm birth and birth defects are prioritized. All applications are mandated to have a direct link to clinical translation. The eventual goal to cure or greatly mitigate conditions that adversely impact the health of pregnant women and newborns is required.\nJuly\nBasil O\u2019Connor Starter Scholar Research Awards (https://www.marchofdimes.org/research/research-grants.aspx)\nMarfan Foundation - Marfan Syndrome\nThe Early Investigator Grant Program provides financial support for early investigators studying any or all disciplines involved in Marfan syndrome, Ehlers Danlos syndrome, Loeys Dietz syndrome and other related disorders.\u00a0Grants are awarded for basic or clinical research. Applicants must have less than seven years experience in a faculty position and have never received an NIH R-01 grant award.\nFebruary\nEarly Investigator Grant Program (https://marfan.org/research/grants/)\nMcKnight Foundation - Neuroscience\nThe McKnight Scholar Awards encourage neuroscientists in the early stages of their careers to focus on disorders of learning and memory. The awards support young scientists who hold an M.D. and/or Ph.D. degree, have completed formal postdoctoral training, and demonstrate a commitment to neuroscience.\u00a0The Endowment Fund especially seeks applicants working on problems that, if solved at the basic level, would have immediate and significant impact on clinically relevant issues.\nMay\nScholar Award (https://www.mcknight.org/programs/the-mcknight-endowment-fund-for-neuroscience/scholar-awards/)\nMellon New Directions Fellowships - Humanities and Humanistic Social Sciences\nMETAvivor - Metastatic Breast Cancer\nMETAvivor funds research that specifically addresses the mechanistic understanding, diagnosis, and/or treatment of metastatic breast cancer. Investigators must have a clinical doctoral degree or doctoral degree, be within 10 years of their degree award date and within 6 years of starting their first non-tenured position (if started), and be actively engaged in areas of metastatic breast cancer research and treatment.\nFebruary/March\nEarly Career Investigator Award (https://www.metavivor.org/research/apply-for-a-grant/)\nMichelson Medical Research Foundation (MMRF) & Human Vaccines Project - Vaccine Development\nThe Michelson Prizes are scientific awards of $150,000 given annually to young investigators who are applying disruptive research concepts and inventive processes to advance vaccine and immunotherapy research for major global diseases. The program is open to early-career researchers under 35 at the time of application. The Michelson Prizes are intended to draw young investigators from a wide range of disciplines, including computer science, artificial intelligence/machine learning, protein engineering, nanotechnology, genomics, parasitology and tropical medicine, neurodegenerative diseases, gene editing and others. Applications from the full spectrum of scientific disciplines related to immunology, vaccine, and immunotherapy research are encouraged.\nOctober\nMichelson Prizes for Vaccine Research (https://www.humanvaccinesproject.org/michelsonprizes/)\nMoore Inventor Fellows - Scientific Research, Environmental Conservation, Patient Care\nMQ Foundation - Mental Health\nThe Fellows Award supports the best and brightest early career scientists who are asking challenging questions that will contribute to transformative advances in mental health research.\u00a0MQ seeks to fund a diverse research portfolio that reflects a bio-psycho-social approach to mental health.\u00a0Research may involve theoretical, experimental, social sciences or medical humanities approaches.\nApril\nFellows Award (https://www.mqmentalhealth.org/articles/apply-fellows)\nNASA - Earth System Science\nThe New (Early Career) Investigator Program (NIP) in Earth Science is designed to support outstanding scientific research and career development of scientists and engineers at the early stage of their professional careers. The program aims to encourage innovative research initiatives and cultivate scientific leadership in Earth system science. The Earth Science Division (ESD) places particular emphasis on the investigators' ability to promote and increase the use of space-based remote sensing through the proposed research.\u00a0The NIP supports all aspects of scientific and technological research aimed to advanceNASA\u2019s mission in Earth system science.\nVaries; offered every 3 years\nNew Investigator Program in Earth Science (https://science.nasa.gov/earth-science/early-career-opportunities)\nNASA - Space Technology\nThrough the Early Career Faculty (ECF) solicitation, NASA\u2019s Space Technology Research Grants program awards grants to accredited U.S. universities on behalf of outstanding faculty researchers early in their careers. The grants sponsor research in specific high-priority areas of interest to America's space program.\u00a0Only accredited U.S. universities are eligible to submit proposals on behalf of their outstanding new faculty members who intend to develop academic careers related to space technology.\nFebruary\nEarly Career Faculty (https://www.nasa.gov/directorates/spacetech/strg/archives_stro.html)\nNASA - Astrophysics\nThe goals of the Nancy Grace Roman Technology Fellowship in Astrophysics (typically referred to as the Roman Technology Fellowship) program are to give early career researchers the opportunity to develop the skills necessary to lead astrophysics flight instrumentation development projects and become principal investigators (PIs) of future astrophysics missions; to develop innovative technologies that have the potential to enable major scientific breakthroughs; and to foster new talent by putting early-career instrument builders on a trajectory towards long-term positions.Note: The RTF is a 2-phased process; see solicitation.\nVaries; offered every 2 years\nRoman Technology Fellowship (RTF) (https://science.nasa.gov/researchers/sara/fellowship-programs/nancy-grace-roman-technology-fellowships-astrophysics-early-career-researchers)\nNational Ataxia Foundation (NAF) - Spinocerebellar Ataxia\nThe Young Investigator Award was created to encourage young clinical and scientific investigators to pursue a career in the field of ataxia research.\u00a0Applications for any form of ataxia, including the SCAs, are accepted for this award.\u00a0Candidates must have attained an MD or PhD degree, and have an appointment as a junior faculty member, senior post-doc, or clinical fellow. Individuals at the Associate Professor level are not eligible. Clinicians must have finished their residency no more than five (5) years prior to applying.\nSeptember\nYoung Investigator Award (https://ataxia.org/researcher-resources/#spnResearchGrants)\nNational Multiple Sclerosis Society - Multiple Sclerosis\nAs part of its overarching goals of stopping MS progression, restoring function, and ending MS forever, the National MS Society offers a limited number of Harry Weaver awards to highly qualified candidates who have concluded their research training and begun academic careers as independent investigators in an area related to multiple sclerosis. The awards are designed to provide salary and grant support for a five year period, thus permitting the awardee to establish competence in his/her chosen research area. Application must be made jointly by a candidate and the institution in which an appointment is held.\nAugust\nHarry Weaver Neuroscience Scholar Awards (http://www.nationalmssociety.org/For-Professionals/Researchers/Society-Funding/Training-Grants-and-Fellowships/Harry-Weaver-Neuroscience-Scholar-Awards)\nNIH - Addiction\nThe Genetics or Epigenetics of Substance Use Disorders Avenir Award program supports early stage investigators proposing highly innovative studies that open new areas of research for the genetics or epigenetics of addiction. These may be novel methods or approaches that can potentially be applied to the analysis of the genetics or epigenetics of addiction. Investigators outside the field of addiction interested in applying their novel approaches to the genetics or epigenetics of addiction are encouraged to apply. The award will support those in an early stage of their career who may lack the preliminary data required for an R01 grant, but who propose high impact research and who show promise of being tomorrow's leaders in the field of genetics or epigenetics of substance use disorders.\nOctober\nAvenir Award Program for Genetics or Epigenetics of Substance Use Disorders (DP1) (https://grants.nih.gov/grants/guide/pa-files/PAR-20-225.html)\nNIH - Aging\nThe National Institute on Aging is pursuing this initiative to recruit talented new investigators who have begun to establish research programs and through this award will be ready to assume leadership roles in their field of expertise and well poised to change theory, practice and health outcomes related to the health of older individuals. Unlike other mentored K awards candidates for this award must have received competitively awarded research support as a PD/PI at the faculty level and have had prior leadership responsibilities in the clinical or research domain.\nJanuary\nThe Paul B. Beeson Emerging Leaders Career Development Award in Aging (K76) (http://www.afar.org/research/funding/beeson/)\nNIH - Multiple fields in the Sciences\nThe NIH Director\u2019s New Innovator Award Program supports early stage investigators of exceptional creativity who propose highly innovative research projects with the potential to produce a major impact on broad, important areas relevant to the mission of NIH. Applications are sought which reflect the full diversity of the research workforce. Individuals from diverse backgrounds and from the full spectrum of eligible institutions in all geographic locations are strongly encouraged to apply. Applications in all topics relevant to the broad mission of NIH are welcome, including, but not limited to, topics in the behavioral, social, biomedical, applied, and formal sciences and topics that may involve basic, translational, or clinical research.\nAugust\nNIH Director's New Innovator Award Program (DP2) (https://commonfund.nih.gov/newinnovator)\nNIH - Multiple fields in the Sciences\n*Limited Submission*The NIH Director's Early Independence Award supports exceptional junior investigators who wish to pursue independent research soon after completion of their terminal doctoral degree or post-graduate clinical training, thereby forgoing the traditional post-doctoral training period and accelerating their entry into an independent research career. Applications are sought which reflect the full diversity of the research workforce. Individuals from diverse backgrounds and from the full spectrum of eligible institutions in all geographic locations are strongly encouraged to apply. In addition, applications in all topics relevant to the broad mission of NIH are welcome, including, but not limited to, topics in the behavioral, social, biomedical, applied, and formal sciences and topics that may involve basic, translational, or clinical research.\nAugust\nNIH Director's Early Independence Awards (DP5) (https://commonfund.nih.gov/earlyindependence)\nNIH - Biomedical / Life Sciences\nThe NIH Pathway to Independence Award provides an opportunity for promising postdoctoral scientists to receive both mentored and independent research support from the same award. The award provides up to 5 years of support consisting of two phases. The initial, or mentored phase (K99) provides 1-2 years of mentored support to promising postdoctoral research scientists. The K99 phase is followed by up to 3 years of independent support (R00) contingent on the scientist securing an independent research position. Award recipients are expected to compete successfully for independent NIH Research Project Grant support (e.g., R01 or R35 MIRA for early stage investigators) during the career transition award (R00) period. The Pathway to Independence Award is limited to postdoctoral trainees who propose research relevant to the mission of one or more of the participating NIH institutes and centers.\nStandard NIH Due Dates\nNIH Pathway to Independence Award (Parent K99/R00) (https://www.nigms.nih.gov/training/careerdev/Pages/PathwayIndependence.aspx)\nNIH\u00a0National Institute of General Medical Sciences (NIGMS) - General Medical Sciences\nNIGMS supports basic research that increases our understanding of biological processes and lays the foundation for advances in disease diagnosis, treatment, and prevention. The MIRA provides support for the research in an early stage investigator's laboratory that falls within the mission of NIGMS. The goal of MIRA is to increase the efficiency of NIGMS funding by providing investigators with greater stability and flexibility, thereby enhancing scientific productivity and the chances for important breakthroughs. The program will also help distribute funding more widely among the nation's highly talented and promising investigators. MIRA grants will generally be for 5 years, for both established investigators and early stage investigators.\nOctober\nMaximizing Investigators' Research Award (MIRA) for Early Stage Investigators (R35) (https://www.nigms.nih.gov/research/mechanisms/mira/pages/default.aspx)\nNSF - Basic Science\nThe Faculty Early Career Development (CAREER) Program is a Foundation-wide activity that offers the National Science Foundation's most prestigious awards in support of early-career faculty who have the potential to serve as academic role models in research and education and to lead advances in the mission of their department or organization. Activities pursued by early-career faculty should build a firm foundation for a lifetime of leadership in integrating education and research. NSF encourages submission of CAREER proposals from early-career faculty at all CAREER-eligible organizations and especially encourages women, members of underrepresented minority groups, and persons with disabilities to apply.\nJuly\nCAREER (https://www.nsf.gov/funding/pgm_summ.jsp?pims_id=503214)\nNSF - Computer Science and Engineering\nThe NSF Directorate for Computer and Information Science and Engineering (CISE) seeks to award grants intended to support research independence among early-career academicians who specifically lack access to adequate organizational or other resources. Funds obtained through this program will be used to support untenured faculty or research scientists (or equivalent) in their first three years in a primary academic position after the PhD, but not more than five years after completion of their PhD.\u00a0The CRII program is part of CISE's strategy to increase its investments in the development and growth of the research capabilities of future generations of computer and information scientists and engineers, including computational and data scientists and engineers. The CRII program seeks to provide essential resources to enable early-career PIs to launch their research careers. For the purposes of this program, CISE defines \u201cessential resources\u201d as those that (a) the PI does not otherwise have, including through organizational or other funding; and (b) are critical for the PI to conduct early-career research that will enable research independence.\nNovember 2020, then annually in September beginning in 2021\nComputer and Information Science and Engineering (CISE) Research Initiation Initiative (CRII) (https://www.nsf.gov/funding/pgm_summ.jsp?pims_id=504952)\nNSF - Basic Science\nThe annual award recognizes an outstanding young researcher in any field of science or engineering supported by the National Science Foundation. In addition to a medal, the awardee receives a grant of $1,000,000 over a five year period for scientific research or advanced study in the mathematical, physical, biological, engineering, social, or other sciences at the institution of the recipient's choice.\u00a0A candidate should have demonstrated exceptional individual achievement in scientific or engineering research of sufficient quality, originality, innovation, and significant impact on the field so as to situate them as a leader among peers.\nOctober\nAlan T. Waterman Award (https://www.nsf.gov/od/waterman/waterman.jsp)\nNSF - Plant Genome Research\nThe PGRP supports genome-scale research that addresses challenging questions of biological, societal and economic importance. PGRP encourages the development of innovative tools, technologies and resources that empower a broad plant research community to answer scientific questions on a genome-wide scale. Emphasis is placed on the scale and depth of the question being addressed and the creativity of the approach. \u00a0Data produced by plant genomics should be usable, accessible, integrated across scales and of high impact across biology. Training, broadening participation, and career development are essential to scientific progress and should be integrated in all PGRP-funded projects.\nRolling\nPlant Genome Research Program (PGRP) (https://www.nsf.gov/funding/pgm_summ.jsp?pims_id=5338)\nNew York Stem Cell Foundation (NYSCF) - Neuroscience\nNYSCF is soliciting applications from early career investigators for Innovator awards in neuroscience. The goal of this initiative is to foster truly bold, innovative scientists with the potential to transform the field of neuroscience. Applicants are encouraged in all areas of neuroscience, and NYSCF is committed to supporting the field as broadly as possible through these awards. Applicants need not be working in areas related to stem cells or related areas. Candidates must be\u00a0within 5 years of starting a faculty (professorship) or comparable position.\nFebruary\nNeuroscience Investigator Award (https://nyscf.org/programs/extramural-grants/applicants/neuroscience-investigator-awards/)\nNew York Stem Cell Foundation - Stem Cell\nNYSCF is soliciting applications from early career investigators for Innovator Awards to be used for exploring the basic biology and translational potential of stem cells. The goal of this initiative is to foster bold and innovative scientists with the potential to transform the field of stem cell research, and advance understanding and use of stem cells in the development of treatments for human disease. In addition to providing funding, NYSCF partners with investigators to advance and translate their research.\u00a0\u00a0Candidates must be within 5 years of starting a faculty (professorship) or comparable position.\nFebruary\nStem Cell Investigator Awards (https://nyscf.org/programs/extramural-grants/applicants/stem-cell-investigator-awards/)\nDavid & Lucille Packard Foundation - Science and Engineering\n*Limited Submission*The Program provides support for highly creative researchers early in their careers. Candidates must be faculty members in the first three years of their faculty careers. Packard Fellows are inquisitive, passionate scientists and engineers who take a creative approach to their research, dare to think big, and follow new ideas wherever they lead.\u00a0Candidates must be engaged in research in the natural sciences or engineering. Disciplines that will be considered include physics, chemistry, mathematics, biology, astronomy, computer science, earth science, ocean science, and all branches of engineering. Candidates engaged in research in the social sciences will not be considered.\nMarch\nPackard Fellowships for Science and Engineering (https://www.packard.org/what-we-fund/science/packard-fellowships-for-science-and-engineering/)\nPershing Square Sohn Cancer Research Alliance (PSSCRA) - Cancer\nThe Pershing Square Sohn Prize for Young Investigators in Cancer Research provides New York area-based early career scientists the freedom to take risks and pursue their boldest research at a stage when traditional funding is lacking. PSSCRA is dedicated to accelerating cures for cancer by advancing the pursuit of innovative cancer research and by facilitating collaborations between the science and business communities. PSSCRA seeks to guide philanthropic funds to feed critical scientific discoveries, attracting like-minded investors to the cause of fighting cancer and creating a pipeline for early-stage biomedical investments.\nOctober\nPrize for Young Investigators (http://psscra.org/prize/)\nThe Pew Charitable Trusts - Biomedical Sciences\n*Limited Submission*The Pew Biomedical Scholars Program supports young investigators of outstanding promise in basic and clinical sciences relevant to human health. Strong proposals will demonstrate particularly creative and innovative approaches. Candidates whose work is based on biomedical principles, but brings in concepts and theories from more diverse fields, are encouraged to apply. Ideas with the potential to produce an unusually high impact are encouraged. Selection of the successful candidates will be based on a detailed description of the work that the applicant proposes to undertake, evaluations of the candidate\u2019s performance, and notable past accomplishments, including honors, awards, and publications.\nMay\nBiomedical Scholars Program (http://www.pewtrusts.org/en/projects/pew-biomedical-scholars)\nPhRMA - Pharmaceuticals\nThe Research Start Grant aims to assist individuals beginning independent research careers in health outcomes at the faculty level.\u00a0Applicants attending U.S. schools of medicine, pharmacy, public health, nursing, and dentistry are eligible for this award.\u00a0Those holding academic rank of instructor or assistant professor, and investigators at the doctoral level with equivalent positions, are eligible to apply, provided the proposed research is neither directly nor indirectly subsidized to any significant degree by an extramural support mechanism.\nFebruary\nResearch Starter Grant in Health Outcomes Research (https://www.phrmafoundation.org/awards/)\nPulmonary Fibrosis Foundation - Pulmonary Fibrosis\nThe I.M. Rosenzweig Junior Investigator Award was established to encourage researchers to maintain and enhance their interest in PF research during the early stages of their academic career.\u00a0Researchers who have completed their formal training within the past five years are eligible for this award.\nNovember\nI.M. Rosenzweig Junior Investigator Awards (https://www.pulmonaryfibrosis.org/medical-community/pff-research-funds/i-m-rosenzweig-junior-investigator-aware)\nResearch Corporation for Science Advancement - Chemistry/Physics/Astronomy\nThe Cottrell Scholar (CS) program champions the very best early career teacher-scholars in chemistry, physics, and astronomy by providing significant discretionary awards for research.\u00a0As Scholars progress in their academic careers, the CS program supports them with a number of competitive Cottrell Plus awards. Post-tenure Cottrell Scholars may compete for the prestigious Cottrell FRED Award supporting early stage, potentially transformative research.\nJuly\nCottrell Scholars (http://www.rescorp.org/cottrell-scholars)\nScoliosis Research Foundation - Spinal Disease\nNew investigator research grants are meant to stimulate younger members into a career of investigation in spinal deformity.\u00a0Open to SRS Candidate Fellows or investigators who have not previously received an SRS Standard Grant, ORS, OREF, USA Federal grant (or OUS equivalent) and have completed 10 years or less of practice or at the committee\u2019s discretion.\u00a0Applicants do not need to be members of the SRS but do need to have at least one SRS member as a co-investigator.\u00a0Preliminary data is not required nor is it expected.\nMarch\nNew Investigator Grant (https://www.srs.org/professionals/research-and-journal/research-grants)\nSontag Foundation - Brain Cancer\nApplicants must hold a doctoral degree in a discipline which can be brought to bear on the intractable disease, brain cancer. At the time of application, applicants must hold their first independent full-time faculty appointment at the level of assistant professor, independent researcher or equivalent position at a tax-exempt 501(c)(3) academic, research or medical institution within the United States or an equivalent institution in Canada.\nMarch\nDistinguished Scientist Awards (http://www.sontagfoundation.org/all-grants/brain-cancer/)\nStanford Humanities Center - Humanities\nExternal fellowships are intended primarily for individuals currently teaching in or affiliated with an academic institution, but independent scholars may apply. Faculty fellowships are awarded across the spectrum of academic ranks (assistant, associate, and full professor) and a goal of the selection process is to create a diverse community of scholars.\u00a0Research projects must be in the humanities; creative arts projects are not eligible. The Center is open to projects employing information technology in humanities research.\nOctober\nFellowships (http://shc.stanford.edu/fellowships/non-stanford-faculty)\nSusan Komen Foundation - Breast Cancer\nCCR Grants provide unique opportunities for scientists who have held faculty positions for no more than eight years by the Application due date. CCR Grants provide support for hypothesis-driven research projects that have significant potential to advance our understanding of breast cancer, lead to reductions in breast cancer incidence and/or mortality, and move us toward the goal of a world without breast cancer.\nJuly\nCareer Catalyst Research Grants (CCR) (http://ww5.komen.org/ResearchGrants/FundingOpportunities.html)\nWhitehall Foundation - Basic Biological Research\nWilliam T. Grant Foundation -  Social, Behavioral and Health Sciences\n*Limited Submission*The William T. Grant Scholars Program supports career development for promising early-career researchers. The program funds five-year research and mentoring plans that significantly expand researchers\u2019 expertise in new disciplines, methods, and content areas. Applicants should have a track record of conducting high quality research and an interest in pursuing a significant shift in their trajectories as researchers. This award includes a mentoring component, as well as a supportive academic community. Proposed research plans must address questions that are relevant to policy and practice in the Foundation\u2019s focus areas.\nJuly\nWilliam T. Grant Scholar's Program (http://wtgrantfoundation.org/grants/william-t-grant-scholars-program)\nUSDA National Institute of Food and Agriculture (NIFA) - Agriculture\nBeginning in FY2021, NIFA will offer two types of New Investigator Grants: Standard Grants and Seed Grants. To qualify for the program, applicants must meet prescribed criteria as a New Investigator. An individual who is beginning their career, does not have an extensive scientific publication record, and has fewer than five years postgraduate career-track experience can apply for a New Investigator Grant for research, education and/or extension activities.\nNew Investigator Standard Grant: an AFRI Standard Grant in all respects except that the PD meets the eligibility criteria for New Investigators.\nNew Investigator Seed Grant: available under each program area priority within NIFA. Applications from New Investigators will be reviewed with other Seed Grant applications, with special consideration given to funding New Investigator Seed Grant applications. AFRI Seed Grants provide funds to help investigators collect preliminary data through either domestic or international collaborations or to complete other preliminary activities to prepare for applying for future AFRI grants. They are not intended to fund stand-alone projects, but rather projects that will lead to further research in one of the AFRI-funded priority areas.\nFind Your Next Funding Opportunity (/proposal/Find-Your-Next-Funding-Opportunity)\nUpstate New York Energy Storage Engine (/resources/upstate-new-york-energy-storage-engine)\nFunding Opportunity: Bezos Earth Fund Grand Challenge (/resources/funding-opportunity-bezos-earth-fund-grand-challenge)\nCornell Postdoc Parental Leave Support (PD PaLS) Program (/resources/postdoc-parental-leave-pd-pals)\nFoundation Funding (/resources/foundation-funding)\nLimited Submissions Funding Opportunities (/resources/limited-submissions-funding-opportunities)\nRecurring and Prestigious Funding Opportunities (/resources/recurring-and-prestigious-funding-opportunities)\nFaculty Recognition Prizes and Awards (/faculty-awards)\nInternal Funding for Faculty, Postdocs & Students (/resources/internal-funding-faculty-postdocs-students)\nGrants for Women and Underrepresented Communities (/resources/grants-women-and-underrepresented-communities)\nExternal Funding for Postdoctoral Fellows (/resources/postdoctoral-fellows-funding)\nQuick Reference\nRates (/rates)\nForms (/forms)\nPolicies (/policies)\nContacts (/contacts)\nTraining (/training)\nEvents (/events)\nNews & Announcements (/news)\n\u00a9 2019 Cornell University\nWeb Accessibility Help (mailto:rais-help@cornell.edu?subject=researchservices.cornell.edu%20site)"
}