{
    "URL location": "https://researchservices.cornell.edu/resources/who-can-help-finance-staff",
    "Last modification date": "2025-02-07T22:02Z",
    "Change frequency": "monthly",
    "Priority": "0.5",
    "Scraped Text": "Find guidance on funding and agency updates during the federal government transition(updated 3/19/2025) (/federal-transition)\nEssential ToolsFind My GCORASSExternalInstitutional Profile & DUNSIACUC applications (Cayuse Animal Management)Find Your Next Funding OpportunityIBC Applications (RASS-IBC)Research Development (ReD) ServicesIRB Applications (RASS-IRB)ExternalRates and budgetsReport external interests (RASS-COI)Join List ServsRASS Access Request FormAsk EHSExternalWeb Financials (WebFin2)ExternalCornell Data ServicesExternalPI DashboardExternalTravel RegistryExternalResearch Financials (formerly RA Dashboard)ExternalInternational research activitiesExternalRegister for Federal and Non-Federal SystemsDisclose Foreign Collaborations and SupportResearch metrics & executive dashboardsTraining (/about/essential-tools, /gco, http://guide.rass.cornell.edu/, /resources/institutional-profile-duns-and-uei-numbers, /resources/submit-new-iacuc-protocol, /proposal/Find-Your-Next-Funding-Opportunity, /resources/ibc-application-submission-review-and-approval, /research-development, https://rass.cornell.edu/irb, /proposal/budget, /compliance/conflict-of-interest, /resources/research-mailing-lists-list-servs, /resources/get-access-financial-sponsored-projects-data, https://tdx.cornell.edu/TDClient/42/Portal/Requests/TicketRequests/NewForm?ID=q5sab44D6GI_, http://webfin2.cornell.edu/, https://data.research.cornell.edu/, https://pidash.cornell.edu, https://travelregistry.cornell.edu/, http://radash.cornell.edu/, https://navigate.cornell.edu, /resources/register-federal-and-non-federal-systems, /proposal/disclose-foreign-collaborations-and-support, /resources/research-metrics, /training)\nFind My GCO (/gco)\nRASSExternal (http://guide.rass.cornell.edu/)\nInstitutional Profile & DUNS (/resources/institutional-profile-duns-and-uei-numbers)\nIACUC applications (Cayuse Animal Management) (/resources/submit-new-iacuc-protocol)\nFind Your Next Funding Opportunity (/proposal/Find-Your-Next-Funding-Opportunity)\nIBC Applications (RASS-IBC) (/resources/ibc-application-submission-review-and-approval)\nResearch Development (ReD) Services (/research-development)\nIRB Applications (RASS-IRB)External (https://rass.cornell.edu/irb)\nRates and budgets (/proposal/budget)\nReport external interests (RASS-COI) (/compliance/conflict-of-interest)\nJoin List Servs (/resources/research-mailing-lists-list-servs)\nRASS Access Request Form (/resources/get-access-financial-sponsored-projects-data)\nAsk EHSExternal (https://tdx.cornell.edu/TDClient/42/Portal/Requests/TicketRequests/NewForm?ID=q5sab44D6GI_)\nWeb Financials (WebFin2)External (http://webfin2.cornell.edu/)\nCornell Data ServicesExternal (https://data.research.cornell.edu/)\nPI DashboardExternal (https://pidash.cornell.edu)\nTravel RegistryExternal (https://travelregistry.cornell.edu/)\nResearch Financials (formerly RA Dashboard)External (http://radash.cornell.edu/)\nInternational research activitiesExternal (https://navigate.cornell.edu)\nRegister for Federal and Non-Federal Systems (/resources/register-federal-and-non-federal-systems)\nDisclose Foreign Collaborations and Support (/proposal/disclose-foreign-collaborations-and-support)\nResearch metrics & executive dashboards (/resources/research-metrics)\nTraining (/training)\nSearch (/search)\nWho Can Help: Finance Staff\nFind My GCO (Grant & Contract Officer) (/gco)\nCornell staff can help you navigate sponsored projects, including accountants with expertise with specific agencies, foundations, and organizations.\nJeffrey A. Silber, Senior Director,\u00a0(607) 255-2016Janet Strait, Associate Director,\u00a0(607) 255-1482Megan Benson,\u00a0Manager, Benefit Pools and Sponsored Financial Services Operations,\u00a0(607) 255-9748 (mailto:silber@cornell.edu, mailto:jis45@cornell.edu, mailto:msb74@cornell.edu)\nSupport for Tasks\nGeneral support:SFS Help (mailto:sfs-help@cornell.edu)\nContact the following for help with:\nAccount setup:Stacy Reiners, Sponsored Finance Assistant, (607) 254-3476 (mailto:smr347@cornell.edu)\nPre-Award Accounts:Michelle Bollock-Smith, Sponsored Finance Assistant, (607) 255-5086 (mailto:mb114@cornell.edu)\nFinancial transaction support(e-docs enroute, processing):Michelle Bollock-Smith, Sponsored Finance Assistant, (607) 255-5086 (mailto:mb114@cornell.edu)\nAccounts receivable/collections(tracking cash receipts, questions on payments received):Natalie Sawyer, Accounts Receivable Coordinator, (607) 255-7355 (mailto:ns16@cornell.edu)\nSalary certification and salary caps:Joyce (Hui) Wang,\u00a0Sponsored Financial Analyst,\u00a0(607) 254-3357 (mailto:hw582@cornell.edu)\nSub-award budgets:Rebecca Collins, Sponsored Finance Assistant, (607) 255-7837 (mailto:rlc56@cornell.edu)\nCapital assets(inventory, fabrication, reporting):Karen Pappalardo, Capital Asset Analyst, (607) 255-5657 (mailto:kp378@cornell.edu)\nFederal capacity funds(Department of Agriculture):Jessica Sherwood, Sponsored Finance Specialist, (607) 255-2683 (mailto:jks264@cornell.edu)\nFederal Agency (Including U.S. University Pass-Through Funding)\nThe listings below include the Assistance listing (CFDA) Prefix.The federal government provides assistance to the American public in the form of projects, services, and activities. It supports a broad range of assistance listings\u2014in various areas such as education, health care, research, infrastructure, economic development, and others\u2014through grants, loans, scholarships, insurance, and other types of financial assistance. Each assistance listing is associated with a unique five-digit Catalog of Federal Domestic Assistance (CFDA) number. For more information, visit theSystem for Award Management (SAM.gov)website. (https://sam.gov/content/assistance-listings)\nAgency for International Development (98)\nGrace Thornton, Sponsored Financial Analyst, (607) 255-6506 (mailto:sgt44@cornell.edu)\nCG Account Responsibility ID:\u00a09\nDepartment of Agriculture (10)\nJessica Sherwood, Sponsored Finance Specialist, 607-255-2683 (mailto:jks264@cornell.edu)\nCG Account Responsibility ID:\u00a05National Institute of Food and AgricultureFederal Capacity Grants (Sub-fund APFEDL)\nNational Institute of Food and Agriculture\nFederal Capacity Grants (Sub-fund APFEDL)\nDepartment of Commerce (11)\nGrace Thornton, Sponsored Financial Analyst, (607) 255-6506 (mailto:sgt44@cornell.edu)\nCG Account Responsibility ID: 9National Institute of Standards and TechnologyNational Oceanic and Atmospheric AdministrationUnited States Economic Development Administration\nNational Institute of Standards and Technology\nNational Oceanic and Atmospheric Administration\nUnited States Economic Development Administration\nDepartment of Defense (12)\nSarah Dykes, Sponsored Finance Specialist, (607) 255-4335 (mailto:sd2244@cornell.edu)\nCG Account Responsibility ID:\u00a012Aberdeen Proving GroundAir ForceArmyDefense Threat Reduction AgencyOffice of Naval Research\nAberdeen Proving Ground\nAir Force\nArmy\nDefense Threat Reduction Agency\nOffice of Naval Research\nDepartment of Education (84)\nHui (Joyce) Wang, Sponsored Finance Specialist, (607) 254-3357 (mailto:hw582@cornell.edu)\nCG Account Responsibility ID:\u00a011\nDepartment of Energy (81)\nTatiana Dombrovskyy, Sponsored Finance Specialist, (607) 255-9462 (mailto:tvm3@cornell.edu)\nCG Account Responsibility ID:\u00a01Ames LaboratoryArgonne National LaboratoryBrookhaven National LabFermi National Accelerator LaboratoryLawrence Berkeley National LaboratoryLawrence Livermore National LaboratoryLos Alamos National LaboratoryNational Renewable Energy LaboratoryPacific Northwest National LaboratorySandia National LaboratoriesSLAC National Accelerator Laboratory\nAmes Laboratory\nArgonne National Laboratory\nBrookhaven National Lab\nFermi National Accelerator Laboratory\nLawrence Berkeley National Laboratory\nLawrence Livermore National Laboratory\nLos Alamos National Laboratory\nNational Renewable Energy Laboratory\nPacific Northwest National Laboratory\nSandia National Laboratories\nSLAC National Accelerator Laboratory\nDepartment of Health and Human Services (DHHS-93)\nBrett Grant, Sponsored Finance Specialist, (607) 254-3382 (mailto:bg454@cornell.edu)\nCG Account Responsibility ID:\u00a04National Institutes of Health\nNational Institutes of Health\nDepartment of the Interior (15)\nTatiana Dombrovskyy, Sponsored Finance Specialist, (607) 255-9462 (mailto:tvm3@cornell.edu)\nCG Account Responsibility ID:\u00a01Bureau of Ocean Energy ManagementNational Park ServiceUnited States Fish and Wildlife ServiceUnited States Geological Survey\nBureau of Ocean Energy Management\nNational Park Service\nUnited States Fish and Wildlife Service\nUnited States Geological Survey\nNational Aeronautics and Space Administration (43)\nTatiana Dombrovskyy, Sponsored Finance Specialist, (607) 255-9462 (mailto:tvm3@cornell.edu)\nCG Account Responsibility ID:\u00a01\nNational Science Foundation (47)\nLianna Pawloski, Sponsored Finance Specialist, (607) 255-3911 (mailto:lkm64@cornell.edu)\nCG Account Responsibility ID:\u00a06National Radio Astronomy Observatory (NSF Facility)\nNational Radio Astronomy Observatory (NSF Facility)\nOther Federal Agencies (including agencies not listed)\nSarah Dykes, Sponsored Finance Specialist, (607) 255-4335 (mailto:sd2244@cornell.edu)\nCG Account Responsibility ID:\u00a012Appalachian Regional Commission (23)Consumer Product Safety Commission (87)Corporation for National and Community Service (94)Department of Homeland Security (97)Department of Justice (16)Department of Labor (17)Department of State (19)Department of Transportation (20)Department of Veterans Affairs (64)Environmental Protection Agency (66)General Services Administration (39)National Archives and Records Administration (89)National Endowment for the Arts / Humanities (45)Small Business Administration (59)Nuclear Regulatory Commission (77)\nAppalachian Regional Commission (23)\nConsumer Product Safety Commission (87)\nCorporation for National and Community Service (94)\nDepartment of Homeland Security (97)\nDepartment of Justice (16)\nDepartment of Labor (17)\nDepartment of State (19)\nDepartment of Transportation (20)\nDepartment of Veterans Affairs (64)\nEnvironmental Protection Agency (66)\nGeneral Services Administration (39)\nNational Archives and Records Administration (89)\nNational Endowment for the Arts / Humanities (45)\nSmall Business Administration (59)\nNuclear Regulatory Commission (77)\nState/Local Government Agency (Excluding University Pass-Through Funding)\nNew York State (all agencies, excluding those listed below)\nLyn Gauss, Sponsored Finance Specialist, (607) 255-7769 (mailto:lmm3@cornell.edu)\nCG Account Responsibility ID: 7Empire State Development (ESD) andNew York State AuthoritiesLianna Pawloski, Sponsored Finance Specialist, (607) 255-3911CG Account Responsibility ID:6ESD:Division of Science, Technology, and Innovation (NYSTAR)Urban Development Corporation (UDC)New York State Authorities (e.g.,\u00a0New York State Energy Research and Development Authority) (mailto:lkm64@cornell.edu)\nEmpire State Development (ESD) andNew York State AuthoritiesLianna Pawloski, Sponsored Finance Specialist, (607) 255-3911CG Account Responsibility ID:6ESD:Division of Science, Technology, and Innovation (NYSTAR)Urban Development Corporation (UDC)New York State Authorities (e.g.,\u00a0New York State Energy Research and Development Authority) (mailto:lkm64@cornell.edu)\nLianna Pawloski, Sponsored Finance Specialist, (607) 255-3911 (mailto:lkm64@cornell.edu)\nCG Account Responsibility ID:6ESD:Division of Science, Technology, and Innovation (NYSTAR)Urban Development Corporation (UDC)New York State Authorities (e.g.,\u00a0New York State Energy Research and Development Authority)\nESD:Division of Science, Technology, and Innovation (NYSTAR)Urban Development Corporation (UDC)\nDivision of Science, Technology, and Innovation (NYSTAR)\nUrban Development Corporation (UDC)\nNew York State Authorities (e.g.,\u00a0New York State Energy Research and Development Authority)\nNew York State Education DepartmentHui (Joyce) Wang, Sponsored Finance Specialist, (607) 254-3357CG Account Responsibility ID: 11 (mailto:hw582@cornell.edu)\nHui (Joyce) Wang, Sponsored Finance Specialist, (607) 254-3357 (mailto:hw582@cornell.edu)\nCG Account Responsibility ID: 11\nLocal Government Agencies (including state authorities)\nLyn Gauss, Sponsored Finance Specialist, (607) 255-7769 (mailto:lmm3@cornell.edu)\nCG Account Responsibility ID: 7Other State Local Agencies (e.g., Virginia Department of Wildlife Resources)\nOther State Local Agencies (e.g., Virginia Department of Wildlife Resources)\nOther State Agencies (e.g., State of Virginia)\nLyn Gauss, Sponsored Finance Specialist, (607) 255-7769 (mailto:lmm3@cornell.edu)\nCG Account Responsibility ID: 7\nOther Agencies\nCorporations (Industry)\nAngela Freeman, Sponsored Finance Analyst, (607) 255-6449 (mailto:amf355@cornell.edu)\nCG Account Responsibility ID: 2\nFederal Financial Aid Programs (sub-fund FEDFIN: Federal Work Study, PELL, etc.)\nHui (Joyce) Wang, Sponsored Finance Specialist, (607) 254-3357 (mailto:hw582@cornell.edu)\nCG Account Responsibility ID: N/A\nForeign Governments and Universities\nAngela Freeman, Sponsored Finance Analyst, (607) 255-6449 (mailto:amf355@cornell.edu)\nCG Account Responsibility ID: 2\nFoundation/Non-Profit Organizations\nLisa Marsh, Sponsored Finance Specialist, (607) 255-3250 (mailto:lmm266@cornell.edu)\nCG Account Responsibility ID: 8\nBill and Melinda Gates Foundation (including pass-through)Grace Thornton, Sponsored Financial Analyst, (607) 255-6506CG Account Responsibility ID: 9 (mailto:sgt44@cornell.edu)\nGrace Thornton, Sponsored Financial Analyst, (607) 255-6506 (mailto:sgt44@cornell.edu)\nCG Account Responsibility ID: 9\nNew York Foundation/Non-Profit OrganizationLyn Gauss, Sponsored Finance Specialist, (607) 255-7769CG Account Responsibility ID: 7New York Farm Viability Institute Inc. (mailto:lmm3@cornell.edu)\nLyn Gauss, Sponsored Finance Specialist, (607) 255-7769 (mailto:lmm3@cornell.edu)\nCG Account Responsibility ID: 7New York Farm Viability Institute Inc.\nNew York Farm Viability Institute Inc.\nU.S. Universities (if federally funded, refer to federal agency listing above)\nTatiana Dombrovskyy, Sponsored Finance Specialist, (607) 255-9462 (mailto:tvm3@cornell.edu)\nCG Account Responsibility ID: 1\nWeill Cornell Medicine (MOU: Memorandum of Understanding)\nAngela Freeman, Sponsored Finance Analyst, (607) 255-6449 (mailto:amf355@cornell.edu)\nCG Account Responsibility ID:2\nProject Finances (/manage/finances)\nSalary Cap Calculator (/rates/salary-cap-calculator)\nPI Dashboard (/resources/pi-dashboard)\nAccount Award Portfolio Dashboard (/resources/account-award-portfolio-dashboard)\nWebFin2 (/resources/webfin2)\nGet Access to Financial & Sponsored Projects Data (/resources/get-access-financial-sponsored-projects-data)\nBilling (Invoicing) Sponsors (/resources/billing-invoicing-sponsors)\nForeign Currency Awards (/resources/foreign-currency-awards)\nAccount Setup Details (/resources/account-setup-details)\nUniform Guidance for Federal Awards (/resources/uniform-guidance-federal-awards)\nPost-award Reference: Employee Benefits and Facility/Administrative Costs (/resources/post-award-reference-employee-benefits-and-facilityadministrative-costs)\nQuick Reference\nRates (/rates)\nForms (/forms)\nPolicies (/policies)\nContacts (/contacts)\nTraining (/training)\nEvents (/events)\nNews & Announcements (/news)\n\u00a9 2019 Cornell University\nWeb Accessibility Help (mailto:rais-help@cornell.edu?subject=researchservices.cornell.edu%20site)"
}