{
    "URL location": "https://researchservices.cornell.edu/news/federal-agencies-coronavirus-updates",
    "Last modification date": "2022-08-30T17:11Z",
    "Change frequency": "never",
    "Priority": "0.5",
    "Scraped Text": "Find guidance on funding and agency updates during the federal government transition(updated 3/19/2025) (/federal-transition)\nEssential ToolsFind My GCORASSExternalInstitutional Profile & DUNSIACUC applications (Cayuse Animal Management)Find Your Next Funding OpportunityIBC Applications (RASS-IBC)Research Development (ReD) ServicesIRB Applications (RASS-IRB)ExternalRates and budgetsReport external interests (RASS-COI)Join List ServsRASS Access Request FormAsk EHSExternalWeb Financials (WebFin2)ExternalCornell Data ServicesExternalPI DashboardExternalTravel RegistryExternalResearch Financials (formerly RA Dashboard)ExternalInternational research activitiesExternalRegister for Federal and Non-Federal SystemsDisclose Foreign Collaborations and SupportResearch metrics & executive dashboardsTraining (/about/essential-tools, /gco, http://guide.rass.cornell.edu/, /resources/institutional-profile-duns-and-uei-numbers, /resources/submit-new-iacuc-protocol, /proposal/Find-Your-Next-Funding-Opportunity, /resources/ibc-application-submission-review-and-approval, /research-development, https://rass.cornell.edu/irb, /proposal/budget, /compliance/conflict-of-interest, /resources/research-mailing-lists-list-servs, /resources/get-access-financial-sponsored-projects-data, https://tdx.cornell.edu/TDClient/42/Portal/Requests/TicketRequests/NewForm?ID=q5sab44D6GI_, http://webfin2.cornell.edu/, https://data.research.cornell.edu/, https://pidash.cornell.edu, https://travelregistry.cornell.edu/, http://radash.cornell.edu/, https://navigate.cornell.edu, /resources/register-federal-and-non-federal-systems, /proposal/disclose-foreign-collaborations-and-support, /resources/research-metrics, /training)\nFind My GCO (/gco)\nRASSExternal (http://guide.rass.cornell.edu/)\nInstitutional Profile & DUNS (/resources/institutional-profile-duns-and-uei-numbers)\nIACUC applications (Cayuse Animal Management) (/resources/submit-new-iacuc-protocol)\nFind Your Next Funding Opportunity (/proposal/Find-Your-Next-Funding-Opportunity)\nIBC Applications (RASS-IBC) (/resources/ibc-application-submission-review-and-approval)\nResearch Development (ReD) Services (/research-development)\nIRB Applications (RASS-IRB)External (https://rass.cornell.edu/irb)\nRates and budgets (/proposal/budget)\nReport external interests (RASS-COI) (/compliance/conflict-of-interest)\nJoin List Servs (/resources/research-mailing-lists-list-servs)\nRASS Access Request Form (/resources/get-access-financial-sponsored-projects-data)\nAsk EHSExternal (https://tdx.cornell.edu/TDClient/42/Portal/Requests/TicketRequests/NewForm?ID=q5sab44D6GI_)\nWeb Financials (WebFin2)External (http://webfin2.cornell.edu/)\nCornell Data ServicesExternal (https://data.research.cornell.edu/)\nPI DashboardExternal (https://pidash.cornell.edu)\nTravel RegistryExternal (https://travelregistry.cornell.edu/)\nResearch Financials (formerly RA Dashboard)External (http://radash.cornell.edu/)\nInternational research activitiesExternal (https://navigate.cornell.edu)\nRegister for Federal and Non-Federal Systems (/resources/register-federal-and-non-federal-systems)\nDisclose Foreign Collaborations and Support (/proposal/disclose-foreign-collaborations-and-support)\nResearch metrics & executive dashboards (/resources/research-metrics)\nTraining (/training)\nSearch (/search)\nFederal Agencies - Coronavirus Updates\nUpdates from federal agencies for researchers.\nNote: NEW or UPDATED = Added/Updated the week of 08/28/2022 - 09/03/2022\nCouncil on Governmental Relations (COGR)\nFAQ Addendum #1: NIH Specific FAQs6/12/2020 (/sites/default/files/2020-06/COGR%20june%2012%20nih%20FAQ%20update.pdf)\nFAQ Addendum #2: Costing and Financial Compliance FAQs V35/28/2020 (https://www.cogr.edu/sites/default/files/Costing_FAQs_May28_Release3.pdf)\nFederal Agency Guidance Matrix5/27/2020 (XLXS) (/sites/default/files/2020-06/COVID%20AGENCY%20MATRIX%205-27-20final_.xlsx)\nFAQ Addendum #4: Contract and Grants Administration FAQs V15/8/2020 (https://www.cogr.edu/sites/default/files/Cga_FAQs_May8FINAL.pdf)\nFAQ Addendum #3: Research Ethics and Compliance Human Subjects FAQs V15/4/2020 (https://www.cogr.edu/sites/default/files/FAQS%20ON%20HUMAN%20SUBJECTS%20for%20REC%20final%20may%204%202020.pdf)\nFAQs Regarding COVID-19s Impact to Federal Awards V2.24/8/2020 (https://www.cogr.edu/cogrs-faqs-and-resources-covid-19s-impact-federal-awards)\nDepartment of Commerce (DOC)\nNational Oceanic and Atmospheric Administration (NOAA) Guidance Regarding American Rescue Plan Disaster Relief Flexibilities to Reduce Burden for Financial Assistance5/20/2021 (https://www.noaa.gov/organization/acquisition-grants/news/health-and-safety-information-for-financial-assistance)\nNational Oceanic and Atmospheric Administration (NOAA) Health and Safety Information for Financial Assistance Applicants and Recipients during COVID-196/30/2020 (https://www.noaa.gov/organization/acquisition-grants/news/health-and-safety-information-for-financial-assistance)\nDepartment of Defense (DOD)\nCoronavirus: DOD Response (https://www.defense.gov/Explore/Spotlight/Coronavirus/)\nAir Force Office of Scientific Research (AFOSR) Guidance for Coronavirus Disease 2019 No Cost Extensions3/26/2020 (PDF) (/sites/default/files/2020-03/AFOSR%20Memo%20to%20Grantees%20COVID-19%20NCE%20%2026%20MAR%2020.pdf)\nUSAMRAA's COVID-19 FAQs3/25/2020 (PDF) (/sites/default/files/2020-03/USAMRAA%20COVID-19%20FAQ_Updated.pdf)\nFAQ for DOD Research Proposers and Awardees Impacted by the Novel Coronavirus (COVID-19)3/24/2020 (https://basicresearch.defense.gov/COVID-19/Frequently-Asked-Questions/)\nFAQ about COVID-19 for DARPA Performers3/19/2020 (https://www.darpa.mil/news-events/2020-03-19)\nCDMRP Pre-Application Extension3/19/2020 (PDF) (/sites/default/files/2020-03/CDMRP%20Pre-Application%20Extension.pdf)\nDepartment of Energy (DOE)\nMemorandum for Office of Science Applicants and Awardees10/1/2020 (DOC) (/sites/default/files/2020-10/MEMORANDUM%20FOR%20OFFICE%20OF%20SCIENCE%20APPLICANTS%20AND%20AWARDEES.docx)\nImplementation of OMB Memorandum M-20-174/14/2020 (PDF) (/sites/default/files/2020-04/COVID-19%20Attachment%202%20DOE-NNSA%20Implementation%20of%20OMB%20Memorandum%20M-20-17_2020-04-14.pdf)\nARPA-E Actions Owing to the COVID-19 Public Health Emergency4/6/2020 (PDF) (/sites/default/files/2020-04/COVID-19%20Important%20Notice%20ARPA-E.pdf)\nCOVID-19 Guidance for Financial Assistance Actions3/30/2020 (https://www.energy.gov/management/downloads/pf-2020-20-covid-19-guidance-financial-assistance-actions)\nFinancial Assistance Guidance to Contracting Officers (Including for Cooperative Agreements)3/30/2020 (PDF) (/sites/default/files/2020-04/COVID-19%20Attachment%201%20DOE-NNSA%20FA%20Guidance%20to%20COs.pdf)\nImplementation of OMB Memorandum M-20-173/30/2020 (PDF) (https://www.energy.gov/sites/prod/files/2020/03/f73/COVID-19%20Attachment%202%20DOE-NNSA%20Implementation%20of%20OMB%20Memorandum%20M-20-17.pdf)\nOffice of Energy Efficiency and Renewable Energy (EERE) COVID-19 Information3/26/2020 (PDF) (/sites/default/files/2020-03/DOE%20EERE%20COVID-19%20Information.pdf)\nAccommodating Interruptions from Coronavirus Disease 2019 (COVID-19)3/13/2020 (PDF) (/sites/default/files/2020-03/DOE%20SC%20Accommodating%20Interruptions%20to%20Applicants-Awardees%20due%20to%20COVID-19.pdf)\nDepartment of Health and Human Services (DHHS)\nNew Flexibilities Guidance OMB Memorandum M-21-203/19/2021 (https://www.cdc.gov/grants/public-health-emergencies/covid-19/flexibilities-available-applicants-recipients/index.html)\nCDC Flexibilities Available to Applicants and Recipients of Federal Financial Assistance Affected by COVID-197/8/2020 (https://www.cdc.gov/grants/public-health-emergencies/covid-19/flexibilities-available-applicants-recipients/index.html)\nCenters for Disease Control and Prevention (CDC) COVID-19 Information for CDC Applicants and Recipients of CDC Funding4/17/2020 (https://www.cdc.gov/grants/public-health-emergencies/covid-19/index.html)\nAgency for Healthcare Research and Quality (AHRQ) Flexibilities Available to AHRQ Recipients and Applicants Directly Impacted by the Novel Coronavirus (COVID-19) Due to Loss of Operations (NOT-HS-20-010)4/6/2020 (https://grants.nih.gov/grants/guide/notice-files/NOT-HS-20-010.html)\nAdministration for Children & Families (ACF) COVID-19 Update3/31/2020 (PDF) (/sites/default/files/2020-04/COVID-19%20Update%20from%20ACF.pdf)\nAdministration for Children & Families (ACF) Information Memorandum: IM-ACF-OA-2020-013/31/2020 (/sites/default/files/2020-04/ACF%20Info%20Memo%20IM-ACF-OA-2020-01.pdf)\nDepartment of Justice (DOJ)\nOJP: Guidance to Award Recipients Impacted by COVID-19: Short Term Relief for Various Administrative, Financial Management, and Audit Requirements3/21/2020 (/sites/default/files/2020-03/OJP_Guidance_on_Short_Term_Administrative_Relief_March_2020.pdf)\nEnvironmental Protection Agency (EPA)\nPollution Prevention (P2) and Source Reduction Assistance (SRA) Deadline Extensions3/23/2020 (PDF) (/sites/default/files/2020-03/EPA%20Proposal%20Deadline%20Extensions.pdf)\nNational Aeronautics and Space Administration (NASA)\nNEW:Update to COVID-19 Safety Protocols for Federal Contractors and Grant and Cooperative Agreement Recipients -- Regarding COVID-19 Guidance on Vaccination Testing, Attestation, and Quarantining08/24/2022 (PDF) (/sites/default/files/2022-08/NASA%20Memo%20-%20Update%20to%20Covid-19%20Safety%20Protocols%20-%20Aug%202022.pdf)\nCoronavirus Response Information (https://nasapeople.nasa.gov/coronavirus/)\nGrants and Research during the COVID-19 Epidemic (V 3.0)6/29/2020 (PDF) (/sites/default/files/2020-06/NASA%20COVID-19%20Award%20Flexibilities%20-%20FAQ.pdf)\nNASA Implementation of OMB Memorandum M-20-266/23/2020 (PDF) (/sites/default/files/2020-06/NASA%27s%20Implementation%20of%20M-20-26.pdf)\nNASA\u2019s Implementation of OMB Memorandum M-20-17& M-20-204/28/2020 (PDF) (https://searchpub.nssc.nasa.gov/servlet/sm.web.Fetch/NASA_s_Implementation_of_M-20-17_COVID-19.pdf?rhid=1000&did=6440077&type=released)\nScience Mission Directorate FAQ on Grants and Research during the COVID-19 Epidemic, Version 4.43/31/2020 (PDF) (/sites/default/files/2020-04/NASACOVIDFAQ033120.pdf)\nNASA Base Closures COVID-193/30/2020 (PDF) (/sites/default/files/2020-03/NASA%20Base%20Closures%2C%20COVID-19.pdf)\nNASA Global Contractor Community Memo3/24/2020 (PDF) (/sites/default/files/2020-03/NASA%20Global%20Contractor%20Community%20Memo%203-24-2020.pdf)\nNASA Administrator March 17 Statement on Agency Response to Coronavirus3/17/2020 (https://www.nasa.gov/press-release/nasa-administrator-march-17-statement-on-agency-response-to-coronavirus)\nNational Institutes of Health (NIH)\nNIH releases new website on COVID-19 Research1/11/21 (https://covid19.nih.gov/)\nNOT-OD-20-158:\u00a0Temporary Extension of Eligibility for the NIH K99/R00 Pathway to Independence Award During the COVID-19 Pandemic (http://grants.nih.gov/grants/guide/notice-files/NOT-OD-20-158.html)\nNOT-OD-20-163:\u00a0Extending the Special Exception to the NIH/AHRQ/NIOSH Post-Submission Material Policy During the COVID-19 Pandemic (https://grants.nih.gov/grants/guide/notice-files/NOT-OD-20-163.html)\nNIH-Wide Strategic Plan for COVID-19 Research7/16/2020 (https://www.nih.gov/research-training/medical-research-initiatives/nih-wide-strategic-plan-covid-19-research)\nNOT-OD-20-122: Guidance for Applicants Preparing Applications for the Fall 2020 Due Dates During the COVID-19 Pandemic7/8/2020 (https://grants.nih.gov/grants/guide/notice-files/NOT-OD-20-122.html)\nCoronavirus Disease 2019 (COVID-19): Information for NIH Applicants and Recipients (https://grants.nih.gov/grants/natural_disasters/corona-virus.htm)\nFAQ: COVID-19 Flexibilities for Applicants and Recipients7/2/2020 (https://grants.nih.gov/faqs#/covid-19.htm)\nNIH Implementation of OMB Memorandum M-20-26, \u201cExtension of Administrative Relief for Recipients and Applicants of Federal Financial Assistance Directly Impacted by the Novel Coronavirus (COVID-19) due to Loss of Operations\u201d6/25/2020 (https://grants.nih.gov/sites/default/files/NIHimplementation-ombmemo-20-26.docx)\nNIH Late Application Policy for Institutional Training Grants to PA-20-142 and PA-20-162 Due to Public Health Emergency for United States Coronavirus Disease 2019 (COVID-19)5/11/2020 (https://grants.nih.gov/grants/guide/notice-files/NOT-OD-20-105.html)\nCOVID-19 Publication Portfolio4/15/2020 (https://icite.od.nih.gov/covid19/search/)\nNOT-OD-20-091: UPDATE: NIH Late Application Policy Due to Public Health Emergency for United States for 2019 Novel Coronavirus (COVID-19)3/26/2020 (https://grants.nih.gov/grants/guide/notice-files/NOT-OD-20-091.html)\nNOT-OD-20-087: Guidance for NIH-funded Clinical Trials and Human Subjects Studies Affected by COVID-193/16/2020 (https://grants.nih.gov/grants/guide/notice-files/NOT-OD-20-087.html)\nNOT-OD-20-086: Flexibilities Available to Applicants and Recipients of Federal Financial Assistance Affected by COVID-193/12/2020 (http://grants.nih.gov/grants/guide/notice-files/NOT-OD-20-086.html)\nNOT-OD-20-083: General Frequently Asked Questions (FAQs) - Proposal Submission and Award Management Related to COVID-193/10/2020 (https://grants.nih.gov/grants/guide/notice-files/NOT-OD-20-083.html)\nNOT-OD-20-082: NIH Late Application Policy Due to Public Health Emergency for United States for 2019 Novel Coronavirus (COVID-19)3/9/2020 (https://grants.nih.gov/grants/guide/notice-files/NOT-OD-20-082.html?utm_source=dlvr.it&utm_medium=twitter)\nNational Science Foundation (NSF)\nNSF Implementation of OMB Memorandum M-21-20 03/19/2021(PDF) (https://www.nsf.gov/bfa/dias/policy/covid19/covid19_nsfomb2120implementation.pdf)\nCoronavirus Information (https://www.nsf.gov/news/special_reports/coronavirus/)\nFrequently Asked Questions (FAQs) Relating to NSF\u2019s Implementation of OMB Memorandum M-20-26 for NSF Proposers and Awardees7/20/2020 (https://www.nsf.gov/bfa/dias/policy/covid19/covid19faqs_m2026proposerandawardee.pdf)\nNSF Implementation of OMB Memorandum M-20-266/25/2020 (https://www.nsf.gov/bfa/dias/policy/covid19/covid19_nsfomb2026implementation.pdf)\nNSF Implementation of OMB Memorandum M-20-204/10/2020 (/sites/default/files/2020-04/covid19_nsfomb2020implementation.pdf)\nNSF Implementation of OMB Memorandum M-20-174/1/2020 (PDF) (/sites/default/files/2020-04/covid19_nsfombimplementation_4-1-2020.pdf)\nImportant Notice No. 146, NSF Letter to Community Regarding COVID-193/23/2020 (https://www.nsf.gov/pubs/issuances/in146.jsp)\nImpact on Existing Deadline Dates3/20/2020 (PDF) (/sites/default/files/2020-03/covid19_deadlines_NSF_PDF_v.2.pdf)\nFAQs COVID-19 for NSF Proposers and Awardees3/16/2020 (https://www.nsf.gov/pubs/2020/nsf20053/nsf20053.jsp?WT.mc_id=USNSF_80)\nNSF Guidance for Major Facilities and Contracts Regarding COVID-193/9/2020 (https://www.cogr.edu/nsf-guidance-major-facilities-and-contracts-regarding-covid-19)\nOffice of Management and Budget (OMB)\nM-20-26, Extension of Administrative Relief for Recipients and Applicants of Federal Financial Assistance Directly Impacted by the Novel Coronavirus (COVID-19) due to Loss of Operations6/18/2020 (https://www.whitehouse.gov/wp-content/uploads/2020/06/M-20-26.pdf)\nRepurposing Existing Federal Financial Assistance Programs and Awards to Support the Emergency Response to the Novel Coronavirus (COVID-19)4/9/2020 (/sites/default/files/2020-04/OMB-Memo-M-20-20.pdf)\nM-20-18: Managing Federal Contract Performance Issues Associated with the Novel Coronavirus3/20/2020 (PDF) (/sites/default/files/2020-03/OMB-Memo-M-20-18.pdf)\nRECINDED:M-20-17: Administrative Relief for Recipients and Applicants of Federal Financial Assistance Directly Impacted by the Novel Coronavirus (COVID-19) due to Loss of Operations3/19/2020 (PDF)SFS Response to Update to Federal Award Allowability of COVID-19 Salary Continuation (https://researchservices.cornell.edu/sites/default/files/2020-03/OMB-Memo-M-20-17.pdf, /sites/default/files/2020-09/SFS%20Response%20to%20Federal%20Award%20Allowability%20of%20COVID-19%20Salary%20Continuation_2020.07.30.pdf)\nSFS Response to Update to Federal Award Allowability of COVID-19 Salary Continuation (/sites/default/files/2020-09/SFS%20Response%20to%20Federal%20Award%20Allowability%20of%20COVID-19%20Salary%20Continuation_2020.07.30.pdf)\nM-20-11: Administrative Relief for Recipients and Applicants of Federal Financial Assistance Directly Impacted by the Novel Coronavirus (COVID-19)3/17/2020 (PDF) (/sites/default/files/2020-03/OMB-Memo-M-20-11.pdf)\nU.S. Agency for International Development (USAID)\nNovel Coronavirus (COVID-19) and Information from the Office of Acquisition and Assistance in the Bureau for Management of the U.S. Agency for International Development (https://www.usaid.gov/coronavirus)\nCOVID-19 Guidance to Implementing Partners3/12/2020 (PDF) (/sites/default/files/2020-03/COVID-19%20Guidance%20to%20Implementing%20Partners%203.12.2020.pdf)\nU.S. Department of Agriculture (USDA)\nNational Institute of Food and Agriculture (NIFA) Coronavirus Resources For Partners5/1/2020 (https://nifa.usda.gov/coronavirus)\nUSDA Agricultural Marketing Service (AMS) COVID-19 Guidance3/26/2020 (PDF) (/sites/default/files/2020-03/USDA-AMS%20COVID-19%20Guidance.pdf)\nNIFA Deadline Extensions due to COVID-193/18/2020 (https://nifa.usda.gov/announcement/nifa-deadline-extensions-due-covid-19)\nU.S. Department of Commerce (DOC)\nNIST COVID-19 Guidance3/25/2020 (PDF) (/sites/default/files/2020-03/NIST%20COVID-19%20Response.pdf)\nU.S. Department of Education (US/ED)\nUS/ED Institute of Education Sciences (IES) FAQ About the Coronavirus Disease4/8/2020 (PDF) (/sites/default/files/2020-04/Frequently_Asked_Questions_FAQs_About_the_Coronavirus_Disease_2019_COVID_19_for_IES_Grantees.pdf)\nU.S. Department of the Interior (USDI)\nOffice of Grants Management Policy Advisory Notes, DOIPGM-PAN 0053/20/2020 (PDF) (/sites/default/files/2020-04/DOI%20PGM%20PAN%20Reference%20No%200005%20DOI%20Policy%20COVID-19.pdf)\nFor questions regarding federal agency statements, contact yourGrant & Contract Officerin theOffice of Sponsored Programs (OSP). (/gco)\nFor questions regarding compliance issues, contact theOffice of Research Integrity and Assurance (ORIA)atoria-help@cornell.edu. (mailto:oria-help@cornell.edu?subject=Coronavirus Related Compliance Question)\nWe anticipate that reasonable, necessary, and allocable costs incurred due to coronavirus will be allowable on sponsored awards. ContactSponsored Financial Services (SFS)atsfs-help@cornell.eduif you have specific allowability questions. (mailto:sfs-help@cornell.edu?subject=Coronavirus Related Allowability Question)\nQuick Reference\nRates (/rates)\nForms (/forms)\nPolicies (/policies)\nContacts (/contacts)\nTraining (/training)\nEvents (/events)\nNews & Announcements (/news)\n\u00a9 2019 Cornell University\nWeb Accessibility Help (mailto:rais-help@cornell.edu?subject=researchservices.cornell.edu%20site)"
}