{
    "URL location": "https://researchservices.cornell.edu/resources/regulated-biological-materials-frequently-asked-questions",
    "Last modification date": "2024-07-09T14:36Z",
    "Change frequency": "yearly",
    "Priority": "0.5",
    "Scraped Text": "Find guidance on funding and agency updates during the federal government transition(updated 3/19/2025) (/federal-transition)\nEssential ToolsFind My GCORASSExternalInstitutional Profile & DUNSIACUC applications (Cayuse Animal Management)Find Your Next Funding OpportunityIBC Applications (RASS-IBC)Research Development (ReD) ServicesIRB Applications (RASS-IRB)ExternalRates and budgetsReport external interests (RASS-COI)Join List ServsRASS Access Request FormAsk EHSExternalWeb Financials (WebFin2)ExternalCornell Data ServicesExternalPI DashboardExternalTravel RegistryExternalResearch Financials (formerly RA Dashboard)ExternalInternational research activitiesExternalRegister for Federal and Non-Federal SystemsDisclose Foreign Collaborations and SupportResearch metrics & executive dashboardsTraining (/about/essential-tools, /gco, http://guide.rass.cornell.edu/, /resources/institutional-profile-duns-and-uei-numbers, /resources/submit-new-iacuc-protocol, /proposal/Find-Your-Next-Funding-Opportunity, /resources/ibc-application-submission-review-and-approval, /research-development, https://rass.cornell.edu/irb, /proposal/budget, /compliance/conflict-of-interest, /resources/research-mailing-lists-list-servs, /resources/get-access-financial-sponsored-projects-data, https://tdx.cornell.edu/TDClient/42/Portal/Requests/TicketRequests/NewForm?ID=q5sab44D6GI_, http://webfin2.cornell.edu/, https://data.research.cornell.edu/, https://pidash.cornell.edu, https://travelregistry.cornell.edu/, http://radash.cornell.edu/, https://navigate.cornell.edu, /resources/register-federal-and-non-federal-systems, /proposal/disclose-foreign-collaborations-and-support, /resources/research-metrics, /training)\nFind My GCO (/gco)\nRASSExternal (http://guide.rass.cornell.edu/)\nInstitutional Profile & DUNS (/resources/institutional-profile-duns-and-uei-numbers)\nIACUC applications (Cayuse Animal Management) (/resources/submit-new-iacuc-protocol)\nFind Your Next Funding Opportunity (/proposal/Find-Your-Next-Funding-Opportunity)\nIBC Applications (RASS-IBC) (/resources/ibc-application-submission-review-and-approval)\nResearch Development (ReD) Services (/research-development)\nIRB Applications (RASS-IRB)External (https://rass.cornell.edu/irb)\nRates and budgets (/proposal/budget)\nReport external interests (RASS-COI) (/compliance/conflict-of-interest)\nJoin List Servs (/resources/research-mailing-lists-list-servs)\nRASS Access Request Form (/resources/get-access-financial-sponsored-projects-data)\nAsk EHSExternal (https://tdx.cornell.edu/TDClient/42/Portal/Requests/TicketRequests/NewForm?ID=q5sab44D6GI_)\nWeb Financials (WebFin2)External (http://webfin2.cornell.edu/)\nCornell Data ServicesExternal (https://data.research.cornell.edu/)\nPI DashboardExternal (https://pidash.cornell.edu)\nTravel RegistryExternal (https://travelregistry.cornell.edu/)\nResearch Financials (formerly RA Dashboard)External (http://radash.cornell.edu/)\nInternational research activitiesExternal (https://navigate.cornell.edu)\nRegister for Federal and Non-Federal Systems (/resources/register-federal-and-non-federal-systems)\nDisclose Foreign Collaborations and Support (/proposal/disclose-foreign-collaborations-and-support)\nResearch metrics & executive dashboards (/resources/research-metrics)\nTraining (/training)\nSearch (/search)\nRegulated Biological Materials Frequently Asked Questions\nFrequently asked questions about the IBC, r/sNA, biohazards, ESCRO, human embryonic stem cells, Dual Use Research of concern and other materials involved in research.\nThis page consists of a series of Frequently asked questions about materials used in research that require additional reviews for safety and compliance with Federal regulations.\nIBC Process and Function\nWhen do I need to submit applications by?\n\u200b\u200b\u200b\u200b\u200b\u200b\u200bNew applications must be submitted by the second Tuesday of the month prior to the month of desired approval to accommodate review and meeting schedules (Ex. For anticipated March approve, the application would need to be submitted by the second Tuesday of February). Amendments are reviewed and approved on a rolling basis. Please check thesubmission schedulefor specific dates. (/resources/institutional-biosafety-committee-ibc)\nWhy hasn\u2019t my application been approved yet?\n\u200b\u200b\u200b\u200b\u200b\u200bThere could be multiple reasons which include but are not limited to: the application needs to be reviewed at the monthly IBC meeting, your application is still being reviewed by the committee, the committee is waiting on clarification from you. To get a status update please reach out tocu_ibc@cornell.edufor the most up to date information on the status of your application. (mailto:cu_ibc@cornell.edu)\nWhen does the IBC committee meet?\nThe IBC meets on a monthly basis.Check the meeting schedulefor important dates. (/resources/institutional-biosafety-committee-ibc)\nWho can I talk to about my research and what regulations apply?\n\u200b\u200b\u200b\u200bThe IBC staff are happy to talk with you about your research and figure out what regulations apply and help with the next steps. Reach out tocu_ibc@cornell.eduto set up a meeting with the IBC staff. (mailto:cu_ibc@cornell.edu)\nWhy is the IBC requesting revisions to my applications?\n\u200b\u200b\u200b\u200b\u200bThe IBC is charged with reviewing and approving research activities for safety and compliance with Federal and State regulations. The IBC is comprised of a group of professionals and faculty who have expertise in practices and procedures that promote safety. The committee is requesting clarification or a modified practice as these increase the safety of research personnel, the environment, or align with regulatory requirements. If you have questions about requested revisions or need clarification in what a requested revision is asking, please reach out tocu_ibc@cornell.edu (mailto:cu_ibc@cornell.edu)\nNIH Guidelines for r/sNA\nWhat are the NIH guidelines for r/sNA?\nTheNIH Guidelines for r/sNAare Federal requirements established by the National Institute of Health. They require institutions conducting or sponsoring research using recombinant or synthetic nucleic acid molecules (r/sNA) adhere to practices that promote the safety of individuals working with these materials and prevent the spread of these materials to the environment. This document also requires that institutions form an Institutional Biosafety Committee (IBC) and charge that committee with the oversight responsibilities for research that falls within the guidelines. (https://osp.od.nih.gov/wp-content/uploads/NIH_Guidelines.htm)\nThey are guidelines, do I really have to follow them?\n\u200b\u200b\u200b\u200b\u200b\u200bYes, though the term used is guidelines, they are required as a term and condition of receiving NIH funding. Violations of the NIH guidelines or lack of adherence to them can result in an institutions loss of all NIH funding and any future opportunities for it.\nFAQ to the NIH Office of Science Policy about r/sNA work\nThe NIH Office of Science Policy is charged with overseeing and answering questions regarding the NIH guidelines for r/sNA. Their website contains a series of importantFrequently Asked Questions. (https://osp.od.nih.gov/policies/biosafety-and-biosecurity-policy#tab2/)\nHuman Embryonic Stem Cells (hESC) in Research\nWhat research would qualify as human embryonic stem cell?\n\u200b\u200b\u200b\u200b\u200bResearch involving pluripotent stem cells derived from early stage human embryos, up to and including the blastocyst stage that are capable of dividing without differentiating for prolonged periods of time in culture and are known to develop into cells and tissues of the three primary germ layers.\nHow does Cornell handle research with hESC?\n\u200b\u200b\u200b\u200b\u200b\u200bCornell has established an Embryonic Stem Cell Research Oversight (ESCRO) committee to oversee the review and adherence to of research activities involving human embryonic stem cells.\nHow does the ESCRO process work?\nThe ESCRO process consists of a separate application that collects information about the research activities involving hESC. The research activities are reviewed by a committee of individuals with expertise in regulation and the science of hESCs. This committee will determine if the proposed research is allowed within the regulations and will propose any modifications needed to adhere to these requirements. For more information please refer to ourESCRO website. (/resources/human-embryonic-stem-cell-research-oversight-committee-escro)\nIf I have questions who can I talk to?\n\u200b\u200b\u200b\u200b\u200bPlease reach out to the IBC administrator atcu_ibc@cornell.edufor questions about hESCs or ESCRO. (mailto:cu_ibc@cornell.edu)\nAre all Stem cells human embryonic stem cells?\nNo, there are multiple cell lines that are considered stem cells that do not fall within hESC regulations. Human Induced Pluripotent Stem Cells (iPSCs) and all other animal stem cells do not qualify as hESCs.\nNo, there are multiple cell lines that are considered stem cells that do not fall within hESC regulations. Human Induced Pluripotent Stem Cells (iPSCs) and all other animal stem cells do not qualify as hESCs.\nDual Use Research of Concern (DURC)\nWhat is Dual Use Research of Concern?\n\u200b\u200b\u200b\u200b\u200b\u200bDual Use Research of Concern (DURC)is life sciences research that, based on current understanding, can be reasonably anticipated to provide knowledge, information, products, or technologies that could be directly misapplied to pose a significant threat with broad potential consequences to public health and safety, agricultural crops and other plants, animals, the environment, materiel, or national security. The United States Government\u2019s oversight of DURC is aimed at preserving the benefits of life sciences research while minimizing the risk of misuse of the knowledge, information, products, or technologies provided by such research. (https://osp.od.nih.gov/policies/biosafety-and-biosecurity-policy#tab0/)\nHow does Cornell handle research that is classified as DURC?\nCornell handles potential DURC research through a combination of review by our IBC and our Institutional Review Entity (IRE). Our IBC will identify research with infectious agents that may fall with DURC and then refer these projects to our IRE for further review and compliance the USO DURC policy. For further information about our procedure please go to ourCornell DURC website. (/resources/dual-use-research-concern-durc)\nWhat do I need to do if I think my research could be considered DURC?\n\u200b\u200b\u200b\u200b\u200bIf you believe your research constitutes DURC or a funding agency has identified your work as DURC, please contactcu_ibc@cornell.edu. The IBC administrator will get you started on working through the DURC process. (mailto:cu_ibc@cornell.edu)\nWhere do I go if I have questions?\n\u200b\u200b\u200b\u200b\u200b\u200bThe best place to start is with an IBC administrator atcu_ibc@cornell.edu (mailto:cu_ibc@cornell.edu)\nRegulated Biological Materials in Research (/compliance/rsna-or-biohazardous-research)\nMUA Submission Deadline and IBC Meeting Dates (/resources/mua-submission-deadline-and-ibc-meeting-dates)\nApril IBC Meeting (/events/april-ibc-meeting)\nIBC Application Submission, Review and Approval (/resources/ibc-application-submission-review-and-approval)\nGet Started with Recombinant or Synthetic Nucleic Acid Molecules (r/sNA) or Other Biohazardous Agents (/resources/get-started-with-rsna-biohazardous-agents)\nDual Use Research of Concern (DURC) (/resources/dual-use-research-concern-durc)\nHuman Embryonic Stem Cell Research Oversight Committee (ESCRO) (/resources/human-embryonic-stem-cell-research-oversight-committee-escro)\nReport an Incident or Exposure to Recombinant or Biohazardous Materials (/resources/report-incident-or-exposure-recombinant-or-biohazardous-materials)\nWork with Bloodborne Pathogens and Training Requirements (/training/bloodborne-pathogens)\nInstitutional Biosafety Committee (IBC) (/resources/institutional-biosafety-committee-ibc)\nInstitutional Biosafety Committee (IBC) Office (/offices/ibc)\nQuick Reference\nRates (/rates)\nForms (/forms)\nPolicies (/policies)\nContacts (/contacts)\nTraining (/training)\nEvents (/events)\nNews & Announcements (/news)\n\u00a9 2019 Cornell University\nWeb Accessibility Help (mailto:rais-help@cornell.edu?subject=researchservices.cornell.edu%20site)"
}