{
    "URL location": "https://researchservices.cornell.edu/resources/standard-individualunilateral-non-disclosure-agreement-nda",
    "Last modification date": "2021-09-30T16:09Z",
    "Change frequency": "never",
    "Priority": "0.5",
    "Scraped Text": "Find guidance on funding and agency updates during the federal government transition(updated 3/19/2025) (/federal-transition)\nEssential ToolsFind My GCORASSExternalInstitutional Profile & DUNSIACUC applications (Cayuse Animal Management)Find Your Next Funding OpportunityIBC Applications (RASS-IBC)Research Development (ReD) ServicesIRB Applications (RASS-IRB)ExternalRates and budgetsReport external interests (RASS-COI)Join List ServsRASS Access Request FormAsk EHSExternalWeb Financials (WebFin2)ExternalCornell Data ServicesExternalPI DashboardExternalTravel RegistryExternalResearch Financials (formerly RA Dashboard)ExternalInternational research activitiesExternalRegister for Federal and Non-Federal SystemsDisclose Foreign Collaborations and SupportResearch metrics & executive dashboardsTraining (/about/essential-tools, /gco, http://guide.rass.cornell.edu/, /resources/institutional-profile-duns-and-uei-numbers, /resources/submit-new-iacuc-protocol, /proposal/Find-Your-Next-Funding-Opportunity, /resources/ibc-application-submission-review-and-approval, /research-development, https://rass.cornell.edu/irb, /proposal/budget, /compliance/conflict-of-interest, /resources/research-mailing-lists-list-servs, /resources/get-access-financial-sponsored-projects-data, https://tdx.cornell.edu/TDClient/42/Portal/Requests/TicketRequests/NewForm?ID=q5sab44D6GI_, http://webfin2.cornell.edu/, https://data.research.cornell.edu/, https://pidash.cornell.edu, https://travelregistry.cornell.edu/, http://radash.cornell.edu/, https://navigate.cornell.edu, /resources/register-federal-and-non-federal-systems, /proposal/disclose-foreign-collaborations-and-support, /resources/research-metrics, /training)\nFind My GCO (/gco)\nRASSExternal (http://guide.rass.cornell.edu/)\nInstitutional Profile & DUNS (/resources/institutional-profile-duns-and-uei-numbers)\nIACUC applications (Cayuse Animal Management) (/resources/submit-new-iacuc-protocol)\nFind Your Next Funding Opportunity (/proposal/Find-Your-Next-Funding-Opportunity)\nIBC Applications (RASS-IBC) (/resources/ibc-application-submission-review-and-approval)\nResearch Development (ReD) Services (/research-development)\nIRB Applications (RASS-IRB)External (https://rass.cornell.edu/irb)\nRates and budgets (/proposal/budget)\nReport external interests (RASS-COI) (/compliance/conflict-of-interest)\nJoin List Servs (/resources/research-mailing-lists-list-servs)\nRASS Access Request Form (/resources/get-access-financial-sponsored-projects-data)\nAsk EHSExternal (https://tdx.cornell.edu/TDClient/42/Portal/Requests/TicketRequests/NewForm?ID=q5sab44D6GI_)\nWeb Financials (WebFin2)External (http://webfin2.cornell.edu/)\nCornell Data ServicesExternal (https://data.research.cornell.edu/)\nPI DashboardExternal (https://pidash.cornell.edu)\nTravel RegistryExternal (https://travelregistry.cornell.edu/)\nResearch Financials (formerly RA Dashboard)External (http://radash.cornell.edu/)\nInternational research activitiesExternal (https://navigate.cornell.edu)\nRegister for Federal and Non-Federal Systems (/resources/register-federal-and-non-federal-systems)\nDisclose Foreign Collaborations and Support (/proposal/disclose-foreign-collaborations-and-support)\nResearch metrics & executive dashboards (/resources/research-metrics)\nTraining (/training)\nSearch (/search)\nStandard Individual/Unilateral Non-Disclosure Agreement (NDA)\nCornell\u2019s Individual Standard Non-Disclosure Agreement (NDA) is a mechanism by which a Cornell employee may enter into a contract with another entity in order to protect confidential or proprietary information being provided by the other entity.\nThe agreement is designed to facilitate meeting and conference attendance, as well as other discussions that may need to occur under a simple blanket of protection.\nThe agreement has been approved by the Office of Sponsored Programs (OSP), and may be used by any Cornell employee if the conditions listed below are met. If it is determined that use of the NDA is appropriate, then the individual Cornell employee may enter into the agreement on their own behalf, without any review or approval by OSP.\nConditions for Use of the Individual NDA:\nNo changes are made to the NDA.\nOnly Cornell employees may sign.\nThe NDA is being signed to cover only activities related to the scope of the individual\u2019s Cornell employment.\nThe NDA is being signed only in the individual\u2019s own capacity.\nCornell will not be receiving controlled (e.g. export or HIPAA) information under the agreement.\nNo other agreements are signed along with the NDA.\nThe Cornell employee will not be sharing any proprietary information \u2013 including patentable technology. If sharing of patentable technology is desired, please contact Cornell\u2019sCenter for Technology Licensing. (/offices/ctl)\nIf the conditions above are not met, the NDA must be reviewed and signed by OSP in accordance withstandard procedure. (/manage/get-confidential-information-data-equipment-or-materials)\nGet Confidential Information, Data, Equipment or Materials (/manage/get-confidential-information-data-equipment-or-materials)\nExchange Confidential Information (/resources/exchange-confidential-information)\nExchange Commercially Unavailable Materials (/resources/exchange-commercially-unavailable-materials)\nExchange Commercially Unavailable/Restricted Data (/resources/exchange-commercially-unavailablerestricted-data)\nQuick Reference\nRates (/rates)\nForms (/forms)\nPolicies (/policies)\nContacts (/contacts)\nTraining (/training)\nEvents (/events)\nNews & Announcements (/news)\n\u00a9 2019 Cornell University\nWeb Accessibility Help (mailto:rais-help@cornell.edu?subject=researchservices.cornell.edu%20site)"
}