{
    "URL location": "https://researchservices.cornell.edu/news/nih-cdc-ahrq-orcid-requirements-effective-october-1-2019",
    "Last modification date": "2019-09-11T21:05Z",
    "Change frequency": "never",
    "Priority": "0.5",
    "Scraped Text": "Find guidance on funding and agency updates during the federal government transition(updated 3/19/2025) (/federal-transition)\nEssential ToolsFind My GCORASSExternalInstitutional Profile & DUNSIACUC applications (Cayuse Animal Management)Find Your Next Funding OpportunityIBC Applications (RASS-IBC)Research Development (ReD) ServicesIRB Applications (RASS-IRB)ExternalRates and budgetsReport external interests (RASS-COI)Join List ServsRASS Access Request FormAsk EHSExternalWeb Financials (WebFin2)ExternalCornell Data ServicesExternalPI DashboardExternalTravel RegistryExternalResearch Financials (formerly RA Dashboard)ExternalInternational research activitiesExternalRegister for Federal and Non-Federal SystemsDisclose Foreign Collaborations and SupportResearch metrics & executive dashboardsTraining (/about/essential-tools, /gco, http://guide.rass.cornell.edu/, /resources/institutional-profile-duns-and-uei-numbers, /resources/submit-new-iacuc-protocol, /proposal/Find-Your-Next-Funding-Opportunity, /resources/ibc-application-submission-review-and-approval, /research-development, https://rass.cornell.edu/irb, /proposal/budget, /compliance/conflict-of-interest, /resources/research-mailing-lists-list-servs, /resources/get-access-financial-sponsored-projects-data, https://tdx.cornell.edu/TDClient/42/Portal/Requests/TicketRequests/NewForm?ID=q5sab44D6GI_, http://webfin2.cornell.edu/, https://data.research.cornell.edu/, https://pidash.cornell.edu, https://travelregistry.cornell.edu/, http://radash.cornell.edu/, https://navigate.cornell.edu, /resources/register-federal-and-non-federal-systems, /proposal/disclose-foreign-collaborations-and-support, /resources/research-metrics, /training)\nFind My GCO (/gco)\nRASSExternal (http://guide.rass.cornell.edu/)\nInstitutional Profile & DUNS (/resources/institutional-profile-duns-and-uei-numbers)\nIACUC applications (Cayuse Animal Management) (/resources/submit-new-iacuc-protocol)\nFind Your Next Funding Opportunity (/proposal/Find-Your-Next-Funding-Opportunity)\nIBC Applications (RASS-IBC) (/resources/ibc-application-submission-review-and-approval)\nResearch Development (ReD) Services (/research-development)\nIRB Applications (RASS-IRB)External (https://rass.cornell.edu/irb)\nRates and budgets (/proposal/budget)\nReport external interests (RASS-COI) (/compliance/conflict-of-interest)\nJoin List Servs (/resources/research-mailing-lists-list-servs)\nRASS Access Request Form (/resources/get-access-financial-sponsored-projects-data)\nAsk EHSExternal (https://tdx.cornell.edu/TDClient/42/Portal/Requests/TicketRequests/NewForm?ID=q5sab44D6GI_)\nWeb Financials (WebFin2)External (http://webfin2.cornell.edu/)\nCornell Data ServicesExternal (https://data.research.cornell.edu/)\nPI DashboardExternal (https://pidash.cornell.edu)\nTravel RegistryExternal (https://travelregistry.cornell.edu/)\nResearch Financials (formerly RA Dashboard)External (http://radash.cornell.edu/)\nInternational research activitiesExternal (https://navigate.cornell.edu)\nRegister for Federal and Non-Federal Systems (/resources/register-federal-and-non-federal-systems)\nDisclose Foreign Collaborations and Support (/proposal/disclose-foreign-collaborations-and-support)\nResearch metrics & executive dashboards (/resources/research-metrics)\nTraining (/training)\nSearch (/search)\nNIH, CDC, AHRQ -  ORCID Requirements Effective October 1, 2019\nStarting October 1, 2019,ORCID(Open Researcher and Contributor Identification) identifiers will be required by the National Institutes of Health (NIH), the Center for Disease Control (CDC) and the Agency for Healthcare Research and Quality (AHRQ). (https://orcid.org/)\nORCID Requirements\nStarting October 1, 2019,ORCID(Open Researcher and Contributor Identification) identifiers will be required by the National Institutes of Health (NIH), the Center for Disease Control (CDC) and the Agency for Healthcare Research and Quality (AHRQ) for the following: (https://orcid.org/)\nIndividuals supported by institutional research training, career development, and other research education awards.\nPD/PIs on individual fellowship and career development applications submitted for due dates on or after January 25, 2020.\nPlease note that eRA system validations will check whether applicants have ORCID iDs and applications will not be accepted unless an ORCID iD is linked to the PD/PI's eRA Commons Personal Profile.\u00a0Additionally, xTrain appointments will not be accepted for agency review if potential appointees do not have an ORCID iD linked to their eRA personal profile.\nTo assist the Cornell research community with understanding and obtaining ORCID identifiers, OSP will be hosting our colleagues from the Cornell University Library at the OSP Roundtable on Thursday, September 19that 9:30am. Further information regarding this event will be forthcoming.\nAdditional information on how to obtain an ORCID can be found at the Cornell University Library\u2019s ORCID@Cornell website (https://guides.library.cornell.edu/orcid) and in NIH Policy Notice NOT-OD-19-109 (https://grants.nih.gov/grants/guide/notice-files/NOT-OD-19-109.html). (https://guides.library.cornell.edu/orcid, https://grants.nih.gov/grants/guide/notice-files/NOT-OD-19-109.html)\nPlease direct any questions regarding ORCID identifiers toorcid-help@cornell.edu, yourGrant and Contract Officer, orosp-help@cornell.edu. (mailto:orcid-help@cornell.edu, https://researchservices.cornell.edu/resources/who-my-gco-grant-contract-officer, mailto:osp-help@cornell.edu)\nQuick Reference\nRates (/rates)\nForms (/forms)\nPolicies (/policies)\nContacts (/contacts)\nTraining (/training)\nEvents (/events)\nNews & Announcements (/news)\n\u00a9 2019 Cornell University\nWeb Accessibility Help (mailto:rais-help@cornell.edu?subject=researchservices.cornell.edu%20site)"
}