{
    "URL location": "https://researchservices.cornell.edu/resources/research-mailing-lists-list-servs",
    "Last modification date": "2024-04-26T20:44Z",
    "Change frequency": "yearly",
    "Priority": "0.5",
    "Scraped Text": "Find guidance on funding and agency updates during the federal government transition(updated 3/19/2025) (/federal-transition)\nEssential ToolsFind My GCORASSExternalInstitutional Profile & DUNSIACUC applications (Cayuse Animal Management)Find Your Next Funding OpportunityIBC Applications (RASS-IBC)Research Development (ReD) ServicesIRB Applications (RASS-IRB)ExternalRates and budgetsReport external interests (RASS-COI)Join List ServsRASS Access Request FormAsk EHSExternalWeb Financials (WebFin2)ExternalCornell Data ServicesExternalPI DashboardExternalTravel RegistryExternalResearch Financials (formerly RA Dashboard)ExternalInternational research activitiesExternalRegister for Federal and Non-Federal SystemsDisclose Foreign Collaborations and SupportResearch metrics & executive dashboardsTraining (/about/essential-tools, /gco, http://guide.rass.cornell.edu/, /resources/institutional-profile-duns-and-uei-numbers, /resources/submit-new-iacuc-protocol, /proposal/Find-Your-Next-Funding-Opportunity, /resources/ibc-application-submission-review-and-approval, /research-development, https://rass.cornell.edu/irb, /proposal/budget, /compliance/conflict-of-interest, /resources/research-mailing-lists-list-servs, /resources/get-access-financial-sponsored-projects-data, https://tdx.cornell.edu/TDClient/42/Portal/Requests/TicketRequests/NewForm?ID=q5sab44D6GI_, http://webfin2.cornell.edu/, https://data.research.cornell.edu/, https://pidash.cornell.edu, https://travelregistry.cornell.edu/, http://radash.cornell.edu/, https://navigate.cornell.edu, /resources/register-federal-and-non-federal-systems, /proposal/disclose-foreign-collaborations-and-support, /resources/research-metrics, /training)\nFind My GCO (/gco)\nRASSExternal (http://guide.rass.cornell.edu/)\nInstitutional Profile & DUNS (/resources/institutional-profile-duns-and-uei-numbers)\nIACUC applications (Cayuse Animal Management) (/resources/submit-new-iacuc-protocol)\nFind Your Next Funding Opportunity (/proposal/Find-Your-Next-Funding-Opportunity)\nIBC Applications (RASS-IBC) (/resources/ibc-application-submission-review-and-approval)\nResearch Development (ReD) Services (/research-development)\nIRB Applications (RASS-IRB)External (https://rass.cornell.edu/irb)\nRates and budgets (/proposal/budget)\nReport external interests (RASS-COI) (/compliance/conflict-of-interest)\nJoin List Servs (/resources/research-mailing-lists-list-servs)\nRASS Access Request Form (/resources/get-access-financial-sponsored-projects-data)\nAsk EHSExternal (https://tdx.cornell.edu/TDClient/42/Portal/Requests/TicketRequests/NewForm?ID=q5sab44D6GI_)\nWeb Financials (WebFin2)External (http://webfin2.cornell.edu/)\nCornell Data ServicesExternal (https://data.research.cornell.edu/)\nPI DashboardExternal (https://pidash.cornell.edu)\nTravel RegistryExternal (https://travelregistry.cornell.edu/)\nResearch Financials (formerly RA Dashboard)External (http://radash.cornell.edu/)\nInternational research activitiesExternal (https://navigate.cornell.edu)\nRegister for Federal and Non-Federal Systems (/resources/register-federal-and-non-federal-systems)\nDisclose Foreign Collaborations and Support (/proposal/disclose-foreign-collaborations-and-support)\nResearch metrics & executive dashboards (/resources/research-metrics)\nTraining (/training)\nSearch (/search)\nResearch Mailing Lists (List Servs)\nMailing lists (list servs) from the research division keep you informed about funding opportunities, training, rule changes, and more.\nLimited Submissions, Funding Digests, Sponsor Application Updates, Rate Changes and Training Opportunities (#res)\nResearch Administration for Unit Administrators (#admin)\nFaculty & Research Administrators:Limited Submission Competitions and Weekly Digest, Funding & Engagement Opportunities, Updates to Sponsor Applications, Rate Changes, and Training Opportunities\nList Name: CU-RES-ADMIN-L\nPurpose:Announce Limited Submissions, funding opportunities, and eventsResearch administration communication (sponsor application changes, rate changes)Announce training opportunities\nAnnounce Limited Submissions, funding opportunities, and events\nResearch administration communication (sponsor application changes, rate changes)\nAnnounce training opportunities\nMessages from:Office of Sponsored Programs and Research DevelopmentOffice of the Vice President for Research and Innovation\nOffice of Sponsored Programs and Research Development\nOffice of the Vice President for Research and Innovation\nTo subscribe: send email tocu-res-admin-L-request@cornell.eduSubject line of email: type the single wordjoin.Message body: must be blank (no signature) (mailto:cu-res-admin-L-request@cornell.edu?subject=join)\nSubject line of email: type the single wordjoin.\nMessage body: must be blank (no signature)\nTo unsubscribe follow the same steps above, but with the Subject lineleave.\nUnit Administrators:Research Administrative-related Topics & Training Opportunities\nList Name: CU-DEPTRESEARCHADMIN-L\nPurpose:This list communicates research administrative-related topics\u00a0(primarily pre-award and post-award non-financial).\nThis list communicates research administrative-related topics\u00a0(primarily pre-award and post-award non-financial).\nTo subscribe: send email toCU-DeptResearchAdmin-L-request@cornell.eduSubject line of email: type the single wordjoin.Message body: must be blank (no signature). (mailto:CU-DeptResearchAdmin-L-request@cornell.edu?subject=join)\nSubject line of email: type the single wordjoin.\nMessage body: must be blank (no signature).\nTo unsubscribe follow the same steps above, but with the Subject lineleave\nIf you have any questions or comments regarding either listserv, contactOSP Communications. (mailto:osp-help@cornell.edu?subject=Research Mailing List Questions)\nProposal Development, Review, and Submission (/proposal/develop)\nRegister for Federal and Non-Federal Systems (/resources/register-federal-and-non-federal-systems)\nPre-Award Research Operations (PRO) (/resources/pro-research-operations)\nAdditional Things to Consider when Preparing a Proposal (/resources/additional-things-consider-when-preparing-proposal)\nFind My GCO (Grant & Contract Officer) (/gco)\nSample Proposal Library (/resources/sample-proposal-library)\nProposal Review Guidelines (/resources/proposal-review-guidelines)\nLimited Submissions Funding Opportunities (/resources/limited-submissions-funding-opportunities)\nPI Eligibility (/policies/pi-eligibility)\nInstitutional Profile, DUNS, and UEI Numbers (/resources/institutional-profile-duns-and-uei-numbers)\nRASS (Form 10 is Phased Out) (/forms/rass-form-10-phased-out)\nQuick Reference\nRates (/rates)\nForms (/forms)\nPolicies (/policies)\nContacts (/contacts)\nTraining (/training)\nEvents (/events)\nNews & Announcements (/news)\n\u00a9 2019 Cornell University\nWeb Accessibility Help (mailto:rais-help@cornell.edu?subject=researchservices.cornell.edu%20site)"
}