{
    "URL location": "https://researchservices.cornell.edu/policies/financial-management-sponsored-projects-policies-and-procedures",
    "Last modification date": "2023-08-25T18:38Z",
    "Change frequency": "yearly",
    "Priority": "0.5",
    "Scraped Text": "Find guidance on funding and agency updates during the federal government transition(updated 3/19/2025) (/federal-transition)\nEssential ToolsFind My GCORASSExternalInstitutional Profile & DUNSIACUC applications (Cayuse Animal Management)Find Your Next Funding OpportunityIBC Applications (RASS-IBC)Research Development (ReD) ServicesIRB Applications (RASS-IRB)ExternalRates and budgetsReport external interests (RASS-COI)Join List ServsRASS Access Request FormAsk EHSExternalWeb Financials (WebFin2)ExternalCornell Data ServicesExternalPI DashboardExternalTravel RegistryExternalResearch Financials (formerly RA Dashboard)ExternalInternational research activitiesExternalRegister for Federal and Non-Federal SystemsDisclose Foreign Collaborations and SupportResearch metrics & executive dashboardsTraining (/about/essential-tools, /gco, http://guide.rass.cornell.edu/, /resources/institutional-profile-duns-and-uei-numbers, /resources/submit-new-iacuc-protocol, /proposal/Find-Your-Next-Funding-Opportunity, /resources/ibc-application-submission-review-and-approval, /research-development, https://rass.cornell.edu/irb, /proposal/budget, /compliance/conflict-of-interest, /resources/research-mailing-lists-list-servs, /resources/get-access-financial-sponsored-projects-data, https://tdx.cornell.edu/TDClient/42/Portal/Requests/TicketRequests/NewForm?ID=q5sab44D6GI_, http://webfin2.cornell.edu/, https://data.research.cornell.edu/, https://pidash.cornell.edu, https://travelregistry.cornell.edu/, http://radash.cornell.edu/, https://navigate.cornell.edu, /resources/register-federal-and-non-federal-systems, /proposal/disclose-foreign-collaborations-and-support, /resources/research-metrics, /training)\nFind My GCO (/gco)\nRASSExternal (http://guide.rass.cornell.edu/)\nInstitutional Profile & DUNS (/resources/institutional-profile-duns-and-uei-numbers)\nIACUC applications (Cayuse Animal Management) (/resources/submit-new-iacuc-protocol)\nFind Your Next Funding Opportunity (/proposal/Find-Your-Next-Funding-Opportunity)\nIBC Applications (RASS-IBC) (/resources/ibc-application-submission-review-and-approval)\nResearch Development (ReD) Services (/research-development)\nIRB Applications (RASS-IRB)External (https://rass.cornell.edu/irb)\nRates and budgets (/proposal/budget)\nReport external interests (RASS-COI) (/compliance/conflict-of-interest)\nJoin List Servs (/resources/research-mailing-lists-list-servs)\nRASS Access Request Form (/resources/get-access-financial-sponsored-projects-data)\nAsk EHSExternal (https://tdx.cornell.edu/TDClient/42/Portal/Requests/TicketRequests/NewForm?ID=q5sab44D6GI_)\nWeb Financials (WebFin2)External (http://webfin2.cornell.edu/)\nCornell Data ServicesExternal (https://data.research.cornell.edu/)\nPI DashboardExternal (https://pidash.cornell.edu)\nTravel RegistryExternal (https://travelregistry.cornell.edu/)\nResearch Financials (formerly RA Dashboard)External (http://radash.cornell.edu/)\nInternational research activitiesExternal (https://navigate.cornell.edu)\nRegister for Federal and Non-Federal Systems (/resources/register-federal-and-non-federal-systems)\nDisclose Foreign Collaborations and Support (/proposal/disclose-foreign-collaborations-and-support)\nResearch metrics & executive dashboards (/resources/research-metrics)\nTraining (/training)\nSearch (/search)\nFinancial Management of Sponsored Projects Policies and Procedures\nAll university personnel dealing with financial management of sponsored projects must be knowledgeable of all rules and regulations related to this responsibility. On this page, find links to university policies, regulations, documents and presentations.\nUniversity Policies\nUniversity Policy 1.1, Cost Sharing for Sponsored Agreements (https://policy.cornell.edu/policy-library/cost-sharing-sponsored-agreements)\nUniversity Policy 1.3, Graduate Student Assistantships (https://policy.cornell.edu/policy-library/graduate-student-assistantships)\nUniversity Policy 3.8, Program Income from Sponsored Projects (https://policy.cornell.edu/policy-library/program-income-sponsored-projects)\nUniversity Policy 3.9, Capital Assets (https://policy.cornell.edu/policy-library/capital-assets)\nUniversity Policy 3.11, Effort Planning and Confirmation (https://policy.cornell.edu/policy-library/salary-confirmation)\nUniversity Policy 3.13, Graduate Tuition and Other Support (https://policy.cornell.edu/policy-library/graduate-tuition-and-other-support)\nUniversity Policy 3.18, Charging Directly to Sponsored Projects Costs that are Normally Considered Indirect (https://policy.cornell.edu/policy-library/charging-directly-sponsored-projects-costs-are-normally-considered-indirect)\nUniversity Policy 3.20, Cost Transfers on Sponsored Agreements (https://policy.cornell.edu/policy-library/cost-transfers-sponsored-agreements)\nUniversity Policy 4.7, Retention of University Records (https://policy.cornell.edu/policy-library/retention-university-records)\nProfessorial Summer\u00a0Salary Appointments\nSummer Salary Process (PDF) (https://www.dfa.cornell.edu/sites/default/files/summer-salary-process.pdf)\nSummer Salary Processing Form (XLSX) (https://www.dfa.cornell.edu/sites/default/files/summer-salary-processing-form.xlsx)\nRegulations\nUniform Administrative Requirements, Cost Principles, and Audit Requirements for Federal Awards (2 CFR 200)is the regulation that replaces OMB Circulars A-21, A-110, and A-133, and became\u00a0effective\u00a0December 26, 2014. (/resources/uniform-guidance-federal-awards)\nOMB Circular A-21outlines costs that are allowable and unallowable to federal grants and contracts. Cornell University follows these regulations on all federal grants and contracts. For costs to be allowable A-21 states that costs must be reasonable, allowable, allocable, treated consistently, and must conform to the specific cost guidelines in A-21 (section J). (https://obamawhitehouse.archives.gov/omb/circulars_a021_2004/)\nOMB Circular A-110outlines the proper grant management principles to be followed when managing federal grants. This circular covers regulations from preaward through the close of a grant. (https://obamawhitehouse.archives.gov/omb/circulars_a110/)\nNSF Guidelines: The National Science FoundationSenior Personnel Salaries on NSF Awards (PDF) (http://nsf.gov/awards/managing/, https://www.dfa.cornell.edu/sites/default/files/senior-personnel-salaries-nsf-awards.pdf)\nSenior Personnel Salaries on NSF Awards (PDF) (https://www.dfa.cornell.edu/sites/default/files/senior-personnel-salaries-nsf-awards.pdf)\nNIH/DHHS Guidelines: The National Institutes of Health/Department of Health and Human Services (http://grants.nih.gov/grants/policy/awardconditions.htm)\nONR Guidelines: The Office of Naval Research (https://www.onr.navy.mil/)\nJPL Guidelines: The Jet Propulsion Laboratory (http://acquisition.jpl.nasa.gov/)\nNew York State Travel Regulations:\u00a0Some awards from the State of New York allow only expenses in compliance with the State Travel Manual in order be charged to the award. This document summarizes those rules. (https://www.dfa.cornell.edu/sfs/managingawards/policies/sponsored-travel)\nMore government and related links:\u00a0Foundations and companies frequently have specific regulations stated in the award document as to allowable and unallowable costs. (http://www.osp.cornell.edu/govtRelLinks/)\nDocuments and Presentations\nDocuments\nFly America Act and Open Skies Agreements (/resources/use-foreign-airlines-federal-funds)\nPresentations\nSFS Dialog:\u00a0A guide to charging assistantships and fellowships to sponsored projects, July 19, 2023\nPresentation (PDF) (https://finance.cornell.edu/sites/default/files/charging-assistantships-fellowships.pdf)\nVideo Recording (1 hr. 3 min.) (https://youtu.be/GPFZLfhSX7w)\nSFS Dialog: Report on Promising Practices for NSF Award Management, Feb. 16, 2022\nPresentation (PDF) (https://www.dfa.cornell.edu/sites/default/files/nsf-promising-practices.pdf)\nSplitting the Costs: Best Practices for Managing Matching Funds, Feb. 2, 2021\nPresentation (PDF) (https://www.dfa.cornell.edu/sites/default/files/splitting-the-costs-jan2021.pdf)\nVideo Recording (45 min.) (https://youtu.be/Vn2bKI09VF4)\nUpdate on\u00a0Accountability, Requisition and Payment Review, and Budget Adjustments, Oct. 28, 2020\nPresentation (PDF) (https://www.dfa.cornell.edu/sites/default/files/sfs-update-20201028.pdf)\nVideo Recording (1 hr., 17 min.) (https://youtu.be/IyrcUVrFIrU)\nResearch Administration Forum, Nov. 20, 2019\nPresentation (PDF) (https://www.dfa.cornell.edu/sites/default/files/research-administration-forum-20191120.pdf)\nVideo Recording (1 hr., 21 min.) (https://youtu.be/LcuIaYDsqys)\nDFA Conversations - Research Administration Forum, Oct. 18, 2017\nPresentation (PDF) (https://www.dfa.cornell.edu/sites/default/files/dfa-conversations-raf20171018.pdf)\nVideo Recording (1 hr, 38 min.) (https://vod.video.cornell.edu/media/20171018_DFA_Research/1_arlh77f4)\nResearch Administration Forum, Oct. 6, 2016\nPresentation (PDF) (https://www.dfa.cornell.edu/sites/default/files/raf-20161006.pdf)\nWebEx Recorded Version (MP4 Video, 20 MB) (https://www.dfa.cornell.edu/sites/default/files/research-admin-forum-20161006.mp4)\nManaging Participant Support Costs Under the Uniform Guidance, June 15, 2016\nPresentation (PDF) (https://www.dfa.cornell.edu/sites/default/files/managing-participant-support-costs.pdf)\nNational Science Foundation FAQ on Participant Support Costs (PDF) (https://www.dfa.cornell.edu/sites/default/files/nsf-participant-cost-faq.pdf)\nResearch Administration Forum, March 28, 2016\nPresentation (PDF) (https://www.dfa.cornell.edu/sites/default/files/raf-03282016.pdf)\nWebEx Recorded Version (MP4 Video, 14 MB) (https://www.dfa.cornell.edu/sites/default/files/research-admin-forum-20160328.mp4)\nResearch Administration Forum, Sept. 22, 2015\nPresentation (PDF) (https://www.dfa.cornell.edu/sites/default/files/research-admin-forum-20150922.pdf)\nWebEx Recorded Version (MP4 Video, 23 MB) (https://www.dfa.cornell.edu/sites/default/files/research-admin-forum-20150922.mp4)\nUnderstanding and Managing the NIH Salary Cap, April 23, 2015\nPresentation (PDF) (https://www.dfa.cornell.edu/sites/default/files/nih-salary-cap2015.pdf)\nWebEx Recorded Version (MP4 Video, 13 MB) (https://www.dfa.cornell.edu/sites/default/files/nih-salary-cap-20150423.mp4)\nResearch Administration Forum, Dec.\u00a06, 2013\nPresentation (PDF) (https://www.dfa.cornell.edu/sites/default/files/raf-20131206.pdf)\nWebEx Recorded Version (MP4 Video, 25 MB) (https://www.dfa.cornell.edu/sites/default/files/research-admin-forum-20131206.mp4)\nResearch Administration Forum, May 20, 2011\nPresentation (PDF) (https://www.dfa.cornell.edu/sites/default/files/raf-20110520.pdf)\nOthers\nEffort Certification, 2011 (PDF) (https://www.dfa.cornell.edu/sites/default/files/effort-certification-2011.pdf)\nHow We Get Our Funds (PDF) (https://www.dfa.cornell.edu/sites/default/files/how-we-get-funds.pdf)\nFinancial Management (/compliance/financial-management)\nUkraine/Russia Transactions Guidance (/news/ukrainerussia-transactions-guidance)\nSalary Certification (/resources/salary-certification)\nMonitoring Project Expenditures (/resources/monitoring-project-expenditures)\nMonitoring Cost Sharing in a Project (/resources/monitoring-cost-sharing-project)\nFinancial Reporting to Sponsors (/resources/financial-reporting-sponsors)\nDirect and Indirect Cost Examples (/resources/direct-and-indirect-cost-examples)\nDiverse Suppliers Requirements (/resources/diverse-suppliers-requirements)\nUse of Foreign Airlines on Federal Funds (/resources/use-foreign-airlines-federal-funds)\nQuick Reference\nRates (/rates)\nForms (/forms)\nPolicies (/policies)\nContacts (/contacts)\nTraining (/training)\nEvents (/events)\nNews & Announcements (/news)\n\u00a9 2019 Cornell University\nWeb Accessibility Help (mailto:rais-help@cornell.edu?subject=researchservices.cornell.edu%20site)"
}