{
    "URL location": "https://researchservices.cornell.edu/resources/export-controls-procurement-and-shipping",
    "Last modification date": "2023-06-12T17:32Z",
    "Change frequency": "yearly",
    "Priority": "0.5",
    "Scraped Text": "Find guidance on funding and agency updates during the federal government transition(updated 3/19/2025) (/federal-transition)\nEssential ToolsFind My GCORASSExternalInstitutional Profile & DUNSIACUC applications (Cayuse Animal Management)Find Your Next Funding OpportunityIBC Applications (RASS-IBC)Research Development (ReD) ServicesIRB Applications (RASS-IRB)ExternalRates and budgetsReport external interests (RASS-COI)Join List ServsRASS Access Request FormAsk EHSExternalWeb Financials (WebFin2)ExternalCornell Data ServicesExternalPI DashboardExternalTravel RegistryExternalResearch Financials (formerly RA Dashboard)ExternalInternational research activitiesExternalRegister for Federal and Non-Federal SystemsDisclose Foreign Collaborations and SupportResearch metrics & executive dashboardsTraining (/about/essential-tools, /gco, http://guide.rass.cornell.edu/, /resources/institutional-profile-duns-and-uei-numbers, /resources/submit-new-iacuc-protocol, /proposal/Find-Your-Next-Funding-Opportunity, /resources/ibc-application-submission-review-and-approval, /research-development, https://rass.cornell.edu/irb, /proposal/budget, /compliance/conflict-of-interest, /resources/research-mailing-lists-list-servs, /resources/get-access-financial-sponsored-projects-data, https://tdx.cornell.edu/TDClient/42/Portal/Requests/TicketRequests/NewForm?ID=q5sab44D6GI_, http://webfin2.cornell.edu/, https://data.research.cornell.edu/, https://pidash.cornell.edu, https://travelregistry.cornell.edu/, http://radash.cornell.edu/, https://navigate.cornell.edu, /resources/register-federal-and-non-federal-systems, /proposal/disclose-foreign-collaborations-and-support, /resources/research-metrics, /training)\nFind My GCO (/gco)\nRASSExternal (http://guide.rass.cornell.edu/)\nInstitutional Profile & DUNS (/resources/institutional-profile-duns-and-uei-numbers)\nIACUC applications (Cayuse Animal Management) (/resources/submit-new-iacuc-protocol)\nFind Your Next Funding Opportunity (/proposal/Find-Your-Next-Funding-Opportunity)\nIBC Applications (RASS-IBC) (/resources/ibc-application-submission-review-and-approval)\nResearch Development (ReD) Services (/research-development)\nIRB Applications (RASS-IRB)External (https://rass.cornell.edu/irb)\nRates and budgets (/proposal/budget)\nReport external interests (RASS-COI) (/compliance/conflict-of-interest)\nJoin List Servs (/resources/research-mailing-lists-list-servs)\nRASS Access Request Form (/resources/get-access-financial-sponsored-projects-data)\nAsk EHSExternal (https://tdx.cornell.edu/TDClient/42/Portal/Requests/TicketRequests/NewForm?ID=q5sab44D6GI_)\nWeb Financials (WebFin2)External (http://webfin2.cornell.edu/)\nCornell Data ServicesExternal (https://data.research.cornell.edu/)\nPI DashboardExternal (https://pidash.cornell.edu)\nTravel RegistryExternal (https://travelregistry.cornell.edu/)\nResearch Financials (formerly RA Dashboard)External (http://radash.cornell.edu/)\nInternational research activitiesExternal (https://navigate.cornell.edu)\nRegister for Federal and Non-Federal Systems (/resources/register-federal-and-non-federal-systems)\nDisclose Foreign Collaborations and Support (/proposal/disclose-foreign-collaborations-and-support)\nResearch metrics & executive dashboards (/resources/research-metrics)\nTraining (/training)\nSearch (/search)\nExport Controls in Procurement and Shipping\nInternational Trade Considerations\nShipping\nSending or taking controlled information, technology, and items outside of the U.S. whether temporarily or permanently, is considered an export and may require a license of authorization.\nAll international shipments must be approved by the Export Control Office, prior to shipment.Please submit theShipping Formto expedite approval. (/sites/default/files/2023-06/Shipment%20Form_0.docx)\nFactors that must be considered include:\nWhat is being shipped\nWho it is being shipped to\nThe location of the end-user and any intermediate consignees\nThe Export Control Office can help you:\nDetermine the export classification\nDetermine whether a license is required\nCheck the receiving individuals and entities\nOther Shipping Considerations\nSee alsothe License Requirements\u00a0section of Export Controls: Regulations and Overviewfor information regarding the export classification and export control authorization should a license be required to export. (/resources/export-controls-regulations-and-overview)\nMohawk Global Logistics\nCornell University has awarded a contract to Mohawk Global Logistics (MGL) for the following products and services:\nCustoms activities\nCustom bonds\nFreight forwarding\nRelated services\nMGL performs designated customs activities, including custom bonds and freight forwarding AND\u00a0holds Cornell's power of attorney for these activities.\nShould you be the recipient of an import, it is possible that the importer will require a power of attorney be signed prior to providing import services.\u00a0This is also held by MGL.\nHazardous Material Shipping\nHazardous Materials shipment requires training by Cornell\u2019s Environmental Health & Safety Office. For more information, see theHazardous Materials page on the Environment, Health and Safety (EHS)\u00a0site. (http://sp.ehs.cornell.edu/lab-research-safety/research-safety/hazardous-materials-shipping/Pages/default.aspx)\nThe EHS Biosafety Officer, Shipping Manager, and the Export Controls Officer will work together to determine if a license is required for the shipment of biologics or chemicals.\nProcurement\nNew vendors are screened against restricted and denied party lists using licensed software from eCustoms.\nIn addition, Procurement Services reviews terms and conditions of vendor agreements for export control language which could trigger a review and classification of equipment or materials being purchased.\u00a0Procurement Services policy includes export control procedures which can be found in theBuying Manual, Section 617. They also include departmental instructions for U.S.\u00a0Customs clearance procedures. (https://www.dfa.cornell.edu/procurement/buyers/manual/special)\nItems Purchased for Research\nThe equipment and materials purchased by the University to support research and educational activities may be subject to export control requirements. Foreign nationals are generally permitted to use EAR controlleditemson campus;\u00a0however, access tocontrolled technologymay require a license or other authorization. ITAR controlled items are not permitted on campus unless you have received prior approval from the Export Control Office.\nAllEnd User/End Use Statementsand similar certifications must be approved and signed by the Export Control Associate or the Export Control and Compliance Officer\nRecord Retention\nUnder U.S. Export Control Regulations, and U.S. Import Regulations, records must be retained for five years after the completion of the activity and made available to the regulating authority upon request. Records that must be retained include all memoranda, notes, correspondence (including email), financial records, shipping documentation, as well as any other information related to the export activities. Additionally, when a license exception (EAR) or license exemption (ITAR) is used, or if a record is requested from a regulatory authority, additional records documenting the applicability of the exception/exemption may be required and, in some cases, there may be additional reporting requirements.\nRecords must\u00a0be maintained by the individual or Unit engaging in the activity. Records shall be retained or disposed of in accordance withUniversity Policy 4.7, Retention of University Records. (https://www.dfa.cornell.edu/policy/policies/retention-university-records)\nExport Controls Office (/offices/export-controls-office)\nExport Controls (/export-controls)\nDrusilla Jaiah - Export Control Associate (/contact/dbj43)\nJoi Mindingall - Research Security | Export Control Officer (/contact/jmm793)\nExport Control and Confidentiality Agreements (/resources/export-control-and-confidentiality-agreements)\nDetecting and Reporting Export Controls Violations (/policies/detecting-and-reporting-export-controls-violations)\nUkraine/Russia Transactions Guidance (/news/ukrainerussia-transactions-guidance)\nExport Controls Frequently Asked Questions (FAQ) (/resources/export-controls-frequently-asked-questions-faq)\nUniversity Policy 4.22, Export and Import Control Compliance (https://policy.cornell.edu/policy-library/export-and-import-control-compliance)\nOff-Campus Research (/resources/campus-research)\nImport Control (/resources/import-control)\nQuick Reference\nRates (/rates)\nForms (/forms)\nPolicies (/policies)\nContacts (/contacts)\nTraining (/training)\nEvents (/events)\nNews & Announcements (/news)\n\u00a9 2019 Cornell University\nWeb Accessibility Help (mailto:rais-help@cornell.edu?subject=researchservices.cornell.edu%20site)"
}