{
    "URL location": "https://researchservices.cornell.edu/resources/export-control-and-confidentiality-agreements",
    "Last modification date": "2023-06-01T20:50Z",
    "Change frequency": "yearly",
    "Priority": "0.5",
    "Scraped Text": "Find guidance on funding and agency updates during the federal government transition(updated 3/19/2025) (/federal-transition)\nEssential ToolsFind My GCORASSExternalInstitutional Profile & DUNSIACUC applications (Cayuse Animal Management)Find Your Next Funding OpportunityIBC Applications (RASS-IBC)Research Development (ReD) ServicesIRB Applications (RASS-IRB)ExternalRates and budgetsReport external interests (RASS-COI)Join List ServsRASS Access Request FormAsk EHSExternalWeb Financials (WebFin2)ExternalCornell Data ServicesExternalPI DashboardExternalTravel RegistryExternalResearch Financials (formerly RA Dashboard)ExternalInternational research activitiesExternalRegister for Federal and Non-Federal SystemsDisclose Foreign Collaborations and SupportResearch metrics & executive dashboardsTraining (/about/essential-tools, /gco, http://guide.rass.cornell.edu/, /resources/institutional-profile-duns-and-uei-numbers, /resources/submit-new-iacuc-protocol, /proposal/Find-Your-Next-Funding-Opportunity, /resources/ibc-application-submission-review-and-approval, /research-development, https://rass.cornell.edu/irb, /proposal/budget, /compliance/conflict-of-interest, /resources/research-mailing-lists-list-servs, /resources/get-access-financial-sponsored-projects-data, https://tdx.cornell.edu/TDClient/42/Portal/Requests/TicketRequests/NewForm?ID=q5sab44D6GI_, http://webfin2.cornell.edu/, https://data.research.cornell.edu/, https://pidash.cornell.edu, https://travelregistry.cornell.edu/, http://radash.cornell.edu/, https://navigate.cornell.edu, /resources/register-federal-and-non-federal-systems, /proposal/disclose-foreign-collaborations-and-support, /resources/research-metrics, /training)\nFind My GCO (/gco)\nRASSExternal (http://guide.rass.cornell.edu/)\nInstitutional Profile & DUNS (/resources/institutional-profile-duns-and-uei-numbers)\nIACUC applications (Cayuse Animal Management) (/resources/submit-new-iacuc-protocol)\nFind Your Next Funding Opportunity (/proposal/Find-Your-Next-Funding-Opportunity)\nIBC Applications (RASS-IBC) (/resources/ibc-application-submission-review-and-approval)\nResearch Development (ReD) Services (/research-development)\nIRB Applications (RASS-IRB)External (https://rass.cornell.edu/irb)\nRates and budgets (/proposal/budget)\nReport external interests (RASS-COI) (/compliance/conflict-of-interest)\nJoin List Servs (/resources/research-mailing-lists-list-servs)\nRASS Access Request Form (/resources/get-access-financial-sponsored-projects-data)\nAsk EHSExternal (https://tdx.cornell.edu/TDClient/42/Portal/Requests/TicketRequests/NewForm?ID=q5sab44D6GI_)\nWeb Financials (WebFin2)External (http://webfin2.cornell.edu/)\nCornell Data ServicesExternal (https://data.research.cornell.edu/)\nPI DashboardExternal (https://pidash.cornell.edu)\nTravel RegistryExternal (https://travelregistry.cornell.edu/)\nResearch Financials (formerly RA Dashboard)External (http://radash.cornell.edu/)\nInternational research activitiesExternal (https://navigate.cornell.edu)\nRegister for Federal and Non-Federal Systems (/resources/register-federal-and-non-federal-systems)\nDisclose Foreign Collaborations and Support (/proposal/disclose-foreign-collaborations-and-support)\nResearch metrics & executive dashboards (/resources/research-metrics)\nTraining (/training)\nSearch (/search)\nExport Control and Confidentiality Agreements\nWhile Cornell understands and supports the need to enter into Non-Disclosure Agreements, there are some export control risks that researchers need to be aware of.\nRemember that the Office of Sponsored Programs must sign all Cornell research-related confidentiality agreements, except inlimited circumstances. (/resources/standard-individualunilateral-non-disclosure-agreement-nda)\nWhen receiving confidential information:\nPerCornell Policy 4.22, no controlled technology or technical data can reside on Cornell campuses, devices, or servers, unless theExport Control Office(ECO) has provided prior written approval.Remember, the transfer of controlled technology or technical data to a foreign national, even in the U.S., is considered an export and may require a license.Cornell servers and email are\u00a0not configured to properly secure controlled technology or technical data.If you absolutely need to utilize controlled information, Cornell's ECO will work with you to put a technology control plan in place - to ensure that the information is properly secured and no export violations occur. (https://policy.cornell.edu/policy-library/export-and-import-control-compliance, /offices/export-controls-office)\nRemember, the transfer of controlled technology or technical data to a foreign national, even in the U.S., is considered an export and may require a license.\nCornell servers and email are\u00a0not configured to properly secure controlled technology or technical data.\nIf you absolutely need to utilize controlled information, Cornell's ECO will work with you to put a technology control plan in place - to ensure that the information is properly secured and no export violations occur.\nWhen sharing confidential information:\nPer Cornell Policy 4.22, all Cornell research must be fundamental research - meaning the research results must remain unrestricted.In most cases, it is not appropriate to mark Cornell research as proprietary or confidential. Doing so could cause the research to be rendered controlled, in violation of Cornell policy, and causing a potential export control violation.If you are seeking to patent an invention, Cornell'sCenter for Technology Licensingmay enter into a non-disclosure agreement for a limited time, in order to protect patentability.Given Cornell's stance as a fundamental research-only institution, entering into bilateral confidentiality agreements is not advised unless you are sharing something confidentialother thanresearch results (ex: personal data, financial data, etc.). (https://ctl.cornell.edu/)\nIn most cases, it is not appropriate to mark Cornell research as proprietary or confidential. Doing so could cause the research to be rendered controlled, in violation of Cornell policy, and causing a potential export control violation.\nIf you are seeking to patent an invention, Cornell'sCenter for Technology Licensingmay enter into a non-disclosure agreement for a limited time, in order to protect patentability. (https://ctl.cornell.edu/)\nGiven Cornell's stance as a fundamental research-only institution, entering into bilateral confidentiality agreements is not advised unless you are sharing something confidentialother thanresearch results (ex: personal data, financial data, etc.).\nBest practices:\nEnter into confidentiality agreements only when it is absolutely necessary. Both the\u00a0receipt and sharing of confidential information creates\u00a0liability on behalf of the researchers and the university.\nEnsure that all research related confidentiality agreements are signed by the appropriate office (OSP in most cases). This protects the researchers, the unit, and the university. OSP grant\u00a0and contract officers\u00a0are trained to review agreements for export control concerns.\nIf you ever receive a document marked \"export controlled\", \"EAR\", \"ITAR\", or with a similar marking, contact the ECO immediately.\nExport Controls (/export-controls)\nDrusilla Jaiah - Export Control Associate (/contact/dbj43)\nJoi Mindingall - Research Security | Export Control Officer (/contact/jmm793)\nDetecting and Reporting Export Controls Violations (/policies/detecting-and-reporting-export-controls-violations)\nUkraine/Russia Transactions Guidance (/news/ukrainerussia-transactions-guidance)\nExport Controls Frequently Asked Questions (FAQ) (/resources/export-controls-frequently-asked-questions-faq)\nUniversity Policy 4.22, Export and Import Control Compliance (https://policy.cornell.edu/policy-library/export-and-import-control-compliance)\nOff-Campus Research (/resources/campus-research)\nImport Control (/resources/import-control)\nExport Control Quick Reference (/resources/export-control-quick-reference)\nExport Controls: Regulations and Overview (/policies/export-controls-regulations-and-overview)\nQuick Reference\nRates (/rates)\nForms (/forms)\nPolicies (/policies)\nContacts (/contacts)\nTraining (/training)\nEvents (/events)\nNews & Announcements (/news)\n\u00a9 2019 Cornell University\nWeb Accessibility Help (mailto:rais-help@cornell.edu?subject=researchservices.cornell.edu%20site)"
}