{
    "URL location": "https://researchservices.cornell.edu/resources/irb-informed-consent",
    "Last modification date": "2021-11-16T21:14Z",
    "Change frequency": "never",
    "Priority": "0.5",
    "Scraped Text": "Find guidance on funding and agency updates during the federal government transition(updated 3/19/2025) (/federal-transition)\nEssential ToolsFind My GCORASSExternalInstitutional Profile & DUNSIACUC applications (Cayuse Animal Management)Find Your Next Funding OpportunityIBC Applications (RASS-IBC)Research Development (ReD) ServicesIRB Applications (RASS-IRB)ExternalRates and budgetsReport external interests (RASS-COI)Join List ServsRASS Access Request FormAsk EHSExternalWeb Financials (WebFin2)ExternalCornell Data ServicesExternalPI DashboardExternalTravel RegistryExternalResearch Financials (formerly RA Dashboard)ExternalInternational research activitiesExternalRegister for Federal and Non-Federal SystemsDisclose Foreign Collaborations and SupportResearch metrics & executive dashboardsTraining (/about/essential-tools, /gco, http://guide.rass.cornell.edu/, /resources/institutional-profile-duns-and-uei-numbers, /resources/submit-new-iacuc-protocol, /proposal/Find-Your-Next-Funding-Opportunity, /resources/ibc-application-submission-review-and-approval, /research-development, https://rass.cornell.edu/irb, /proposal/budget, /compliance/conflict-of-interest, /resources/research-mailing-lists-list-servs, /resources/get-access-financial-sponsored-projects-data, https://tdx.cornell.edu/TDClient/42/Portal/Requests/TicketRequests/NewForm?ID=q5sab44D6GI_, http://webfin2.cornell.edu/, https://data.research.cornell.edu/, https://pidash.cornell.edu, https://travelregistry.cornell.edu/, http://radash.cornell.edu/, https://navigate.cornell.edu, /resources/register-federal-and-non-federal-systems, /proposal/disclose-foreign-collaborations-and-support, /resources/research-metrics, /training)\nFind My GCO (/gco)\nRASSExternal (http://guide.rass.cornell.edu/)\nInstitutional Profile & DUNS (/resources/institutional-profile-duns-and-uei-numbers)\nIACUC applications (Cayuse Animal Management) (/resources/submit-new-iacuc-protocol)\nFind Your Next Funding Opportunity (/proposal/Find-Your-Next-Funding-Opportunity)\nIBC Applications (RASS-IBC) (/resources/ibc-application-submission-review-and-approval)\nResearch Development (ReD) Services (/research-development)\nIRB Applications (RASS-IRB)External (https://rass.cornell.edu/irb)\nRates and budgets (/proposal/budget)\nReport external interests (RASS-COI) (/compliance/conflict-of-interest)\nJoin List Servs (/resources/research-mailing-lists-list-servs)\nRASS Access Request Form (/resources/get-access-financial-sponsored-projects-data)\nAsk EHSExternal (https://tdx.cornell.edu/TDClient/42/Portal/Requests/TicketRequests/NewForm?ID=q5sab44D6GI_)\nWeb Financials (WebFin2)External (http://webfin2.cornell.edu/)\nCornell Data ServicesExternal (https://data.research.cornell.edu/)\nPI DashboardExternal (https://pidash.cornell.edu)\nTravel RegistryExternal (https://travelregistry.cornell.edu/)\nResearch Financials (formerly RA Dashboard)External (http://radash.cornell.edu/)\nInternational research activitiesExternal (https://navigate.cornell.edu)\nRegister for Federal and Non-Federal Systems (/resources/register-federal-and-non-federal-systems)\nDisclose Foreign Collaborations and Support (/proposal/disclose-foreign-collaborations-and-support)\nResearch metrics & executive dashboards (/resources/research-metrics)\nTraining (/training)\nSearch (/search)\nIRB Informed Consent\nUPDATED February 1, 2023\nNIH Data Management and Sharing Policy Update:Learn morehere.TRAINING UPDATE:Effective October 1, 2022, all Cornell study personnel involved in Exempt research protocols are now required to complete CITI training in human participant research ethics.See detailshere. For more information about Cornell IRB training requirements, visit theIRB Training webpage. (/news/nih-policy-change-new-data-management-and-sharing-policy, /news/irb-news-new-training-requirement-exempt-research, /resources/irb-training)\nInformed consent is more than just a form; it is a process that takes place between researcher and participant, forming the basis of ethical research that respects the autonomy of research subjects.\nIntroduction to Informed Consent\nInformed consent is one of the most important aspects of conducting ethical research with human participants. Respecting the autonomy of research participants, the investigator must provide complete and true information regarding the study. The \"informed\" in informed consent means the participant has all the information necessary to make a decision. To help new researchers develop a consent process that works, the IRB staff offers abrief video tutorialon the basics of informed consent. (https://vod.video.cornell.edu/media/Informed+Consent+101/1_i0zhhdsa)\nThe principle of informed consent applies to ALL types of research including surveys, interviews, and observations in which participants are identified, and other experiments, such as diet, drug and exercise studies.\nTypically, a \"consent form\" documents that the informed consent process has taken place. It must contain all the required components of informed consent, as defined in45 CFR 46.116, and described below. The consent form must be written in language that is easy for the participant to understand. Avoid technical terms and complex sentences, regardless of your intended audience. When there are different groups or types of participants who may take part in a study, different consent documents may be required for different study populations. (https://www.ecfr.gov/cgi-bin/text-idx?SID=ee8b67c9af1359a82e122a6dfba0813c&mc=true&node=se45.1.46_1116&rgn=div8)\nInformed Consent Can Take Various Forms\nSigned informed consentis the gold standard, and what is generally required for research with human participants. This involves presentation of a written document to the prospective participant, including all elements of informed consent. The document is read and signed by the participant and kept as a record by the researcher.\nRemember: if you choose a written informed consent process, the research will not be anonymous.\u00a0 Do not promise anonymity to prospective participants and then ask them to sign a consent form!\nImplied consentis the tacit indication that a person has knowingly agreed to participate in research by performing a research activity or task. This type of consent process is most common in internet-based research. Participants must still be presented with the consent information - the information a participants needs to know in order to make an educated decision about whether or not to participate. This type of process is be considered a waiver of documentation of informed consent, and must meet certain requirements to be applied to a given study (seeIRB SOP #10). (/policies/irb-policy-10-informed-consent-options-processes-and-documentation)\nOral consentoccurs when the researcher reads a consent script, and the subject verbally indicates that they agree to participate. Subjects should be given the opportunity to ask questions and, in most cases, provided with an information sheet containing key information about the study, including contact information for the PI. SeeIRB SOP #10for more details on how to implement and document an oral consent procedure. (/policies/irb-policy-10-informed-consent-options-processes-and-documentation)\nInresearch with children, a parent or guardian must typically give their permission (called \"parental consent\") to allow the child to participate. Also, if the child is mature enough, they will need to give their \"assent\" to participate. For detailed information, please read the IRB'sguidance document on Research Involving Children. (/policies/irb-policy-11-research-involving-children)\nGuidelines for Writing your Informed Consent Document\nGeneral advice:\nStart with an IRB-approvedconsent form template. (/forms/irb-consent-form-templates)\nHeadings for paragraphs are helpful and make the form easier to read.\nUse adequate white space so that the form is easy to read. Avoid fine print.\n1. Provide a clear, concise explanation of the purposes of the research including the name of the study (the IRB can waive under certain specific circumstances if appropriate).\nReplace any technical terms with ordinary language, and use simple, clear phrasing. Avoid unnecessarily long or wordy paragraphs.\n2. Explain what will be happening to the participant during the study and indicate participant's time commitment for each component.\nBe clear about what the participant will be asked to do, not vaguely say, \"You might be asked to,\" state \"You will be asked.\" \u00a0The participant needs to understand what the experiment involves in order to decide whether they want to participate.\nWrite in the second person \"You\" -- for example: \"You are invited to participate in a research project..., \" \"You will be asked to...\"\nDo not make coercive statements such as \"you understand that ...,\" \"you have been told that...\n3. Describe the frequent and/or important risks, side effects or discomforts of the study procedures (e.g., even though it is not considered a risky procedure, a needle stick to draw blood creates discomfort).\nIf it appears that there are no real risks to participation, state, \"We do not anticipate any risks to you participating other than those encountered in daily life.\" See ourSample Consent Form. (/forms/irb-consent-form-templates)\n4. Describe any direct or indirect benefit from participating.\nLearning about how experiments are conducted, receiving a gift, or earning extra credit for being a research participant are NOT direct benefits. Gifts and extra credit are considered compensation or incentives.\nLearning about how research is conducted, gaining some knowledge of a particular subject, or enjoying a game played during the research, may be indirect benefits.\n5. State that the participant's involvement is voluntary, the participant may refuse to participate before the study begins, discontinue at any time, or skip any questions that may make him/her feel uncomfortable, with no penalty to him/her, and no effect on the compensation earned before withdrawing, or academic standing or record.\nIf completing the entire study is required for compensation, make this clear. Likewise, if there are minimum requirements to be met to earn compensation, state this clearly.\nIf partial compensation or pro-rated compensation will be given, please make clear how the amount of compensation will be determined.\n6. State that the participant is allowed to ask questions concerning the study, both before agreeing to be involved and during the course of the study. See required contact information in #11 below.\n7. Describe how participant's confidentiality will be protected.\n8.\u00a0Describe what will be done with the data once the study is completed, including identifiable information.\nInclude any plans to share either identifiable or de-identified data with other researchers, or to publish in journals or present at conferences.\n9.\u00a0Indicate that recording devices, audio or visual, are being used (when applicable).\nIf identifiable images or videos will be used for any purpose other than analysis of data, please make this clear and make sure the participant indicates permission for these uses (see below).\nDescribe what will be done with the any video or audio tapes upon the completion of the study (destroyed, erased, archived, etc.), and when (after transcription,3 years, 5 years, etc.).\nIf being audio/video recorded is required to participate in the study, please make this clear on the consent form. Whether this is required is up to the PI, but if so it should be clear for the participant.\nIf recording is optional, provide a separate signature line on the consent form for the participant to agree to be video/audio taped or photographed. For example:\nPlease sign below if you are willing to have this interview recorded on tape (specify audio or video).You may still participate in this study if you are not willing to have the interview recorded.I am willing to have this interview recorded on tape:Signed: ______________ Date: __________\n10. Indicate that the participant shall receive a copy of the signed and dated consent form.\n11. Provide the name(s) of the investigator(s) and contact information.\n12. Indicate that the participant may contact the Institutional Review Board (IRB) with any concerns or complaints.\nInclude our email address (irbhp@cornell.edu), phone (607-255- 5138), andwebsite. (/offices/IRB)\nConcerns may also be reported anonymous through EthicsPoint online atwww.hotline.cornell.eduor by calling toll free 1-866-293-3077. Ethicspoint is an independent organization that serves as a liaison between the University and the person bringing the complaint so that anonymity can be ensured. (http://www.hotline.cornell.edu)\n13. Include at the bottom of the form:\u00a0\"This consent form will be kept by the researcher for at least three years beyond the end of the study and was approved by the IRB on [date].\"\nRemember, if the participant is under the age of 18, parental/guardian consent is required. This includes college and university students under the age of 18, unless the IRB approves a request for waiver of parental consent (at their discretion). If the participant is 7-17 years old, child assent is also required.\nResearch Involving Deception\nYou will need to explain the deception and the reason for it to the participant as soon as the study is completed.Deception (including incomplete disclosure) is a technique that is sometimes used in social and behavioral research, in order to avoid response bias or for other valid scientific reasons. However, deception conflicts the subject's ability to make a fully informed decision about whether or not to participate in the research. To mitigate this concern,debriefing is an essential part of the consent process whenever a study involves deception.\nOnce a participant has been debriefed, it is almost always appropriate to offer them the opportunity to withdraw their consent to participate.A template for creating a debrief can be found here:Sample Debriefing Statement. (/sites/default/files/2019-05/IRB_debriefing_template_4-30-13.pdf)\nCornell Guidance on Informed Consent\nInformed Consent Options, Processes, and Documentation (/policies/irb-policy-10-informed-consent-options-processes-and-documentation)\nInformed Consent - Research Involving Children (/policies/irb-policy-11-research-involving-children)\nInformed Consent - Research Involving Normal, Healthy Participants (/policies/irb-policy-13-informed-consent-enrollment-and-other-considerations-research-involving)\nInformed Consent - Research Involving Cornell Students (/policies/irb-policy-15-research-involving-cornell-students)\nInformed Consent - Research Involving Prisoners (/policies/irb-policy-12-human-participants-research-involving-prisoners)\nParent/Guardian Permission for Studies Involving Children (/sites/default/files/2019-05/Parent-Guardian%20Permission%20for%20Studies%20involving%20Children.pdf)\nGuidance for Protocols Involving Oral Consent (/sites/default/files/2019-05/Guidance_for_protocols_involving_oral_consent.docx)\nInformed Consent 101 Video (https://vod.video.cornell.edu/media/Informed+Consent+101/1_i0zhhdsa)\nIRB Consent Form Templates (/forms/irb-consent-form-templates)\nAbout the IRB Committee (/resources/about-irb-committee)\nThe Life Cycle of an IRB Protocol (/resources/life-cycle-irb-protocol)\nIRB Announcements & Newsletters (/resources/irb-announcements-newsletters)\nResearch with Human Participants (/compliance/human-research)\nIRB Training (/resources/irb-training)\nIRB Considerations: Human Participant Data, Data Sets and Internet Research (/resources/human-participant-data)\nIRB Biomedical Research (/resources/irb-biomedical-research)\nIRB Considerations for International Research (/resources/irb-considerations-international-research)\nIRB Considerations for Clinical Trials (/resources/irb-considerations-clinical-trials)\nMulti-site and Collaborative IRB Research (/resources/multi-site-and-collaborative-irb-research)\nQuick Reference\nRates (/rates)\nForms (/forms)\nPolicies (/policies)\nContacts (/contacts)\nTraining (/training)\nEvents (/events)\nNews & Announcements (/news)\n\u00a9 2019 Cornell University\nWeb Accessibility Help (mailto:rais-help@cornell.edu?subject=researchservices.cornell.edu%20site)"
}