{
    "URL location": "https://researchservices.cornell.edu/resources/foreign-currency-awards",
    "Last modification date": "2023-08-09T18:45Z",
    "Change frequency": "yearly",
    "Priority": "0.5",
    "Scraped Text": "Find guidance on funding and agency updates during the federal government transition(updated 3/19/2025) (/federal-transition)\nEssential ToolsFind My GCORASSExternalInstitutional Profile & DUNSIACUC applications (Cayuse Animal Management)Find Your Next Funding OpportunityIBC Applications (RASS-IBC)Research Development (ReD) ServicesIRB Applications (RASS-IRB)ExternalRates and budgetsReport external interests (RASS-COI)Join List ServsRASS Access Request FormAsk EHSExternalWeb Financials (WebFin2)ExternalCornell Data ServicesExternalPI DashboardExternalTravel RegistryExternalResearch Financials (formerly RA Dashboard)ExternalInternational research activitiesExternalRegister for Federal and Non-Federal SystemsDisclose Foreign Collaborations and SupportResearch metrics & executive dashboardsTraining (/about/essential-tools, /gco, http://guide.rass.cornell.edu/, /resources/institutional-profile-duns-and-uei-numbers, /resources/submit-new-iacuc-protocol, /proposal/Find-Your-Next-Funding-Opportunity, /resources/ibc-application-submission-review-and-approval, /research-development, https://rass.cornell.edu/irb, /proposal/budget, /compliance/conflict-of-interest, /resources/research-mailing-lists-list-servs, /resources/get-access-financial-sponsored-projects-data, https://tdx.cornell.edu/TDClient/42/Portal/Requests/TicketRequests/NewForm?ID=q5sab44D6GI_, http://webfin2.cornell.edu/, https://data.research.cornell.edu/, https://pidash.cornell.edu, https://travelregistry.cornell.edu/, http://radash.cornell.edu/, https://navigate.cornell.edu, /resources/register-federal-and-non-federal-systems, /proposal/disclose-foreign-collaborations-and-support, /resources/research-metrics, /training)\nFind My GCO (/gco)\nRASSExternal (http://guide.rass.cornell.edu/)\nInstitutional Profile & DUNS (/resources/institutional-profile-duns-and-uei-numbers)\nIACUC applications (Cayuse Animal Management) (/resources/submit-new-iacuc-protocol)\nFind Your Next Funding Opportunity (/proposal/Find-Your-Next-Funding-Opportunity)\nIBC Applications (RASS-IBC) (/resources/ibc-application-submission-review-and-approval)\nResearch Development (ReD) Services (/research-development)\nIRB Applications (RASS-IRB)External (https://rass.cornell.edu/irb)\nRates and budgets (/proposal/budget)\nReport external interests (RASS-COI) (/compliance/conflict-of-interest)\nJoin List Servs (/resources/research-mailing-lists-list-servs)\nRASS Access Request Form (/resources/get-access-financial-sponsored-projects-data)\nAsk EHSExternal (https://tdx.cornell.edu/TDClient/42/Portal/Requests/TicketRequests/NewForm?ID=q5sab44D6GI_)\nWeb Financials (WebFin2)External (http://webfin2.cornell.edu/)\nCornell Data ServicesExternal (https://data.research.cornell.edu/)\nPI DashboardExternal (https://pidash.cornell.edu)\nTravel RegistryExternal (https://travelregistry.cornell.edu/)\nResearch Financials (formerly RA Dashboard)External (http://radash.cornell.edu/)\nInternational research activitiesExternal (https://navigate.cornell.edu)\nRegister for Federal and Non-Federal Systems (/resources/register-federal-and-non-federal-systems)\nDisclose Foreign Collaborations and Support (/proposal/disclose-foreign-collaborations-and-support)\nResearch metrics & executive dashboards (/resources/research-metrics)\nTraining (/training)\nSearch (/search)\nForeign Currency Awards\nProcedures for handling agreements with foreign currency\nOccasionally the only option for an award will be in a foreign currency. The Office of Sponsored Programs (OSP) uses the following procedures and guidelines regarding award acceptance and to determine the U.S. dollar (USD) value of agreements made with foreign currency.\nReason for Procedure:Minimize foreign exchange risk to the University and identify responsibilities for the Office of Sponsored Programs (OSP), Sponsored Financial Services (SFS), and university units.\nResponsibilities\nOSP Responsibility:Be aware of risks involving the acceptance of agreements with terms in foreign currency, and negotiate with the sponsor to obtain the most favorable terms to mitigate such risk. Clearly identify the currency and exchange rates used for award valuation in RASS.\nSFS Responsibility:Issue invoices in accordance with the award, clearly identify the currency on the billing invoice, revalue the unexpended authorized portion of the award when foreign currency payments are received, and notify OSP to update award value in RASS.\nPI/Unit Responsibility:Monitor the award as appropriate to minimize the risk of currency fluctuation. Accept responsibility for any shortfalls, or benefit from any gains in the awarded amount, due to the foreign exchange rate.\nProcedures\nOSP should negotiate with the sponsor to set the agreement amount in U.S. dollars (USD) prior to final acceptance, whenever possible. If the sponsor will not convert the agreement to USD, advise the PI of the possible risks and:\nNegotiate to set payment terms as \"payment in full upon execution of the agreement.\" This will allow for a one-time currency exchange and reduce risk and possible loss of dollars; or\nNegotiate to set terms for a schedule of payments, remembering to obtain as much up front as possible to reduce risk due to fluctuation in the exchange rate; or\nNegotiate for monthly, quarterly, etc., reimbursement of costs. The exchange rate used would be the rate current at the time payment was received from the sponsor.\nRecord the award in RASS at the USD value obtained from theOanda Currency Converterat the time of execution. (https://www.oanda.com/currency/converter/)\nSFS will validate the conversion of the agreement to USD, regardless of the method of payment, at the time an account is established using theOanda Currency Converter. The agreement amount will be subsequently revalued at the time of each payment, and the PI/Unit is responsible for any shortfall or benefit from any gains. SFS will notify OSP of any fluctuation in the agreement amount. (https://www.oanda.com/currency/converter/)\n\nProject Finances (/manage/finances)\nSalary Cap Calculator (/rates/salary-cap-calculator)\nPI Dashboard (/resources/pi-dashboard)\nAccount Award Portfolio Dashboard (/resources/account-award-portfolio-dashboard)\nWebFin2 (/resources/webfin2)\nGet Access to Financial & Sponsored Projects Data (/resources/get-access-financial-sponsored-projects-data)\nBilling (Invoicing) Sponsors (/resources/billing-invoicing-sponsors)\nWho Can Help: Finance Staff (/resources/who-can-help-finance-staff)\nAccount Setup Details (/resources/account-setup-details)\nUniform Guidance for Federal Awards (/resources/uniform-guidance-federal-awards)\nPost-award Reference: Employee Benefits and Facility/Administrative Costs (/resources/post-award-reference-employee-benefits-and-facilityadministrative-costs)\nQuick Reference\nRates (/rates)\nForms (/forms)\nPolicies (/policies)\nContacts (/contacts)\nTraining (/training)\nEvents (/events)\nNews & Announcements (/news)\n\u00a9 2019 Cornell University\nWeb Accessibility Help (mailto:rais-help@cornell.edu?subject=researchservices.cornell.edu%20site)"
}