{
    "URL location": "https://researchservices.cornell.edu/resources/travel-costs",
    "Last modification date": "2019-06-18T05:09Z",
    "Change frequency": "never",
    "Priority": "0.5",
    "Scraped Text": "Find guidance on funding and agency updates during the federal government transition(updated 3/19/2025) (/federal-transition)\nEssential ToolsFind My GCORASSExternalInstitutional Profile & DUNSIACUC applications (Cayuse Animal Management)Find Your Next Funding OpportunityIBC Applications (RASS-IBC)Research Development (ReD) ServicesIRB Applications (RASS-IRB)ExternalRates and budgetsReport external interests (RASS-COI)Join List ServsRASS Access Request FormAsk EHSExternalWeb Financials (WebFin2)ExternalCornell Data ServicesExternalPI DashboardExternalTravel RegistryExternalResearch Financials (formerly RA Dashboard)ExternalInternational research activitiesExternalRegister for Federal and Non-Federal SystemsDisclose Foreign Collaborations and SupportResearch metrics & executive dashboardsTraining (/about/essential-tools, /gco, http://guide.rass.cornell.edu/, /resources/institutional-profile-duns-and-uei-numbers, /resources/submit-new-iacuc-protocol, /proposal/Find-Your-Next-Funding-Opportunity, /resources/ibc-application-submission-review-and-approval, /research-development, https://rass.cornell.edu/irb, /proposal/budget, /compliance/conflict-of-interest, /resources/research-mailing-lists-list-servs, /resources/get-access-financial-sponsored-projects-data, https://tdx.cornell.edu/TDClient/42/Portal/Requests/TicketRequests/NewForm?ID=q5sab44D6GI_, http://webfin2.cornell.edu/, https://data.research.cornell.edu/, https://pidash.cornell.edu, https://travelregistry.cornell.edu/, http://radash.cornell.edu/, https://navigate.cornell.edu, /resources/register-federal-and-non-federal-systems, /proposal/disclose-foreign-collaborations-and-support, /resources/research-metrics, /training)\nFind My GCO (/gco)\nRASSExternal (http://guide.rass.cornell.edu/)\nInstitutional Profile & DUNS (/resources/institutional-profile-duns-and-uei-numbers)\nIACUC applications (Cayuse Animal Management) (/resources/submit-new-iacuc-protocol)\nFind Your Next Funding Opportunity (/proposal/Find-Your-Next-Funding-Opportunity)\nIBC Applications (RASS-IBC) (/resources/ibc-application-submission-review-and-approval)\nResearch Development (ReD) Services (/research-development)\nIRB Applications (RASS-IRB)External (https://rass.cornell.edu/irb)\nRates and budgets (/proposal/budget)\nReport external interests (RASS-COI) (/compliance/conflict-of-interest)\nJoin List Servs (/resources/research-mailing-lists-list-servs)\nRASS Access Request Form (/resources/get-access-financial-sponsored-projects-data)\nAsk EHSExternal (https://tdx.cornell.edu/TDClient/42/Portal/Requests/TicketRequests/NewForm?ID=q5sab44D6GI_)\nWeb Financials (WebFin2)External (http://webfin2.cornell.edu/)\nCornell Data ServicesExternal (https://data.research.cornell.edu/)\nPI DashboardExternal (https://pidash.cornell.edu)\nTravel RegistryExternal (https://travelregistry.cornell.edu/)\nResearch Financials (formerly RA Dashboard)External (http://radash.cornell.edu/)\nInternational research activitiesExternal (https://navigate.cornell.edu)\nRegister for Federal and Non-Federal Systems (/resources/register-federal-and-non-federal-systems)\nDisclose Foreign Collaborations and Support (/proposal/disclose-foreign-collaborations-and-support)\nResearch metrics & executive dashboards (/resources/research-metrics)\nTraining (/training)\nSearch (/search)\nTravel Costs\nDuring budget preparation, consideration should be given to expenses for attending professional meetings, field work travel and living allowances, consultation with experts, and meetings required by the sponsor. Travel expenses and requests should be clearly justified and reasonable. The budget should be based on historical data,Cornell's Travel Policy, airline quotes from a travel agency, and sponsor guidelines. (https://www.dfa.cornell.edu/sites/default/files/vol3_2.pdf)\nTravel costs are classified as those expenses for transportation, lodging, subsistence and related items incurred by employees who are traveling on official University business.\nUnless otherwise stated by the sponsor, domestic travel is considered to be travel among any of the 50 United States, its possessions and territories, and Canada.\nForeign travel is classified as travel outside these areas.\nTravel in excess of commercial coach airfare is normally nonrecoverable.Foreign travel is a restricted category by most federal agencies and requires prior approval by the sponsor. When costs are charged to a federally-sponsored agreement the use ofU.S. flag carriers is required. (/resources/use-foreign-airlines-federal-funds)\nThe budget justification pageshould include:\nNumber of trips\nPurpose and relationship to the project\nEstimated costs for each trip\nFor foreign travel include the countries to be visited and the visit dates\nPer Diem Rates for Travel (/rates/diem-rates-travel)\nBudget, Costs, and Rates (/proposal/budget)\nOverview of Costs for Project Budgets (Budget and Costing Guide) (/resources/overview-costs-project-budgets-budget-and-costing-guide)\nBudget Templates and Budget Justification Templates (/resources/budget-templates-and-budget-justification-templates)\nEmployee Benefit (Fringe) Rates (/rates/employee-benefit-fringe-rates)\nEscalation Rates (/rates/escalation-rates)\nFacilities & Administrative (F&A) Rates (/rates/fa)\nPostdoctoral Associate Minimum Salary (/rates/postdoctoral-associate-minimum-salary)\nGrad Student Tuition, Health Benefits, and Stipend (/rates/grad-student-tuition-health-benefits-and-stipend)\nNIH Salary Cap (/rates/nih-salary-cap)\nWeill Cornell Medicine F&A and Benefits Rates (/rates/weill-cornell-medicine-fa-and-benefits-rates)\nQuick Reference\nRates (/rates)\nForms (/forms)\nPolicies (/policies)\nContacts (/contacts)\nTraining (/training)\nEvents (/events)\nNews & Announcements (/news)\n\u00a9 2019 Cornell University\nWeb Accessibility Help (mailto:rais-help@cornell.edu?subject=researchservices.cornell.edu%20site)"
}