{
    "URL location": "https://researchservices.cornell.edu/news/service-awards-honor-research-division-staff",
    "Last modification date": "2021-08-17T18:16Z",
    "Change frequency": "never",
    "Priority": "0.5",
    "Scraped Text": "Find guidance on funding and agency updates during the federal government transition(updated 3/19/2025) (/federal-transition)\nEssential ToolsFind My GCORASSExternalInstitutional Profile & DUNSIACUC applications (Cayuse Animal Management)Find Your Next Funding OpportunityIBC Applications (RASS-IBC)Research Development (ReD) ServicesIRB Applications (RASS-IRB)ExternalRates and budgetsReport external interests (RASS-COI)Join List ServsRASS Access Request FormAsk EHSExternalWeb Financials (WebFin2)ExternalCornell Data ServicesExternalPI DashboardExternalTravel RegistryExternalResearch Financials (formerly RA Dashboard)ExternalInternational research activitiesExternalRegister for Federal and Non-Federal SystemsDisclose Foreign Collaborations and SupportResearch metrics & executive dashboardsTraining (/about/essential-tools, /gco, http://guide.rass.cornell.edu/, /resources/institutional-profile-duns-and-uei-numbers, /resources/submit-new-iacuc-protocol, /proposal/Find-Your-Next-Funding-Opportunity, /resources/ibc-application-submission-review-and-approval, /research-development, https://rass.cornell.edu/irb, /proposal/budget, /compliance/conflict-of-interest, /resources/research-mailing-lists-list-servs, /resources/get-access-financial-sponsored-projects-data, https://tdx.cornell.edu/TDClient/42/Portal/Requests/TicketRequests/NewForm?ID=q5sab44D6GI_, http://webfin2.cornell.edu/, https://data.research.cornell.edu/, https://pidash.cornell.edu, https://travelregistry.cornell.edu/, http://radash.cornell.edu/, https://navigate.cornell.edu, /resources/register-federal-and-non-federal-systems, /proposal/disclose-foreign-collaborations-and-support, /resources/research-metrics, /training)\nFind My GCO (/gco)\nRASSExternal (http://guide.rass.cornell.edu/)\nInstitutional Profile & DUNS (/resources/institutional-profile-duns-and-uei-numbers)\nIACUC applications (Cayuse Animal Management) (/resources/submit-new-iacuc-protocol)\nFind Your Next Funding Opportunity (/proposal/Find-Your-Next-Funding-Opportunity)\nIBC Applications (RASS-IBC) (/resources/ibc-application-submission-review-and-approval)\nResearch Development (ReD) Services (/research-development)\nIRB Applications (RASS-IRB)External (https://rass.cornell.edu/irb)\nRates and budgets (/proposal/budget)\nReport external interests (RASS-COI) (/compliance/conflict-of-interest)\nJoin List Servs (/resources/research-mailing-lists-list-servs)\nRASS Access Request Form (/resources/get-access-financial-sponsored-projects-data)\nAsk EHSExternal (https://tdx.cornell.edu/TDClient/42/Portal/Requests/TicketRequests/NewForm?ID=q5sab44D6GI_)\nWeb Financials (WebFin2)External (http://webfin2.cornell.edu/)\nCornell Data ServicesExternal (https://data.research.cornell.edu/)\nPI DashboardExternal (https://pidash.cornell.edu)\nTravel RegistryExternal (https://travelregistry.cornell.edu/)\nResearch Financials (formerly RA Dashboard)External (http://radash.cornell.edu/)\nInternational research activitiesExternal (https://navigate.cornell.edu)\nRegister for Federal and Non-Federal Systems (/resources/register-federal-and-non-federal-systems)\nDisclose Foreign Collaborations and Support (/proposal/disclose-foreign-collaborations-and-support)\nResearch metrics & executive dashboards (/resources/research-metrics)\nTraining (/training)\nSearch (/search)\nService Awards Honor Research Division Staff\nThe Research Division salutes our service awardees for their dedicated work to advance research and innovation at Cornell. The following colleagues have been recognized for work anniversaries ranging from 5 to 40 years!\nTina Abratte\nMegan Adams\nClifford Beebe\nPaul Bishop\nYadira Bordlemay Padilla\nAdam Brazier\nCarl Brown\nDavid Burke\nRyan Carey\nPhilip Carubia\nTarek Chams\nJeremy Clark\nDavid Collins\nHolly Conklin\nRichard Coyle\nDaniel Czebiniak\nPaul Davis\nStacey Depew\nKristie Devine\nSuzanna Dodge\nKellie Eldred\nChristopher Evans\nJohn Flaherty\nBill Franklin\nKurt Fritjofson\nRichard Gallagher\nThomas Goodness\nScott Hartman\nJerry Houghton\nPaul Houle\nTyler Howland\nKatie Jacoby\nBecky Jantz\nBrent Johnson\nJessica Jones\nCsilla Kajtar\nRobert Kenyon\nBrandon Kowalski\nYalverton Luckain\nBridget MacRae\nJeff Mattison\nJonathan McDonald\nKurt McDonald\nStanley McFall\nRandy Miller\nDavid Mooneyhan\nKatie Moring\nJennifer Mosher\nSusan Newman\nEmily Nielsen\nTim Parsons\nRenee Passeri\nJulie Phelps\nBrett Powell\nJames Pulver\nPaige Reeves\nPaul Reyes\nMichael Roman\nKaryn Roorda\nJohn Ruffing\nRick Ryan\nLindsay Schaffner\nJames Sears\nLonie Sheldon\nMariena Silvestry Ramos\nStephanie Slate\nRobert Sprankle\nDave Spurgin\nKatherine Strednak\nMichael Tracy\nSuzy Trautman\nJames Vanee\nDaniel Viviano\nLarry Wager\nLouis Walcer\nColumbia Warren\nKathleen Weldon\nJudy Wilson\nLaurel Ying\nQuick Reference\nRates (/rates)\nForms (/forms)\nPolicies (/policies)\nContacts (/contacts)\nTraining (/training)\nEvents (/events)\nNews & Announcements (/news)\n\u00a9 2019 Cornell University\nWeb Accessibility Help (mailto:rais-help@cornell.edu?subject=researchservices.cornell.edu%20site)"
}