{
    "URL location": "https://researchservices.cornell.edu/policies/guide-conflict-managers-cmps-implemented-fcoi-committee",
    "Last modification date": "2019-06-21T19:07Z",
    "Change frequency": "never",
    "Priority": "0.5",
    "Scraped Text": "Find guidance on funding and agency updates during the federal government transition(updated 3/19/2025) (/federal-transition)\nEssential ToolsFind My GCORASSExternalInstitutional Profile & DUNSIACUC applications (Cayuse Animal Management)Find Your Next Funding OpportunityIBC Applications (RASS-IBC)Research Development (ReD) ServicesIRB Applications (RASS-IRB)ExternalRates and budgetsReport external interests (RASS-COI)Join List ServsRASS Access Request FormAsk EHSExternalWeb Financials (WebFin2)ExternalCornell Data ServicesExternalPI DashboardExternalTravel RegistryExternalResearch Financials (formerly RA Dashboard)ExternalInternational research activitiesExternalRegister for Federal and Non-Federal SystemsDisclose Foreign Collaborations and SupportResearch metrics & executive dashboardsTraining (/about/essential-tools, /gco, http://guide.rass.cornell.edu/, /resources/institutional-profile-duns-and-uei-numbers, /resources/submit-new-iacuc-protocol, /proposal/Find-Your-Next-Funding-Opportunity, /resources/ibc-application-submission-review-and-approval, /research-development, https://rass.cornell.edu/irb, /proposal/budget, /compliance/conflict-of-interest, /resources/research-mailing-lists-list-servs, /resources/get-access-financial-sponsored-projects-data, https://tdx.cornell.edu/TDClient/42/Portal/Requests/TicketRequests/NewForm?ID=q5sab44D6GI_, http://webfin2.cornell.edu/, https://data.research.cornell.edu/, https://pidash.cornell.edu, https://travelregistry.cornell.edu/, http://radash.cornell.edu/, https://navigate.cornell.edu, /resources/register-federal-and-non-federal-systems, /proposal/disclose-foreign-collaborations-and-support, /resources/research-metrics, /training)\nFind My GCO (/gco)\nRASSExternal (http://guide.rass.cornell.edu/)\nInstitutional Profile & DUNS (/resources/institutional-profile-duns-and-uei-numbers)\nIACUC applications (Cayuse Animal Management) (/resources/submit-new-iacuc-protocol)\nFind Your Next Funding Opportunity (/proposal/Find-Your-Next-Funding-Opportunity)\nIBC Applications (RASS-IBC) (/resources/ibc-application-submission-review-and-approval)\nResearch Development (ReD) Services (/research-development)\nIRB Applications (RASS-IRB)External (https://rass.cornell.edu/irb)\nRates and budgets (/proposal/budget)\nReport external interests (RASS-COI) (/compliance/conflict-of-interest)\nJoin List Servs (/resources/research-mailing-lists-list-servs)\nRASS Access Request Form (/resources/get-access-financial-sponsored-projects-data)\nAsk EHSExternal (https://tdx.cornell.edu/TDClient/42/Portal/Requests/TicketRequests/NewForm?ID=q5sab44D6GI_)\nWeb Financials (WebFin2)External (http://webfin2.cornell.edu/)\nCornell Data ServicesExternal (https://data.research.cornell.edu/)\nPI DashboardExternal (https://pidash.cornell.edu)\nTravel RegistryExternal (https://travelregistry.cornell.edu/)\nResearch Financials (formerly RA Dashboard)External (http://radash.cornell.edu/)\nInternational research activitiesExternal (https://navigate.cornell.edu)\nRegister for Federal and Non-Federal Systems (/resources/register-federal-and-non-federal-systems)\nDisclose Foreign Collaborations and Support (/proposal/disclose-foreign-collaborations-and-support)\nResearch metrics & executive dashboards (/resources/research-metrics)\nTraining (/training)\nSearch (/search)\nGuide for Conflict Managers for CMPs Implemented by the FCOI Committee\nApplicable to the Ithaca Campus\nThis is an approved guidance document, detailing the role and responsibilities of Conflict Managers, who are responsible for overseeing compliance with conflict management plans.\nIntroduction\nUnder CornellPolicy 1.7, a Financial Conflict of Interest (FCOI) arises when an individual\u2019s financial interest or other opportunity for personal financial gain, is likely to or may appear likely to compromise or influence the objective design, conduct, reporting, or direct administration of research. \u00a0The facultyFinancial Conflict of Interest Committee(FCOIC) is charged with ensuring that real or apparent FCOIs are identified, that appropriate measures are taken to address the risk or appearance of bias in research, and to assure that University policies and guidelines that govern any outside engagement of academic personnel are followed, while allowing personal financial and professional freedom of the individual whose conflicts are being managed.\u00a0 FCOIs are addressed by implementing aConflict Management Plan (CMP). (https://www.dfa.cornell.edu/sites/default/files/policy/vol1_7.pdf, /resources/financial-conflicts-interest-committee, /resources/how-are-conflicts-interest-reviewed-and-managed)\nA critical step in managing any FCOI is the appointment of a Conflict Manager (CM). \u00a0It is the duty of the CM to oversee compliance with the CMP, serve as a resource for the individual whose conflict is under management, and act as a liaison to the Conflict of Interest office.\nWho may serve as a Conflict Manager\nThe FCOIC implements a CMP and appoints a CM for each individual whose external interests may present a FCOI. Typically, the Chair of a Cornell department is asked to serve as the CM for any CMP involving individuals in his or her department.\u00a0 If, however, the Chair has a relationship with the entity described in the CMP (for example, a financial interest or an advisory role) or participates directly in the research covered by the CMP (for example, as a collaborator, advisor, or reviewer), then in consultation with the college leadership and the managed individual, the FCOIC may call upon another senior member of the faculty or staff, unaffiliated with the research or the external entity, to serve as the CM.\nRole of the Conflict Manager\nIt is the role of the CM to oversee compliance with the CMP and serve as a resource for the individual whose conflicts are under management, as well as to staff and students affected by the research.\u00a0 This guidance outlines the specific responsibilities of a CM, however recognizing that it is not possible to cover every possible instance that may arise in the course of managing a conflict, CMs should consult with the Cornell COI office for guidance on specific matters.\nSpecific duties of the CM are as follows:\nensure that appropriate disclosures have been made to students, employees, collaborators, publishers, and in conferences as required in the CMP;\nmeet with the managed individual\u2019s students annually to discuss any concerns related to the managed relationship;\nmeet with the managed individual annually or as required by the FCOIC, to assess compliance with the terms of the CMP;\nsubmit an annual report of compliance with the terms of the CMP, including a copy of the completed checklist included in the CMP, to the FCOIC;\nserve as a liaison between the FCOIC and the managed individual to implement any changes to the CMP that are required due to changes in circumstances or relationship between the managed individual and the entity, or between their research and the entity;\nreview and approve any proposed purchases of products or services by the managed individual or his or her staff or students, from the entity;\nreport to the COI office any concerns raised by students, employees, or collaborators concerning the FCOI managed under the CMP or research that is related to the managed entity, and partner with the FCOIC as necessary to address and resolve those concerns\nIf the entity seeks to sponsor Cornell research under the supervision of the managed individual, the CM may be required to provide additional oversight, such as:\nreview and sign-off on budget expenditures and budget reports for Cornell research that is sponsored by the managed entity;\nif the managed individual acts as the Chair or member of the Special Committee of any graduate student who will be working on projects funded by the managed entity, meet with the Special Committee at the initiation of the project or within 30 days of the execution of the CMP to make sure that all members are made aware of and review the CMP, and are aware of their responsibility to take adequate measures to protect the student\u2019s progress and ability to publish and meet degree requirements;\nif the FCOIC requires the appointment of a Co-PI for an entity-sponsored project, assist in identifying an appropriate person to serve as the Co-PI and ensure that the Co-PI is able to execute his/her responsibilities to the project as required by the sponsor and the FCOIC\nIf the managed individual seeks to issue a sub-award to the entity with which s/he has the managed relationship, the CM will:\nReview and approve any increases over $5,000 in sub-award funding to the entity\nAdditional Information\nFor additional information about the role of the Conflict Manager, please contact theCOI Office. (/offices/coi)\nQuick Reference\nRates (/rates)\nForms (/forms)\nPolicies (/policies)\nContacts (/contacts)\nTraining (/training)\nEvents (/events)\nNews & Announcements (/news)\n\u00a9 2019 Cornell University\nWeb Accessibility Help (mailto:rais-help@cornell.edu?subject=researchservices.cornell.edu%20site)"
}