{
    "URL location": "https://researchservices.cornell.edu/training/training-unit-research-administrators",
    "Last modification date": "2024-11-13T02:20Z",
    "Change frequency": "yearly",
    "Priority": "0.5",
    "Scraped Text": "Find guidance on funding and agency updates during the federal government transition(updated 3/19/2025) (/federal-transition)\nEssential ToolsFind My GCORASSExternalInstitutional Profile & DUNSIACUC applications (Cayuse Animal Management)Find Your Next Funding OpportunityIBC Applications (RASS-IBC)Research Development (ReD) ServicesIRB Applications (RASS-IRB)ExternalRates and budgetsReport external interests (RASS-COI)Join List ServsRASS Access Request FormAsk EHSExternalWeb Financials (WebFin2)ExternalCornell Data ServicesExternalPI DashboardExternalTravel RegistryExternalResearch Financials (formerly RA Dashboard)ExternalInternational research activitiesExternalRegister for Federal and Non-Federal SystemsDisclose Foreign Collaborations and SupportResearch metrics & executive dashboardsTraining (/about/essential-tools, /gco, http://guide.rass.cornell.edu/, /resources/institutional-profile-duns-and-uei-numbers, /resources/submit-new-iacuc-protocol, /proposal/Find-Your-Next-Funding-Opportunity, /resources/ibc-application-submission-review-and-approval, /research-development, https://rass.cornell.edu/irb, /proposal/budget, /compliance/conflict-of-interest, /resources/research-mailing-lists-list-servs, /resources/get-access-financial-sponsored-projects-data, https://tdx.cornell.edu/TDClient/42/Portal/Requests/TicketRequests/NewForm?ID=q5sab44D6GI_, http://webfin2.cornell.edu/, https://data.research.cornell.edu/, https://pidash.cornell.edu, https://travelregistry.cornell.edu/, http://radash.cornell.edu/, https://navigate.cornell.edu, /resources/register-federal-and-non-federal-systems, /proposal/disclose-foreign-collaborations-and-support, /resources/research-metrics, /training)\nFind My GCO (/gco)\nRASSExternal (http://guide.rass.cornell.edu/)\nInstitutional Profile & DUNS (/resources/institutional-profile-duns-and-uei-numbers)\nIACUC applications (Cayuse Animal Management) (/resources/submit-new-iacuc-protocol)\nFind Your Next Funding Opportunity (/proposal/Find-Your-Next-Funding-Opportunity)\nIBC Applications (RASS-IBC) (/resources/ibc-application-submission-review-and-approval)\nResearch Development (ReD) Services (/research-development)\nIRB Applications (RASS-IRB)External (https://rass.cornell.edu/irb)\nRates and budgets (/proposal/budget)\nReport external interests (RASS-COI) (/compliance/conflict-of-interest)\nJoin List Servs (/resources/research-mailing-lists-list-servs)\nRASS Access Request Form (/resources/get-access-financial-sponsored-projects-data)\nAsk EHSExternal (https://tdx.cornell.edu/TDClient/42/Portal/Requests/TicketRequests/NewForm?ID=q5sab44D6GI_)\nWeb Financials (WebFin2)External (http://webfin2.cornell.edu/)\nCornell Data ServicesExternal (https://data.research.cornell.edu/)\nPI DashboardExternal (https://pidash.cornell.edu)\nTravel RegistryExternal (https://travelregistry.cornell.edu/)\nResearch Financials (formerly RA Dashboard)External (http://radash.cornell.edu/)\nInternational research activitiesExternal (https://navigate.cornell.edu)\nRegister for Federal and Non-Federal Systems (/resources/register-federal-and-non-federal-systems)\nDisclose Foreign Collaborations and Support (/proposal/disclose-foreign-collaborations-and-support)\nResearch metrics & executive dashboards (/resources/research-metrics)\nTraining (/training)\nSearch (/search)\n\nTraining for Unit Research Administrators\nRecommended documentation and training for unit research administrators. Includes courses, contacts, and how to information for the Research Administration Support System (RASS).\nPreaward\nResearch Services website (/node/2666)\nResearch Administration Support System (RASS): Sponsored Projects: How to\u2026Create a proposalCreate a proposal budgetCreate a proposal budget with cost shareCreate a review requirementAdd a subawardCreate a pre-proposal letter of intentCreate non-financial agreementAdd connected records to proposal or project (https://guide.rass.cornell.edu/sponsored-projects/)\nCreate a proposal\nCreate a proposal budget\nCreate a proposal budget with cost share\nCreate a review requirement\nAdd a subaward\nCreate a pre-proposal letter of intent\nCreate non-financial agreement\nAdd connected records to proposal or project\nPostaward Financial (listed in recommended order)\n*FIN 101 Policy Considerations in Accounting(on demand) (https://finance.cornell.edu/tools-library/training/fin-101-policy-considerations-accounting)\n*FIN 108 Unallowable Expenses(virtual) (https://finance.cornell.edu/tools-library/training/fin-108-unallowable-expenses)\n*FIN 114 Financial Management of Sponsored Projects(virtual) (https://finance.cornell.edu/tools-library/training/fin-114-financial-management-sponsored-projects)\n*FIN 115 Financial Reporting Dashboards(virtual) (https://finance.cornell.edu/tools-library/training/fin-115-financial-reporting-dashboard-sponsored-financial-activity)\n*FIN 116 Post Award Administration Requirements(on demand, self-paced modules) (https://finance.cornell.edu/tools-library/training/fin-116-post-award-administration-requirements)\n*FIN 203 Internal Controls at Cornell University (https://finance.cornell.edu/tools-library/training/fin-203-internal-controls-cornell-university)\nOther financial courses for Kuali Financial System, Procurement, Capital Assets (https://finance.cornell.edu/training-library)\nNote: Most financial courses can be accessed or registered throughWorkday Learning(enter FIN into search box). (https://www.myworkday.com/cornell/learning)\nResearch Administration Support System (RASS): Sponsored Projects: How to\u2026 (https://guide.rass.cornell.edu/sponsored-projects/)\nSubmit change requests for awards, subawards or NFAs\nEnter deliverable date submitted\nInitiate a subaward\nGeneral\nSign up forCU-DEPTRESEARCHADMIN-L e-mail list (/resources/research-mailing-lists-list-servs)\nRegularly attendOffice of Sponsored Programs (OSP) RoundtablesandSponsored Financial Services (SFS) Dialogs (/training/osp-roundtables, https://cornell.zoom.us/webinar/register/WN_iZLKVpXGTXq2uIrgUeOnhQ#/registration)\nWithin 90 days of assuming the role sign-up for theResearch Administration Certification Program. Note that there is limited capacity in this program, so it may take 6-12 months to be admitted. (/training/racp)\nResearch Administration Support System (RASS): Sponsored Projects: How to\u2026Submit change requests for awards, subawards, or NFAsEnter project deliverable submitted datesInitiate a subaward (https://guide.rass.cornell.edu/sponsored-projects/)\nSubmit change requests for awards, subawards, or NFAs\nEnter project deliverable submitted dates\nInitiate a subaward\nOther Resources\nTraining listingson Research Services website (/training)\nNational Council of University Research Administrators (NCURA)videos available on demand (no charge) (/training/national-council-university-research-administrators-ncura-training-resources)\nFederal Grants Management Course (FGM 101) (https://researchservices.cornell.edu/training/federal-grants-management-course-fgm-101)\nArchived SFS training (https://finance.cornell.edu/sfs/managingawards/policies#documents)\nArchived OSP RoundtablesProposal Preparation Best Practices (August 2022)Subawards on Sponsored Projects (September 2023)Cost-sharing on Sponsored Awards (October 2023)Become a Prior Approval Expert! (March 2022) (/training/osp-roundtables)\nProposal Preparation Best Practices (August 2022)\nSubawards on Sponsored Projects (September 2023)\nCost-sharing on Sponsored Awards (October 2023)\nBecome a Prior Approval Expert! (March 2022)\nResearch Services websiteManage a ProjectClose a Project (/node/2666, /manage, /close-project)\nManage a Project (/manage)\nClose a Project (/close-project)\nSponsored Financial Services website (https://finance.cornell.edu/sfs)\nOther Division of Financial Services courses, which can be found inWorkday Learning(enter FIN into search box). (https://www.myworkday.com/cornell/learning)\nNational Council of University Research Administratorsonline, regional, and national training programs (fee required) (https://www.ncura.edu/)\nSociety of Research Administrators Internationalonline, regional, and national training programs (fee required) (https://www.srainternational.org/home)\nResearch Administrators Certification Council (https://www.cra-cert.org/)\nQuick Reference\nRates (/rates)\nForms (/forms)\nPolicies (/policies)\nContacts (/contacts)\nTraining (/training)\nEvents (/events)\nNews & Announcements (/news)\n\u00a9 2019 Cornell University\nWeb Accessibility Help (mailto:rais-help@cornell.edu?subject=researchservices.cornell.edu%20site)"
}