{
    "URL location": "https://researchservices.cornell.edu/resources/account-setup-details",
    "Last modification date": "2023-08-04T15:31Z",
    "Change frequency": "yearly",
    "Priority": "0.5",
    "Scraped Text": "Find guidance on funding and agency updates during the federal government transition(updated 3/19/2025) (/federal-transition)\nEssential ToolsFind My GCORASSExternalInstitutional Profile & DUNSIACUC applications (Cayuse Animal Management)Find Your Next Funding OpportunityIBC Applications (RASS-IBC)Research Development (ReD) ServicesIRB Applications (RASS-IRB)ExternalRates and budgetsReport external interests (RASS-COI)Join List ServsRASS Access Request FormAsk EHSExternalWeb Financials (WebFin2)ExternalCornell Data ServicesExternalPI DashboardExternalTravel RegistryExternalResearch Financials (formerly RA Dashboard)ExternalInternational research activitiesExternalRegister for Federal and Non-Federal SystemsDisclose Foreign Collaborations and SupportResearch metrics & executive dashboardsTraining (/about/essential-tools, /gco, http://guide.rass.cornell.edu/, /resources/institutional-profile-duns-and-uei-numbers, /resources/submit-new-iacuc-protocol, /proposal/Find-Your-Next-Funding-Opportunity, /resources/ibc-application-submission-review-and-approval, /research-development, https://rass.cornell.edu/irb, /proposal/budget, /compliance/conflict-of-interest, /resources/research-mailing-lists-list-servs, /resources/get-access-financial-sponsored-projects-data, https://tdx.cornell.edu/TDClient/42/Portal/Requests/TicketRequests/NewForm?ID=q5sab44D6GI_, http://webfin2.cornell.edu/, https://data.research.cornell.edu/, https://pidash.cornell.edu, https://travelregistry.cornell.edu/, http://radash.cornell.edu/, https://navigate.cornell.edu, /resources/register-federal-and-non-federal-systems, /proposal/disclose-foreign-collaborations-and-support, /resources/research-metrics, /training)\nFind My GCO (/gco)\nRASSExternal (http://guide.rass.cornell.edu/)\nInstitutional Profile & DUNS (/resources/institutional-profile-duns-and-uei-numbers)\nIACUC applications (Cayuse Animal Management) (/resources/submit-new-iacuc-protocol)\nFind Your Next Funding Opportunity (/proposal/Find-Your-Next-Funding-Opportunity)\nIBC Applications (RASS-IBC) (/resources/ibc-application-submission-review-and-approval)\nResearch Development (ReD) Services (/research-development)\nIRB Applications (RASS-IRB)External (https://rass.cornell.edu/irb)\nRates and budgets (/proposal/budget)\nReport external interests (RASS-COI) (/compliance/conflict-of-interest)\nJoin List Servs (/resources/research-mailing-lists-list-servs)\nRASS Access Request Form (/resources/get-access-financial-sponsored-projects-data)\nAsk EHSExternal (https://tdx.cornell.edu/TDClient/42/Portal/Requests/TicketRequests/NewForm?ID=q5sab44D6GI_)\nWeb Financials (WebFin2)External (http://webfin2.cornell.edu/)\nCornell Data ServicesExternal (https://data.research.cornell.edu/)\nPI DashboardExternal (https://pidash.cornell.edu)\nTravel RegistryExternal (https://travelregistry.cornell.edu/)\nResearch Financials (formerly RA Dashboard)External (http://radash.cornell.edu/)\nInternational research activitiesExternal (https://navigate.cornell.edu)\nRegister for Federal and Non-Federal Systems (/resources/register-federal-and-non-federal-systems)\nDisclose Foreign Collaborations and Support (/proposal/disclose-foreign-collaborations-and-support)\nResearch metrics & executive dashboards (/resources/research-metrics)\nTraining (/training)\nSearch (/search)\nAccount Setup Details\nOnce an award is fully executed, a contract control account is required to segregate the funding. The unit or service center is responsible for the creation of the control account.\nDistinct accounts or sub-accounts can be established based on the project's financial management needs.\nEstablishing Accounts in KFS\nThe following KFS Standard Operating Procedures define the use of Account and Sub-Account attributes:\nAccount (PDF, 1.1 MB) (https://www.dfa.cornell.edu/sites/default/files/coa-account.pdf)\nSub-Account (PDF, 739 KB) (https://www.dfa.cornell.edu/sites/default/files/coa-sub-account.pdf)\nCost Share Sub-Accounts\u00a0(PDF, 865 KB) (https://www.dfa.cornell.edu/sites/default/files/cg-cost-share-sub-account.pdf)\nOther References\nCG Responsibility ID\nTo avoid delays in account approval, a Contract and Grant account requires a CG Responsibility ID (Contract and Grant tab).\nTo determine the CG Rep ID associated with SFS staff and the appropriate\u00a0agency refer toWho Can Help: Finance Staff. (/resources/who-can-help-finance-staff)\nNote:It is\u00a0important to add the appropriate ID based on the agency.\u00a0Otherwise, delays in review\u00a0and approval may occur.\nContract and Grant Sub-Funds\nDescriptions for each sub-fund within Fund Group CG, Contract & Grant:Contract and Grant Sub Fund Listing (PDF, 89\u00a0KB) (https://www.dfa.cornell.edu/sites/default/files/contract-grant-subfunds.pdf)\nIndirect Cost Recovery\nA Contract & Grant account requires an Indirect Cost Recovery Account.\nFor projects recovering Indirect Costs >= 25%, the principle investigator (PI) is eligible for a 2% return of indirect. In this instance, 98% is recovered to the College Recovery Account (refer to matrix below), and 2% is recovered to the PI's discretionary account.\nFor projects not eligible for the return (i.e., projects that recovery <25%), 100% of the indirect cost is recovered to the college account.\nIndirect Cost Recovery Matrix (PDF, 105\u00a0KB) (https://www.dfa.cornell.edu/sites/default/files/indirect-cost-recovery-account-matrix.pdf)\nResearch Administration Forum\nFor additional tips, refer to the slide presentation from the Research Forum 09/22/2015.\nResearch Administration Forum-Establishing the Control Account (PDF, 928 KB) (https://www.dfa.cornell.edu/sites/default/files/research-admin-forum-20150922.pdf)\nWebEx Recorded Session (MP4 Video, 23 MB) (https://www.dfa.cornell.edu/sites/default/files/research-admin-forum-20150922.mp4)\nQuestions?\nMichelle Bollock-Smith,\u00a0(607) 255-5086 (mailto:mb114@cornell.edu)\nSFS Help (mailto:sfs-help@cornell.edu)\nMonitoring Project Expenditures (/resources/monitoring-project-expenditures)\nProject Finances (/manage/finances)\nSalary Cap Calculator (/rates/salary-cap-calculator)\nPI Dashboard (/resources/pi-dashboard)\nAccount Award Portfolio Dashboard (/resources/account-award-portfolio-dashboard)\nWebFin2 (/resources/webfin2)\nGet Access to Financial & Sponsored Projects Data (/resources/get-access-financial-sponsored-projects-data)\nBilling (Invoicing) Sponsors (/resources/billing-invoicing-sponsors)\nForeign Currency Awards (/resources/foreign-currency-awards)\nWho Can Help: Finance Staff (/resources/who-can-help-finance-staff)\nUniform Guidance for Federal Awards (/resources/uniform-guidance-federal-awards)\nQuick Reference\nRates (/rates)\nForms (/forms)\nPolicies (/policies)\nContacts (/contacts)\nTraining (/training)\nEvents (/events)\nNews & Announcements (/news)\n\u00a9 2019 Cornell University\nWeb Accessibility Help (mailto:rais-help@cornell.edu?subject=researchservices.cornell.edu%20site)"
}