{
    "URL location": "https://researchservices.cornell.edu/proposal/subcontracts",
    "Last modification date": "2023-09-19T20:59Z",
    "Change frequency": "yearly",
    "Priority": "0.5",
    "Scraped Text": "Find guidance on funding and agency updates during the federal government transition(updated 3/19/2025) (/federal-transition)\nEssential ToolsFind My GCORASSExternalInstitutional Profile & DUNSIACUC applications (Cayuse Animal Management)Find Your Next Funding OpportunityIBC Applications (RASS-IBC)Research Development (ReD) ServicesIRB Applications (RASS-IRB)ExternalRates and budgetsReport external interests (RASS-COI)Join List ServsRASS Access Request FormAsk EHSExternalWeb Financials (WebFin2)ExternalCornell Data ServicesExternalPI DashboardExternalTravel RegistryExternalResearch Financials (formerly RA Dashboard)ExternalInternational research activitiesExternalRegister for Federal and Non-Federal SystemsDisclose Foreign Collaborations and SupportResearch metrics & executive dashboardsTraining (/about/essential-tools, /gco, http://guide.rass.cornell.edu/, /resources/institutional-profile-duns-and-uei-numbers, /resources/submit-new-iacuc-protocol, /proposal/Find-Your-Next-Funding-Opportunity, /resources/ibc-application-submission-review-and-approval, /research-development, https://rass.cornell.edu/irb, /proposal/budget, /compliance/conflict-of-interest, /resources/research-mailing-lists-list-servs, /resources/get-access-financial-sponsored-projects-data, https://tdx.cornell.edu/TDClient/42/Portal/Requests/TicketRequests/NewForm?ID=q5sab44D6GI_, http://webfin2.cornell.edu/, https://data.research.cornell.edu/, https://pidash.cornell.edu, https://travelregistry.cornell.edu/, http://radash.cornell.edu/, https://navigate.cornell.edu, /resources/register-federal-and-non-federal-systems, /proposal/disclose-foreign-collaborations-and-support, /resources/research-metrics, /training)\nFind My GCO (/gco)\nRASSExternal (http://guide.rass.cornell.edu/)\nInstitutional Profile & DUNS (/resources/institutional-profile-duns-and-uei-numbers)\nIACUC applications (Cayuse Animal Management) (/resources/submit-new-iacuc-protocol)\nFind Your Next Funding Opportunity (/proposal/Find-Your-Next-Funding-Opportunity)\nIBC Applications (RASS-IBC) (/resources/ibc-application-submission-review-and-approval)\nResearch Development (ReD) Services (/research-development)\nIRB Applications (RASS-IRB)External (https://rass.cornell.edu/irb)\nRates and budgets (/proposal/budget)\nReport external interests (RASS-COI) (/compliance/conflict-of-interest)\nJoin List Servs (/resources/research-mailing-lists-list-servs)\nRASS Access Request Form (/resources/get-access-financial-sponsored-projects-data)\nAsk EHSExternal (https://tdx.cornell.edu/TDClient/42/Portal/Requests/TicketRequests/NewForm?ID=q5sab44D6GI_)\nWeb Financials (WebFin2)External (http://webfin2.cornell.edu/)\nCornell Data ServicesExternal (https://data.research.cornell.edu/)\nPI DashboardExternal (https://pidash.cornell.edu)\nTravel RegistryExternal (https://travelregistry.cornell.edu/)\nResearch Financials (formerly RA Dashboard)External (http://radash.cornell.edu/)\nInternational research activitiesExternal (https://navigate.cornell.edu)\nRegister for Federal and Non-Federal Systems (/resources/register-federal-and-non-federal-systems)\nDisclose Foreign Collaborations and Support (/proposal/disclose-foreign-collaborations-and-support)\nResearch metrics & executive dashboards (/resources/research-metrics)\nTraining (/training)\nSearch (/search)\nSubawards in a Proposal\nThis page is specifically about creating a proposal including a subaward. SeeManaging Subawardsfor information about projects that have moved past the proposal stage. (/process/managing-subawards)\nGet Help\nIf you need assistance with subaward (a portion of the work related to your project will be done by another entity),contact your Grant\u00a0and Contract\u00a0Officer. (/gco)\nKey Concepts\nKnow the difference between a subaward and a contract for services.Details available on the Proposing a Subaward page. (/resources/proposing-subaward)\nThe PI is responsible for opening and maintaining communication with the subrecipient.See more information about roles and responsibilities. (/resources/subawards-roles-and-responsibilities)\nDeadlines are more complicated when you are working with a subaward. Be sure you share any internal Cornell deadlines with your collaborators so you're able to collect the documentation you need in time.\nWhen Cornell is the Subawardee\nIf Cornell is the recipient of a subaward, for example, collaborating on a project with another university which has received a grant from a sponsor, the project proposal from Cornell is treated the same as any other submitted to a sponsor.\nCornell may have some subawardee obligations, however, such as completing thesubrecipient profile questionnaire. (/resources/federal-demonstration-partnership-fdp-expanded-clearinghouse-program)\nCollaborating with Weill Cornell Medicine (/process/collaborating-weill-cornell-medicine)\nTammy Wildenstein - Subaward Officer | Federal Team (/contact/tlw62)\nPrepare a Proposal (/proposal)\nProposing a Subaward (/resources/proposing-subaward)\nSubawards: Roles and Responsibilities (/resources/subawards-roles-and-responsibilities)\nSubcontractor Commitment Form (/forms/subcontractor-commitment-form)\nFederal Demonstration Partnership (FDP) Expanded Clearinghouse Program (/resources/federal-demonstration-partnership-fdp-expanded-clearinghouse-program)\nSubawards: Risk Assessment (/resources/subawards-risk-assessment)\nPayments to Subrecipients on Sponsored Projects (/resources/payments-subrecipients-sponsored-projects)\nAmendment to Subaward Agreements (/resources/amendment-subaward-agreements)\nSubrecipient Monitoring: Financial and Technical (/resources/subrecipient-monitoring-financial-and-technical)\nQuick Reference\nRates (/rates)\nForms (/forms)\nPolicies (/policies)\nContacts (/contacts)\nTraining (/training)\nEvents (/events)\nNews & Announcements (/news)\n\u00a9 2019 Cornell University\nWeb Accessibility Help (mailto:rais-help@cornell.edu?subject=researchservices.cornell.edu%20site)"
}