{
    "URL location": "https://researchservices.cornell.edu/policies/export-controls-iran-sanctions-guidance-document",
    "Last modification date": "2025-04-18T03:27Z",
    "Change frequency": "monthly",
    "Priority": "0.8",
    "Scraped Text": "Export Controls: Iran Sanctions Guidance Document | Cornell Research Services\nSkip to main content\nFind guidance on funding and agency updates during the federal government transition\n(\nupdated 4/16/2025\n)\nResearch Services\nResearch Services\nEssential Tools\nClose\nFind My GCO\nRASS\nExternal\nInstitutional Profile & DUNS\nIACUC applications (Cayuse Animal Management)\nFind Your Next Funding Opportunity\nIBC Applications (RASS-IBC)\nResearch Development (ReD) Services\nIRB Applications (RASS-IRB)\nExternal\nRates and budgets\nReport external interests (RASS-COI)\nJoin List Servs\nRASS Access Request Form\nAsk EHS\nExternal\nWeb Financials (WebFin2)\nExternal\nCornell Data Services\nExternal\nPI Dashboard\nExternal\nTravel Registry\nExternal\nResearch Financials (formerly RA Dashboard)\nExternal\nInternational research activities\nExternal\nRegister for Federal and Non-Federal Systems\nDisclose Foreign Collaborations and Support\nResearch metrics & executive dashboards\nTraining\nSearch\nResearch Services\nSearch\nHome\nPrepare a Proposal\nClose\nResearch Development Services\nSubawards in a Proposal\nFind Your Next Funding Opportunity\nDisclose Foreign Collaborations and Support\nProposal Development, Review, and Submission\nPlanning for Animals, Human Participants, r/sNA, Hazardous Materials, Radiation\nBudgets, Costs, and Rates\nCollaborate with Weill Cornell Medicine\nManage a Project\nClose\nAward Negotiation and Finalization\nTravel and International Activities\nProject Finances\nProject Modifications\nResearch Project Staffing\nGet Confidential Info, Data, Equipment, or Materials\nManaging Subawards\nAnimals, Human Participants, r/sNA, Hazardous Materials, Radiation\nClose a Project\nClose\nProject Closeout Financials\nProject Closeout\nEnd a Project Early\nCorporate Partnership & Innovation\nClose\nProtecting an Invention, Creation, Discovery\nEntrepreneurial and Startup Company Resources\nGateway to Partnership Program\nEngaging with Industry\nCompliance, Ethics, Safety\nClose\nResponsible Conduct of Research (RCR)\nExport Controls\nResearch with Human Participants\nResearch Security\nWork with Live Vertebrate Animals\nResearch Safety\nRegulated Biological Materials in Research\nFinancial Management\nConflicts of Interest\nBreadcrumb\nHome\nPolicies\nExport Controls: Iran Sanctions Guidance Document\nIt is critical that faculty, staff and students wishing to travel to Iran or engage with an Iranian entity (including a university in Iran), consult with Cornell’s\nExport Control Office\n.\nThe existing U.S. sanctions imposed against Iran are the strictest ones to date. The current\nIranian Transactions and Sanctions Regulations\n(ITSRs) were fully imposed on November 5, 2018 and are administered by the U.S. Department of the Treasury’s Office of Foreign Assets Control (OFAC). It is critical that faculty, staff and students wishing to travel to Iran or engage with an Iranian entity (including a university in Iran), consult with Cornell’s\nExport Control Office\nprior to engaging in the activity.\n1\nProhibitions\nCornell faculty, staff and students may not engage\n2\nin any of the following activities which are expressly prohibited under the ITSR:\nAll imports of Iranian goods or services into the United States or to a\nU.S. Person\n.\nE.g.: Accepting samples shipped from Iran for testing or analysis; accepting payment from an Iranian entity; attending a class, lecture, workshop or conference in Iran.\nThe export, sale or supply from the United States or by a U.S. Person (wherever located), of any goods, technology or services to Iran.\nE.g.: Providing unpublished data or research results to a person or institution in Iran; Conducting surveys and interviews inside Iran; Teaching or lecturing as a guest of an institution in Iran\nThe above bullet includes transaction with a third party where we have reason to believe that the goods, technology or services are ultimately intended for Iran.\nThe above bullet includes transactions with a third party where we have reason to believe that the goods, technology or services will be used in the production of or the incorporation into any goods, technology or services to be supplied to Iran\nAny transaction involving goods or services of Iranian origin.\nAny investment in Iran.\nThe transmission of controlled information or technology to an Iranian citizen wherever located.\nExempt Transactions\nPersonal communications that do not involve the transfer of anything of value.\nHumanitarian donations (food, clothing and medicine).\nInformation or informational materials (includes publications, digital files, films, posters, photographs, microfilms, microfiche, tapes, compact disks, CD ROMs, artwork and news wire feeds).\nMust be publically available and not restricted by export or proprietary designations.\nInformation or informational materials that are NOT exempt:\nInformation or materials not fully created and in existence at the date of the transaction (i.e. cannot pay in advance for something not yet completed).\nAlterations of the information or materials.\nConsulting services related to the materials.\nSoftware subject to the\nExport Administration Regulations\n.\nTravel related transactions including baggage for personal use, payment of living expenses and facilitation of travel.\nLicenses and Authorizations\nWhile the ITSR imposes a number of prohibitions on dealings with Iran, it may still be possible to engage in an otherwise prohibited activity by utilizing either a specific or general license.\nSpecific Licenses\nIt may be possible to engage in an otherwise prohibited transaction, if a specific license is obtained from OFAC. Specific license applications are reviewed by OFAC on a case by case basis. To apply for a specific license, please contact Cornell’s\nExport Control Officer\n. Please note that a specific license can take six months or more to be reviewed and approved by OFAC, so allow plenty of time when planning your activity.\nAuthorizations and General Licenses\nOFAC has issued authorizations and general licenses in order to authorize some otherwise prohibited activities. The activities described in the authorizations and general licenses are approved without the need to apply for a specific license.\n3\nPlease contact Cornell’s Export Control Office prior to utilizing one of the authorizations below, as some restrictions may apply.\nRecipients of visas are authorized to carry out those activities for which such visa has been granted. Certain transactions related to the filing and preparation of visa applications are also authorized.\nPersonal telecommunications and mail transactions are authorized, as long as nothing of value is transmitted.\nCertain transactions related to intellectual property protection are authorized (e.g., filing for patent protection).\nCollaborating on the creation and enhancement of written publications is authorized assuming the transaction does not involve the Government of Iran or an agency thereof.\nThe collaboration may involve only transactions that are necessary and ordinarily incident to the creation and publication.\nDoes not authorize development, production or design of software or any controlled item or technology.\nThe exchange of personal communications over the Internet, such as instant messaging, chat and email and social networking is authorized, provided that such services are publicly available and at no cost to the user.\n4\nAccredited U.S. academic institutions may engage in the following activities with respect to undergraduate programs in the humanities, social sciences, law and business:\nRecruit, hire and employ faculty and staff who are ordinarily resident in Iran.\nRecruit, enroll and educate students who are ordinarily resident in Iran.\nRecruit individuals ordinarily resident in Iran, such as scholars, artists, performers, speakers, alumni, and students, to participate in events, such as conferences, lectures, film series, research workshops, exhibitions, theatrical and musical performances, and continuing education courses. U.S. undergraduate institutions are authorized to provide compensation, including honoraria, to such individuals.\nGeneral License G\n:\nAuthorizes U.S. academic institutions to enter into student exchange agreements with universities located in Iran.\nAuthorizes certain educational services, including:\nThose necessary to the filing and processing of applicants and the acceptance of payments for submitted applications and tuition from or on behalf of Iranian citizens.\nThose related to the recruitment and employment in a teaching capacity of Iranian citizens who are already employed in a teaching capacity at an Iranian university, provided the appropriate visa is granted.\nParticipation in educational courses or engagement in non-commercial academic research at Iranian universities at the undergraduate level by U.S. persons who are actively enrolled in U.S. academic institutions.\nParticipation in educational courses or engagement in non-commercial academic research at Iranian universities at the graduate level in the areas of humanities, social sciences, law or business.\nThe participation by Iranian citizens in undergraduate level online courses provided by U.S. academic institutions in the fields of the humanities, social sciences, law or business provided that the courses are of the type ordinarily required for the completion of undergraduate degree programs in the humanities, social sciences, law or business, or are introductory undergraduate level science, technology, engineering, or math courses ordinarily required for the completion of undergraduate degree programs in the humanities, social sciences, law or business.\nGeneral License M-2\n(superseded General License M and M-1) (\nAvailable only through August 31, 2023)\nAvailable only to Iranian students (individuals located in Iran, or located outside Iran but who are ordinarily resident in Iran), who are eligible for non-immigrant classification under categories F (students) or M (non-academic students),\nand have been granted a non-immigrant visa by the U.S. State Department, but are not physically present in the United States due to the COVID-19 pandemic\n.\nAuthorizes certain educational services, including:\nThe provision of online educational services related to graduate educational courses, provided that the courses are the equivalent of courses ordinarily required for the completion of graduate degree programs in the humanities, social sciences, law, or business, or are introductory science, technology, engineering, or mathematics courses ordinarily required for the completion of graduate degree programs in the humanities, social sciences, law, or business, and participation in all activities related to the provision of such online educational services to Iranian students.\nThe exportation of software to Iranian students in order to facilitate participation in the activities authorized above or in Iran General License G, provided such software is designated as EAR99 under the Export Administration Regulations, or constitutes information or software not subject to the EAR.\nGeneral License D-2\n:\nAuthorizes the export (including for travel purposes) to Iran of fee-based or no-cost services incident to the exchange of communications over the Internet such as instant messaging, chat, email, social networking, sharing of photos, video conferencing, web browsing, blogging, e-learning platforms, automated translation, web maps, and user authentication services, as well as cloud-based services in support of the foregoing or of any other transaction authorized or exempt under the ITSR.\nAuthorizes the export to Iran of fee-based or no-cost software designated as EAR99 or 5D992.c, that is necessary to enable services incident to the exchange of communications over the Internet such as instant messaging, chat, email, social networking, sharing of photos, web browsing, blogging, social media platforms, collaboration platforms, video conferencing, e-gaming, e-learning platforms, automated translation, web maps, and user authentication services .\nThe following are specifically authorized for export (including travel) to Iran subject to some restrictions\n5\n:\nStandard mobile phones, PDAs, SIM cards and most mobile operating systems\n6\nStandard laptops, tablets and personal computing devices\nSome anti-virus software\nStandard VPN software\n1\nThe lists of prohibitions and authorizations contained in this document are not all-inclusive. In addition, certain restrictions may apply.\n2\nWithout confirmation from the Export Control Office that a license or general authorization applies.\n3\nU.S. banks may only process transfers of funds to or from Iran, or for the direct or indirect benefit of persons in Iran, if the transfer arises from, and is ordinarily incident and necessary to give effect to, an underlying transaction that has been authorized by a specific or general license and the payment does not involve debiting or crediting an Iranian account or involve an entity on a government restricted party list.\n4\nAlso see General License D-1.\n5\nContact the Export Control Office for confirmation.\n6\nTaking your laptop or mobile device when you travel significantly increases the possibility of data and identity theft. If you are traveling to high-risk countries or countries with technological restrictions, a free travel loaner system will make travel easy while helping secure your data. Visit\n to learn about Cornell’s loaner device program.\n19\nProcess\nExport Controls\nContact\nDrusilla Jaiah - Export Control Associate\nContact\nJoi Mindingall - Research Security | Export Control Officer\nResource\nExport Control and Confidentiality Agreements\nPolicy\nDetecting and Reporting Export Controls Violations\nNews\nUkraine/Russia Transactions Guidance\nResource\nExport Controls Frequently Asked Questions (FAQ)\nResource\nUniversity Policy 4.22, Export and Import Control Compliance\nResource\nOff-Campus Research\nResource\nImport Control\nResource\nExport Control Quick Reference\nSee All\nQuick Reference\nOffices\nCALS Sponsored Research Office\nCOI - Conflict of Interest\nCTL - Center for Technology Licensing\nCVM Research Office\nCorporate Engagement\nEHS - Environmental Health & Safety & Risk Management\nExport Controls Office\nFAIM - Faculty Advancing Inclusive Mentoring\nIACUC - Institutional Animal Care and Use\nIBC - Institutional Biosafety Committee\nIRB - Institutional Review Board\nIT Security & Policy\nORIA - Office of Research Integrity and Assurance\nOSP - Office of Sponsored Programs & Research Development\nPRO - Pre-Award Research Operations\nR&I - Cornell Research & Innovation\nRAIS - Research Administration Information Services\nRCR - Responsible Conduct of Research\nRDBSC - Research Division Business Service Center\nResearch Development (ReD)\nResearch Division Human Resources\nResearch Security Office\nSFS - Sponsored Financial Services\nUniversity Policy Office\nWCM - Office of Sponsored Research Administration (OSRA)\nEssential Tools & Resources\nFind My GCO\nInstitutional Profile & DUNS\nRates and budgets\nJoin List Servs\nResearch Development (ReD) Services\nFind Your Next Funding Opportunity\nRegister for Federal and Non-Federal Systems\nDisclose Foreign Collaborations and Support\nWeb Financials (WebFin2)\nExternal\nPI Dashboard\nExternal\nResearch Financials (formerly RA Dashboard)\nExternal\nRASS\nExternal\nIACUC applications (Cayuse Animal Management System)\nIBC applications (RASS-IBC)\nIRB Applications (RASS-IRB)\nExternal\nReport external interests (RASS-COI)\nRASS Access Request Form\naskEHS\nExternal\nCornell Data Services\nExternal\nTravel Registry\nExternal\nInternational research activities\nExternal\nTraining\nResearch metrics and executive dashboards\nRates\nForms\nPolicies\nContacts\nTraining\nEvents\nNews & Announcements\nPart of\n© 2019 Cornell University\nWeb Accessibility Help\nWas this page helpful?\n×\n×\nStatus message\nSorry...This form is closed to new submissions.\nScroll"
}