{
    "URL location": "https://researchservices.cornell.edu/news/irb-news-new-training-requirement-exempt-research",
    "Last modification date": "2025-04-18T03:27Z",
    "Change frequency": "monthly",
    "Priority": "0.8",
    "Scraped Text": "IRB News: New Training Requirement for Exempt Research | Cornell Research Services\nSkip to main content\nFind guidance on funding and agency updates during the federal government transition\n(\nupdated 4/16/2025\n)\nResearch Services\nResearch Services\nEssential Tools\nClose\nFind My GCO\nRASS\nExternal\nInstitutional Profile & DUNS\nIACUC applications (Cayuse Animal Management)\nFind Your Next Funding Opportunity\nIBC Applications (RASS-IBC)\nResearch Development (ReD) Services\nIRB Applications (RASS-IRB)\nExternal\nRates and budgets\nReport external interests (RASS-COI)\nJoin List Servs\nRASS Access Request Form\nAsk EHS\nExternal\nWeb Financials (WebFin2)\nExternal\nCornell Data Services\nExternal\nPI Dashboard\nExternal\nTravel Registry\nExternal\nResearch Financials (formerly RA Dashboard)\nExternal\nInternational research activities\nExternal\nRegister for Federal and Non-Federal Systems\nDisclose Foreign Collaborations and Support\nResearch metrics & executive dashboards\nTraining\nSearch\nResearch Services\nSearch\nHome\nPrepare a Proposal\nClose\nResearch Development Services\nSubawards in a Proposal\nFind Your Next Funding Opportunity\nDisclose Foreign Collaborations and Support\nProposal Development, Review, and Submission\nPlanning for Animals, Human Participants, r/sNA, Hazardous Materials, Radiation\nBudgets, Costs, and Rates\nCollaborate with Weill Cornell Medicine\nManage a Project\nClose\nAward Negotiation and Finalization\nTravel and International Activities\nProject Finances\nProject Modifications\nResearch Project Staffing\nGet Confidential Info, Data, Equipment, or Materials\nManaging Subawards\nAnimals, Human Participants, r/sNA, Hazardous Materials, Radiation\nClose a Project\nClose\nProject Closeout Financials\nProject Closeout\nEnd a Project Early\nCorporate Partnership & Innovation\nClose\nProtecting an Invention, Creation, Discovery\nEntrepreneurial and Startup Company Resources\nGateway to Partnership Program\nEngaging with Industry\nCompliance, Ethics, Safety\nClose\nResponsible Conduct of Research (RCR)\nExport Controls\nResearch with Human Participants\nResearch Security\nWork with Live Vertebrate Animals\nResearch Safety\nRegulated Biological Materials in Research\nFinancial Management\nConflicts of Interest\nBreadcrumb\nHome\nNews & Announcements\nIRB News: New Training Requirement for Exempt Research\nNewsletter sent July 29, 2022\nTake CITI Training (Cornell log-in)\nTake CITI Training (Non-Cornell access)\nGuide to Accessing CITI Training\nThe Cornell IRB is extending its human participant research training requirement to apply to Cornell study personnel involved in Exempt protocols.\nTraining will be required for all Exempt protocols as of October 1, 2022.\nCornell has\nrecommended\ntraining for researchers involved in Exempt studies prior to this, but in order to bring our institution in line with current best practices in the field, training will now be\nrequired\n.\nBelow are key details about this change to our training requirement:\nCornell study personnel involved in Exempt\n1\nresearch protocols will need to complete the same online\nCITI Program Human Participant Research training\nas those research personnel involved in protocols that receive Expedited or Full Board IRB review.\nEither course titled \"IRB Training\" or \"IRB Basic\" will be accepted.\nThe Cornell IRB Training course consists of a set of modules that can be completed one at a time, and the entire training usually takes 2-4 hours to complete.\nThis training will need to be completed by October 1, 2022, and repeated every five (5) years.\nThis requirement applies to all study personnel involved in existing, active Exempt protocols as of October 1, 2022, as well as new protocols determined to be Exempt on or after that date.\nAs with Expedited and Full Board protocols, the IRB office will not issue an approval/exemption letter until training is complete for all study personnel.\nProtocol PIs will be responsible for ensuring their research team members stay in compliance with this training requirement.\nFor study personnel who are not affiliated with Cornell, equivalent training will be accepted.\nIf you are unsure if you have completed Cornell’s CITI training for human participant research within the past five years, you can review\nthis list of Cornell IRB training records\npulled directly from CITI, or log into the\nCITI Program website\n(Cornell\nSSO link\n) to check the details of your own course completion records.\nIf you are unsure if your IRB protocol received Exempt review, you can search for your protocol(s) in\nRASS-IRB\n; check the field called “Review Type” for this information. For more help, see the RASS Guide Site How-To Guide for\nFinding an IRB Protocol\n.\nWe will send additional reminders about this new training requirement prior to its implementation date, and also post updated information to\nour website\n.\nThank you in advance for your cooperation. As always, feel free to reach out to the IRB office via\nirbhp@cornell.edu\nif you have any questions or concerns.\n1\nResearch eligible for Exempt review is a subset of human participant research that presents no more than minimal risk to participants, and fits within one or more categories defined by\nfederal IRB regulations\n. Exempt research is covered by Cornell’s Human Research Protection Program, and handled via IRB Administrator review.\nPublished on\n: Wednesday, August 03, 2022 - 9:47am\n4\nResource\nIRB Training\nOffice\nInstitutional Review Board for Human Participant Research (IRB) Office\nTraining\nCITI Online Courses for Cornell Researchers (COI, IRB, RCR, Export Control)\nResource\nCITI Program\nQuick Reference\nOffices\nCALS Sponsored Research Office\nCOI - Conflict of Interest\nCTL - Center for Technology Licensing\nCVM Research Office\nCorporate Engagement\nEHS - Environmental Health & Safety & Risk Management\nExport Controls Office\nFAIM - Faculty Advancing Inclusive Mentoring\nIACUC - Institutional Animal Care and Use\nIBC - Institutional Biosafety Committee\nIRB - Institutional Review Board\nIT Security & Policy\nORIA - Office of Research Integrity and Assurance\nOSP - Office of Sponsored Programs & Research Development\nPRO - Pre-Award Research Operations\nR&I - Cornell Research & Innovation\nRAIS - Research Administration Information Services\nRCR - Responsible Conduct of Research\nRDBSC - Research Division Business Service Center\nResearch Development (ReD)\nResearch Division Human Resources\nResearch Security Office\nSFS - Sponsored Financial Services\nUniversity Policy Office\nWCM - Office of Sponsored Research Administration (OSRA)\nEssential Tools & Resources\nFind My GCO\nInstitutional Profile & DUNS\nRates and budgets\nJoin List Servs\nResearch Development (ReD) Services\nFind Your Next Funding Opportunity\nRegister for Federal and Non-Federal Systems\nDisclose Foreign Collaborations and Support\nWeb Financials (WebFin2)\nExternal\nPI Dashboard\nExternal\nResearch Financials (formerly RA Dashboard)\nExternal\nRASS\nExternal\nIACUC applications (Cayuse Animal Management System)\nIBC applications (RASS-IBC)\nIRB Applications (RASS-IRB)\nExternal\nReport external interests (RASS-COI)\nRASS Access Request Form\naskEHS\nExternal\nCornell Data Services\nExternal\nTravel Registry\nExternal\nInternational research activities\nExternal\nTraining\nResearch metrics and executive dashboards\nRates\nForms\nPolicies\nContacts\nTraining\nEvents\nNews & Announcements\nPart of\n© 2019 Cornell University\nWeb Accessibility Help\nWas this page helpful?\n×\n×\nStatus message\nSorry...This form is closed to new submissions.\nScroll"
}