{
    "URL location": "https://researchservices.cornell.edu/resources/report-incident-or-exposure-recombinant-or-biohazardous-materials",
    "Last modification date": "2025-04-18T03:27Z",
    "Change frequency": "monthly",
    "Priority": "0.8",
    "Scraped Text": "Report an Incident or Exposure to Recombinant or Biohazardous Materials | Cornell Research Services\nSkip to main content\nFind guidance on funding and agency updates during the federal government transition\n(\nupdated 4/16/2025\n)\nResearch Services\nResearch Services\nEssential Tools\nClose\nFind My GCO\nRASS\nExternal\nInstitutional Profile & DUNS\nIACUC applications (Cayuse Animal Management)\nFind Your Next Funding Opportunity\nIBC Applications (RASS-IBC)\nResearch Development (ReD) Services\nIRB Applications (RASS-IRB)\nExternal\nRates and budgets\nReport external interests (RASS-COI)\nJoin List Servs\nRASS Access Request Form\nAsk EHS\nExternal\nWeb Financials (WebFin2)\nExternal\nCornell Data Services\nExternal\nPI Dashboard\nExternal\nTravel Registry\nExternal\nResearch Financials (formerly RA Dashboard)\nExternal\nInternational research activities\nExternal\nRegister for Federal and Non-Federal Systems\nDisclose Foreign Collaborations and Support\nResearch metrics & executive dashboards\nTraining\nSearch\nResearch Services\nSearch\nHome\nPrepare a Proposal\nClose\nResearch Development Services\nSubawards in a Proposal\nFind Your Next Funding Opportunity\nDisclose Foreign Collaborations and Support\nProposal Development, Review, and Submission\nPlanning for Animals, Human Participants, r/sNA, Hazardous Materials, Radiation\nBudgets, Costs, and Rates\nCollaborate with Weill Cornell Medicine\nManage a Project\nClose\nAward Negotiation and Finalization\nTravel and International Activities\nProject Finances\nProject Modifications\nResearch Project Staffing\nGet Confidential Info, Data, Equipment, or Materials\nManaging Subawards\nAnimals, Human Participants, r/sNA, Hazardous Materials, Radiation\nClose a Project\nClose\nProject Closeout Financials\nProject Closeout\nEnd a Project Early\nCorporate Partnership & Innovation\nClose\nProtecting an Invention, Creation, Discovery\nEntrepreneurial and Startup Company Resources\nGateway to Partnership Program\nEngaging with Industry\nCompliance, Ethics, Safety\nClose\nResponsible Conduct of Research (RCR)\nExport Controls\nResearch with Human Participants\nResearch Security\nWork with Live Vertebrate Animals\nResearch Safety\nRegulated Biological Materials in Research\nFinancial Management\nConflicts of Interest\nBreadcrumb\nHome\nresources\nReport an Incident or Exposure to Recombinant or Biohazardous Materials\nTo report an incident or exposure\nCornell University Injury/Illness/Exposure Report\nTo report any on-campus emergency, call\nFrom a Cornell phone, dial 911, or\nFrom any phone, dial (607) 255-1111 to reach Cornell Police Dispatch\nContact information for reporting\nCornell University Injury/Illness/Exposure Report\n\nInstitutional Biosafety Officer: 607- 255-8200 or “\naskEHS\n”\nIBC Administrator (ORIA): 607-255-0741 or\ncu_ibc@cornell.edu\nDirector of Research Assurance (ORA) 607-255-5398 or cu_ibc@cornell.edu\nCornell Health Occupational Medicine 607-255-6960 or occmed@cornell.edu\nExpand All\nFederal Regulations for reporting incidents involving r/sNA materials\nNIH Guidelines For Research Involving Recombinant Or Synthetic Nucleic Acid Molecules (NIH Guidelines)\n(Excerpt relevant to requirements related to accidental spills, personnel contamination, or exposure resulting from recombinant or synthetic nucleic acid molecule research).\nOn behalf of the institution, the Institutional Biosafety Committee is responsible for:\nSection IV-B-2-b-(6).\nAdopting emergency plans covering accidental spills and personnel contamination resulting from recombinant or synthetic nucleic acid molecule research.\nSection IV-B-2-b-(7).\nReporting any significant problems with or violations of the\nNIH Guidelines\nand any significant research-related accidents or illnesses to the appropriate institutional official and NIH OSP within 30 days, unless the Institutional Biosafety Committee determines that a report has already been filed by the Principal Investigator. Reports to NIH OSP shall be sent to the Office of Science Policy, National Institutes of Health, preferably by e-mail to:\nNIHGuidelines@od.nih.gov\n; additional contact information is also available\nhere\nand on the\nOSP website\n(\nAs part of this general responsibility, the Principal Investigator shall:\nSection IV-B-7-a-(3).\nReport any significant problems, violations of the\nNIH Guidelines\n, or any significant research-related accidents and illnesses to the Biological Safety Officer (where applicable), Greenhouse/Animal Facility Director (where applicable), Institutional Biosafety Committee, and other appropriate authorities (if applicable).\nAt Cornell, it is the responsibility of the PI is to complete the reporting requirements detailed in section 3 of this guidance document. The PI is to work with the IBC and ORIA to complete the report to the NIH. Completed reports are sent by the Cornell IBC to the Office of Science Policy (OSP), National Institutes of Health, by e-mail to:\nNIHGuidelines@od.nih.gov\n. NIH OSP may be notified within the first 24 hours of the incident by the IBC administrator in the event of overt or potential exposures to RG2 or RG3 organisms containing recombinant or synthetic nucleic acids. The final report will be completed and submitted by the IBC administrator within 30 days. The PI will be cc’d on any correspondence to the NIH OSP.\nReferences:\nNIH Guidelines for Research Involving Recombinant or Synthetic Nucleic Acid Molecules\nBiosafety in Microbiological and Biomedical Laboratories\nNIH FAQ’s about Incident Reporting\nEHS 1985 – Incident Reporting Using Cority\n11\nProcess\nRegulated Biological Materials in Research\nResource\nMUA Submission Deadline and IBC Meeting Dates\nResource\nRegulated Biological Materials Frequently Asked Questions\nEvent\nMay IBC Meeting\nResource\nIBC Application Submission, Review and Approval\nResource\nGet Started with Recombinant or Synthetic Nucleic Acid Molecules (r/sNA) or Other Biohazardous Agents\nResource\nHuman Embryonic Stem Cell Research Oversight Committee (ESCRO)\nTraining\nWork with Bloodborne Pathogens and Training Requirements\nResource\nInstitutional Biosafety Committee (IBC)\nOffice\nInstitutional Biosafety Committee (IBC) Office\nResource\nPolicies, Permits, and Resources for the IBC\nQuick Reference\nOffices\nCALS Sponsored Research Office\nCOI - Conflict of Interest\nCTL - Center for Technology Licensing\nCVM Research Office\nCorporate Engagement\nEHS - Environmental Health & Safety & Risk Management\nExport Controls Office\nFAIM - Faculty Advancing Inclusive Mentoring\nIACUC - Institutional Animal Care and Use\nIBC - Institutional Biosafety Committee\nIRB - Institutional Review Board\nIT Security & Policy\nORIA - Office of Research Integrity and Assurance\nOSP - Office of Sponsored Programs & Research Development\nPRO - Pre-Award Research Operations\nR&I - Cornell Research & Innovation\nRAIS - Research Administration Information Services\nRCR - Responsible Conduct of Research\nRDBSC - Research Division Business Service Center\nResearch Development (ReD)\nResearch Division Human Resources\nResearch Security Office\nSFS - Sponsored Financial Services\nUniversity Policy Office\nWCM - Office of Sponsored Research Administration (OSRA)\nEssential Tools & Resources\nFind My GCO\nInstitutional Profile & DUNS\nRates and budgets\nJoin List Servs\nResearch Development (ReD) Services\nFind Your Next Funding Opportunity\nRegister for Federal and Non-Federal Systems\nDisclose Foreign Collaborations and Support\nWeb Financials (WebFin2)\nExternal\nPI Dashboard\nExternal\nResearch Financials (formerly RA Dashboard)\nExternal\nRASS\nExternal\nIACUC applications (Cayuse Animal Management System)\nIBC applications (RASS-IBC)\nIRB Applications (RASS-IRB)\nExternal\nReport external interests (RASS-COI)\nRASS Access Request Form\naskEHS\nExternal\nCornell Data Services\nExternal\nTravel Registry\nExternal\nInternational research activities\nExternal\nTraining\nResearch metrics and executive dashboards\nRates\nForms\nPolicies\nContacts\nTraining\nEvents\nNews & Announcements\nPart of\n© 2019 Cornell University\nWeb Accessibility Help\nWas this page helpful?\n×\n×\nStatus message\nSorry...This form is closed to new submissions.\nScroll"
}