{
    "URL location": "https://researchservices.cornell.edu/policies/fcoi-guidance-research-involving-human-participants",
    "Last modification date": "2025-04-18T03:27Z",
    "Change frequency": "monthly",
    "Priority": "0.8",
    "Scraped Text": "FCOI Guidance on Research Involving Human Participants | Cornell Research Services\nSkip to main content\nFind guidance on funding and agency updates during the federal government transition\n(\nupdated 4/16/2025\n)\nResearch Services\nResearch Services\nEssential Tools\nClose\nFind My GCO\nRASS\nExternal\nInstitutional Profile & DUNS\nIACUC applications (Cayuse Animal Management)\nFind Your Next Funding Opportunity\nIBC Applications (RASS-IBC)\nResearch Development (ReD) Services\nIRB Applications (RASS-IRB)\nExternal\nRates and budgets\nReport external interests (RASS-COI)\nJoin List Servs\nRASS Access Request Form\nAsk EHS\nExternal\nWeb Financials (WebFin2)\nExternal\nCornell Data Services\nExternal\nPI Dashboard\nExternal\nTravel Registry\nExternal\nResearch Financials (formerly RA Dashboard)\nExternal\nInternational research activities\nExternal\nRegister for Federal and Non-Federal Systems\nDisclose Foreign Collaborations and Support\nResearch metrics & executive dashboards\nTraining\nSearch\nResearch Services\nSearch\nHome\nPrepare a Proposal\nClose\nResearch Development Services\nSubawards in a Proposal\nFind Your Next Funding Opportunity\nDisclose Foreign Collaborations and Support\nProposal Development, Review, and Submission\nPlanning for Animals, Human Participants, r/sNA, Hazardous Materials, Radiation\nBudgets, Costs, and Rates\nCollaborate with Weill Cornell Medicine\nManage a Project\nClose\nAward Negotiation and Finalization\nTravel and International Activities\nProject Finances\nProject Modifications\nResearch Project Staffing\nGet Confidential Info, Data, Equipment, or Materials\nManaging Subawards\nAnimals, Human Participants, r/sNA, Hazardous Materials, Radiation\nClose a Project\nClose\nProject Closeout Financials\nProject Closeout\nEnd a Project Early\nCorporate Partnership & Innovation\nClose\nProtecting an Invention, Creation, Discovery\nEntrepreneurial and Startup Company Resources\nGateway to Partnership Program\nEngaging with Industry\nCompliance, Ethics, Safety\nClose\nResponsible Conduct of Research (RCR)\nExport Controls\nResearch with Human Participants\nResearch Security\nWork with Live Vertebrate Animals\nResearch Safety\nRegulated Biological Materials in Research\nFinancial Management\nConflicts of Interest\nBreadcrumb\nHome\nPolicies\nFCOI Guidance on Research Involving Human Participants\nAre you conducting research with human participants? Do you have a financial relationship with an entity that is also funding your research, or might benefit from your research? The Financial Conflict of Interest (FCOI) Committee has developed guidance for you per\nUniversity Policy 1.7, Financial Conflict of Interest Related to Research\n.\nGuidelines for Involving Human Participants\nWhen submitting the required COI report through RASS-COI, consider the following questions:\nDoes the research you participate in involve human participants?\nDo you have a financial relationship with a company or organization that is funding your research, directly involved in your research, or otherwise might benefit from your research?\nConsistent with University Policy 1.7, in the event that a conflict of interest exists that is related to human participant research, a conflict management plan (CMP) must be put into place, and must include additional protections for human participants.\nThe Cornell Institutional Review Board (IRB)\n, which is responsible for ensuring that the interests of research participants are protected, has the final authority in determining the conditions under which such research is allowable.\nIn such cases, at minimum, the restrictions listed below must be implemented in order for research to be potentially approved by the IRB.\nIn exceptional cases, the\nFCOI Committee\nand the IRB may elect to waive some of these restrictions if they believe that these conditions will not be in the best interests of the human participants:\nThe conflicted researcher may not serve as the principal investigator (PI) for the research. Another individual who does not report to the researcher and does not have a financial interest in the company must serve as the PI.\nThe researcher may not be involved in the informed consent or data/sample collection processes with participants.\nIn some instances, including clinical trials, the data may need to go through an independent review by a third party approved by the FCOI Committee.\nDuring the informed consent process, participants must be informed of the researcher’s relationship with the entity and, if relevant, of the steps that are being taken to protect their interests and the integrity of the research.\nThe CMP must be put into place before conflicted research personnel can participate in the design or conduct of the research, enrollment of participants, or analysis of the results. For new projects, the IRB protocol will only be approved once the CMP has been implemented. For previously-approved projects where a new conflict has arisen, the protocol’s IRB approval will be paused until the CMP has been implemented. Failure to abide by the terms laid out in a CMP may result in sanctions for non-compliance with Cornell policy.\nIf you have questions, please write to the COI and IRB offices via\ncoi@cornell.edu\nand\nirbhp@cornell.edu\n.\n9\nOffice\nInstitutional Review Board for Human Participant Research (IRB) Office\nProcess\nResearch with Human Participants\nProcess\nConflicts of Interest\nPolicy\nFCOI Guidance on Principles Underlying Conflict of Interest (COI) and Conflict of Commitment (COC) Decisions for Cornell Entrepreneurs\nForm\nSample Disclosures for Managed Conflicts\nForm\nFaculty Consulting / Contract Addendum\nPolicy\nFCOI Guidance on Consulting and Other External Engagements\nResource\nFinancial Conflicts of Interest Committee\nResource\nReport a COI Concern\nQuick Reference\nOffices\nCALS Sponsored Research Office\nCOI - Conflict of Interest\nCTL - Center for Technology Licensing\nCVM Research Office\nCorporate Engagement\nEHS - Environmental Health & Safety & Risk Management\nExport Controls Office\nFAIM - Faculty Advancing Inclusive Mentoring\nIACUC - Institutional Animal Care and Use\nIBC - Institutional Biosafety Committee\nIRB - Institutional Review Board\nIT Security & Policy\nORIA - Office of Research Integrity and Assurance\nOSP - Office of Sponsored Programs & Research Development\nPRO - Pre-Award Research Operations\nR&I - Cornell Research & Innovation\nRAIS - Research Administration Information Services\nRCR - Responsible Conduct of Research\nRDBSC - Research Division Business Service Center\nResearch Development (ReD)\nResearch Division Human Resources\nResearch Security Office\nSFS - Sponsored Financial Services\nUniversity Policy Office\nWCM - Office of Sponsored Research Administration (OSRA)\nEssential Tools & Resources\nFind My GCO\nInstitutional Profile & DUNS\nRates and budgets\nJoin List Servs\nResearch Development (ReD) Services\nFind Your Next Funding Opportunity\nRegister for Federal and Non-Federal Systems\nDisclose Foreign Collaborations and Support\nWeb Financials (WebFin2)\nExternal\nPI Dashboard\nExternal\nResearch Financials (formerly RA Dashboard)\nExternal\nRASS\nExternal\nIACUC applications (Cayuse Animal Management System)\nIBC applications (RASS-IBC)\nIRB Applications (RASS-IRB)\nExternal\nReport external interests (RASS-COI)\nRASS Access Request Form\naskEHS\nExternal\nCornell Data Services\nExternal\nTravel Registry\nExternal\nInternational research activities\nExternal\nTraining\nResearch metrics and executive dashboards\nRates\nForms\nPolicies\nContacts\nTraining\nEvents\nNews & Announcements\nPart of\n© 2019 Cornell University\nWeb Accessibility Help\nWas this page helpful?\n×\n×\nStatus message\nSorry...This form is closed to new submissions.\nScroll"
}