{
    "URL location": "https://researchservices.cornell.edu/resources/institutional-profile-duns-and-uei-numbers",
    "Last modification date": "2025-04-18T03:27Z",
    "Change frequency": "monthly",
    "Priority": "0.8",
    "Scraped Text": "Institutional Profile, DUNS, and UEI Numbers | Cornell Research Services\nSkip to main content\nFind guidance on funding and agency updates during the federal government transition\n(\nupdated 4/16/2025\n)\nResearch Services\nResearch Services\nEssential Tools\nClose\nFind My GCO\nRASS\nExternal\nInstitutional Profile & DUNS\nIACUC applications (Cayuse Animal Management)\nFind Your Next Funding Opportunity\nIBC Applications (RASS-IBC)\nResearch Development (ReD) Services\nIRB Applications (RASS-IRB)\nExternal\nRates and budgets\nReport external interests (RASS-COI)\nJoin List Servs\nRASS Access Request Form\nAsk EHS\nExternal\nWeb Financials (WebFin2)\nExternal\nCornell Data Services\nExternal\nPI Dashboard\nExternal\nTravel Registry\nExternal\nResearch Financials (formerly RA Dashboard)\nExternal\nInternational research activities\nExternal\nRegister for Federal and Non-Federal Systems\nDisclose Foreign Collaborations and Support\nResearch metrics & executive dashboards\nTraining\nSearch\nResearch Services\nSearch\nHome\nPrepare a Proposal\nClose\nResearch Development Services\nSubawards in a Proposal\nFind Your Next Funding Opportunity\nDisclose Foreign Collaborations and Support\nProposal Development, Review, and Submission\nPlanning for Animals, Human Participants, r/sNA, Hazardous Materials, Radiation\nBudgets, Costs, and Rates\nCollaborate with Weill Cornell Medicine\nManage a Project\nClose\nAward Negotiation and Finalization\nTravel and International Activities\nProject Finances\nProject Modifications\nResearch Project Staffing\nGet Confidential Info, Data, Equipment, or Materials\nManaging Subawards\nAnimals, Human Participants, r/sNA, Hazardous Materials, Radiation\nClose a Project\nClose\nProject Closeout Financials\nProject Closeout\nEnd a Project Early\nCorporate Partnership & Innovation\nClose\nProtecting an Invention, Creation, Discovery\nEntrepreneurial and Startup Company Resources\nGateway to Partnership Program\nEngaging with Industry\nCompliance, Ethics, Safety\nClose\nResponsible Conduct of Research (RCR)\nExport Controls\nResearch with Human Participants\nResearch Security\nWork with Live Vertebrate Animals\nResearch Safety\nRegulated Biological Materials in Research\nFinancial Management\nConflicts of Interest\nBreadcrumb\nHome\nresources\nInstitutional Profile, DUNS, and UEI Numbers\nRelated Pages:\nAnimal Program Assurance, Accreditation, and Certifications\nQuick reference for certification numbers, contact information, addresses, and more to use for proposals and protocols, etc.\nCertifications and Assurances\nAnimal Welfare Assurance Number:\nD16-00225 (Legacy Assurance No.: A3347-01)\nAAALAC-I Accreditation Date:\nSee the\nAnimal Program Assurance, Accreditation, and Certifications\npage.\n(Full coverage excludes Weill Cornell Medical College accreditation status)\nCost Accounting Standards Board:\nDisclosure Statement Filing Date: Aug 8, 1997\nJay Mervis\nDept. of Health & Human Services\n330 Independence Avenue, SW\nWashington, DC 20201\n(202) 260-2381\nDHHS Assurance Filing Dates:\nCivil Rights (HHS 441): Mar 1, 1993\nDiscrimination-Age (HHS 680): Mar 1, 1993\nDiscrimination-Sex (HHS 639-A): Mar 1, 1993\nHandicap (HHS 641): Mar 1, 1993\nDirectorate of Defense Trade Controls (DDTC):\nRegistration Code: M14601 (Expiration Date: Aug 31, 2025)\nDrug Prevention Act Certification:\nSigned by Cornell on Aug 30, 1990\nEqual Opportunity:\nDate of most recent review by OFCCP: Sep 16, 1994\nEU (European Union) PIC (Participant Identification Code):\n999836134\nHuman Subjects Assurance Number:\nFWA00004513 (Effective:\n04/082003\n| Expiration: Feb 7, 2028)\nIRS Exempt Status Determination Letter:\nContact your GCO.\nCornell is a tax exempt organization under Internal Revenue Code\nsection 501(c)(3), and is classified as a publically supported\norganization, not a private foundation, as described in section 509(a)(1)\nand 170(b)(1)(A)(ii) of the Code.\nNIH Institutional Profile File:\n1514802\nNIH Misconduct Assurance Number:\n1514801\nOriginal submission date Dec 15, 1989\nCurrent submission date Jan 27, 1993\nSAM Registration Expiration Date:\nDec. 22, 2025\nInstitutional Codes\nAutomated Standard Application for Payments (ASAP) ID Number:\n3645037\nContractor Establishment Code (CEC):\n(To be used for reports at ONR and for SF 294 & 295 reports) 60856695G\nCornell Charity Exemption:\nUnder section 172.a.2.g. of the NYS Executive Law\nCornell Morrill Act\n(Land Grant):\nEnacted 1862\nDHHS Payment Management System Payee Identification Number:\nContact Sponsored Financial Services:\nJanet Strait\njanet.strait@cornell.edu\n607-255-1482\nDHHS Organizational Component Codes:\nVet Medicine: 11\nAll Others: 20\nDOD CAGE Number:\n4B578\nDUNS Number:\n872612445\nElectronic Funds Transfer (EFT) Indicator:\n0000\neVerify Company Identification Number:\n264388\nFederal Employer ID / IRS Number (TIN):\n150532082\nAll proposals submitted to NIH:\n1150532082A4\nFederal Interagency Committee on Education (FICE):\nInstitution Codes:\nEndowed: 002711 0\nContract Colleges: 011693 9\nUnique Entity Identifier (UEI):\nG56PUALJ3KT5\nGovernment Districts\nU.S. Congress:\nIthaca: NY-019\nGeneva: NY-024\nNYC (C-Tech): NY-012\nNYC (Weill): NY-012\nNYS Senate:\nIthaca: NY-58*\nGeneva: NY-54\nNYC (C-Tech): NY-27\nNYC (Weill): NY-28\n*Tompkins County is split: Ithaca campus is in the 58th district;\njust east of campus, e.g. Dryden, is in the 51st district;\nLansing and north (including Lab of Ornithology) is in the 54th district.\nSee map at:\n\nNYS Assembly:\nIthaca: NY-125\nGeneva: NY-131\nNYC (C-Tech): NY-66\nNYC (Weill): NY-76\nNorth American Industry Classification System (NAICS) Code:\n611310\nNSF Awardee Organization Code:\nEndowed & Contract Colleges\n0027110000\nNYS Bureau of Charities Exemption #:\n11-66-44\nNYS DOT Consultant Identification Number (CIN):\n00221565\nNYS Employer Registration #:\n69-021001\nNYS Grants Gateway Prequalification #:\nGDV-AGR-01308\nNYS Vendor ID # / Statewide Financial System ID # (SFS ID #):\n1000002538\nStandard Industrial Classification Code #:\n8200\nUniversity J-1 Visa Designation:\nP-143\nFederal Oversight Agencies\nCornell's Cognizant Agency for all Federal Activity:\nDept. of Health and Human Services\nFor A-133 and CAS Compliance:\nGlenn Richter, Audit Manager\nOffice of the Inspector General\nDept. of Health and Human Services\n89 Automation Lane\nAlbany, NY 12205\nPhone:\n(518) 437-9390\nx224\nGlenn.Richter@oig.hhs.gov\nFor F&A Cost Rate Negotiation:\nMichael Leonard\nDivision of Cost Allocation\n26 Federal Plaza\nNew York, NY 10278\nPhone:\n(212) 264-4301\nOther Federal Agency Information\nOffice of Naval Research\nDefense Contract Mgmt. Agency (DCMA):\nJoanna Kleczynski\nContract Specialist\nOffice of Naval Research, Boston Regional Office (Remote):\n495 Summer Street\nBoston, MA\n02110-2109\nEmail:\njoanna.e.kleczynski.civ@us.navy.mil\nOther Information\nLegal Address as Shown on Tax Documents:\nCornell University\n341 Pine Tree Road\nIthaca, NY 14850\nResearch Administration:\nCornell University\nOffice of Sponsored Programs\n373 Pine Tree Road\nIthaca, NY 14850\nPhone:\n(607) 255-5014\nFax:\n(607) 255-5058\nEmail:\nosp-help@cornell.edu\nRemit to Address:\nCornell University\nSponsored Financial Services\nPO Box 22\nIthaca, NY 14851-0022\nuco-sfa@cornell.edu\nFinancial Information:\nCornell University\nDivision of Financial Services\n377 Pine Tree Road\nIthaca, NY 14850\nFax:\n607-255-0327\nJanet Strait\njanet.strait@cornell.edu\n607-255-1482\n16\nProcess\nProposal Development, Review, and Submission\nResource\nRegister for Federal and Non-Federal Systems\nResource\nPre-Award Research Operations (PRO)\nResource\nAdditional Things to Consider when Preparing a Proposal\nResource\nFind My GCO (Grant & Contract Officer)\nResource\nSample Proposal Library\nResource\nProposal Review Guidelines\nResource\nLimited Submissions Funding Opportunities\nPolicy\nPI Eligibility\nForm\nRASS\nForm\nNFA (Non-Financial Agreements)\nSee All\nQuick Reference\nOffices\nCALS Sponsored Research Office\nCOI - Conflict of Interest\nCTL - Center for Technology Licensing\nCVM Research Office\nCorporate Engagement\nEHS - Environmental Health & Safety & Risk Management\nExport Controls Office\nFAIM - Faculty Advancing Inclusive Mentoring\nIACUC - Institutional Animal Care and Use\nIBC - Institutional Biosafety Committee\nIRB - Institutional Review Board\nIT Security & Policy\nORIA - Office of Research Integrity and Assurance\nOSP - Office of Sponsored Programs & Research Development\nPRO - Pre-Award Research Operations\nR&I - Cornell Research & Innovation\nRAIS - Research Administration Information Services\nRCR - Responsible Conduct of Research\nRDBSC - Research Division Business Service Center\nResearch Development (ReD)\nResearch Division Human Resources\nResearch Security Office\nSFS - Sponsored Financial Services\nUniversity Policy Office\nWCM - Office of Sponsored Research Administration (OSRA)\nEssential Tools & Resources\nFind My GCO\nInstitutional Profile & DUNS\nRates and budgets\nJoin List Servs\nResearch Development (ReD) Services\nFind Your Next Funding Opportunity\nRegister for Federal and Non-Federal Systems\nDisclose Foreign Collaborations and Support\nWeb Financials (WebFin2)\nExternal\nPI Dashboard\nExternal\nResearch Financials (formerly RA Dashboard)\nExternal\nRASS\nExternal\nIACUC applications (Cayuse Animal Management System)\nIBC applications (RASS-IBC)\nIRB Applications (RASS-IRB)\nExternal\nReport external interests (RASS-COI)\nRASS Access Request Form\naskEHS\nExternal\nCornell Data Services\nExternal\nTravel Registry\nExternal\nInternational research activities\nExternal\nTraining\nResearch metrics and executive dashboards\nRates\nForms\nPolicies\nContacts\nTraining\nEvents\nNews & Announcements\nPart of\n© 2019 Cornell University\nWeb Accessibility Help\nWas this page helpful?\n×\n×\nStatus message\nSorry...This form is closed to new submissions.\nScroll"
}