{
    "URL location": "https://researchservices.cornell.edu/resources/postdoctoral-researcher-supplement-2023",
    "Last modification date": "2025-04-18T03:27Z",
    "Change frequency": "monthly",
    "Priority": "0.8",
    "Scraped Text": "Postdoctoral Researcher Supplement 2023 | Cornell Research Services\nSkip to main content\nFind guidance on funding and agency updates during the federal government transition\n(\nupdated 4/16/2025\n)\nResearch Services\nResearch Services\nEssential Tools\nClose\nFind My GCO\nRASS\nExternal\nInstitutional Profile & DUNS\nIACUC applications (Cayuse Animal Management)\nFind Your Next Funding Opportunity\nIBC Applications (RASS-IBC)\nResearch Development (ReD) Services\nIRB Applications (RASS-IRB)\nExternal\nRates and budgets\nReport external interests (RASS-COI)\nJoin List Servs\nRASS Access Request Form\nAsk EHS\nExternal\nWeb Financials (WebFin2)\nExternal\nCornell Data Services\nExternal\nPI Dashboard\nExternal\nTravel Registry\nExternal\nResearch Financials (formerly RA Dashboard)\nExternal\nInternational research activities\nExternal\nRegister for Federal and Non-Federal Systems\nDisclose Foreign Collaborations and Support\nResearch metrics & executive dashboards\nTraining\nSearch\nResearch Services\nSearch\nHome\nPrepare a Proposal\nClose\nResearch Development Services\nSubawards in a Proposal\nFind Your Next Funding Opportunity\nDisclose Foreign Collaborations and Support\nProposal Development, Review, and Submission\nPlanning for Animals, Human Participants, r/sNA, Hazardous Materials, Radiation\nBudgets, Costs, and Rates\nCollaborate with Weill Cornell Medicine\nManage a Project\nClose\nAward Negotiation and Finalization\nTravel and International Activities\nProject Finances\nProject Modifications\nResearch Project Staffing\nGet Confidential Info, Data, Equipment, or Materials\nManaging Subawards\nAnimals, Human Participants, r/sNA, Hazardous Materials, Radiation\nClose a Project\nClose\nProject Closeout Financials\nProject Closeout\nEnd a Project Early\nCorporate Partnership & Innovation\nClose\nProtecting an Invention, Creation, Discovery\nEntrepreneurial and Startup Company Resources\nGateway to Partnership Program\nEngaging with Industry\nCompliance, Ethics, Safety\nClose\nResponsible Conduct of Research (RCR)\nExport Controls\nResearch with Human Participants\nResearch Security\nWork with Live Vertebrate Animals\nResearch Safety\nRegulated Biological Materials in Research\nFinancial Management\nConflicts of Interest\nBreadcrumb\nHome\nresources\nPostdoctoral Researcher Supplement 2023\nOne-time payment to postdoctoral employees in recognition of inflationary pressures during the past year of their scholarship and research training at Cornell and reflects the support of the leadership at the colleges, departments, centers, and institutes that are the homes of their research projects.\nFull-time and part-time postdoctoral researchers that have been on the payroll as of January 1, 2023 and continued employment at the time of distribution are eligible.\nDistributed in the March 31 semimonthly paycheck or the March 30 biweekly paycheck.\nImplemented on all fund sources.\nFor less than full-time appointments, annualized full-time equivalent base pay reflects payment amount received (not annual base pay).\nImplemented centrally by EIB.\nWhat if the employee is hired after the eligibility effective date?\nShould an employee begin employment with Cornell after January 1, 2023, they will not receive the payment.\nWhat if the employee’s pay changes after January 1, 2023?\nThe Payment Amount is based on the employee’s annualized base pay effective January 1, 2023.\nWhat if the employee is not on the payroll at the time of distribution?\nShould an employee terminate prior to March 31, 2023, effective date, they will not receive the payment.\nWhat if the employee earns above $99,999?\nEmployees with an annualized base pay greater than $99,999 are not eligible for the one-time payment.\nDo pay components in addition to base pay impact the payment amount?\nNo. Administrative supplements, allowances, bonuses, and additional payments are excluded from the payment calculation.\nHow will this payment be taxed?\nThe payment is categorized as a one-time payment discretionary bonus and will be charged the full fringe rate and CURP and Pension eligible. The amount of tax withheld will vary based on the tax withholding certificates (IRS Form W-4) that the employee has on file in Workday.\nAdditional Details regarding Tax Deferred Annuities\nIf individuals would like to adjust their TDA contribution for the same check as this one-time payment, please make the adjustment no later than March 22, 2023 for bi-weekly employees or March 24, 2023 for semi-monthly employees. Visit the TDA webpage under “\nHow to Enroll and Change Contribution Allocations\n” for further instructions.\nQuick Reference\nOffices\nCALS Sponsored Research Office\nCOI - Conflict of Interest\nCTL - Center for Technology Licensing\nCVM Research Office\nCorporate Engagement\nEHS - Environmental Health & Safety & Risk Management\nExport Controls Office\nFAIM - Faculty Advancing Inclusive Mentoring\nIACUC - Institutional Animal Care and Use\nIBC - Institutional Biosafety Committee\nIRB - Institutional Review Board\nIT Security & Policy\nORIA - Office of Research Integrity and Assurance\nOSP - Office of Sponsored Programs & Research Development\nPRO - Pre-Award Research Operations\nR&I - Cornell Research & Innovation\nRAIS - Research Administration Information Services\nRCR - Responsible Conduct of Research\nRDBSC - Research Division Business Service Center\nResearch Development (ReD)\nResearch Division Human Resources\nResearch Security Office\nSFS - Sponsored Financial Services\nUniversity Policy Office\nWCM - Office of Sponsored Research Administration (OSRA)\nEssential Tools & Resources\nFind My GCO\nInstitutional Profile & DUNS\nRates and budgets\nJoin List Servs\nResearch Development (ReD) Services\nFind Your Next Funding Opportunity\nRegister for Federal and Non-Federal Systems\nDisclose Foreign Collaborations and Support\nWeb Financials (WebFin2)\nExternal\nPI Dashboard\nExternal\nResearch Financials (formerly RA Dashboard)\nExternal\nRASS\nExternal\nIACUC applications (Cayuse Animal Management System)\nIBC applications (RASS-IBC)\nIRB Applications (RASS-IRB)\nExternal\nReport external interests (RASS-COI)\nRASS Access Request Form\naskEHS\nExternal\nCornell Data Services\nExternal\nTravel Registry\nExternal\nInternational research activities\nExternal\nTraining\nResearch metrics and executive dashboards\nRates\nForms\nPolicies\nContacts\nTraining\nEvents\nNews & Announcements\nPart of\n© 2019 Cornell University\nWeb Accessibility Help\nWas this page helpful?\n×\n×\nStatus message\nSorry...This form is closed to new submissions.\nScroll\n\nTable:\nAnnualized Base Pay | Payment Amount\n--- | ---\nUp to $49,999 | $1,000\n$50,000 to $59,999 | $900\n$60,000 to $69,999 | $800\n$70,000 to $79,999 | $700\n$80,000 to $89,999 | $600\n$90,000 to $99,999 | $500\n"
}