{
    "URL location": "https://researchservices.cornell.edu/resources/post-award-reference-employee-benefits-and-facilityadministrative-costs",
    "Last modification date": "2025-04-18T03:27Z",
    "Change frequency": "monthly",
    "Priority": "0.8",
    "Scraped Text": "Post-award Reference: Employee Benefits and Facility/Administrative Costs | Cornell Research Services\nSkip to main content\nFind guidance on funding and agency updates during the federal government transition\n(\nupdated 4/16/2025\n)\nResearch Services\nResearch Services\nEssential Tools\nClose\nFind My GCO\nRASS\nExternal\nInstitutional Profile & DUNS\nIACUC applications (Cayuse Animal Management)\nFind Your Next Funding Opportunity\nIBC Applications (RASS-IBC)\nResearch Development (ReD) Services\nIRB Applications (RASS-IRB)\nExternal\nRates and budgets\nReport external interests (RASS-COI)\nJoin List Servs\nRASS Access Request Form\nAsk EHS\nExternal\nWeb Financials (WebFin2)\nExternal\nCornell Data Services\nExternal\nPI Dashboard\nExternal\nTravel Registry\nExternal\nResearch Financials (formerly RA Dashboard)\nExternal\nInternational research activities\nExternal\nRegister for Federal and Non-Federal Systems\nDisclose Foreign Collaborations and Support\nResearch metrics & executive dashboards\nTraining\nSearch\nResearch Services\nSearch\nHome\nPrepare a Proposal\nClose\nResearch Development Services\nSubawards in a Proposal\nFind Your Next Funding Opportunity\nDisclose Foreign Collaborations and Support\nProposal Development, Review, and Submission\nPlanning for Animals, Human Participants, r/sNA, Hazardous Materials, Radiation\nBudgets, Costs, and Rates\nCollaborate with Weill Cornell Medicine\nManage a Project\nClose\nAward Negotiation and Finalization\nTravel and International Activities\nProject Finances\nProject Modifications\nResearch Project Staffing\nGet Confidential Info, Data, Equipment, or Materials\nManaging Subawards\nAnimals, Human Participants, r/sNA, Hazardous Materials, Radiation\nClose a Project\nClose\nProject Closeout Financials\nProject Closeout\nEnd a Project Early\nCorporate Partnership & Innovation\nClose\nProtecting an Invention, Creation, Discovery\nEntrepreneurial and Startup Company Resources\nGateway to Partnership Program\nEngaging with Industry\nCompliance, Ethics, Safety\nClose\nResponsible Conduct of Research (RCR)\nExport Controls\nResearch with Human Participants\nResearch Security\nWork with Live Vertebrate Animals\nResearch Safety\nRegulated Biological Materials in Research\nFinancial Management\nConflicts of Interest\nBreadcrumb\nHome\nresources\nPost-award Reference: Employee Benefits and Facility/Administrative Costs\nEmployee benefit rates and facility & administrative cost rates to use when managing awards. Includes object codes for accounting. The same information is provided for proposal budget planning on the\nEmployee Benefit Rates and Project Escalation\npage.\nEmployee Benefit Rates\nPer\nDHHS Rate Agreement as of Aug. 13, 2021 (PDF, 429 KB)\nNote that only approved or proposed rates are listed here. Estimated future rates for the development of sponsored proposals are available on the\nOffice of Sponsored Programs\nwebsite.\nThe document on this page opens with\nAdobe\n®\nAcrobat\n®\nReader\n.\nWhen Contract College Employee Benefit Charges Apply\nMost contract college accounts are not charged benefits directly. In certain instances though, the university is required to reimburse the State of New York for contract college benefits, and accounts are charged the applicable federal or non-federal rate. These instances occur when:\nServices are provided under\nsponsored agreements\n, except those performed directly for the State of New York and funded by the state’s general purpose operating or capital funds.\nServices are paid for with\nrestricted gifts\n, except those received from university alumni (as individuals, foundations, or corporations), for endowment, or from endowment income.\nServices are provided\nby contract college employees\nto the endowed divisions of the university.\nThere are two benefit levels. Per the conditions established by New York State, there is no “minimum” benefit rate.\nFull Benefit Rate:\nThe rate charged to salary expenditures associated with most employees (i.e. those eligible for benefits or mandated coverage). Includes all Full and Minimum Benefit Rate object codes listed in the Endowed table above.\nZero Benefit Rate:\nThe rate charged to salary expenditures associated with employees who are generally exempt from mandated coverage (e.g., registered students during the academic year) and are not eligible for any other employee benefits). Includes all Zero Benefit Rate object codes listed in the Endowed table above, plus 5041.\nFacilities & Administrative Cost Rates\nEndowed Research\nContract Colleges Research: Ithaca and Geneva\nCampus-Wide Other Sponsored Agreement Rate\nCampus-Wide Interagency Personnel Agreement\nContract Colleges NYS Funds\nEndowed Division and Contract Colleges\n*MTDC =\nModified Total Direct Costs (PDF, 89 KB)\n**TDC = Total Direct Cost\n11\nProcess\nProject Finances\nRate\nSalary Cap Calculator\nResource\nPI Dashboard\nResource\nAccount Award Portfolio Dashboard\nResource\nWebFin2\nResource\nGet Access to Financial & Sponsored Projects Data\nResource\nBilling (Invoicing) Sponsors\nResource\nForeign Currency Awards\nResource\nWho Can Help: Finance Staff\nResource\nAccount Setup Details\nResource\nUniform Guidance for Federal Awards\nQuick Reference\nOffices\nCALS Sponsored Research Office\nCOI - Conflict of Interest\nCTL - Center for Technology Licensing\nCVM Research Office\nCorporate Engagement\nEHS - Environmental Health & Safety & Risk Management\nExport Controls Office\nFAIM - Faculty Advancing Inclusive Mentoring\nIACUC - Institutional Animal Care and Use\nIBC - Institutional Biosafety Committee\nIRB - Institutional Review Board\nIT Security & Policy\nORIA - Office of Research Integrity and Assurance\nOSP - Office of Sponsored Programs & Research Development\nPRO - Pre-Award Research Operations\nR&I - Cornell Research & Innovation\nRAIS - Research Administration Information Services\nRCR - Responsible Conduct of Research\nRDBSC - Research Division Business Service Center\nResearch Development (ReD)\nResearch Division Human Resources\nResearch Security Office\nSFS - Sponsored Financial Services\nUniversity Policy Office\nWCM - Office of Sponsored Research Administration (OSRA)\nEssential Tools & Resources\nFind My GCO\nInstitutional Profile & DUNS\nRates and budgets\nJoin List Servs\nResearch Development (ReD) Services\nFind Your Next Funding Opportunity\nRegister for Federal and Non-Federal Systems\nDisclose Foreign Collaborations and Support\nWeb Financials (WebFin2)\nExternal\nPI Dashboard\nExternal\nResearch Financials (formerly RA Dashboard)\nExternal\nRASS\nExternal\nIACUC applications (Cayuse Animal Management System)\nIBC applications (RASS-IBC)\nIRB Applications (RASS-IRB)\nExternal\nReport external interests (RASS-COI)\nRASS Access Request Form\naskEHS\nExternal\nCornell Data Services\nExternal\nTravel Registry\nExternal\nInternational research activities\nExternal\nTraining\nResearch metrics and executive dashboards\nRates\nForms\nPolicies\nContacts\nTraining\nEvents\nNews & Announcements\nPart of\n© 2019 Cornell University\nWeb Accessibility Help\nWas this page helpful?\n×\n×\nStatus message\nSorry...This form is closed to new submissions.\nScroll\n\nTable:\nEndowed | Object Code(s) | 7/1/15-6/30/19 | 7/1/19-6/30/20 | 7/1/20-6/30/21 | 7/1/21-Until Amended\n--- | --- | --- | --- | --- | ---\nFull Benefit Rate:the rate charged to salary expenditures associated with most employees (i.e., those eligible for the university's standard benefits, as well as mandated coverage) | 5000, 5010, 5020, 5025, 5050, 5100, 5105, 5110, 5120, 5130, 5140, 5160, 5180, 5200, 5255, 5256, 5257, 5258, 5259, 5260, 5300, 5310, 5315, 5320, 5330, 5340, 5350, 5370, 5410, 5420, 5430 | 34.9% | 35.3% | 28.9% | 37.0%\nMinimum Benefit Rate:the rate charged to salary expenditures associated with employees whose appointments require only mandated coverage | 5030, 5040, 5060, 5141, 5150, 5261, 5298, 5305, 5311, 5316, 5325, 5331, 5355, 5360, 5400, 5440, 5450, 5460 | 10.0% | 10.0% | 10.0% | 10.0%\nZero Benefit Rate:the rate charged to salary expenditures associated with employees who are generally exempt from mandated coverage and are not eligible for any other employee benefits (e.g., student employees during the academic year) | 5299, 5445, 5500, 5505, 5510, 5515, 5520, 5525, 5530, 5555, 5560, 5565, 5570, 5580, 5585, 5590, 5595 | 0.0% | 0.0% | 0.0% | 0.0%\n\n\nTable:\nContract Colleges | FY 197/1/18 - 6/30/19 | FY 207/1/19 - 6/30/20 | FY 217/1/20 -6/30/21 | FY 227/1/21 -Until Amended\n--- | --- | --- | --- | ---\nFederal and federal flow-through funds | 65.10% | 63.90% | 60.50% | 66.0%\nNon-federal funds | 68.63% | 68.87% | 66.93% | 67.09%\nUnrestricted funds, endowment income, alumni gifts | 0% | 0% | 0% | 0%\n\n\nTable:\n | Rate Base | Pre-determined Rates7/1/15-6/30/16 | Pre-determined Rates7/1/16-6/30/17 | Pre-determined Rates7/1/17-6/30/18 | Pre-determined Rates7/1/18-6/30/26and Provisional Thereafter\n--- | --- | --- | --- | --- | ---\nOn-Campus | MTDC* | 61%(KFS Rate RE1) | 61%(KFS Rate RE2) | 63%(KFS Rate RE2) | 64%(KFS Rate RE2)\nOff-Campus | MTDC | 26%(KFS Rate OFF) | 26%(KFS Rate OFF) | 26%(KFS Rate OFF) | 26%(KFS Rate OFF)\n\n\nTable:\n | Rate Base | Pre-determined Rates7/1/15-6/30/16 | Pre-determined Rates7/1/16-6/30/17 | Pre-determined Rates7/1/17-6/30/18 | Pre-determined Rates7/1/18-6/30/26 and Provisional Thereafter\n--- | --- | --- | --- | --- | ---\nOn-Campus | MTDC | 55%(KFS Rate RC1) | 55%(KFS Rate RC2) | 56%(KFS Rate RC2) | 57%(KFS Rate RC2)\nOff-Campus | MTDC | 26%(KFS Rate OFF) | 26%(KFS Rate OFF) | 26%(KFS Rate OFF) | 26%(KFS Rate OFF)\n\n\nTable:\n | Rate Base | Pre-determined Rates7/1/16-6/30/26 and Provisional Thereafter\n--- | --- | ---\nOn-Campus | MTDC | 37%(KFS Rate OA2)\nOff-Campus | MTDC | 26%(KFS Rate OFF)\n\n\nTable:\n | Rate Base | Pre-determined Rates7/1/16-6/30/26 and Provisional Thereafter\n--- | --- | ---\nOn-Campus | MTDC | 5.7%(KFS Rate IP2)\nOff-Campus | MTDC | 5.7%(KFS Rate IP2)\n\n\nTable:\n | Rate Base | CC NYS Rate7/1/15-Until Amended\n--- | --- | ---\nOn-/Off- Campus | TDC** | 18%(KFS Rate NYS)\n\n\nTable:\n | Rate Base | University Rate7/1/15-Until Amended\n--- | --- | ---\nRestricted Gifts | TDC, less student aid | 10%(KFS Rate 810)\n"
}