{
    "URL location": "https://researchservices.cornell.edu/proposal/budget",
    "Last modification date": "2025-04-18T03:27Z",
    "Change frequency": "monthly",
    "Priority": "0.8",
    "Scraped Text": "Budget, Costs, and Rates | Cornell Research Services\nSkip to main content\nFind guidance on funding and agency updates during the federal government transition\n(\nupdated 4/16/2025\n)\nResearch Services\nResearch Services\nEssential Tools\nClose\nFind My GCO\nRASS\nExternal\nInstitutional Profile & DUNS\nIACUC applications (Cayuse Animal Management)\nFind Your Next Funding Opportunity\nIBC Applications (RASS-IBC)\nResearch Development (ReD) Services\nIRB Applications (RASS-IRB)\nExternal\nRates and budgets\nReport external interests (RASS-COI)\nJoin List Servs\nRASS Access Request Form\nAsk EHS\nExternal\nWeb Financials (WebFin2)\nExternal\nCornell Data Services\nExternal\nPI Dashboard\nExternal\nTravel Registry\nExternal\nResearch Financials (formerly RA Dashboard)\nExternal\nInternational research activities\nExternal\nRegister for Federal and Non-Federal Systems\nDisclose Foreign Collaborations and Support\nResearch metrics & executive dashboards\nTraining\nSearch\nResearch Services\nSearch\nHome\nPrepare a Proposal\nClose\nResearch Development Services\nSubawards in a Proposal\nFind Your Next Funding Opportunity\nDisclose Foreign Collaborations and Support\nProposal Development, Review, and Submission\nPlanning for Animals, Human Participants, r/sNA, Hazardous Materials, Radiation\nBudgets, Costs, and Rates\nCollaborate with Weill Cornell Medicine\nManage a Project\nClose\nAward Negotiation and Finalization\nTravel and International Activities\nProject Finances\nProject Modifications\nResearch Project Staffing\nGet Confidential Info, Data, Equipment, or Materials\nManaging Subawards\nAnimals, Human Participants, r/sNA, Hazardous Materials, Radiation\nClose a Project\nClose\nProject Closeout Financials\nProject Closeout\nEnd a Project Early\nCorporate Partnership & Innovation\nClose\nProtecting an Invention, Creation, Discovery\nEntrepreneurial and Startup Company Resources\nGateway to Partnership Program\nEngaging with Industry\nCompliance, Ethics, Safety\nClose\nResponsible Conduct of Research (RCR)\nExport Controls\nResearch with Human Participants\nResearch Security\nWork with Live Vertebrate Animals\nResearch Safety\nRegulated Biological Materials in Research\nFinancial Management\nConflicts of Interest\nBreadcrumb\nHome\nPrepare a Proposal\nBudget, Costs, and Rates\nSalary Cap Calculator\nGet Help\nYour research administrator or department administrator should be your first contact for budget questions during proposal development. After you've received an award,\nsee the Project Finances page\nfor help.\nTools and Templates\nSample budget templates\nRates\nSalary Cap Calculator\nDeadlines/Scheduling Considerations\nSubmit to OSP even if your science/technical content is not complete\n. Your proposal will\nonly\nreceive a full review from OSP if it is submitted at least 5 business days before Cornell's submission deadline (which may be different than the sponsor submission deadline). The\nProposal Review Guidelines\nexplain more about the deadlines.\nPay attention to the project years your proposal covers\n. Be sure you're using the applicable rates because they can change (escalate) over time.\nInclude in Your Budget\nYour project budget should be a reasonable estimate of costs, categorized appropriately.\nSummer Salary has specific requirements for how it is represented in the budget.\nSummer Salary Process (PDF)\n.\nIf cost sharing is being proposed, it must follow guidelines and be appropriately planned.\nSee the Monitoring Cost Sharing page for details\n.\nsIRB (Single IRB)\n: If your project requires a single IRB there will be additional budget considerations.\nNote: The Cornell IRB is unable to serve as the single IRB of record. If you believe that your study requires a sIRB, please contact\nVanessa McCaffery\nso that we may work with you to identify and facilitate options for meeting the requirement.\nFor collaborations with Weill Cornell Medicine, the Academic Integration site includes details.\nAnimal per diems\nNote\n: If the sponsor requires hourly rates for salary,\ncontact your GCO\n. Cornell doesn't support hourly billing for staff.\nBest Practices\nTraining is available, mainly for Research Administrators and departmental staff who support faculty.\nResearch administrators should attend the\nResearch Administration Certification Program (RACP)\n.  Keep up to date with the\nOSP Roundtables every month\n.\nResearch administrators might want to take the Finance related classes found in\nWorkday Learning\n, including Fin 114.\n15\nResource\nSee all Rates\nProcess\nPrepare a Proposal\nResource\nOverview of Costs for Project Budgets (Budget and Costing Guide)\nResource\nBudget Templates and Budget Justification Templates\nRate\nEmployee Benefit (Fringe) Rates\nRate\nEscalation Rates\nRate\nFacilities & Administrative (F&A) Rates\nRate\nPostdoctoral Associate Minimum Salary\nRate\nGrad Student Tuition, Health Benefits, and Stipend\nRate\nNIH Salary Cap\nRate\nPer Diem Rates for Travel\nSee All\nQuick Reference\nOffices\nCALS Sponsored Research Office\nCOI - Conflict of Interest\nCTL - Center for Technology Licensing\nCVM Research Office\nCorporate Engagement\nEHS - Environmental Health & Safety & Risk Management\nExport Controls Office\nFAIM - Faculty Advancing Inclusive Mentoring\nIACUC - Institutional Animal Care and Use\nIBC - Institutional Biosafety Committee\nIRB - Institutional Review Board\nIT Security & Policy\nORIA - Office of Research Integrity and Assurance\nOSP - Office of Sponsored Programs & Research Development\nPRO - Pre-Award Research Operations\nR&I - Cornell Research & Innovation\nRAIS - Research Administration Information Services\nRCR - Responsible Conduct of Research\nRDBSC - Research Division Business Service Center\nResearch Development (ReD)\nResearch Division Human Resources\nResearch Security Office\nSFS - Sponsored Financial Services\nUniversity Policy Office\nWCM - Office of Sponsored Research Administration (OSRA)\nEssential Tools & Resources\nFind My GCO\nInstitutional Profile & DUNS\nRates and budgets\nJoin List Servs\nResearch Development (ReD) Services\nFind Your Next Funding Opportunity\nRegister for Federal and Non-Federal Systems\nDisclose Foreign Collaborations and Support\nWeb Financials (WebFin2)\nExternal\nPI Dashboard\nExternal\nResearch Financials (formerly RA Dashboard)\nExternal\nRASS\nExternal\nIACUC applications (Cayuse Animal Management System)\nIBC applications (RASS-IBC)\nIRB Applications (RASS-IRB)\nExternal\nReport external interests (RASS-COI)\nRASS Access Request Form\naskEHS\nExternal\nCornell Data Services\nExternal\nTravel Registry\nExternal\nInternational research activities\nExternal\nTraining\nResearch metrics and executive dashboards\nRates\nForms\nPolicies\nContacts\nTraining\nEvents\nNews & Announcements\nPart of\n© 2019 Cornell University\nWeb Accessibility Help\nWas this page helpful?\n×\n×\nStatus message\nSorry...This form is closed to new submissions.\nScroll"
}