{
    "URL location": "https://researchservices.cornell.edu/resources/irb-biomedical-research",
    "Last modification date": "2025-04-18T03:27Z",
    "Change frequency": "monthly",
    "Priority": "0.8",
    "Scraped Text": "IRB Biomedical Research | Cornell Research Services\nSkip to main content\nFind guidance on funding and agency updates during the federal government transition\n(\nupdated 4/16/2025\n)\nResearch Services\nResearch Services\nEssential Tools\nClose\nFind My GCO\nRASS\nExternal\nInstitutional Profile & DUNS\nIACUC applications (Cayuse Animal Management)\nFind Your Next Funding Opportunity\nIBC Applications (RASS-IBC)\nResearch Development (ReD) Services\nIRB Applications (RASS-IRB)\nExternal\nRates and budgets\nReport external interests (RASS-COI)\nJoin List Servs\nRASS Access Request Form\nAsk EHS\nExternal\nWeb Financials (WebFin2)\nExternal\nCornell Data Services\nExternal\nPI Dashboard\nExternal\nTravel Registry\nExternal\nResearch Financials (formerly RA Dashboard)\nExternal\nInternational research activities\nExternal\nRegister for Federal and Non-Federal Systems\nDisclose Foreign Collaborations and Support\nResearch metrics & executive dashboards\nTraining\nSearch\nResearch Services\nSearch\nHome\nPrepare a Proposal\nClose\nResearch Development Services\nSubawards in a Proposal\nFind Your Next Funding Opportunity\nDisclose Foreign Collaborations and Support\nProposal Development, Review, and Submission\nPlanning for Animals, Human Participants, r/sNA, Hazardous Materials, Radiation\nBudgets, Costs, and Rates\nCollaborate with Weill Cornell Medicine\nManage a Project\nClose\nAward Negotiation and Finalization\nTravel and International Activities\nProject Finances\nProject Modifications\nResearch Project Staffing\nGet Confidential Info, Data, Equipment, or Materials\nManaging Subawards\nAnimals, Human Participants, r/sNA, Hazardous Materials, Radiation\nClose a Project\nClose\nProject Closeout Financials\nProject Closeout\nEnd a Project Early\nCorporate Partnership & Innovation\nClose\nProtecting an Invention, Creation, Discovery\nEntrepreneurial and Startup Company Resources\nGateway to Partnership Program\nEngaging with Industry\nCompliance, Ethics, Safety\nClose\nResponsible Conduct of Research (RCR)\nExport Controls\nResearch with Human Participants\nResearch Security\nWork with Live Vertebrate Animals\nResearch Safety\nRegulated Biological Materials in Research\nFinancial Management\nConflicts of Interest\nBreadcrumb\nHome\nresources\nIRB Biomedical Research\nInformation and resources related to conducting biomedical research with human participants\nA limited number of biomedical procedures are used in human participant studies on the Ithaca campus. These procedures must be conducted in a manner that assures the safety and privacy of participants. Many such procedures must be conducted in specialized spaces on campus, to ensure that research support is appropriately provided, with trained and qualified personnel conducting the procedures. For detailed information on working with these facilities or conducting any biomedical research on campus, please review\nIRB Policy #19\n.\nGeneral Guidance for Preparing an IRB Application with Biomedical Procedures\nWhen submitting an IRB application involving biomedical procedures, follow the steps and include the information and documents described below:\nExpand All\nSubmit a New Protocol\nCreate a new protocol in RASS-IRB\nHow-to documentation for how to create a new protocol or complete other tasks in RASS-IRB is available on the\nRASS Guide Site\n.\nCreating a Consent Form for Biomedical Procedures\nAll IRB applications involving active collection of specimens must include a consent form. Below please find a general biomedical consent form template that can be adapted for your needs. Note, if your application involves blood draws or fMRI, specific consent forms for these procedures need to be used. You can find these consent templates in the section below concerning specific biomedical procedures.\nEditable consent form for biomedical procedures (general)\nGuides and Templates for Specific Biomedical Procedures\nExpand All\nBlood Draws Using Venipuncture\nReview the guidance below before you start planning for blood draws for research. It contains useful links and resources that will help to make the application and review process go smoothly and fast. We strongly recommend that researchers use the research support services for blood draws offered by Gannett Health Services or the HMRU.\nRead this first:\nI\nRB Guidance: Venipuncture\nThe standard, IRB-approved consent language and standard operating procedures (SOP) for blood draws are provided in the templates below. Researchers are welcome to edit the templates for their project, but are encouraged only to make those changes to standard language that are truly necessary, as any material changes will need to be reviewed by Occupational Medicine and the IRB, and may add additional time to the protocol approval process.\nEditable Standard Operating Procedure and Take Home Sheet: Venipuncture\n(to be used only if blood draws are not being done at Cornell Health Services)\nEditable Consent Form: Venipuncture\nBlood Draws Using Finger Stick\nThe standard, IRB-approved consent language and standard operating procedures (SOP) for capillary blood draws (also known as finger sticks) are provided in the templates below. Researchers are welcome to edit the templates for their project, but are encouraged only to make those changes to standard language that are truly necessary, as any material changes will need to be reviewed by Occupational Medicine and the IRB, and may add additional time to the protocol approval process.\nEditable Standard Operating Procedure and Take Home Sheet: Finger Stick\nEditable Consent Form: Finger Stick\nMagnetic Resonance Imaging (MRI)\nThe\nCornell MRI Facility\n(CMRIF) is a university-wide resource located on the ground floor of Martha Van Rensselaer Hall. For all scans with human participants performed in the CMRIF, use this CMRIF- and IRB-approved\ninformed consent form template\n.\nPlease edit the consent template for your project, but only make those changes that are truly necessary; any material changes will need to be reviewed by Occupational Medicine and the IRB, and will add additional time to the protocol review process. When submitting your IRB protocol application, please provide both a tracked-changes and clean version of your CMRIF consent form.\nPlease contact the\nCMRIF\ndirectly for more information about how the facility works and other resources for researchers.\nOther Biomedical Procedures\nContact the Human Metabolic Research Unit (HMRU)\nfor guidance on urine sample collection, pregnancy testing, and respiratory tracking studies.\nContact the\nIRB office\nfor guidance on conducting research involving fecal sample collection and blood pressure measurements.\nContact the EEG lab\nfor guidance on EDA (ElectroDermal Activity), Bioelectrical Impedance, ECG/EEG, and eye-tracking studies.\nCornell Facilities for Biomedical Procedures\nHuman Metabolic Research Unit (HMRU)\nEEG and Psychophysiology Lab\nCornell Health Occupational Medicine\nCornell MRI Facility\n13\nResource\nAbout the IRB Committee\nResource\nThe Life Cycle of an IRB Protocol\nResource\nIRB Announcements & Newsletters\nProcess\nResearch with Human Participants\nResource\nIRB Informed Consent\nResource\nIRB Training\nResource\nIRB Considerations: Human Participant Data, Data Sets and Internet Research\nResource\nIRB Considerations for International Research\nResource\nIRB Considerations for Clinical Trials\nResource\nMulti-site and Collaborative IRB Research\nResource\nReport a Concern Involving Human Participant Research\nSee All\nQuick Reference\nOffices\nCALS Sponsored Research Office\nCOI - Conflict of Interest\nCTL - Center for Technology Licensing\nCVM Research Office\nCorporate Engagement\nEHS - Environmental Health & Safety & Risk Management\nExport Controls Office\nFAIM - Faculty Advancing Inclusive Mentoring\nIACUC - Institutional Animal Care and Use\nIBC - Institutional Biosafety Committee\nIRB - Institutional Review Board\nIT Security & Policy\nORIA - Office of Research Integrity and Assurance\nOSP - Office of Sponsored Programs & Research Development\nPRO - Pre-Award Research Operations\nR&I - Cornell Research & Innovation\nRAIS - Research Administration Information Services\nRCR - Responsible Conduct of Research\nRDBSC - Research Division Business Service Center\nResearch Development (ReD)\nResearch Division Human Resources\nResearch Security Office\nSFS - Sponsored Financial Services\nUniversity Policy Office\nWCM - Office of Sponsored Research Administration (OSRA)\nEssential Tools & Resources\nFind My GCO\nInstitutional Profile & DUNS\nRates and budgets\nJoin List Servs\nResearch Development (ReD) Services\nFind Your Next Funding Opportunity\nRegister for Federal and Non-Federal Systems\nDisclose Foreign Collaborations and Support\nWeb Financials (WebFin2)\nExternal\nPI Dashboard\nExternal\nResearch Financials (formerly RA Dashboard)\nExternal\nRASS\nExternal\nIACUC applications (Cayuse Animal Management System)\nIBC applications (RASS-IBC)\nIRB Applications (RASS-IRB)\nExternal\nReport external interests (RASS-COI)\nRASS Access Request Form\naskEHS\nExternal\nCornell Data Services\nExternal\nTravel Registry\nExternal\nInternational research activities\nExternal\nTraining\nResearch metrics and executive dashboards\nRates\nForms\nPolicies\nContacts\nTraining\nEvents\nNews & Announcements\nPart of\n© 2019 Cornell University\nWeb Accessibility Help\nWas this page helpful?\n×\n×\nStatus message\nSorry...This form is closed to new submissions.\nScroll"
}