{
    "URL location": "https://researchservices.cornell.edu/training/nature-masterclasses",
    "Last modification date": "2025-04-18T03:27Z",
    "Change frequency": "monthly",
    "Priority": "0.8",
    "Scraped Text": "Nature Masterclasses | Cornell Research Services\nSkip to main content\nFind guidance on funding and agency updates during the federal government transition\n(\nupdated 4/16/2025\n)\nResearch Services\nResearch Services\nEssential Tools\nClose\nFind My GCO\nRASS\nExternal\nInstitutional Profile & DUNS\nIACUC applications (Cayuse Animal Management)\nFind Your Next Funding Opportunity\nIBC Applications (RASS-IBC)\nResearch Development (ReD) Services\nIRB Applications (RASS-IRB)\nExternal\nRates and budgets\nReport external interests (RASS-COI)\nJoin List Servs\nRASS Access Request Form\nAsk EHS\nExternal\nWeb Financials (WebFin2)\nExternal\nCornell Data Services\nExternal\nPI Dashboard\nExternal\nTravel Registry\nExternal\nResearch Financials (formerly RA Dashboard)\nExternal\nInternational research activities\nExternal\nRegister for Federal and Non-Federal Systems\nDisclose Foreign Collaborations and Support\nResearch metrics & executive dashboards\nTraining\nSearch\nResearch Services\nSearch\nHome\nPrepare a Proposal\nClose\nResearch Development Services\nSubawards in a Proposal\nFind Your Next Funding Opportunity\nDisclose Foreign Collaborations and Support\nProposal Development, Review, and Submission\nPlanning for Animals, Human Participants, r/sNA, Hazardous Materials, Radiation\nBudgets, Costs, and Rates\nCollaborate with Weill Cornell Medicine\nManage a Project\nClose\nAward Negotiation and Finalization\nTravel and International Activities\nProject Finances\nProject Modifications\nResearch Project Staffing\nGet Confidential Info, Data, Equipment, or Materials\nManaging Subawards\nAnimals, Human Participants, r/sNA, Hazardous Materials, Radiation\nClose a Project\nClose\nProject Closeout Financials\nProject Closeout\nEnd a Project Early\nCorporate Partnership & Innovation\nClose\nProtecting an Invention, Creation, Discovery\nEntrepreneurial and Startup Company Resources\nGateway to Partnership Program\nEngaging with Industry\nCompliance, Ethics, Safety\nClose\nResponsible Conduct of Research (RCR)\nExport Controls\nResearch with Human Participants\nResearch Security\nWork with Live Vertebrate Animals\nResearch Safety\nRegulated Biological Materials in Research\nFinancial Management\nConflicts of Interest\nBreadcrumb\nHome\nTraining\nNature Masterclasses\nProfessional Development for the Cornell Research Community\nOnline\nLogin\nRegister for an Account\nCornell provides a subscription to\nNature Masterclasses\n. All students, faculty, and staff can take any courses available through\nNature Masterclasses\n.\nMake the most of this professional development opportunity!\nAvailable Courses\nNew!\nWriting a Research Paper: 2nd Edition\nCreating Successful Research Posters\nEffective Science Communication\nGetting an Academic Research Position\nScientific Writing and Publishing\nFinding Funding Opportunities\nPersuasive Grant Writing\nInterpreting Scientific Results\nData Analysis: Planning and Preparing\nData Analysis: Conducting and Troubleshooting\nAdvancing your Scientific Presentations\nNetworking for Researchers\nEffective Collaboration for Researchers\nManaging Research Data to Unlock its Full Potential\nNarrative Tools for Researchers\nExperiments from Idea to Design\nBonus free course\n: Focus on Peer Review\nGo right to the\nNature Masterclasses site\nOR\nsee course descriptions below\n.\nRegister your Account\nGo to\n\n.\nIn the\nInstitution\nlist, select\nCornell University\n.\nEnter your\nCornell email address\n. Note: You must register with your\nCornell email\nso that Nature will recognize your access to Cornell's subscription.\nChoose a safe password, complete the rest of the fields, and then click\nRegister\n.\nA confirmation email is sent to your Cornell email address. Once your account is confirmed, you\ncan begin taking classes\n.\nTake Classes\nAfter you register your account, you can take classes at any time.\nGo to\n\n.\nClick\nLogin\nin the upper-right.\nComplete the\nRegular Login\nfields and then click\nLogin\n.\nIf you need assistance, check the\nHelp page\non the\nNature Masterclasses\nwebsite for FAQs and contact details for the\nMasterclasses\nsupport teams.\nC\nourse Descriptions\nNew!\nWriting a Research Paper: 2nd Edition\nLearn how to write informative, concise, well structured and engaging research papers\nIntroduces researchers to powerful narrative tools and principles of scientific writing\n10-50-minute lessions\nDeveloped in collaboration with a team of 12 experts in writing and evaluating research papers, including\nNature Portfolio\nJournal Editors\nThis 2nd edition of the highly popular \"Writing a Research Paper\" course provides an improved learning experience and enriched content with extensive real-world examples\nWhat's in the course?\nModule 1:\nUnderstanding the elements of an effective research paper\nModule 2:\nApplying narrative tools to your research paper\nModule 3:\nUsing the principles of scientific writing style for your research paper\nModule 4:\nWriting your research paper section by section\nModule 5:\nFinalising your research paper for submission\nCreating Successful Research Posters\nHow to craft great engaging research posters and prepare a handout and conversation that will captivate your audience.\nFor researchers in the natural sciences who would like to learn how to create and present an effective research poster\n10-35-minute lessons\nWhat's in the course?\nModule 1:\nCreating Successful Research Posters\nSet communication goals for your poster presentations\nIdentify your audience and select your key message and supporting material\nSelect the visual elements and supporting text for your poster\nDesign a poster that will communicate your key message effectively\nUse your poster to spark great conversations about your research\nEffective Science Communication\nHow to effectively communicate research with non-experts\nFor anyone, including researchers in the natural sciences who would like to\ncommunicate their research to a broader audience\n10-30 minute lessons\nTaught by 8 experts in science communication, science writing and editing, science outreach, engagement and presentations, and the Springer Nature press office\nReceive a certificate when you complete the module\nWhat's in the course?\nModule 1\n: Effective Science Communication\nGetting an Academic Research Position\nHow to get an academic research position that suits you perfectly\nFor researchers in the natural sciences seeking to take their next career step, either as a new postdoc or in a new faculty role\n10-30 minutes lessons\nTaught by 11 experts in research career development, including experienced academic researchers, Nature Portfolio journal Editors, and coaching and careers specialists\nReceive a certificate when you complete each part of the course\nWhat's in the course?\nModule 1\n: Exploring your values, interests, skills and career goals\nModule 2\n: Finding a research position\nModule 3\n: Applying for a research position\nModule 4\n: Excelling at the interview\nScientific Writing and Publishing\nOffers guidance on how to write and publish a great research paper\nFor researchers in the natural sciences who want to get published\nShort 10-50-minute lessons\nTaught by Nature Research journal editors – so you hear tips from the experts\nReceive a certificate when you complete each part of the course\nWhat’s in the course?\nPart 1:\nWriting a Research Paper: 2nd Edition.\nHow to write informative, concise, well structured and engaging research papers. This 2nd edition provides an improved learning experience and enriched content with extensive real-world examples.\nPart 2:\nPublishing a Research Paper.\nHow to select a journal for publication, submit your article, and navigate the editorial process — including how to write cover letters, the peer review process, and editorial decisions.\nPart 3:\nWriting and Publishing a Review Paper.\nWhat makes a great review paper, how to plan and write a review, and how to referee a review paper.\nFinding Funding Opportunities\nFor researchers in the natural sciences who want to find funding opportunities or mentor others through the process\nShort 10-30 minute lessons\nTaught by 5 experts in obtaining research funding including a former program director at a major funder, experienced researchers, and a research management consultant\nReceive a certificate when you complete this 1 module course\nWhat’s in the course?\nModule 1: Finding Funding Opportunities\nUnderstand the funding landscape and the importance of finding the best-fitting opportunities\nIdentify your funding requirements taking into consideration your personal and professional circumstances\nSearch for and keep track of suitable funding opportunities\nSelect the most appropriate funding opportunities based on your needs\nPersuasive Grant Writing\nFor researchers in the natural sciences who want to use narrative tools to improve the quality of their grant applications to make them more informative and persuasive\nShort 15-minute lessons\nTaught by 9 experts in grant writing including researchers, program officers from funding bodies and the Chief Editor of the Nature Research Editing Service\nReceive a certificate when you complete the 3-module course\nWhat’s in the course?\nModule 1: Before starting your grant application:\nHow narrative tools can improve the overall quality of your grant application\nModule 2: Targeting your audience:\nHow to align your grant application with the requirements and objectives of its audience - your chosen funder\nModule 3: Creating a narrative:\nLearn to apply narrative tools when writing your grant application to make it more informative and persuasive\nInterpreting Scientific Results\nFor researchers in the natural sciences who want to interpret their scientific findings with more confidence, or mentor others through the process\nShort 10-20 minute lessons\nTaught by 5 experts in interpreting results, including a Nature Portfolio journal Editor and experienced researchers, statisticians and data scientists\nReceive a certificate when you complete this 1 module course\nWhat’s in the course?\nModule 1: Interpreting Scientific Results\nSelect appropriate approaches to visualize and prioritize your findings in order to identify the key message\nIdentify the ways in which your data interpretation helps you to address and answer your scientific question\nAdd context to your findings by considering the wider research field\nSummarize and communicate your findings with a focus on your key message, and how to best express caveats and future directions\nData Analysis: Planning and Preparing\nFor researchers in the natural sciences who want to develop their data analysis skills or mentor others through the process\nShort 20-minute lessons\nTaught by 10 experts in data analysis including experienced statisticians and data scientists, journal editors and early career researchers\nReceive a certificate when you complete the 2-module course\nWhat’s in the course?\nModule 1: Introduction to data analysis and the importance of planning:\nHow to create a data analysis plan and get feedback\nModule 2: Preparing your data for analysis:\nHow to apply best practice to collate and merge the data you’ve collected\nData Analysis: Conducting and Troubleshooting\nFor researchers in the natural sciences who want to develop their data analysis skills or mentor others through the process\nShort 10-20 minute lessons\nTaught by 10 experts in data analysis including experienced statisticians and data scientists, journal editors and early career researchers\nReceive a certificate when you complete the 3-module course\nWhat’s in the course?\nModule 1: Introduction to Data Analysis:\nUnderstand the importance of conducting effective data analysis\nModule 2: Exploring Your Data and Reviewing Your Analysis Plan:\nIdentify the range of analytic methods available and understand which is most suited to your data\nModule 3: Analyzing  Your Data:\nLearn strategies for obtaining feedback, troubleshooting and expressing the limitations of your analysis\nAdvancing Your Scientific Presentations\nFor researchers in the natural sciences who want to improve the quality of their peer-to-peer scientific presentations with both virtual and face-to-face audiences\nShort 15-minute lessons\nTaught by 10 experts in scientific presentations including researchers and professionals such as the Editor in Chief of Nature who excel at presenting their work, renowned presentation designers & trainers and experts in narrative tools\nReceive a certificate when you complete the 4-module course\nWhat’s in the course?\nModule 1: Overcoming your research presentation challenges:\nIdentify techniques that can help to overcome the challenges that researchers commonly face when creating and delivering oral presentations\nModule 2: Developing the story behind your talk:\nBuild compelling research stories to use as the foundation for your presentations\nModule 3: Building an engaging slide deck:\nCreate professional slide decks that effectively communicate your research findings to your audience\nModule 4: Preparing and navigating your talk:\nApply strategies to help you deliver your presentation effectively on the day, in both virtual and face-to-face environments\nNetworking for Researchers\nFor researchers in the natural sciences to identify and use career and research goals to develop their networking strategy, and acquire key skills to build and maintain a professional network in person and online to advance their research and their career\nShort 15-minute lessons\nTaught by 10 experts\nin networking including researchers, experienced academic networkers, fellows, networking consultants and communications specialists\nReceive a certificate when you complete the 4-module course\nWhat’s in the course?\nModule 1: Why network?:\nHow to examine the different purposes, challenges and opportunities related to building your network\nModule 2: Getting ready to work:\nHow to prepare key resources to help you build an effective network\nModule 3: Connect with new networking contacts:\nStrategies to approach and connect with potential network contacts, both in-person and online\nModule 4: Nurturing and harnessing the power of your network:\nHow to follow up on initial approaches and how to apply strategies to leverage your network that will advance your research or career\nEffective Collaboration in Research\nOffers guidance on how to join in, set up or lead collaborative projects\nFor researchers in the natural sciences who want to make the most out of collaborative  research projects\nEasy-to-use with short 15 minute lessons\nTaught by experts in collaboration including researchers, funders, editors and professionals\nReceive a certificate when you complete each part of the course\nWhat’s in the course?\nPart 1: Introducing collaboration:\nWhy collaborative research is becoming more prevalent\nPart 2: Participating in a collaboration:\nThe pros and cons of collaborating\nPart 3: Leading a collaboration:\nHow collaborative projects can help advance your research and career\nManaging Research Data to Unlock its Full Potential\nOffers guidance on how to develop one’s data management skills or mentor others through the process\nFor researchers in the natural sciences who want to learn about acquiring practical lifelong skills to manage their data efficiently and comply with evolving requirements, including from funders\nShort 15-minute lessons\nTaught by experts in data management, including researchers, funders, data publishing and institutional data management specialists\nReceive a certificate when you complete the 4-module course\nWhat’s in the course?\nModule 1: Welcome and introduction:\nWhy effective data management is beneficial to your research and your career\nModule 2: Creating and maintaining your data management plans:\nHow to create and maintain a data management plan\nModule 3: Managing data in the short and long term:\nHow to apply best practices for organizing, storing, archiving and quality checking your data\nModule 4: Sharing your data:\nHow to ensure that your data is understandable to yourself and others\nNarrative Tools for Researchers\nOffers guidance on how to enhance your communication to your peers by using narrative tools to tell your research story\nFor researchers in the natural sciences who want to learn about how to communicate their research to the scientific community in an effective, compelling and memorable way\nEasy-to-use with short 15-minute lessons\nTaught by 10 experts in using narrative techniques in scientific communication, including researchers, Nature editors and science journalists\nReceive a certificate when you complete the 3-module course\nWhat’s in the course?\nModule 1: Why use a story?:\nThe benefits of using a compelling story to communicate your research to your peers and stakeholders, such as funders or industry partners\nModule 2: Building your story:\nHow to build and combine different narrative elements that can help you create a more compelling scientific story\nModule 3: Refining your story:\nHow to refine your story by soliciting feedback and implementing edits\nExperiments: From Idea to Design\nEquips you with the right tools to help develop, plan, and refine robust, impactful experiments\nFor researchers in the natural sciences who want to develop their experimental design skills\nEasy-to-use with short 15-minute lessons\nTaught by 9 experts in experts in experimental design including experienced researchers and\nNature Portfolio\nJournal Editors\nReceive a certificate when you complete the 4-module course\nWhat’s in the course?\nModule 1: Foundations of Experimental Design:\nThe benefits of honing your experimental design skills before embarking on full-scale experiments\nModule 2: Developing your Motivation, Assumptions, and Hypotheses:\nHow to prioritize research motivations according to their potential impact, your skill set, and your enthusiasm; identify your assumptions; formulate hypotheses and testable predictions\nModule 3: Assembling your Experimental Plan:\nIdentify the information that you need to collect to test your assumptions, hypotheses, or predictions, and fulfill your research motivation\nModule 4: Utilizing your Experimental Design:\nRefining your experimental design before conducting your full experiment\nQuick Reference\nOffices\nCALS Sponsored Research Office\nCOI - Conflict of Interest\nCTL - Center for Technology Licensing\nCVM Research Office\nCorporate Engagement\nEHS - Environmental Health & Safety & Risk Management\nExport Controls Office\nFAIM - Faculty Advancing Inclusive Mentoring\nIACUC - Institutional Animal Care and Use\nIBC - Institutional Biosafety Committee\nIRB - Institutional Review Board\nIT Security & Policy\nORIA - Office of Research Integrity and Assurance\nOSP - Office of Sponsored Programs & Research Development\nPRO - Pre-Award Research Operations\nR&I - Cornell Research & Innovation\nRAIS - Research Administration Information Services\nRCR - Responsible Conduct of Research\nRDBSC - Research Division Business Service Center\nResearch Development (ReD)\nResearch Division Human Resources\nResearch Security Office\nSFS - Sponsored Financial Services\nUniversity Policy Office\nWCM - Office of Sponsored Research Administration (OSRA)\nEssential Tools & Resources\nFind My GCO\nInstitutional Profile & DUNS\nRates and budgets\nJoin List Servs\nResearch Development (ReD) Services\nFind Your Next Funding Opportunity\nRegister for Federal and Non-Federal Systems\nDisclose Foreign Collaborations and Support\nWeb Financials (WebFin2)\nExternal\nPI Dashboard\nExternal\nResearch Financials (formerly RA Dashboard)\nExternal\nRASS\nExternal\nIACUC applications (Cayuse Animal Management System)\nIBC applications (RASS-IBC)\nIRB Applications (RASS-IRB)\nExternal\nReport external interests (RASS-COI)\nRASS Access Request Form\naskEHS\nExternal\nCornell Data Services\nExternal\nTravel Registry\nExternal\nInternational research activities\nExternal\nTraining\nResearch metrics and executive dashboards\nRates\nForms\nPolicies\nContacts\nTraining\nEvents\nNews & Announcements\nPart of\n© 2019 Cornell University\nWeb Accessibility Help\nWas this page helpful?\n×\n×\nStatus message\nSorry...This form is closed to new submissions.\nScroll"
}