{
    "URL location": "https://researchservices.cornell.edu/resources/limited-submissions-funding-opportunities",
    "Last modification date": "2025-04-18T03:27Z",
    "Change frequency": "monthly",
    "Priority": "0.8",
    "Scraped Text": "Limited Submissions Funding Opportunities | Cornell Research Services\nSkip to main content\nFind guidance on funding and agency updates during the federal government transition\n(\nupdated 4/16/2025\n)\nResearch Services\nResearch Services\nEssential Tools\nClose\nFind My GCO\nRASS\nExternal\nInstitutional Profile & DUNS\nIACUC applications (Cayuse Animal Management)\nFind Your Next Funding Opportunity\nIBC Applications (RASS-IBC)\nResearch Development (ReD) Services\nIRB Applications (RASS-IRB)\nExternal\nRates and budgets\nReport external interests (RASS-COI)\nJoin List Servs\nRASS Access Request Form\nAsk EHS\nExternal\nWeb Financials (WebFin2)\nExternal\nCornell Data Services\nExternal\nPI Dashboard\nExternal\nTravel Registry\nExternal\nResearch Financials (formerly RA Dashboard)\nExternal\nInternational research activities\nExternal\nRegister for Federal and Non-Federal Systems\nDisclose Foreign Collaborations and Support\nResearch metrics & executive dashboards\nTraining\nSearch\nResearch Services\nSearch\nHome\nPrepare a Proposal\nClose\nResearch Development Services\nSubawards in a Proposal\nFind Your Next Funding Opportunity\nDisclose Foreign Collaborations and Support\nProposal Development, Review, and Submission\nPlanning for Animals, Human Participants, r/sNA, Hazardous Materials, Radiation\nBudgets, Costs, and Rates\nCollaborate with Weill Cornell Medicine\nManage a Project\nClose\nAward Negotiation and Finalization\nTravel and International Activities\nProject Finances\nProject Modifications\nResearch Project Staffing\nGet Confidential Info, Data, Equipment, or Materials\nManaging Subawards\nAnimals, Human Participants, r/sNA, Hazardous Materials, Radiation\nClose a Project\nClose\nProject Closeout Financials\nProject Closeout\nEnd a Project Early\nCorporate Partnership & Innovation\nClose\nProtecting an Invention, Creation, Discovery\nEntrepreneurial and Startup Company Resources\nGateway to Partnership Program\nEngaging with Industry\nCompliance, Ethics, Safety\nClose\nResponsible Conduct of Research (RCR)\nExport Controls\nResearch with Human Participants\nResearch Security\nWork with Live Vertebrate Animals\nResearch Safety\nRegulated Biological Materials in Research\nFinancial Management\nConflicts of Interest\nBreadcrumb\nHome\nresources\nLimited Submissions Funding Opportunities\nExternal funding opportunities that limit the number of submissions from an institution/organization.\nRelated Pages:\nResearch Development (ReD) Team\nFind Your Next Funding Opportunity\nExternal Funding for Postdoctoral Fellows\nExternal Funding for Graduate Students\nSponsors (including federal, state, foundation, nonprofit, and industry) sometimes limit the number of nominations or proposals (or concept papers, pre-proposals, letters of intent, etc.) that an organization may submit to a particular funding opportunity. This information can usually be found in the \"Eligibility\" section of a funding opportunity announcement. These opportunities are referred to as \"limited submissions\".\nLimited submission opportunities undergo an internal review and selection process, which is managed by the Research Development team in Cornell Research & Innovation. It is necessary to manage limited submission opportunities for several reasons, including a sponsor may decline without review all Cornell submissions if they receive submissions in excess of the limit.\nNote\n: Some funding opportunities may also limit an organization's participation as a non-lead partner or subawardee in a proposal. For example, the National Science Foundation has several limited submission funding opportunities where participating as a subawardee on another organization's proposal counts against Cornell's submission limit.\nIf you have questions or are considering applying to a limited submission solicitation/program not listed on this webpage, please contact\nCornell Limited Submissions\n.\nJoin the CU-RES-ADMIN-L mailing list\nto stay up-to-date about new limited submission opportunities.\nRecurring Opportunities List\nList of recurring limited submission funding opportunities -\nclick here to download list\n.\nAnnouncements\nNIH Basic Instrumentation Grant (BIG) Program (S10):\nDue to NIH restrictrictions on S10 funding at any single institution, Cornell is not eligible to apply to the BIG Program in calendar year 2025.\nNote\n: Cornell\nis eligible\nto apply to\nShared Instrumentation Grant (SIG) Program (S10 Clinical Trial Not Allowed)\nand\nHigh-End Instrumentation (HEI) Grant Program (S10 Clinical Trial Not Allowed)\n, which are\nnot limited submission.\nLast updated April 15, 2025\nCurrent Internal Competitions\nUnless otherwise noted in a specific announcement, internal Applications are due at 5:00PM on the DUE DATe.\nThese internal competitions are for investigators at Cornell Ithaca, including Geneva, and Cornell Tech. Investigators at Weill Cornell Medicine: Do not apply to internal competitions listed here. Please contact Florencia Marcucci (\nflm4001@med.cornell.edu\n) in the WCM Office of the Research Dean if you are interested in a limited submission funding opportunity.\nFrequently Asked Questions (FAQs)\nExpand All\nHow are limited submissions managed? What is the internal process?\nUnless otherwise stated in an internal call, application materials must be submitted via the online competition portal (InfoReady) by 5:00 PM ET on the due date. If you experience technical issues with InfoReady, please contact Limited Submissions immediately.\nIf the competition deadline has just passed, all your internal application materials should also be attached to the email. We will respond to you during regular business hours.\nTo avoid missing a submission deadline, login and submit early.\nLate internal submissions are rarely accepted.\nGeneral Process\nInternal Competition\nFor most limited submissions, prospective applicants/nominees must first apply to an internal competition. Each internal competition call includes a submission deadline, summary of the opportunity, link and/or pdf file for the sponsor's program guidelines, and a list of materials required for the internal review process.\nApplicants typically must provide a list of all Key Personnel, a 2-3 page project description, and a biosketch/CV for the lead PI. Some competitions require additional materials, such as a letter of nomination from a Department Chair or an estimated budget outline. Internal application requirements vary depending on the program.\nUnless otherwise noted in an internal call, applications must be submitted via\nCornell's web-based internal competition platform\n(InfoReady). First-time users will need to set-up an InfoReady account before submitting an application.\nIt is the PI's responsibility to ensure they meet a sponsor's guidelines and eligibility requirements, and follow the internal submission instructions and submit by the specified due date. Requests for deadline extensions for internal competitions are rarely granted.\nInternal Review and Selection\nFor STEM opportunities, the Faculty Senate's Research Advisory Committee (RAC) reviews internal applications for limited submissions. The RAC selects to move forward the submission(s) that has the best opportunity for success based on its responsiveness to the sponsor's program objectives and selection criteria, and scientific and scholarly strength.\nFor Humanities and Social Sciences opportunities, ad hoc review panels are convened.\nFor opportunities where the submission limit is on the number of applicants per individual department (e.g., Sloan Research Fellowships), the internal selection is coordinated by departments or colleges rather than OVPRI. This information is included in the announcements that are disseminated to campus.\nFor some competitions, Deans and/or other senior leadership may participate in an internal review.\nAfter Internal Review and Selection\nApplicants are promptly notified of the internal review outcome, which typically includes a summary of reviewers' feedback.\nThe applicant selected to advance is also given detailed information for next steps in submitting to the sponsor, and works with their unit research administrator and assigned Grant & Contract Officer (GCO) to submit a full proposal packet, according to each sponsor's specific instructions and guidelines.\nNote: Materials submitted for the internal review/selection process are usually not the same as what a funder requires.\n\"Shortfuse\" Limited Submissions and Expedited Review\nWhile we strive to provide ample preparation time to applicants for internal competitions, sometimes a sponsor’s proposal submission timeline necessitates a short internal timeline. For these \"short fuse\" opportunities there is expedited internal review and selection process wherein prospective applicants have a short time (usually 3 to 7 days) to submit an internal Letter of Interest or similar. The internal call for a \"short fuse\" limited submission will provide specific instructions. In some rare circumstances, a sponsor's timeline may be so short that it precludes an internal review altogether, and an applicant may be approved to submit to the sponsor on a\n\"first come, first serve\" basis.\nInstitutionally Coordinated Submissions\nFor limited submissions that are high-priority funding opportunities for the University, senior leadership may coordinate a Cornell application submission. In these cases, there may not be internal competition.\nWhere do I find information about limited submissions and internal competitions?\nTo receive timely communications about limited submission opportunities,\nsubscribe to the CU-RES-ADMIN-L listserv here\n.\nLimited submissions are regularly announced via our listserv (weekly Limited Submissions email digest and in stand-alone internal competition calls), and on this website. Most open internal competitions are also listed on\nCornell's web-based internal competition platform\n(InfoReady). Due to the expedited review process, \"short fuse\" limited submissions are not listed on InfoReady.\nWhat should I do if a limited submission opportunity is not posted here or to the Cornell InfoReady website?\nIf faculty, students, or staff become aware of a limited submission opportunity that is not currently listed on this webpage or the\nCornell InfoReady website\n, they should\nnotify Limited Submissions\nbefore anything is submitted to the sponsor.\nWe do our best to identify and announce limited submission opportunities, but cannot guarantee that we find them all.\nIf there is any question about submission limits for a solicitation, please contact us.\nI want to resubmit to a sponsor's limited submission funding opportunity. Do I need to get approval from Cornell?\nIf you submitted to a sponsor's previous cycle for a limited submission program but were declined funding and would like to resubmit, you must\ncontact OVPRI Limited Submissions\nbefore reapplying.\nResubmissions almost always count against Cornell's submission limit. Even if a sponsor's program officer encourages you to resubmit, you must get approval from Cornell before doing so. If there is an active internal competition for the funder's current submission cycle, you will need to participate in the internal competition.\nThe internal submission deadline has passed and I'm interested in applying to the funding opportunity. Who should I contact?\nIf you missed an internal submission deadline, you are welcome to contact Limited Submissions to learn if the opportunity is still \"open\" (i.e., if there are application slots available). If the submission slot(s) was not already filled, you may still be able to apply to the funding opportunity. In these situations, approvals to submit to the funder are typically granted on a first-come, first-served basis.\nWhere can I get help using the InfoReady competition platform?\nEmail Cornell Limited Submissions\nif you need help or experience technical issues with the InfoReady application platform. We strongly recommend logging into the system early, so any potential technical issues can be addressed before the submission deadline.\nIf you have technical issues when submitting your application, email us immediately and with your application materials attached. We will respond during regular business hours.\nWhat should I do if I was selected to be a Cornell candidate but decide not to submit?\nIf a selected candidate decides not to submit to the sponsor, they must\nnotify Cornell Limited Submissions\nas soon as possible. Internal competitions are highly competitive and, where possible, we want to allow another applicant to be selected to submit.\nWhat are some tips for preparing competitive applications for internal competitions?\nRead the solicitation and research the sponsor. What is the sponsor's mission? What and who does it aim to fund? Make sure you are eligible to be considered. Align your proposal with the program goals and priorities. Don't simply recycle internal proposals from different competitions - be\nthoughtful and specific to the funding opportunity.\nThe internal proposal should be accessible to a broad scientific audience. Members of the internal review panel will have differing levels of familiarity with your specific area of research. Define significant technical terms and avoid using \"jargon.\" Clearly state the problem/need that your proposed project will address. Clearly describe the project objectives, methods, innovation, and impact. Clearly describe the \"big picture.\" If you succeed, what difference will it make? What will be the impact?\nRead and adhere to all the internal submission requirements, including content and page limits. Proofread and check for typos.\nIf a letter of nomination is required for the internal submission, it should be specific to the funding opportunity/program.\nThe Cornell Research Advisory Committee (RAC) has developed recommendations for Chairs writing nomination letters for internal competitions for external funding. These can be downloaded as a pdf file:\nTips for writing letters of nominations\n(a Cornell netID login is required for access).\nI am an investigator from Weill Cornell Medicine. How do I apply to limited submission competitions?\nWeill Cornell Medicine has its own internal competitions for limited submission funding opportunities. If you are an investigator from WCM, contact\nFlorencia Marcucci\nin the Office of the Research Dean. Do not apply to competitions listed on this website or InfoReady.\n27\nResource\nResearch Mailing Lists (List Servs)\nResource\nEarly Career Faculty Research Funding\nProcess\nFind Your Next Funding Opportunity\nProcess\nProposal Development, Review, and Submission\nResource\nUpstate New York Energy Storage Engine\nResource\nFunding Opportunity: Bezos Earth Fund Grand Challenge\nResource\nCornell Postdoc Parental Leave Support (PD PaLS) Program\nResource\nRegister for Federal and Non-Federal Systems\nResource\nPre-Award Research Operations (PRO)\nResource\nAdditional Things to Consider when Preparing a Proposal\nResource\nFind My GCO (Grant & Contract Officer)\nSee All\nQuick Reference\nOffices\nCALS Sponsored Research Office\nCOI - Conflict of Interest\nCTL - Center for Technology Licensing\nCVM Research Office\nCorporate Engagement\nEHS - Environmental Health & Safety & Risk Management\nExport Controls Office\nFAIM - Faculty Advancing Inclusive Mentoring\nIACUC - Institutional Animal Care and Use\nIBC - Institutional Biosafety Committee\nIRB - Institutional Review Board\nIT Security & Policy\nORIA - Office of Research Integrity and Assurance\nOSP - Office of Sponsored Programs & Research Development\nPRO - Pre-Award Research Operations\nR&I - Cornell Research & Innovation\nRAIS - Research Administration Information Services\nRCR - Responsible Conduct of Research\nRDBSC - Research Division Business Service Center\nResearch Development (ReD)\nResearch Division Human Resources\nResearch Security Office\nSFS - Sponsored Financial Services\nUniversity Policy Office\nWCM - Office of Sponsored Research Administration (OSRA)\nEssential Tools & Resources\nFind My GCO\nInstitutional Profile & DUNS\nRates and budgets\nJoin List Servs\nResearch Development (ReD) Services\nFind Your Next Funding Opportunity\nRegister for Federal and Non-Federal Systems\nDisclose Foreign Collaborations and Support\nWeb Financials (WebFin2)\nExternal\nPI Dashboard\nExternal\nResearch Financials (formerly RA Dashboard)\nExternal\nRASS\nExternal\nIACUC applications (Cayuse Animal Management System)\nIBC applications (RASS-IBC)\nIRB Applications (RASS-IRB)\nExternal\nReport external interests (RASS-COI)\nRASS Access Request Form\naskEHS\nExternal\nCornell Data Services\nExternal\nTravel Registry\nExternal\nInternational research activities\nExternal\nTraining\nResearch metrics and executive dashboards\nRates\nForms\nPolicies\nContacts\nTraining\nEvents\nNews & Announcements\nPart of\n© 2019 Cornell University\nWeb Accessibility Help\nWas this page helpful?\n×\n×\nStatus message\nSorry...This form is closed to new submissions.\nScroll\n\nTable:\nProgram Name | Notes | Internal Submission Due Date\n--- | --- | ---\nBurroughs Wellcome Fund Climate + Health Excellence (CHEX) Centers |  | April 28\nW.M. Keck Foundation Science & Engineering and Medical Research Program Grants |  | April 29\nNSF Scholarships in STEM Network (S-STEM-Net): S-STEM Research Hubs |  | May 5\nMallinckrodt Foundation 2025 Grant Program | Early career faculty | May 12\nAmerican Diabetes Association (ADA) Pathway to Stop Diabetes 2025 | Early career faculty and postdocs | May 12\n\n\nTable:\nResearch Advisory Committee (RAC) Membership |  | \n--- | --- | ---\nName | College | Term End\nBruce van Dover (Chair) | COE | 2025\nCraig Fennie | COE | 2026\nIlana Brito | COE | 2026\nChris Fromme | CALS | 2025\nFrank Pugh | CAS | 2025\nCarolyn Sevier | CVM | 2027\nKlaas van Wijk | CALS | 2026\nEx-Officio Members (non-voting): Vice Provost for Research; Senior Director, Office of Sponsored Programs (Mary-Margaret Klempa)\n"
}