{
    "URL location": "https://researchservices.cornell.edu/resources/rigor-and-reproducibility-planning",
    "Last modification date": "2025-04-18T03:27Z",
    "Change frequency": "monthly",
    "Priority": "0.8",
    "Scraped Text": "Rigor and Reproducibility Planning | Cornell Research Services\nSkip to main content\nFind guidance on funding and agency updates during the federal government transition\n(\nupdated 4/16/2025\n)\nResearch Services\nResearch Services\nEssential Tools\nClose\nFind My GCO\nRASS\nExternal\nInstitutional Profile & DUNS\nIACUC applications (Cayuse Animal Management)\nFind Your Next Funding Opportunity\nIBC Applications (RASS-IBC)\nResearch Development (ReD) Services\nIRB Applications (RASS-IRB)\nExternal\nRates and budgets\nReport external interests (RASS-COI)\nJoin List Servs\nRASS Access Request Form\nAsk EHS\nExternal\nWeb Financials (WebFin2)\nExternal\nCornell Data Services\nExternal\nPI Dashboard\nExternal\nTravel Registry\nExternal\nResearch Financials (formerly RA Dashboard)\nExternal\nInternational research activities\nExternal\nRegister for Federal and Non-Federal Systems\nDisclose Foreign Collaborations and Support\nResearch metrics & executive dashboards\nTraining\nSearch\nResearch Services\nSearch\nHome\nPrepare a Proposal\nClose\nResearch Development Services\nSubawards in a Proposal\nFind Your Next Funding Opportunity\nDisclose Foreign Collaborations and Support\nProposal Development, Review, and Submission\nPlanning for Animals, Human Participants, r/sNA, Hazardous Materials, Radiation\nBudgets, Costs, and Rates\nCollaborate with Weill Cornell Medicine\nManage a Project\nClose\nAward Negotiation and Finalization\nTravel and International Activities\nProject Finances\nProject Modifications\nResearch Project Staffing\nGet Confidential Info, Data, Equipment, or Materials\nManaging Subawards\nAnimals, Human Participants, r/sNA, Hazardous Materials, Radiation\nClose a Project\nClose\nProject Closeout Financials\nProject Closeout\nEnd a Project Early\nCorporate Partnership & Innovation\nClose\nProtecting an Invention, Creation, Discovery\nEntrepreneurial and Startup Company Resources\nGateway to Partnership Program\nEngaging with Industry\nCompliance, Ethics, Safety\nClose\nResponsible Conduct of Research (RCR)\nExport Controls\nResearch with Human Participants\nResearch Security\nWork with Live Vertebrate Animals\nResearch Safety\nRegulated Biological Materials in Research\nFinancial Management\nConflicts of Interest\nBreadcrumb\nHome\nresources\nRigor and Reproducibility Planning\nThe resources linked below have been assembled to assist the Cornell research community address the topic of rigor and reproducibility (R&R) in research, for use when preparing a proposal, as well as at other points throughout the research lifecycle.\nR&R in Grant Applications and Journal Submissions\nNIH Application Resources\nNIH R&R Grant Guidance Overview\nNIH R&R One-Page Resource Chart\nNIH Decision Tree - Sex as a Biological Variable\nAnnouncement: Towards greater reproducibility for life-sciences research in Nature\nScience Editorial: Reproducibility\nCornell Support for R&R\nCornell Statistical Consulting Unit (CSCU)\n—\nA professional service group that assists researchers via consulting, instruction, and contract services\nCSCU Workshops Catalog\nCSCU Workshop: Reproducible Research and Automatic Reports\nCornell Institute for Social and Economic Research (CISER) Results Reproduction Service\nCISER Workshop: How to Make Your Thesis, Dissertation, or Research Article Transparent and Reproducible\nResearch Data Management Service Group (RDMSG)\n—\nA campus-wide organization that assists with data management plans, services, and best practices\nOpen Science Framework (tool):\nCornell access\nDiscussion & Teaching Materials\nClearinghouse for Training Modules to Enhance Data Reproducibility\n—\nCompiled by the National Institute of General Medical Sciences\nNIH Teaching Training Resources:\nNIH Rigor Reproducibility Training Modules\nNIH Office of Intramural Research Case Studies - Research Reproducibility\nNIH Online Course Series: The Science of Sex Gender in Human Health\nNIH Online Course: Pragmatic and Group-Randomized Trials in Public Health and Medicine\nCase Studies from the Cornell RCR 2017 Winter Symposium: Rigor and Reproducibility in Research\nArticles & Reference Materials\nA Manifesto for Reproducible Science\nFASEB Report: Enhancing Research Reproducibility\nNSF Subcommittee Report: Social, Behavioral, and Economic Sciences Perspectives on Robust and Reliable Science\nNature Special Collection: Challenges in Irreproducible Research\nEssential metrics for assessing sex gender integration in health research proposals involving human participants\nStudying both sexes: a guiding principle for biomedicine\n17\nOffice\nResponsible Conduct of Research (RCR) Office\nProcess\nProposal Development, Review, and Submission\nResource\nRegister for Federal and Non-Federal Systems\nResource\nPre-Award Research Operations (PRO)\nResource\nAdditional Things to Consider when Preparing a Proposal\nResource\nFind My GCO (Grant & Contract Officer)\nResource\nSample Proposal Library\nResource\nProposal Review Guidelines\nResource\nLimited Submissions Funding Opportunities\nPolicy\nPI Eligibility\nResource\nInstitutional Profile, DUNS, and UEI Numbers\nSee All\nQuick Reference\nOffices\nCALS Sponsored Research Office\nCOI - Conflict of Interest\nCTL - Center for Technology Licensing\nCVM Research Office\nCorporate Engagement\nEHS - Environmental Health & Safety & Risk Management\nExport Controls Office\nFAIM - Faculty Advancing Inclusive Mentoring\nIACUC - Institutional Animal Care and Use\nIBC - Institutional Biosafety Committee\nIRB - Institutional Review Board\nIT Security & Policy\nORIA - Office of Research Integrity and Assurance\nOSP - Office of Sponsored Programs & Research Development\nPRO - Pre-Award Research Operations\nR&I - Cornell Research & Innovation\nRAIS - Research Administration Information Services\nRCR - Responsible Conduct of Research\nRDBSC - Research Division Business Service Center\nResearch Development (ReD)\nResearch Division Human Resources\nResearch Security Office\nSFS - Sponsored Financial Services\nUniversity Policy Office\nWCM - Office of Sponsored Research Administration (OSRA)\nEssential Tools & Resources\nFind My GCO\nInstitutional Profile & DUNS\nRates and budgets\nJoin List Servs\nResearch Development (ReD) Services\nFind Your Next Funding Opportunity\nRegister for Federal and Non-Federal Systems\nDisclose Foreign Collaborations and Support\nWeb Financials (WebFin2)\nExternal\nPI Dashboard\nExternal\nResearch Financials (formerly RA Dashboard)\nExternal\nRASS\nExternal\nIACUC applications (Cayuse Animal Management System)\nIBC applications (RASS-IBC)\nIRB Applications (RASS-IRB)\nExternal\nReport external interests (RASS-COI)\nRASS Access Request Form\naskEHS\nExternal\nCornell Data Services\nExternal\nTravel Registry\nExternal\nInternational research activities\nExternal\nTraining\nResearch metrics and executive dashboards\nRates\nForms\nPolicies\nContacts\nTraining\nEvents\nNews & Announcements\nPart of\n© 2019 Cornell University\nWeb Accessibility Help\nWas this page helpful?\n×\n×\nStatus message\nSorry...This form is closed to new submissions.\nScroll"
}