{
    "URL location": "https://researchservices.cornell.edu/resources/export-controls-research-and-education",
    "Last modification date": "2025-04-18T03:27Z",
    "Change frequency": "monthly",
    "Priority": "0.8",
    "Scraped Text": "Export Controls in Research and Education | Cornell Research Services\nSkip to main content\nFind guidance on funding and agency updates during the federal government transition\n(\nupdated 4/16/2025\n)\nResearch Services\nResearch Services\nEssential Tools\nClose\nFind My GCO\nRASS\nExternal\nInstitutional Profile & DUNS\nIACUC applications (Cayuse Animal Management)\nFind Your Next Funding Opportunity\nIBC Applications (RASS-IBC)\nResearch Development (ReD) Services\nIRB Applications (RASS-IRB)\nExternal\nRates and budgets\nReport external interests (RASS-COI)\nJoin List Servs\nRASS Access Request Form\nAsk EHS\nExternal\nWeb Financials (WebFin2)\nExternal\nCornell Data Services\nExternal\nPI Dashboard\nExternal\nTravel Registry\nExternal\nResearch Financials (formerly RA Dashboard)\nExternal\nInternational research activities\nExternal\nRegister for Federal and Non-Federal Systems\nDisclose Foreign Collaborations and Support\nResearch metrics & executive dashboards\nTraining\nSearch\nResearch Services\nSearch\nHome\nPrepare a Proposal\nClose\nResearch Development Services\nSubawards in a Proposal\nFind Your Next Funding Opportunity\nDisclose Foreign Collaborations and Support\nProposal Development, Review, and Submission\nPlanning for Animals, Human Participants, r/sNA, Hazardous Materials, Radiation\nBudgets, Costs, and Rates\nCollaborate with Weill Cornell Medicine\nManage a Project\nClose\nAward Negotiation and Finalization\nTravel and International Activities\nProject Finances\nProject Modifications\nResearch Project Staffing\nGet Confidential Info, Data, Equipment, or Materials\nManaging Subawards\nAnimals, Human Participants, r/sNA, Hazardous Materials, Radiation\nClose a Project\nClose\nProject Closeout Financials\nProject Closeout\nEnd a Project Early\nCorporate Partnership & Innovation\nClose\nProtecting an Invention, Creation, Discovery\nEntrepreneurial and Startup Company Resources\nGateway to Partnership Program\nEngaging with Industry\nCompliance, Ethics, Safety\nClose\nResponsible Conduct of Research (RCR)\nExport Controls\nResearch with Human Participants\nResearch Security\nWork with Live Vertebrate Animals\nResearch Safety\nRegulated Biological Materials in Research\nFinancial Management\nConflicts of Interest\nBreadcrumb\nHome\nresources\nExport Controls in Research and Education\nCornell's Export and Import Control Policy\nConfidentiality Agreements and Export Control\nExport Control Considerations for Research and Education\nResearch\n-\nEducation\n-\nConferences\nResearch\nCornell University Guidelines on Sensitive and Proprietary Research adopted by the Cornell Research Council on May 20, 1985 and subsequently updated by the Office of the Vice President for Research and Innovation states:\nGiven the open nature of Cornell University, research projects which do not permit the free and open publication, presentation, or discussion of results are not acceptable. Nor will the university enter into any agreements unless the principal and co‐principal investigators have the final authority on what is to be published or presented. In particular, research which is confidential to the sponsor or which is classified for security purposes is not permitted at Cornell University. The university will accept only sponsored research projects which are expected to further the research and educational mission of the institution.\nFundamental Research\nCornell conducts only research that qualifies as\nfundamental research\n.\nThis is defined as research in science, engineering, or mathematics, the results of which ordinarily are published and shared broadly within the research community, and for which the researchers have not accepted restrictions for proprietary or national security reasons. (EAR 734.8(c)).\nResearch will not be considered fundamental research if there are restrictions on the publication of scientific and technical information resulting from the project.\nResearch will not be considered fundamental research if Cornell has accepted any restrictions (such as foreign national participation), due to proprietary or national security reasons.\nITAR further limits fundamental research to\npublished\nresearch conducted at institutions of higher learning in the U.S. (22 CFR § 120.34 (a)(8)).\nBona fide Employee Exemption (limited use for Cornell faculty)\nThe ITAR (U.S. 22 CFR §125.4 (b)(10)) and EAR (740.13(f)) authorizes the transfer of unclassified technical data by U.S. institutions of higher learning to foreign persons in the United States who are bona fide, full-time regular employees of that institution.  Three criteria are required:\nThe employees’ permanent abode throughout the period of employment be in the United States.\nThe employee CANNOT be listed as a national of a country listed in 126.1 of the ITAR or Country Group D:5 of the EAR.\nThe employee is notified in writing that the technology or technical data may not be transferred to other foreign persons with the prior written approval of the U.S. Government. The obligation not to transfer technology extends beyond the tenure of employment at the University.\nNote that certain end use and user restrictions still apply. The above exemptions cannot be utilized without prior written approval from the Export Control Office.\nPublication\nExport Controls do not apply to information that is already public, and the regulations contain exclusions for information that is “publicly available” (EAR) or is in the “public domain” (ITAR).\nThe “publicly available” exclusion under EAR includes a wide range of obvious categories, such as information that is available in a library, that has been published, or that is typically taught in for-credit courses.\nResearch on Campus\nExport control laws have the potential to substantially impact research at Cornell University. If research involves specified technologies, and it does not quality for the Fundamental Research Exclusion, the EAR and/or ITAR may require prior federal approval:\nBefore allowing foreign nationals to participate in the research.\nBefore partnering with a foreign company.\nBefore sharing research results in any manner (including by publication or presentation at conferences) with persons who are not U.S. persons.\nExport regulations apply whether or not the recipient is funded by a grant, contract, or other agreement, and apply whether or not the EAR or ITAR are cited in the award document. If a researcher accepts export-controlled technology or technical data, the researcher is subject to ITAR or EAR regulations.\nPlease also see\nOff Campus Research\n.\nMost Cornell research activities are excluded from export controls because of the exception known as  the “Fundamental Research Exclusion” under the export control regulations. By not accepting any restriction on publication or the appointment of foreign nationals to the research, Cornell protects the Fundamental Research Exclusion.\nVisiting Scholars\nForeign National Visitors to campus should be screened against the denied entity and SDN lists. International Scholars and students visiting on J-1 VISAS as well as non-students and visiting faculty should be screened to ensure that the individual or the affiliated institution is not included in any U.S. Government lists prohibiting access to certain materials and information on campus.\nAppropriate protections should be put in place to ensure that foreign visitors do not have access to restricted, controlled, or proprietary information or items.\nFaculty and staff should know who is in their labs at all times. Records should be maintained noting the name and affiliation of all lab visitors, as well as the date(s) and purpose of the visit.\nForeign Collaborations\nIn general, collaborations between Cornell University faculty and scholars at foreign institutions or organizations do not require export licenses unless they involve export controlled or restricted research, or the research involves scholars in sanctioned countries. The University needs to determine if export licenses are required and to verify that the foreign individual and/or organization are not blocked or sanctioned prior to engaging in an international collaboration.\nThe Department of the Treasury’s Office of Foreign Assets Controls (OFAC) administers\neconomic sanctions programs\nwhich should be reviewed prior to engagement.\nFor additional guidance regarding working with China, see\nEngagement with China: FAQ\n.\nSponsored Agreements\nThe Office of Sponsored Programs (OSP) performs a thorough review of all proposals and agreements to assist in determining export control risks, and works to remove any language which is in direct conflict with the University’s performance of Fundamental Research.\nIn addition, OSP performs Restricted Party Screenings on the entities being contracted with, prior to release of award.\nDuring the proposal and agreement review process, OSP looks for:\nReference to U.S. export regulations\nRestrictions on non-U.S. citizen participation\nRestricted access to project information\nReceipt of proprietary information\nPublication restrictions (including sponsor approval to publish)\nForeign travel\nInternational collaborations\nInternational shipment of equipment or materials\nPayments to or from OFAC restricted locations\nThe above list includes indicators that the work may be subject to export control laws. The final determination of the applicability of the regulations depends on the specific details and the specific technology involved in the research. The Grant & Contract Officer and Export Control and Compliance Officer will work with the PI to assess the applicability of export control laws to the work.\nSponsor or Third Party Provided Technology\nIt is critical that incoming items and all proprietary technical information be assessed to determine whether or not they are export controlled.\nUsually the provider is the best source of information regarding the export control classification, but ultimately it is the University's responsibility to know what we are accepting and to protect it appropriately.\nAs per the EAR, the initial transfer of information from an industry sponsor to University researchers is subject to the EAR where the parties have agreed that the sponsor may withhold from publication some or all of the information so provided\nSimple operation of EAR controlled items by foreign nationals in the US generally does not require a license. Access to controlled information may require a license depending on the reasons for control, country of citizenship, and the availability of an applicable license exception.\nTechnology Control Plans\nU.S. export control regulations define an “export” to include both physical shipments of tangible items out of the U.S., as well as the “transmission” of export controlled technology by any means, outside the U.S., or to a foreign national in the U.S.\nSending export controlled information to a foreign national, either in or outside of the U.S. whether by fax, email, etc. is an export. Similarly, using cloud computing servers or storing digital data on a third-party server which is located in a foreign country or is otherwise not secured, may implicate export control violations. If the information exported is controlled, the exporter (the person who transmitted the data) could face civil and/or criminal prosecution.\nIt is the responsibility of the user to ensure that the controlled technology or technical data is appropriately protected. Contact the ECCO if you suspect that you are in receipt of controlled technology or technical data.\nA Technology Control Plan (TCP) is required for all research which involves any ITAR controlled items or technical data, involves any EAR controlled technology, or otherwise falls outside the Fundamental Research Exclusion (FRE).  The TCP shall include:\nA physical and information security plan.\nPersonnel screening procedures.\nA process for using and storing the information in a controlled environment.\nAll TCPs are developed by the faculty and staff involved in the research project, with help from the Export Control and Compliance Officer (ECCO). The ECCO must approve all TCPs prior to receipt of the controlled information or material.\nIn addition, all members of the research team will be required to read, understand, and sign the TCP before the project can begin.\nTransfer of Tangible Materials\nProviding controlled materials to foreign nationals may require an export license. The exemption of fundamental university research from export licensing requirements does\nNOT\nextend to the export of tangible objects from the U.S.\nPlease review the\nDecision Trees\n,\nShipping Information\nand\nImport Control Resources\nfor information on physical shipments.\nIn addition to the above, to transfer materials out of Cornell University, please contact CTL to arrange for the necessary Material Transfer Agreements.\nEducation\nMost university courses are excluded from export controls in that the information released in the courses is considered to be publicly available.\nThe\nEAR\nprovides that educational information released by ‘\ninstruction’\nin catalog courses and associated teaching laboratories of academic institutions (with some encryption exceptions) is not subject to the EAR [EAR §734.3(b)(3)(iii) ]\nThe EAR education exclusion does not extend to the release of information in research labs not associated with catalog courses.\nThe\nITAR\nprovides that information concerning general scientific, mathematical or engineering principles commonly taught in schools, colleges and universities, is not included in the definition of ‘\ntechnical data’\nsubject to the ITAR [§120.33(b)].\nConferences\nThe EAR considers information released at an open conference, meeting, seminar, trade show, or other open gathering to be published, and so excluded from control.\nThe ITAR considers information released through unlimited distribution at a conference, meeting, seminar, trade show or exhibition, generally accessible to the public,\nin the United States\nto be in the public domain, and so excluded from ITAR control.\nCaution:\nFollow up discussions could be considered a defense service (assisting a non-US person with a defense article), if the information you provide is not in the public domain.\nControlled items, software, or technical data cannot be released in open conferences.\n20\nOffice\nExport Controls Office\nResource\nImport Control\nResource\nOff-Campus Research\nProcess\nExport Controls\nContact\nDrusilla Jaiah - Export Control Associate\nContact\nJoi Mindingall - Research Security | Export Control Officer\nResource\nExport Control and Confidentiality Agreements\nPolicy\nDetecting and Reporting Export Controls Violations\nNews\nUkraine/Russia Transactions Guidance\nResource\nExport Controls Frequently Asked Questions (FAQ)\nResource\nUniversity Policy 4.22, Export and Import Control Compliance\nSee All\nQuick Reference\nOffices\nCALS Sponsored Research Office\nCOI - Conflict of Interest\nCTL - Center for Technology Licensing\nCVM Research Office\nCorporate Engagement\nEHS - Environmental Health & Safety & Risk Management\nExport Controls Office\nFAIM - Faculty Advancing Inclusive Mentoring\nIACUC - Institutional Animal Care and Use\nIBC - Institutional Biosafety Committee\nIRB - Institutional Review Board\nIT Security & Policy\nORIA - Office of Research Integrity and Assurance\nOSP - Office of Sponsored Programs & Research Development\nPRO - Pre-Award Research Operations\nR&I - Cornell Research & Innovation\nRAIS - Research Administration Information Services\nRCR - Responsible Conduct of Research\nRDBSC - Research Division Business Service Center\nResearch Development (ReD)\nResearch Division Human Resources\nResearch Security Office\nSFS - Sponsored Financial Services\nUniversity Policy Office\nWCM - Office of Sponsored Research Administration (OSRA)\nEssential Tools & Resources\nFind My GCO\nInstitutional Profile & DUNS\nRates and budgets\nJoin List Servs\nResearch Development (ReD) Services\nFind Your Next Funding Opportunity\nRegister for Federal and Non-Federal Systems\nDisclose Foreign Collaborations and Support\nWeb Financials (WebFin2)\nExternal\nPI Dashboard\nExternal\nResearch Financials (formerly RA Dashboard)\nExternal\nRASS\nExternal\nIACUC applications (Cayuse Animal Management System)\nIBC applications (RASS-IBC)\nIRB Applications (RASS-IRB)\nExternal\nReport external interests (RASS-COI)\nRASS Access Request Form\naskEHS\nExternal\nCornell Data Services\nExternal\nTravel Registry\nExternal\nInternational research activities\nExternal\nTraining\nResearch metrics and executive dashboards\nRates\nForms\nPolicies\nContacts\nTraining\nEvents\nNews & Announcements\nPart of\n© 2019 Cornell University\nWeb Accessibility Help\nWas this page helpful?\n×\n×\nStatus message\nSorry...This form is closed to new submissions.\nScroll"
}