{
    "URL location": "https://researchservices.cornell.edu/covid-19-summit",
    "Last modification date": "2025-04-18T03:27Z",
    "Change frequency": "monthly",
    "Priority": "0.8",
    "Scraped Text": "COVID-19 Summit 11/4-5 | Cornell Research Services\nSkip to main content\nFind guidance on funding and agency updates during the federal government transition\n(\nupdated 4/16/2025\n)\nResearch Services\nResearch Services\nEssential Tools\nClose\nFind My GCO\nRASS\nExternal\nInstitutional Profile & DUNS\nIACUC applications (Cayuse Animal Management)\nFind Your Next Funding Opportunity\nIBC Applications (RASS-IBC)\nResearch Development (ReD) Services\nIRB Applications (RASS-IRB)\nExternal\nRates and budgets\nReport external interests (RASS-COI)\nJoin List Servs\nRASS Access Request Form\nAsk EHS\nExternal\nWeb Financials (WebFin2)\nExternal\nCornell Data Services\nExternal\nPI Dashboard\nExternal\nTravel Registry\nExternal\nResearch Financials (formerly RA Dashboard)\nExternal\nInternational research activities\nExternal\nRegister for Federal and Non-Federal Systems\nDisclose Foreign Collaborations and Support\nResearch metrics & executive dashboards\nTraining\nSearch\nResearch Services\nSearch\nHome\nPrepare a Proposal\nClose\nResearch Development Services\nSubawards in a Proposal\nFind Your Next Funding Opportunity\nDisclose Foreign Collaborations and Support\nProposal Development, Review, and Submission\nPlanning for Animals, Human Participants, r/sNA, Hazardous Materials, Radiation\nBudgets, Costs, and Rates\nCollaborate with Weill Cornell Medicine\nManage a Project\nClose\nAward Negotiation and Finalization\nTravel and International Activities\nProject Finances\nProject Modifications\nResearch Project Staffing\nGet Confidential Info, Data, Equipment, or Materials\nManaging Subawards\nAnimals, Human Participants, r/sNA, Hazardous Materials, Radiation\nClose a Project\nClose\nProject Closeout Financials\nProject Closeout\nEnd a Project Early\nCorporate Partnership & Innovation\nClose\nProtecting an Invention, Creation, Discovery\nEntrepreneurial and Startup Company Resources\nGateway to Partnership Program\nEngaging with Industry\nCompliance, Ethics, Safety\nClose\nResponsible Conduct of Research (RCR)\nExport Controls\nResearch with Human Participants\nResearch Security\nWork with Live Vertebrate Animals\nResearch Safety\nRegulated Biological Materials in Research\nFinancial Management\nConflicts of Interest\nBreadcrumb\nHome\nCOVID-19 Summit 11/4-5\nCornell, Ithaca & Weill Cornell Medicine\nRegister for the Summit\nSubmit Flash Talk Abstract\nSee the Schedule\nRelated Pages:\nCOVID-19 Summit Speakers & Schedule\nThe 2-day summit brings together all researchers on the Ithaca and New York City campuses of Cornell University with interests in SARS-CoV-2 and COVID-19 research. We hope that the summit will spur cross-college, cross-campus, and interdisciplinary collaborations to advance COVID-19-related research.\nTopics\nTopics will include, but are not limited to:\nMolecular virology and pathogenesis of SARS-CoV-2 infection\nHost immunology in response to SARS-CoV-2 infection\nCOVID-19 clinical outcomes and health disparities\nVariation in host responses to SARS-CoV-2\nLessons learned from the COVID-19 pandemic and pandemic preparedness\nVaccines, therapeutics and diagnostics\nCOVID-19 public health policies\nData science advances for understanding and managing the pandemic\nOne Health perspectives\nPhysical and Engineering Sciences: from understanding SARS-CoV-2 infection to developing vaccines, therapeutics, and detection systems\nSocial sciences and modeling\nRegistration\nRegistration is limited to Cornell, Weill Cornell Medicine, and Cornell Tech participants.\nUse your official Cornell email address when registering.\nNon-Cornell participants will be allowed to participate only if supported by a Cornell faculty member. Email:\nvp_research@cornell.edu\nfor permission to allow a non-Cornell participant.\nSchedule\nSee the schedule\n.\nSessions over the 2-day period will include a collection of long talks (15 minutes), short talks (8 minutes), and flash talks (3 minutes).\nLong and short talks will be selected by the Organizing Committee, but members of the Cornell community should feel free to suggest speakers.\nThere will be limited time for a few questions immediately after short and long talks, but most audience questions/comments will be reserved to the end of each session when there will be a more generalized discussion period between all the speakers in that session and the audience.\nFlash talks will be selected from abstracts, to be submitted no later than 5 pm on Friday October 30th\n.\nSubmit Flash Talk Abstract\nAbstracts should be no more than half a page in length (max 30 lines, Arial font, size 11 pt, single-space, half-inch margins all around) and should include the following information:\nTitle\nAuthors (indicate presenting author and principal investigator)\nAffiliation\nText of Abstract\nFunding: please indicate if you have been funded by a Cornell seed grant mechanism (from Weill Cornell Medicine, OVPR, Cornell Atkinson Center for Sustainability, Cornell Center for Social Science, or other)\nSubmit your abstract via email to\nvp_research@cornell.edu\nno later than 5 PM on Friday, October 30th. Abstracts will be distributed to audience members prior to the Summit.\nBrainstorming and Discussion Forum\nThere will be a single closing forum on the afternoon of day 2 of the Summit (November 5th). This forum is intended to create opportunities for collaboration and with the ultimate goal of producing a path towards an “Emerging Infectious Disease Center of Excellence” grant submission between the two campuses.\nThe format for this forum is currently in preparation, but will consist of the following:\nOverview of Centers of Excellence Opportunities\nSummary of each of the Summit Sessions by an expert (\nrapporteurs\n)\nPanel Discussion led by a\nrapporteur\nand Session Chairs\nIdentification of potential groups for further interactions\nThe goal is to identify groups of people for whom further interaction could lead to projects that can be included in a future Center of Excellence grant proposal. These groups will then be invited to apply for internal funding through a pool of money made available by several sources which include (but is not limited to): The Office of Academic Integration and The Cornell Atkinson Center for Sustainability.\nQuestions?\nContact:\nvp_research@cornell.edu\nSponsored by the\nOffice of the Vice President for Research and Innovation\nOffice of the Vice Provost for Academic Integration\nOffice of the Senior Associate Dean for Research at Weill Cornell Medicine\n1\nResource\nCOVID-19 Summit Speakers & Schedule\nQuick Reference\nOffices\nCALS Sponsored Research Office\nCOI - Conflict of Interest\nCTL - Center for Technology Licensing\nCVM Research Office\nCorporate Engagement\nEHS - Environmental Health & Safety & Risk Management\nExport Controls Office\nFAIM - Faculty Advancing Inclusive Mentoring\nIACUC - Institutional Animal Care and Use\nIBC - Institutional Biosafety Committee\nIRB - Institutional Review Board\nIT Security & Policy\nORIA - Office of Research Integrity and Assurance\nOSP - Office of Sponsored Programs & Research Development\nPRO - Pre-Award Research Operations\nR&I - Cornell Research & Innovation\nRAIS - Research Administration Information Services\nRCR - Responsible Conduct of Research\nRDBSC - Research Division Business Service Center\nResearch Development (ReD)\nResearch Division Human Resources\nResearch Security Office\nSFS - Sponsored Financial Services\nUniversity Policy Office\nWCM - Office of Sponsored Research Administration (OSRA)\nEssential Tools & Resources\nFind My GCO\nInstitutional Profile & DUNS\nRates and budgets\nJoin List Servs\nResearch Development (ReD) Services\nFind Your Next Funding Opportunity\nRegister for Federal and Non-Federal Systems\nDisclose Foreign Collaborations and Support\nWeb Financials (WebFin2)\nExternal\nPI Dashboard\nExternal\nResearch Financials (formerly RA Dashboard)\nExternal\nRASS\nExternal\nIACUC applications (Cayuse Animal Management System)\nIBC applications (RASS-IBC)\nIRB Applications (RASS-IRB)\nExternal\nReport external interests (RASS-COI)\nRASS Access Request Form\naskEHS\nExternal\nCornell Data Services\nExternal\nTravel Registry\nExternal\nInternational research activities\nExternal\nTraining\nResearch metrics and executive dashboards\nRates\nForms\nPolicies\nContacts\nTraining\nEvents\nNews & Announcements\nPart of\n© 2019 Cornell University\nWeb Accessibility Help\nWas this page helpful?\n×\n×\nStatus message\nSorry...This form is closed to new submissions.\nScroll"
}