{
    "URL location": "https://researchservices.cornell.edu/proposal",
    "Last modification date": "2025-04-18T03:27Z",
    "Change frequency": "monthly",
    "Priority": "0.8",
    "Scraped Text": "Prepare a Proposal | Cornell Research Services\nSkip to main content\nFind guidance on funding and agency updates during the federal government transition\n(\nupdated 4/16/2025\n)\nResearch Services\nResearch Services\nEssential Tools\nClose\nFind My GCO\nRASS\nExternal\nInstitutional Profile & DUNS\nIACUC applications (Cayuse Animal Management)\nFind Your Next Funding Opportunity\nIBC Applications (RASS-IBC)\nResearch Development (ReD) Services\nIRB Applications (RASS-IRB)\nExternal\nRates and budgets\nReport external interests (RASS-COI)\nJoin List Servs\nRASS Access Request Form\nAsk EHS\nExternal\nWeb Financials (WebFin2)\nExternal\nCornell Data Services\nExternal\nPI Dashboard\nExternal\nTravel Registry\nExternal\nResearch Financials (formerly RA Dashboard)\nExternal\nInternational research activities\nExternal\nRegister for Federal and Non-Federal Systems\nDisclose Foreign Collaborations and Support\nResearch metrics & executive dashboards\nTraining\nSearch\nResearch Services\nSearch\nHome\nPrepare a Proposal\nClose\nResearch Development Services\nSubawards in a Proposal\nFind Your Next Funding Opportunity\nDisclose Foreign Collaborations and Support\nProposal Development, Review, and Submission\nPlanning for Animals, Human Participants, r/sNA, Hazardous Materials, Radiation\nBudgets, Costs, and Rates\nCollaborate with Weill Cornell Medicine\nManage a Project\nClose\nAward Negotiation and Finalization\nTravel and International Activities\nProject Finances\nProject Modifications\nResearch Project Staffing\nGet Confidential Info, Data, Equipment, or Materials\nManaging Subawards\nAnimals, Human Participants, r/sNA, Hazardous Materials, Radiation\nClose a Project\nClose\nProject Closeout Financials\nProject Closeout\nEnd a Project Early\nCorporate Partnership & Innovation\nClose\nProtecting an Invention, Creation, Discovery\nEntrepreneurial and Startup Company Resources\nGateway to Partnership Program\nEngaging with Industry\nCompliance, Ethics, Safety\nClose\nResponsible Conduct of Research (RCR)\nExport Controls\nResearch with Human Participants\nResearch Security\nWork with Live Vertebrate Animals\nResearch Safety\nRegulated Biological Materials in Research\nFinancial Management\nConflicts of Interest\nBreadcrumb\nHome\nPrepare a Proposal\nRelated Pages:\nFind My GCO (Grant & Contract Officer)\nExport Controls\nResearch Development (ReD) Team\nPreparing and submitting proposals requires collaboration. We are here to help.\nYour department or college research administration staff can help you with budget development, research administration, and other Cornell systems and the necessary approvals for research proposals.\nWorking on a center grant, multi-PI grant, or training grant?\nResearch Development can help\n.\nKey Concepts\nPI Eligibility\n. Confirm you're\neligible to serve as Principal Investigator (PI)\n.\nFunding Sources\n. Most of Cornell's sponsored funding is from the federal government. Researchers also get funding through state and local governments, foundations, corporations, non-profits, and other sources.\nFor center grants, training grants, and multi-PI grants,\nthe Research Development team can help\n.\nNon-disclosure Agreements (NDAs)\n. If the funding opportunity requires an NDA, notify OSP at\nosp_nda@cornell.edu\n.\nPreparation.\nContact your department or unit administrator for information about proposal preparation.\nCollege of Engineering, College of Arts & Sciences, Cornell Tech, Architecture, Art and Planning, Cornell Law School, and CLASSE\nresearchers are supported through the\nPre-Award Research Operations (PRO) team\n. Proposal notifications can be submitted\nhere\n.\nCALS\nand\nCVM\nhave specialized support offices to assist you.\nResearch Development Services\ngroup facilitates proposal development and success in competitions for large, extramural, multi-investigator grants and contracts, including multidisciplinary center and facility proposals, training grants, early career awards, and other major awards.\nSubmission\n. Grant and Contract Officers (GCOs) offer assistance with submission, including clarifying sponsors' submission procedures and interpreting university policy.\nOutside the CALS and CVM exceptions listed below, the\nOffice of Sponsored Programs\n(OSP) submits all other sponsored research proposals on behalf of Cornell.\nCALS Office of Sponsored Research\nand the\nCVM Research Office\nreview and submit proposals to certain sponsors.\nOSP submits all industry proposals.\nCollaborations with Weill Cornell Medicine\nfollow a single, unified process.\nCollaborations or other foreign activities\nmay need review by the export controls team. As early as possible in your planning,\ncontact your GCO\nor the\nExport Controls Officer\nto help determine if additional steps need to be taken to ensure that the project is carried out as seamlessly as possible.\nInternational visitors, travel, or work.\nIf you plan to work with\ninternational visitors here, or work or travel abroad\n, following the relevant guidelines may require planning.\nTools\nProposal submission systems:\nProposal Development, Review, Submission page\n.\nResearch Data Management and Sharing Plan review and consultation:\nCornell Data Services\n.\nDeadlines / Scheduling\nSome proposal elements require extra review, which can impact submission deadlines.\nCornell deadline.\nOSP provides a full review of proposals submitted at least\nfive\nbusiness days before the sponsor deadline. The\nProposal Review Guidelines\nexplain more about the deadlines.\nTip\n: Your science/technical content does not have to be complete when you submit it to OSP. You can keep working while OSP reviews the rest of the proposal.\nCompliance committee approval may be needed.\nFor research involving animals, human participants, r/sNA, and biohazardous materials, approved protocols/MUAs will be required before funding can be released. We recommend you start work on obtaining approval of your protocols at the proposal stage.\nLearn more\n.\nSponsor submission systems may require an account.\nWhen submitting to an external sponsor, you may need to register for an account and be affiliated with Cornell University in that system. This includes Federal systems such as\nGrants.gov Workspace\n,\nNIH's eRA Commons/Assist\n, and\nNSF Fastlane\n/\nResearch.gov\n, as well as other systems used by foundations and non-profits. Each system requires separate accounts and affiliations, and these processes can take\nseveral days\nto complete. Please plan accordingly to allow sufficient time for account setup and affiliation in the various systems. Ask your research administrator or GCO for information about any electronic submission systems you may need to use.\nConflict of interest (COI) reports are required before proposals can be submitted.\nEach person listed as PI, Co-PI, or Key Personnel on a proposal must have a current, active COI report on file in the\neCOI system\n. See\nCOI Considerations for Proposals and Awards\n.\nBinding terms and conditions are sometimes specified in the grant application.\nConsult with your GCO as early in the process as possible to allow for review.\nBest Practices\nRequest access to\nCornell's sample proposal library\n.\nWork with the Research Development team\nto get sponsor-specific training, early career training, assistance with complex grants, and more.\nJoin mailing lists to learn about funding opportunities, training, and updates to guidelines.\nGrants.gov offers different email subscriptions\n.\nCornell mailing list for faculty and research staff sharing limited submission competitions, updates to sponsor applications, rate changes, training opportunities, etc.\nSubscribe to the CU-RES-ADMIN-L listserv\n.\nReview the\nCornell Research Guide\nbrochure.\n11\nOffice\nOffice of Sponsored Programs (OSP) & Research Development\nEvent\n2025 NSF CAREER Workshop and Faculty Panel\nProcess\nResearch Development (ReD) Team\nProcess\nDisclose Foreign Collaborations and Support\nProcess\nSARS-CoV-2/COVID-19 Rapid Research Response\nProcess\nProposal Development, Review, and Submission\nProcess\nPlanning for Animals, Human Participants, r/sNA, Hazardous Materials, Radiation\nProcess\nBudget, Costs, and Rates\nProcess\nSubawards in a Proposal\nProcess\nCollaborating with Weill Cornell Medicine\nProcess\nFind Your Next Funding Opportunity\nQuick Reference\nOffices\nCALS Sponsored Research Office\nCOI - Conflict of Interest\nCTL - Center for Technology Licensing\nCVM Research Office\nCorporate Engagement\nEHS - Environmental Health & Safety & Risk Management\nExport Controls Office\nFAIM - Faculty Advancing Inclusive Mentoring\nIACUC - Institutional Animal Care and Use\nIBC - Institutional Biosafety Committee\nIRB - Institutional Review Board\nIT Security & Policy\nORIA - Office of Research Integrity and Assurance\nOSP - Office of Sponsored Programs & Research Development\nPRO - Pre-Award Research Operations\nR&I - Cornell Research & Innovation\nRAIS - Research Administration Information Services\nRCR - Responsible Conduct of Research\nRDBSC - Research Division Business Service Center\nResearch Development (ReD)\nResearch Division Human Resources\nResearch Security Office\nSFS - Sponsored Financial Services\nUniversity Policy Office\nWCM - Office of Sponsored Research Administration (OSRA)\nEssential Tools & Resources\nFind My GCO\nInstitutional Profile & DUNS\nRates and budgets\nJoin List Servs\nResearch Development (ReD) Services\nFind Your Next Funding Opportunity\nRegister for Federal and Non-Federal Systems\nDisclose Foreign Collaborations and Support\nWeb Financials (WebFin2)\nExternal\nPI Dashboard\nExternal\nResearch Financials (formerly RA Dashboard)\nExternal\nRASS\nExternal\nIACUC applications (Cayuse Animal Management System)\nIBC applications (RASS-IBC)\nIRB Applications (RASS-IRB)\nExternal\nReport external interests (RASS-COI)\nRASS Access Request Form\naskEHS\nExternal\nCornell Data Services\nExternal\nTravel Registry\nExternal\nInternational research activities\nExternal\nTraining\nResearch metrics and executive dashboards\nRates\nForms\nPolicies\nContacts\nTraining\nEvents\nNews & Announcements\nPart of\n© 2019 Cornell University\nWeb Accessibility Help\nWas this page helpful?\n×\n×\nStatus message\nSorry...This form is closed to new submissions.\nScroll"
}