{
    "URL location": "https://researchservices.cornell.edu/resources/data-management-plans",
    "Last modification date": "2025-04-18T03:27Z",
    "Change frequency": "monthly",
    "Priority": "0.8",
    "Scraped Text": "Data Management Plans | Cornell Research Services\nSkip to main content\nFind guidance on funding and agency updates during the federal government transition\n(\nupdated 4/16/2025\n)\nResearch Services\nResearch Services\nEssential Tools\nClose\nFind My GCO\nRASS\nExternal\nInstitutional Profile & DUNS\nIACUC applications (Cayuse Animal Management)\nFind Your Next Funding Opportunity\nIBC Applications (RASS-IBC)\nResearch Development (ReD) Services\nIRB Applications (RASS-IRB)\nExternal\nRates and budgets\nReport external interests (RASS-COI)\nJoin List Servs\nRASS Access Request Form\nAsk EHS\nExternal\nWeb Financials (WebFin2)\nExternal\nCornell Data Services\nExternal\nPI Dashboard\nExternal\nTravel Registry\nExternal\nResearch Financials (formerly RA Dashboard)\nExternal\nInternational research activities\nExternal\nRegister for Federal and Non-Federal Systems\nDisclose Foreign Collaborations and Support\nResearch metrics & executive dashboards\nTraining\nSearch\nResearch Services\nSearch\nHome\nPrepare a Proposal\nClose\nResearch Development Services\nSubawards in a Proposal\nFind Your Next Funding Opportunity\nDisclose Foreign Collaborations and Support\nProposal Development, Review, and Submission\nPlanning for Animals, Human Participants, r/sNA, Hazardous Materials, Radiation\nBudgets, Costs, and Rates\nCollaborate with Weill Cornell Medicine\nManage a Project\nClose\nAward Negotiation and Finalization\nTravel and International Activities\nProject Finances\nProject Modifications\nResearch Project Staffing\nGet Confidential Info, Data, Equipment, or Materials\nManaging Subawards\nAnimals, Human Participants, r/sNA, Hazardous Materials, Radiation\nClose a Project\nClose\nProject Closeout Financials\nProject Closeout\nEnd a Project Early\nCorporate Partnership & Innovation\nClose\nProtecting an Invention, Creation, Discovery\nEntrepreneurial and Startup Company Resources\nGateway to Partnership Program\nEngaging with Industry\nCompliance, Ethics, Safety\nClose\nResponsible Conduct of Research (RCR)\nExport Controls\nResearch with Human Participants\nResearch Security\nWork with Live Vertebrate Animals\nResearch Safety\nRegulated Biological Materials in Research\nFinancial Management\nConflicts of Interest\nBreadcrumb\nHome\nresources\nData Management Plans\nContact Cornell Data Services\nMany sponsors—as well as research compliance committees (such as the\nIRB\n)—require data management plans as part of the application process.\nCornell Data Services (CDS)\nhas developed\na guide\nto help you prepare this type of plan.\nIf you have questions about a specific funder's data management plan requirements, contact your\nGrant and Contract Officer\n.\n16\nProcess\nProposal Development, Review, and Submission\nResource\nRegister for Federal and Non-Federal Systems\nResource\nPre-Award Research Operations (PRO)\nResource\nAdditional Things to Consider when Preparing a Proposal\nResource\nFind My GCO (Grant & Contract Officer)\nResource\nSample Proposal Library\nResource\nProposal Review Guidelines\nResource\nLimited Submissions Funding Opportunities\nPolicy\nPI Eligibility\nResource\nInstitutional Profile, DUNS, and UEI Numbers\nForm\nRASS\nSee All\nQuick Reference\nOffices\nCALS Sponsored Research Office\nCOI - Conflict of Interest\nCTL - Center for Technology Licensing\nCVM Research Office\nCorporate Engagement\nEHS - Environmental Health & Safety & Risk Management\nExport Controls Office\nFAIM - Faculty Advancing Inclusive Mentoring\nIACUC - Institutional Animal Care and Use\nIBC - Institutional Biosafety Committee\nIRB - Institutional Review Board\nIT Security & Policy\nORIA - Office of Research Integrity and Assurance\nOSP - Office of Sponsored Programs & Research Development\nPRO - Pre-Award Research Operations\nR&I - Cornell Research & Innovation\nRAIS - Research Administration Information Services\nRCR - Responsible Conduct of Research\nRDBSC - Research Division Business Service Center\nResearch Development (ReD)\nResearch Division Human Resources\nResearch Security Office\nSFS - Sponsored Financial Services\nUniversity Policy Office\nWCM - Office of Sponsored Research Administration (OSRA)\nEssential Tools & Resources\nFind My GCO\nInstitutional Profile & DUNS\nRates and budgets\nJoin List Servs\nResearch Development (ReD) Services\nFind Your Next Funding Opportunity\nRegister for Federal and Non-Federal Systems\nDisclose Foreign Collaborations and Support\nWeb Financials (WebFin2)\nExternal\nPI Dashboard\nExternal\nResearch Financials (formerly RA Dashboard)\nExternal\nRASS\nExternal\nIACUC applications (Cayuse Animal Management System)\nIBC applications (RASS-IBC)\nIRB Applications (RASS-IRB)\nExternal\nReport external interests (RASS-COI)\nRASS Access Request Form\naskEHS\nExternal\nCornell Data Services\nExternal\nTravel Registry\nExternal\nInternational research activities\nExternal\nTraining\nResearch metrics and executive dashboards\nRates\nForms\nPolicies\nContacts\nTraining\nEvents\nNews & Announcements\nPart of\n© 2019 Cornell University\nWeb Accessibility Help\nWas this page helpful?\n×\n×\nStatus message\nSorry...This form is closed to new submissions.\nScroll"
}