{
    "URL location": "https://researchservices.cornell.edu/news/irb-newsletter-fall-2022",
    "Last modification date": "2025-04-18T03:27Z",
    "Change frequency": "monthly",
    "Priority": "0.8",
    "Scraped Text": "IRB Newsletter: Fall 2022 | Cornell Research Services\nSkip to main content\nFind guidance on funding and agency updates during the federal government transition\n(\nupdated 4/16/2025\n)\nResearch Services\nResearch Services\nEssential Tools\nClose\nFind My GCO\nRASS\nExternal\nInstitutional Profile & DUNS\nIACUC applications (Cayuse Animal Management)\nFind Your Next Funding Opportunity\nIBC Applications (RASS-IBC)\nResearch Development (ReD) Services\nIRB Applications (RASS-IRB)\nExternal\nRates and budgets\nReport external interests (RASS-COI)\nJoin List Servs\nRASS Access Request Form\nAsk EHS\nExternal\nWeb Financials (WebFin2)\nExternal\nCornell Data Services\nExternal\nPI Dashboard\nExternal\nTravel Registry\nExternal\nResearch Financials (formerly RA Dashboard)\nExternal\nInternational research activities\nExternal\nRegister for Federal and Non-Federal Systems\nDisclose Foreign Collaborations and Support\nResearch metrics & executive dashboards\nTraining\nSearch\nResearch Services\nSearch\nHome\nPrepare a Proposal\nClose\nResearch Development Services\nSubawards in a Proposal\nFind Your Next Funding Opportunity\nDisclose Foreign Collaborations and Support\nProposal Development, Review, and Submission\nPlanning for Animals, Human Participants, r/sNA, Hazardous Materials, Radiation\nBudgets, Costs, and Rates\nCollaborate with Weill Cornell Medicine\nManage a Project\nClose\nAward Negotiation and Finalization\nTravel and International Activities\nProject Finances\nProject Modifications\nResearch Project Staffing\nGet Confidential Info, Data, Equipment, or Materials\nManaging Subawards\nAnimals, Human Participants, r/sNA, Hazardous Materials, Radiation\nClose a Project\nClose\nProject Closeout Financials\nProject Closeout\nEnd a Project Early\nCorporate Partnership & Innovation\nClose\nProtecting an Invention, Creation, Discovery\nEntrepreneurial and Startup Company Resources\nGateway to Partnership Program\nEngaging with Industry\nCompliance, Ethics, Safety\nClose\nResponsible Conduct of Research (RCR)\nExport Controls\nResearch with Human Participants\nResearch Security\nWork with Live Vertebrate Animals\nResearch Safety\nRegulated Biological Materials in Research\nFinancial Management\nConflicts of Interest\nBreadcrumb\nHome\nNews & Announcements\nIRB Newsletter: Fall 2022\nNewsletter sent September 27, 2022\nCONTENTS\nFinal Reminder: New Exempt Protocol Training Requirement - Effective 10/1/22\nRevised Guidance for Conducting In-Person Research During the COVID-19 Pandemic\nNew and Upcoming Resources\nRASS-IRB Tips\nNew staff, Valerie and Lydia\n1. Final Reminder: New Exempt Protocol Training Requirement - Effective 10/1/22\nAs of\nOctober 1, 2022, all research team members on\nall active IRB protocols\n–new\nand\npreviously approved–are required to complete online human participant research training\n. Previously, this training was only required for researchers on Expedited and Full Board protocols, but the Cornell IRB has expanded this requirement to include personnel listed on\nExempt protocols, as well.\nThis training can be completed through\nthe CITI Program\n. We have recently published a\nguidance document\nto walk new CITI users through accessing the IRB Training (as well as any other CITI training you may be assigned by Cornell compliance groups).\nResearchers need to take training\nevery five (5) years\n.\nThe IRB office will not issue an approval/exemption letter for any pending protocols/amendments/continuing reviews if personnel are missing training. This has always been the case for Expedited and Full Board protocols, but starting October 1, this practice will be implemented for Exempt protocols, as well.\nProtocol PIs will be responsible for ensuring their research team members stay in compliance with this training requirement.\nPlease see our original\nIRB News announcement\nfrom July 29, 2022 for other details\nabout this training requirement, including how to see if you are up-to-date with your IRB training.\n2. Revised Guidance for Conducting In-Person Research During the COVID-19 Pandemic\nAs of September 7, 2022, we have updated our\nCOVID-19 guidance\nand\nFAQs\n. The most significant changes are:\nIn line with other campus health & safety requirements,\nface masks are\nrequired\nfor in-person, on-campus human participant research activities similar to clinical exams or procedures\n, or that take place in campus healthcare settings.\nFor\nall other indoor human participant research activities, the IRB\nstrongly encourages\nuse of face masks\nfor participants and research staff.\nWe\nno longer require\nresearchers keep a daily log of study participants\n, as Cornell University and the local public health department are no longer conducting contact tracing.\nThe\nSample Study Participant COVID-19 Information Sheet\nhas been revised\nto reflect current safety measures. (This document is an appendix to the\nCOVID-19 IRB guidance\n.)\nIf you are conducting in-person research on the Cornell Ithaca, Geneva, or Tech campuses, please review the\nrevised guidance document\nin full. As always, please contact the\nIRB office\nwith any questions.\n3. New and Upcoming Resources\nWith the new Exempt protocol training requirement, there will be plenty of you who have never needed to take CITI training before having to access this resource for the first time. Never fear: we have published a guidance document on the IRB website to take you through the process of accessing any CITI training for the first time:\nGuide to Accessing CITI Training for Cornell Researchers\n. It will be located on the IRB Training page as of October 1\nst\n.\nWe have another resource currently in development: a\nlibrary of real examples of informed consent documents\nthat we hope can assist you with this essential element of your protocols by illustrating how different types of research enact informed consent principles. We will share more news as the project moves along.\n4. RASS-IRB Tips\nThis is our first newsletter since our RASS-IRB system launched in February 2022– the new system has already made our jobs as staff members much easier, and we hope it has positively impacted you, as well. We wanted to take this opportunity to give a few tips about submitting protocols in the new system.\nThe\nRASS Guide site\nis available with directions for various actions you might need to take in the RASS-IRB system. Specifically, we have over a dozen “how-to” guides, as well as\nmultiple webinars available\nto introduce you to the new system and provide guidance for getting started with a new protocol. IRB and IT staff will continue to revise and add to these resources. If you need more individual assistance, you can easily make an appointment to meet on Zoom with RASS-IRB support or IRB staff using\nMicrosoft Bookings\n.\nIf you had your protocol approved before February 1, 2022, it is considered ‘migrated’ (from the old IRB system). Unfortunately, we were unable to bring all protocol data from the previous system to RASS-IRB, and as such, many migrated protocols do not currently contain much of the original protocol information. To process amendments to Expedited and Full Board protocols within RASS-IRB,\nwe require that this information be entered into the system\n– we apologize for the inconvenience that this places upon researchers but hope you can understand the importance of having complete protocols in the new system.\nWe can still process amendments to migrated Exempt protocols via e-mail.\nMore information about this can be found\non our website here\n.\nYour CITI Training records should be automatically imported into the RASS-IRB system, matching records based on your Cornell NetID. If you or one of your fellow investigators are in compliance with training but this does not show on your RASS-IRB protocol, log in to CITI and ensure that your primary e-mail is your Cornell NetID e-mail address. Directions for how to access that part of your CITI account are\nhere, on page 4\n. The integration between CITI and RASS can take 24-48 hours, but if your training still isn’t registering after that, contact\nirbhp@cornell.edu\n.\n5. New Staff, Valerie and Lydia\nPlease welcome our two new members of the IRB staff!\nValerie Ziarniak has been with ORIA for a little over a year and worked with the COI and IACUC teams in different temporary roles before being hired in June 2022 as the newest IRB Administrator. She conducts protocol pre-reviews, facilitates the IRB review process, and assists researchers in maintaining compliance with appropriate federal and state laws, ethical principles, and Cornell IRB guidelines. She lives in Rochester and works remotely most days but does travel to Ithaca from time to time.\nLydia Galarneau joined the IRB team in July 2022 as the new IRB Compliance Assistant. She manages the IRB inbox, processes new protocol submissions, and has been developing new guidance documents and tools for researchers like you. She moved from Buffalo to Ithaca in August, and lives on South Hill with her partner and their cats, Praxis and Milo.\nPublished on\n: Tuesday, October 11, 2022 - 9:30am\nQuick Reference\nOffices\nCALS Sponsored Research Office\nCOI - Conflict of Interest\nCTL - Center for Technology Licensing\nCVM Research Office\nCorporate Engagement\nEHS - Environmental Health & Safety & Risk Management\nExport Controls Office\nFAIM - Faculty Advancing Inclusive Mentoring\nIACUC - Institutional Animal Care and Use\nIBC - Institutional Biosafety Committee\nIRB - Institutional Review Board\nIT Security & Policy\nORIA - Office of Research Integrity and Assurance\nOSP - Office of Sponsored Programs & Research Development\nPRO - Pre-Award Research Operations\nR&I - Cornell Research & Innovation\nRAIS - Research Administration Information Services\nRCR - Responsible Conduct of Research\nRDBSC - Research Division Business Service Center\nResearch Development (ReD)\nResearch Division Human Resources\nResearch Security Office\nSFS - Sponsored Financial Services\nUniversity Policy Office\nWCM - Office of Sponsored Research Administration (OSRA)\nEssential Tools & Resources\nFind My GCO\nInstitutional Profile & DUNS\nRates and budgets\nJoin List Servs\nResearch Development (ReD) Services\nFind Your Next Funding Opportunity\nRegister for Federal and Non-Federal Systems\nDisclose Foreign Collaborations and Support\nWeb Financials (WebFin2)\nExternal\nPI Dashboard\nExternal\nResearch Financials (formerly RA Dashboard)\nExternal\nRASS\nExternal\nIACUC applications (Cayuse Animal Management System)\nIBC applications (RASS-IBC)\nIRB Applications (RASS-IRB)\nExternal\nReport external interests (RASS-COI)\nRASS Access Request Form\naskEHS\nExternal\nCornell Data Services\nExternal\nTravel Registry\nExternal\nInternational research activities\nExternal\nTraining\nResearch metrics and executive dashboards\nRates\nForms\nPolicies\nContacts\nTraining\nEvents\nNews & Announcements\nPart of\n© 2019 Cornell University\nWeb Accessibility Help\nWas this page helpful?\n×\n×\nStatus message\nSorry...This form is closed to new submissions.\nScroll"
}