{
    "URL location": "https://researchservices.cornell.edu/policies/nih-disclosing-other-support-and-foreign-components",
    "Last modification date": "2025-04-18T03:27Z",
    "Change frequency": "monthly",
    "Priority": "0.8",
    "Scraped Text": "NIH: Disclosing Other Support and Foreign Components | Cornell Research Services\nSkip to main content\nFind guidance on funding and agency updates during the federal government transition\n(\nupdated 4/16/2025\n)\nResearch Services\nResearch Services\nEssential Tools\nClose\nFind My GCO\nRASS\nExternal\nInstitutional Profile & DUNS\nIACUC applications (Cayuse Animal Management)\nFind Your Next Funding Opportunity\nIBC Applications (RASS-IBC)\nResearch Development (ReD) Services\nIRB Applications (RASS-IRB)\nExternal\nRates and budgets\nReport external interests (RASS-COI)\nJoin List Servs\nRASS Access Request Form\nAsk EHS\nExternal\nWeb Financials (WebFin2)\nExternal\nCornell Data Services\nExternal\nPI Dashboard\nExternal\nTravel Registry\nExternal\nResearch Financials (formerly RA Dashboard)\nExternal\nInternational research activities\nExternal\nRegister for Federal and Non-Federal Systems\nDisclose Foreign Collaborations and Support\nResearch metrics & executive dashboards\nTraining\nSearch\nResearch Services\nSearch\nHome\nPrepare a Proposal\nClose\nResearch Development Services\nSubawards in a Proposal\nFind Your Next Funding Opportunity\nDisclose Foreign Collaborations and Support\nProposal Development, Review, and Submission\nPlanning for Animals, Human Participants, r/sNA, Hazardous Materials, Radiation\nBudgets, Costs, and Rates\nCollaborate with Weill Cornell Medicine\nManage a Project\nClose\nAward Negotiation and Finalization\nTravel and International Activities\nProject Finances\nProject Modifications\nResearch Project Staffing\nGet Confidential Info, Data, Equipment, or Materials\nManaging Subawards\nAnimals, Human Participants, r/sNA, Hazardous Materials, Radiation\nClose a Project\nClose\nProject Closeout Financials\nProject Closeout\nEnd a Project Early\nCorporate Partnership & Innovation\nClose\nProtecting an Invention, Creation, Discovery\nEntrepreneurial and Startup Company Resources\nGateway to Partnership Program\nEngaging with Industry\nCompliance, Ethics, Safety\nClose\nResponsible Conduct of Research (RCR)\nExport Controls\nResearch with Human Participants\nResearch Security\nWork with Live Vertebrate Animals\nResearch Safety\nRegulated Biological Materials in Research\nFinancial Management\nConflicts of Interest\nBreadcrumb\nHome\nPolicies\nNIH: Disclosing Other Support and Foreign Components\nRelated Pages:\nNASA: Affiliations with China and Disclosing Current & Pending Support\nNSF: Disclosing Current & Pending Support, Biographical Sketches, and International Partnerships\nClarifying guidance from NIH about disclosing other support and foreign components.\nOver the past year, the FBI and federal lawmakers have raised concerns regarding undue foreign influence on federally funded research. As a result, many federal funding agencies, including the National Institutes of Health (NIH), are revisiting what information they require from investigators to appropriately assess other sources of support. A summary of NIH’s efforts to address foreign influence concerns can be found at their webpage\nProtecting U.S. Biomedical Intellectual Innovation\n. As part of this effort, NIH issued Policy Notice NOT-OD-19-114,\nReminders of NIH Policies on Other Support and on Policies related to Financial Conflicts of Interest and Foreign Components\nand the accompanying\nFAQs\nin July 2019. This clarifying guidance from NIH outlines requirements that differ from what was previously understood to be required of applicants and awardees. A summary of these current NIH requirements follows.\nDisclosure of Other Support\nNIH policy now requires applicants and awardees to disclose “\nall resources made available to a researcher in support of and/or related to all of their research endeavors, regardless of whether or not they have monetary value and regardless of whether they are based at the institution the researcher identifies for the current grant.\n” With this clarification, NIH researchers are now required to disclose other support as follows;\nPositions, Appointments, and Affiliations.\nAny position or scientific appointment held by investigators that is relevant to the application must be disclosed\nincluding domestic or foreign, paid or unpaid, or full/part-time/voluntary. Titled academic, professional, or institutional appointments, including adjunct, visiting, or honorary must be disclosed. Outside activities that are not research related (e.g. serving on a science advisory board for a start-up company where the investigator will not perform research) do not need to be included in the disclosure, but may still require disclosure to Cornell in the annual financial conflict of interest (fCOI) disclosure.\nFinancial Support.\nThis includes sponsored awards held at Cornell, held at another institution/entity, or held as an individual that support an investigator’s research efforts. This also includes start-up packages from entities other than Cornell, and institutional awards at Cornell or other institutions that are separately budgeted and accounted for. Investigators do not need to disclose Cornell start-up packages, gifts, or endowed chairs, nor do NIH training grants need to be disclosed.\nNon-Financial Resources.\nThis includes non-monetary resources that are uniquely available to key personnel such as office or laboratory space, equipment, supplies, employees, scientific materials, and selection to a foreign “talents” or similar-type program. Non-financial resources that are available to the Cornell community at large, such as core facilities or shared equipment, do not need to be reported. Non-financial resources that are provided by entities other than Cornell are of particular interest to NIH, and investigators should take care to ensure that all necessary disclosures are made.\nNIH policy remains consistent regarding location and timing of such disclosures;\nAll other support and affiliations must be reported at Just-in-Time (JIT) stage via the Other Support document.\nApplicants are responsible for promptly notifying NIH of any substantive changes to previously submitted JIT information up to the time of award. Please contact your Grant & Contract Officer in the Office of Sponsored Programs for assistance.\nOther support obtained after the initial NIH award period must be disclosed in the annual research performance progress report (RPPR).\nIt should be noted that NIH has not yet updated the\nOther Support template\nto reflect these clarified requirements. Investigators and administrators should modify the current template as needed to ensure compliance with the expanded disclosure requirements, including the reporting of total award amount for any financial support.\nForeign Component\nNIH requires applicants and recipients to determine whether project activities include a foreign component, defined as the existence of any “significant scientific element or segment of a project” outside of the United States. In other words;\nPerformance of work by a researcher or recipient in a foreign location, whether or not NIH grant funds are expended and/or\nPerformance of work by a researcher in a foreign location employed or paid for by a foreign organization, whether or not NIH grant funds are expended.\nApplicants and recipients should first identify whether a portion of a project will be conducted outside of the U.S. before determining whether such activities are considered significant. Significance should be measured by the investigator within the context of the project as a whole. Examples of a foreign component include collaborations with investigators at a foreign site anticipated to result in co-authorship, the use of facilities or instrumentation at a foreign site, and the receipt of financial support or resources from a foreign entity. Foreign vendors (i.e. relationships that result in a procurement agreement) do not constitute a foreign component.\nForeign components must be disclosed in a proposal as a\nForeign Justification\nattached to the\nR&R Other Project Information Form\n. The addition of a foreign component to an awarded project requires NIH’s prior approval.\nAdditional information regarding federal agencies’ responses to foreign influence can be found on Cornell Research Services webpage\nDisclosing International Partnerships to Cornell and External Sponsors\nand in the video recording of the November 2019 OSP Roundtable,\nDisclosing Foreign Relationships and Activities\n. Additionally, a letter to Cornell researchers from the Vice President for Research and Innovation, and the Vice Provost for International Affairs regarding foreign influence can be found on Cornell Research Services webpage\nGuidelines for the Cornell University Faculty on Academic Integrity and Undue Foreign Influence\n.\nFor questions regarding NIH other support and foreign component requirements, please contact your assigned Grant & Contract Officer (see\n\nfor current assignments).\n4\nProcess\nDisclose Foreign Collaborations and Support\nPolicy\nNASA: Affiliations with China and Disclosing Current & Pending Support\nPolicy\nNSF: Disclosing Current & Pending Support, Biographical Sketches, and International Partnerships\nPolicy\nDisclosing International Partnerships to Cornell and External Sponsors\nQuick Reference\nOffices\nCALS Sponsored Research Office\nCOI - Conflict of Interest\nCTL - Center for Technology Licensing\nCVM Research Office\nCorporate Engagement\nEHS - Environmental Health & Safety & Risk Management\nExport Controls Office\nFAIM - Faculty Advancing Inclusive Mentoring\nIACUC - Institutional Animal Care and Use\nIBC - Institutional Biosafety Committee\nIRB - Institutional Review Board\nIT Security & Policy\nORIA - Office of Research Integrity and Assurance\nOSP - Office of Sponsored Programs & Research Development\nPRO - Pre-Award Research Operations\nR&I - Cornell Research & Innovation\nRAIS - Research Administration Information Services\nRCR - Responsible Conduct of Research\nRDBSC - Research Division Business Service Center\nResearch Development (ReD)\nResearch Division Human Resources\nResearch Security Office\nSFS - Sponsored Financial Services\nUniversity Policy Office\nWCM - Office of Sponsored Research Administration (OSRA)\nEssential Tools & Resources\nFind My GCO\nInstitutional Profile & DUNS\nRates and budgets\nJoin List Servs\nResearch Development (ReD) Services\nFind Your Next Funding Opportunity\nRegister for Federal and Non-Federal Systems\nDisclose Foreign Collaborations and Support\nWeb Financials (WebFin2)\nExternal\nPI Dashboard\nExternal\nResearch Financials (formerly RA Dashboard)\nExternal\nRASS\nExternal\nIACUC applications (Cayuse Animal Management System)\nIBC applications (RASS-IBC)\nIRB Applications (RASS-IRB)\nExternal\nReport external interests (RASS-COI)\nRASS Access Request Form\naskEHS\nExternal\nCornell Data Services\nExternal\nTravel Registry\nExternal\nInternational research activities\nExternal\nTraining\nResearch metrics and executive dashboards\nRates\nForms\nPolicies\nContacts\nTraining\nEvents\nNews & Announcements\nPart of\n© 2019 Cornell University\nWeb Accessibility Help\nWas this page helpful?\n×\n×\nStatus message\nSorry...This form is closed to new submissions.\nScroll"
}