{
    "URL location": "https://researchservices.cornell.edu/policies/announcing-externally-sponsored-awards-guidance-communicators",
    "Last modification date": "2025-04-18T03:27Z",
    "Change frequency": "monthly",
    "Priority": "0.8",
    "Scraped Text": "Announcing Externally Sponsored Awards: Guidance for Communicators | Cornell Research Services\nSkip to main content\nFind guidance on funding and agency updates during the federal government transition\n(\nupdated 4/16/2025\n)\nResearch Services\nResearch Services\nEssential Tools\nClose\nFind My GCO\nRASS\nExternal\nInstitutional Profile & DUNS\nIACUC applications (Cayuse Animal Management)\nFind Your Next Funding Opportunity\nIBC Applications (RASS-IBC)\nResearch Development (ReD) Services\nIRB Applications (RASS-IRB)\nExternal\nRates and budgets\nReport external interests (RASS-COI)\nJoin List Servs\nRASS Access Request Form\nAsk EHS\nExternal\nWeb Financials (WebFin2)\nExternal\nCornell Data Services\nExternal\nPI Dashboard\nExternal\nTravel Registry\nExternal\nResearch Financials (formerly RA Dashboard)\nExternal\nInternational research activities\nExternal\nRegister for Federal and Non-Federal Systems\nDisclose Foreign Collaborations and Support\nResearch metrics & executive dashboards\nTraining\nSearch\nResearch Services\nSearch\nHome\nPrepare a Proposal\nClose\nResearch Development Services\nSubawards in a Proposal\nFind Your Next Funding Opportunity\nDisclose Foreign Collaborations and Support\nProposal Development, Review, and Submission\nPlanning for Animals, Human Participants, r/sNA, Hazardous Materials, Radiation\nBudgets, Costs, and Rates\nCollaborate with Weill Cornell Medicine\nManage a Project\nClose\nAward Negotiation and Finalization\nTravel and International Activities\nProject Finances\nProject Modifications\nResearch Project Staffing\nGet Confidential Info, Data, Equipment, or Materials\nManaging Subawards\nAnimals, Human Participants, r/sNA, Hazardous Materials, Radiation\nClose a Project\nClose\nProject Closeout Financials\nProject Closeout\nEnd a Project Early\nCorporate Partnership & Innovation\nClose\nProtecting an Invention, Creation, Discovery\nEntrepreneurial and Startup Company Resources\nGateway to Partnership Program\nEngaging with Industry\nCompliance, Ethics, Safety\nClose\nResponsible Conduct of Research (RCR)\nExport Controls\nResearch with Human Participants\nResearch Security\nWork with Live Vertebrate Animals\nResearch Safety\nRegulated Biological Materials in Research\nFinancial Management\nConflicts of Interest\nBreadcrumb\nHome\nPolicies\nAnnouncing Externally Sponsored Awards: Guidance for Communicators\nExplore Ithaca Awards\nRelated Pages:\nAnnouncing Externally Sponsored Awards: Guidance for Researchers\nCornell’s Office of Sponsored Programs (OSP) reviews and finalizes all sponsored awards on behalf of Cornell. These are also called\nresearch awards\n, in the form of grants or contracts with external sponsors such as federal agencies, foundations, or companies.\nPublic announcements should occur only AFTER the grant or award agreement has been finalized by OSP and is in effect. Exceptions may be made if the sponsor provides written permission to announce the award before OSP finalizes the award\nand\nthe Office of the Vice President for Research & Innovation approves the exception.\nHow long it takes to finalize an award varies due to particularities of the award itself and the volume of awards that OSP is processing. Although OSP cannot predict when an award will be finalized, OSP may be able to provide information to help communicators plan and prepare so the public announcement can be ready for publication as soon as the award is finalized. Email\nosp-help@cornell.edu\nfor assistance.\nAward announcements\nmust comply with the terms of the grant or award agreement\n. Email\nosp-help@cornell.edu\nor contact the Grant and Contract Officer (GCO) to learn about any communications restrictions. The Lead PI will be able to provide the name of the GCO.\nHow to Check Whether an Award Has Been Finalized\nEvery Cornell staff member with a NetID can determine whether an award has been finalized using the Research Administration Support System (RASS).\nNote\n: RASS includes awards to faculty who are based on Cornell’s Ithaca, Geneva, and Cornell Tech campuses, as well as faculty at remote campuses such as the Duck Research Laboratory on Long Island and the Shoals Marine Laboratory in New Hampshire. It does not include Weill Cornell Medicine campuses in New York City or Qatar.\nGo to\nrass.cornell.edu\n.\nLog in with your NetID.\nFrom the\nGrants & Contracts\nmenu, select\nExplore Ithaca Awards\n. (This includes Ithaca, Geneva, and Cornell Tech campuses.)\nIn the\nPI/Co-PI field\n, type the name of a researcher affiliated with the award. Click the name of the PI you're searching for. (The PI/Co-PI is often the easiest way to search for an award, but you can also use project title, OSP #, or any other field.)\nClick the green\nSearch\nbutton.\nA list of awards will appear at the bottom of the page. Find the award you are interested in.\nIf\nAward\nappears in the\nStage\ncolumn AND\nAward Finalized\nappears in the\nStatus\ncolumn, the award has been finalized.\nIf you see anything in the\nStatus\ncolumn other than\nAward Finalized\n, the award has not been finalized.\nIf\nAward Amendment\nappears in the\nStage\ncolumn, or if the award you’re looking for does not appear at all, contact\nresearch@cornell.edu\nfor information about whether the award is ready to be publicly announced.\nOnce the award is finalized, email\nosp-help@cornell.edu\nto ask whether the grant or award agreement restricts communications about the award.\nNote\n: In some cases, the grant or award agreement may stipulate that the sponsor must be given an opportunity to review the announcement prior to publication.\nAnnouncement Review and Approval\nThe Lead PI should always review the announcement prior to publication. To comply with the terms of the award, the sponsor may also need to review the announcement. If you are unsure who needs to review the announcement, email\nosp-help@cornell.edu\nor contact the Grant and Contract Officer (GCO). The Lead PI will be able to provide the name of the GCO or you can find the GCO's name on the Explore Ithaca Awards page.\nAnnouncements by Sub-Awardees\nIt is not unusual for a Cornell-led project to include funding for one or more researchers at other institutions (sub-awardees). Sub-awardees are expected to wait until Cornell has had an opportunity to announce the award before they announce the award themselves.\nCornell PIs may ask communicators for assistance in coordinating communications when Cornell-led projects involve sub-awardees.\nIf a Cornell researcher is a sub-awardee on a project led by another organization, contact the lead organization regarding public announcements about the award. You should expect the lead organization to coordinate communications regarding the award.\n3\nProcess\nAward Negotiation and Finalization\nPolicy\nAnnouncing Externally Sponsored Awards: Guidance for Researchers\nResource\nTransfer an Award from Another Institution\nQuick Reference\nOffices\nCALS Sponsored Research Office\nCOI - Conflict of Interest\nCTL - Center for Technology Licensing\nCVM Research Office\nCorporate Engagement\nEHS - Environmental Health & Safety & Risk Management\nExport Controls Office\nFAIM - Faculty Advancing Inclusive Mentoring\nIACUC - Institutional Animal Care and Use\nIBC - Institutional Biosafety Committee\nIRB - Institutional Review Board\nIT Security & Policy\nORIA - Office of Research Integrity and Assurance\nOSP - Office of Sponsored Programs & Research Development\nPRO - Pre-Award Research Operations\nR&I - Cornell Research & Innovation\nRAIS - Research Administration Information Services\nRCR - Responsible Conduct of Research\nRDBSC - Research Division Business Service Center\nResearch Development (ReD)\nResearch Division Human Resources\nResearch Security Office\nSFS - Sponsored Financial Services\nUniversity Policy Office\nWCM - Office of Sponsored Research Administration (OSRA)\nEssential Tools & Resources\nFind My GCO\nInstitutional Profile & DUNS\nRates and budgets\nJoin List Servs\nResearch Development (ReD) Services\nFind Your Next Funding Opportunity\nRegister for Federal and Non-Federal Systems\nDisclose Foreign Collaborations and Support\nWeb Financials (WebFin2)\nExternal\nPI Dashboard\nExternal\nResearch Financials (formerly RA Dashboard)\nExternal\nRASS\nExternal\nIACUC applications (Cayuse Animal Management System)\nIBC applications (RASS-IBC)\nIRB Applications (RASS-IRB)\nExternal\nReport external interests (RASS-COI)\nRASS Access Request Form\naskEHS\nExternal\nCornell Data Services\nExternal\nTravel Registry\nExternal\nInternational research activities\nExternal\nTraining\nResearch metrics and executive dashboards\nRates\nForms\nPolicies\nContacts\nTraining\nEvents\nNews & Announcements\nPart of\n© 2019 Cornell University\nWeb Accessibility Help\nWas this page helpful?\n×\n×\nStatus message\nSorry...This form is closed to new submissions.\nScroll"
}