{
    "URL location": "https://researchservices.cornell.edu/compliance/rcr",
    "Last modification date": "2025-04-18T03:27Z",
    "Change frequency": "monthly",
    "Priority": "0.8",
    "Scraped Text": "Responsible Conduct of Research (RCR) | Cornell Research Services\nSkip to main content\nFind guidance on funding and agency updates during the federal government transition\n(\nupdated 4/16/2025\n)\nResearch Services\nResearch Services\nEssential Tools\nClose\nFind My GCO\nRASS\nExternal\nInstitutional Profile & DUNS\nIACUC applications (Cayuse Animal Management)\nFind Your Next Funding Opportunity\nIBC Applications (RASS-IBC)\nResearch Development (ReD) Services\nIRB Applications (RASS-IRB)\nExternal\nRates and budgets\nReport external interests (RASS-COI)\nJoin List Servs\nRASS Access Request Form\nAsk EHS\nExternal\nWeb Financials (WebFin2)\nExternal\nCornell Data Services\nExternal\nPI Dashboard\nExternal\nTravel Registry\nExternal\nResearch Financials (formerly RA Dashboard)\nExternal\nInternational research activities\nExternal\nRegister for Federal and Non-Federal Systems\nDisclose Foreign Collaborations and Support\nResearch metrics & executive dashboards\nTraining\nSearch\nResearch Services\nSearch\nHome\nPrepare a Proposal\nClose\nResearch Development Services\nSubawards in a Proposal\nFind Your Next Funding Opportunity\nDisclose Foreign Collaborations and Support\nProposal Development, Review, and Submission\nPlanning for Animals, Human Participants, r/sNA, Hazardous Materials, Radiation\nBudgets, Costs, and Rates\nCollaborate with Weill Cornell Medicine\nManage a Project\nClose\nAward Negotiation and Finalization\nTravel and International Activities\nProject Finances\nProject Modifications\nResearch Project Staffing\nGet Confidential Info, Data, Equipment, or Materials\nManaging Subawards\nAnimals, Human Participants, r/sNA, Hazardous Materials, Radiation\nClose a Project\nClose\nProject Closeout Financials\nProject Closeout\nEnd a Project Early\nCorporate Partnership & Innovation\nClose\nProtecting an Invention, Creation, Discovery\nEntrepreneurial and Startup Company Resources\nGateway to Partnership Program\nEngaging with Industry\nCompliance, Ethics, Safety\nClose\nResponsible Conduct of Research (RCR)\nExport Controls\nResearch with Human Participants\nResearch Security\nWork with Live Vertebrate Animals\nResearch Safety\nRegulated Biological Materials in Research\nFinancial Management\nConflicts of Interest\nBreadcrumb\nHome\nCompliance, Ethics, Safety\nResponsible Conduct of Research (RCR)\nResearch Integrity at Cornell\nTraining\nResearch Integrity\nHelp with Sponsor Requirements\nRelated Pages:\nResponsible Conduct of Research (RCR) Office\nCornell provides an online training course on Responsible and Ethical Conduct of Research and Research Security. This course meets all current federal requirements for Research Security training as well as those for Responsible Conduct of Research training*. This training is a requirement of anyone who is named or paid on sponsored funds, and can be found here:\nCU601 - Responsible and Ethical Conduct of Research and Research Security\n.\n*Please note that additional training requirements still apply for those researchers who work with animals or human subjects.\nThe integrity of research conducted at Cornell University is of the utmost importance to the institution, as well as to the public and our research sponsors. Our training and education program in Responsible Conduct of Research (RCR) is designed to meet the university's commitment to promoting and supporting the ethical and responsible conduct of research across all disciplines\n. It is also designed to meet the regulatory requirements set by NSF, NIH, and USDA-NIFA for funded research.\nCornell's Responsible Conduct of Research (RCR) program demonstrates this commitment by providing the following services to researchers across the campus:\nOnline Training on RCR and Research Security (CU601)\n: Cornell provides\nonline RCR training\n, which is\nrequired\nfor all individuals who are named or paid on sponsored funds.\nCompliance with Sponsor RCR Requirements\n: RCR and OSP staff collaborate to ensure that Cornell researchers funded by NIH, NSF, or USDA-NIFA are in compliance with sponsor RCR requirements. Learn more\nhere\n.\nRCR Resources\n: The RCR office compiles and shares\ncase studies and other discussion materials\non topics such as plagiarism, mentoring, research misconduct, and rigor and reproducibility. Anyone is welcome to use these materials in their classrooms or labs. We can also help develop new educational materials specific to your discipline; contact\nour office\nif you would like to learn more.\n\"Face-to-face\" RCR Training:\nThe RCR office co-hosts workshops and symposia throughout the year, including the annual Spring RCR Symposium (which is open to everyone, and assists in meeting the in-person training requirements of NIH training grants). Additionally, faculty are encouraged to host their own RCR trainings, discussions, and workshops in their labs, and may reach out to the RCR office for help with\ncontent\n.\nAdditional RCR Training\n: Cornell provides online RCR training through the\nCollaborative Institutional Training Initiative (CITI)\n, which is available to Cornell faculty, staff, and students.\nTraining completion records\nare also available to document compliance, when needed.\n11\nResource\nUniversity Policy 1.2, Research Integrity\nResource\nUniversity Policy 4.21, Research Data Retention\nProcess\nCompliance, Ethics, Safety\nResource\nThe Research Integrity Council\nResource\nResponsible Conduct of Research Committee (RCRC)\nResource\nResearch Data Retention\nResource\nResponsible Conduct of Research (RCR) Topics and Case Studies\nResource\nRCR Requirements for Research Awards\nResource\nNIH Training Grant Requirement: RCR Symposium Summary\nResource\nResponsible Conduct of Research (RCR) Symposium and Workshop\nResource\nResearch Integrity\nQuick Reference\nOffices\nCALS Sponsored Research Office\nCOI - Conflict of Interest\nCTL - Center for Technology Licensing\nCVM Research Office\nCorporate Engagement\nEHS - Environmental Health & Safety & Risk Management\nExport Controls Office\nFAIM - Faculty Advancing Inclusive Mentoring\nIACUC - Institutional Animal Care and Use\nIBC - Institutional Biosafety Committee\nIRB - Institutional Review Board\nIT Security & Policy\nORIA - Office of Research Integrity and Assurance\nOSP - Office of Sponsored Programs & Research Development\nPRO - Pre-Award Research Operations\nR&I - Cornell Research & Innovation\nRAIS - Research Administration Information Services\nRCR - Responsible Conduct of Research\nRDBSC - Research Division Business Service Center\nResearch Development (ReD)\nResearch Division Human Resources\nResearch Security Office\nSFS - Sponsored Financial Services\nUniversity Policy Office\nWCM - Office of Sponsored Research Administration (OSRA)\nEssential Tools & Resources\nFind My GCO\nInstitutional Profile & DUNS\nRates and budgets\nJoin List Servs\nResearch Development (ReD) Services\nFind Your Next Funding Opportunity\nRegister for Federal and Non-Federal Systems\nDisclose Foreign Collaborations and Support\nWeb Financials (WebFin2)\nExternal\nPI Dashboard\nExternal\nResearch Financials (formerly RA Dashboard)\nExternal\nRASS\nExternal\nIACUC applications (Cayuse Animal Management System)\nIBC applications (RASS-IBC)\nIRB Applications (RASS-IRB)\nExternal\nReport external interests (RASS-COI)\nRASS Access Request Form\naskEHS\nExternal\nCornell Data Services\nExternal\nTravel Registry\nExternal\nInternational research activities\nExternal\nTraining\nResearch metrics and executive dashboards\nRates\nForms\nPolicies\nContacts\nTraining\nEvents\nNews & Announcements\nPart of\n© 2019 Cornell University\nWeb Accessibility Help\nWas this page helpful?\n×\n×\nStatus message\nSorry...This form is closed to new submissions.\nScroll"
}