{
    "URL location": "https://researchservices.cornell.edu/compliance/rsna-or-biohazardous-research",
    "Last modification date": "2025-04-18T03:27Z",
    "Change frequency": "monthly",
    "Priority": "0.8",
    "Scraped Text": "Regulated Biological Materials in Research | Cornell Research Services\nSkip to main content\nFind guidance on funding and agency updates during the federal government transition\n(\nupdated 4/16/2025\n)\nResearch Services\nResearch Services\nEssential Tools\nClose\nFind My GCO\nRASS\nExternal\nInstitutional Profile & DUNS\nIACUC applications (Cayuse Animal Management)\nFind Your Next Funding Opportunity\nIBC Applications (RASS-IBC)\nResearch Development (ReD) Services\nIRB Applications (RASS-IRB)\nExternal\nRates and budgets\nReport external interests (RASS-COI)\nJoin List Servs\nRASS Access Request Form\nAsk EHS\nExternal\nWeb Financials (WebFin2)\nExternal\nCornell Data Services\nExternal\nPI Dashboard\nExternal\nTravel Registry\nExternal\nResearch Financials (formerly RA Dashboard)\nExternal\nInternational research activities\nExternal\nRegister for Federal and Non-Federal Systems\nDisclose Foreign Collaborations and Support\nResearch metrics & executive dashboards\nTraining\nSearch\nResearch Services\nSearch\nHome\nPrepare a Proposal\nClose\nResearch Development Services\nSubawards in a Proposal\nFind Your Next Funding Opportunity\nDisclose Foreign Collaborations and Support\nProposal Development, Review, and Submission\nPlanning for Animals, Human Participants, r/sNA, Hazardous Materials, Radiation\nBudgets, Costs, and Rates\nCollaborate with Weill Cornell Medicine\nManage a Project\nClose\nAward Negotiation and Finalization\nTravel and International Activities\nProject Finances\nProject Modifications\nResearch Project Staffing\nGet Confidential Info, Data, Equipment, or Materials\nManaging Subawards\nAnimals, Human Participants, r/sNA, Hazardous Materials, Radiation\nClose a Project\nClose\nProject Closeout Financials\nProject Closeout\nEnd a Project Early\nCorporate Partnership & Innovation\nClose\nProtecting an Invention, Creation, Discovery\nEntrepreneurial and Startup Company Resources\nGateway to Partnership Program\nEngaging with Industry\nCompliance, Ethics, Safety\nClose\nResponsible Conduct of Research (RCR)\nExport Controls\nResearch with Human Participants\nResearch Security\nWork with Live Vertebrate Animals\nResearch Safety\nRegulated Biological Materials in Research\nFinancial Management\nConflicts of Interest\nBreadcrumb\nHome\nCompliance, Ethics, Safety\nRegulated Biological Materials in Research\nLogin to the IBC registration system RASS-IBC\nHow to get started\nReport an Incident\nReport Misconduct\nThe use of certain biological materials in research are regulated by multiple Federal, State, and local regulations. These regulations are put in to place to ensure the safe and legal use of these materials in order to minimize the risk to the researcher, Cornell, and the greater community. Cornell manages the use of these materials in research through a variety of different mechanisms most of which involve review of the proposed research activity by a Cornell committee.\nRegulated Biological materials most often include the use of\nrecombinant or synthetic nucleic acids (r/sNA)\nto generate transgenic or genetically modified organisms, the use of infectious agents (\nbacteria, fungi, virus, parasite, prion\n),\nbiological toxins\n, and/or\nhuman derived materials\n(cell lines and tissues), in research activities.\nThe committees include the Institutional Biosafety Committee (IBC), the Human Embryonic Stem Cell Research Oversight Committee (ESCRO), and the Dual Use Research of Concern (DURC) committee. Additional approvals from outside regulatory agencies may also be needed in order to conduct research, such as the Federal Select Agents (FSA) program, the USDA APHIS Biotechnology Regulatory Services (BRS) or Plant Protection and Quarantine (PPQ), and various New York state agencies.\nInstitutional Biosafety Committee (IBC)\nThe Institutional Biosafety Committee (IBC) is a university committee mandated by Federal granting regulations to oversee the safe and responsible use of certain biological materials in research. The committee, in conjunction with\nEHS Biosafety\n, reviews applications known as Memorandum of Understanding and Agreement (MUA). The\nIBC committee\nhas an electronic MUA submission system known as\nRASS-IBC\nand reviews MUA applications at their monthly meetings. To\nget started\nwith an IBC application, learn more about\nwhat needs IBC approval\n,\nfind helpful guidance material\n, or if you have any questions you can reach out to the\nIBC office staff\nor reach out to the\ntrusted advisor\nfor assistance.\nBSL3 Research\nCornell University coordinates research involving risk group 3 infectious agents under Biosafety Level 3 (BSL3) containment in collaboration with multiple groups across campus. The coordination involves shared information and processes between the IBC, BSL-3/ABSL-3 Operations group, and the BSL-3/ABSL-3 Strategy and Planning group. The IBC is responsible for the review and approval of research involving RG3 agents in BSL3 conditions. The operations group oversees BSL3 facility training and operation, while the strategy and planning group coordinates the activities and allocation of space within BSL3 facilities. For further information about BSL3 research and training please see the\nBSL3 written program\nor contact the Cornell Biosafety Officer Joshua Turse\njoshturse@cornell.edu\n. To inquire about space availability and cost for use of the facility please reach out to the College of Veterinary Medicine Associate Dean for Research and Graduate Education, Robert Weiss.\nResearch with Select Agents and Toxins\nResearch involving\nSelect Agents and Toxins\nmust be approved by the Federal Select Agent Program (FSAP) before the agent can be acquired and research conducted on it. For information about Cornell’s Select Agent Program please visit\nEHS Biosafety Select Agents and Toxins\nor contact the University Responsible Official for Select Agents Josh Turse\njoshturse@cornell.edu\n.\nDual Use Research of Concern (DURC)\nResearch involving any of the 15 agents designated as\nDual Use Research of Concern\n, must go through an additional review by the Institutional Review Entity (IRE) to determine if the research qualifies as DURC. In the event the research is classified as DURC, a risk assessment will be performed and communicated to the NIH or funding agency as applicable for approval. All DURC agents are also Select Agents or toxins so the DURC process may coincide with the FSAP process. After the DURC and FSAP processes have been completed, the IBC will then conduct their review as required by Federal regulation. Further information about\nDURC and the DURC process\n.\nResearch with Human Embryonic Stem Cells\nResearch involving human embryonic stem cells (hESC), human embryos, or the derivatives of these materials must be reviewed and approved by the Cornell human\nEmbryonic Stem Cell Research Oversight Committee (ESCRO).\nThe committee looks at the ethics and the adherence to policy of the proposed research to determine if the research is allowable under the\nregulations\nfor research with human embryonic stem cells or tissues. Registration with the ESCRO is required for all work with human embryonic stem cells. For further information or questions please reach out to\nMichael Betteken\n.\nResearch requiring a USDA APHIS permit\nUSDA APHIS BRS Permits: Research involving the importation, interstate movement, or environmental release (outdoor field trials) of certain organisms(plants, insects, and microbes) that may pose a plant pest risk require a\nUSDA APHIS BRS permit\nto conduct. These permits can be applied for through the\nUSDA APHIS eFile system\nand are required in order to conduct work that involves the use of genetically modified plants or insects outside of a laboratory, growth chamber, or greenhouse. A USDA APHIS Permit may also be required to receive a shipment of a transgenic modified plant or insect. As part of the IBC process, the USDA APHIS BRS permit must be attached to the IBC application. Certain transgenic plants are exempt for these regulations. Please see the USDA website on\nexemptions\nfor further details.\nUSDA APHIS PPQ 526 Permits: Research involving the importation, interstate movement, possession, and/or release into the environment of plant pathogenic bacteria, viruses, fungi, mycoplasmas, and nematodes require a\nPPQ 526 permit\n. These permits can be applied for through the USDA\neFile system\n. As part of the IBC process, work with certain plant pathogens will require an approved USDA APHIS PPQ permit to be uploaded to the IBC application before approval for the work can be issued. Please note that plant pathogens isolated in the state of New York (unless being shipped to you from out of state) and\ncertain pathogens\ndo not require PPQ permits.\nFor questions about USDA APHIS BRS or PPQ permits please reach out to\nMichael Betteken\n.\nResearch involving Hemp\nUnder the\nFarm Bill of 2018\nresearch activities which result in the production of hemp require a license through the\nNY State Hemp Licensing program\n. For information about how to register to produce hemp for research under the Cornell hemp growing license please visit the Cornell Hemp Program or reach out to\nMichael Betteken\n.\nAbout Environment, Health and Safety (EHS)\nResearch Safety, part of Environment, Health and Safety, is staffed by a team of Biological Safety, Chemical and Laboratory Safety, and Radiation Safety professionals who have the expertise to assist researchers mitigate and manage the risks associated with their research and meet regulatory and compliance requirements. See the\nResearch Safety page\nfor more information.\nReport an Incident\nOR\nReport Research Misconduct\n12\nProcess\nCompliance, Ethics, Safety\nResource\nMUA Submission Deadline and IBC Meeting Dates\nResource\nRegulated Biological Materials Frequently Asked Questions\nEvent\nMay IBC Meeting\nResource\nIBC Application Submission, Review and Approval\nResource\nGet Started with Recombinant or Synthetic Nucleic Acid Molecules (r/sNA) or Other Biohazardous Agents\nResource\nHuman Embryonic Stem Cell Research Oversight Committee (ESCRO)\nResource\nReport an Incident or Exposure to Recombinant or Biohazardous Materials\nTraining\nWork with Bloodborne Pathogens and Training Requirements\nResource\nInstitutional Biosafety Committee (IBC)\nOffice\nInstitutional Biosafety Committee (IBC) Office\nSee All\nQuick Reference\nOffices\nCALS Sponsored Research Office\nCOI - Conflict of Interest\nCTL - Center for Technology Licensing\nCVM Research Office\nCorporate Engagement\nEHS - Environmental Health & Safety & Risk Management\nExport Controls Office\nFAIM - Faculty Advancing Inclusive Mentoring\nIACUC - Institutional Animal Care and Use\nIBC - Institutional Biosafety Committee\nIRB - Institutional Review Board\nIT Security & Policy\nORIA - Office of Research Integrity and Assurance\nOSP - Office of Sponsored Programs & Research Development\nPRO - Pre-Award Research Operations\nR&I - Cornell Research & Innovation\nRAIS - Research Administration Information Services\nRCR - Responsible Conduct of Research\nRDBSC - Research Division Business Service Center\nResearch Development (ReD)\nResearch Division Human Resources\nResearch Security Office\nSFS - Sponsored Financial Services\nUniversity Policy Office\nWCM - Office of Sponsored Research Administration (OSRA)\nEssential Tools & Resources\nFind My GCO\nInstitutional Profile & DUNS\nRates and budgets\nJoin List Servs\nResearch Development (ReD) Services\nFind Your Next Funding Opportunity\nRegister for Federal and Non-Federal Systems\nDisclose Foreign Collaborations and Support\nWeb Financials (WebFin2)\nExternal\nPI Dashboard\nExternal\nResearch Financials (formerly RA Dashboard)\nExternal\nRASS\nExternal\nIACUC applications (Cayuse Animal Management System)\nIBC applications (RASS-IBC)\nIRB Applications (RASS-IRB)\nExternal\nReport external interests (RASS-COI)\nRASS Access Request Form\naskEHS\nExternal\nCornell Data Services\nExternal\nTravel Registry\nExternal\nInternational research activities\nExternal\nTraining\nResearch metrics and executive dashboards\nRates\nForms\nPolicies\nContacts\nTraining\nEvents\nNews & Announcements\nPart of\n© 2019 Cornell University\nWeb Accessibility Help\nWas this page helpful?\n×\n×\nStatus message\nSorry...This form is closed to new submissions.\nScroll\n\nTable:\nBiological Materials requiring Committee Approvals | Approvals needed | Trusted Advisor | Contact for more information\n--- | --- | --- | ---\nAll r/sNA modified cells/organisms | IBC | Michael Betteken | mib46@cornell.edu\nRG2/BSL2 infectious agents | IBC | Michael Betteken | mib46@cornell.edu\nRG3/BSL3 infectious agents | IBC, BSL3 program | Joshua Turse | joshturse@cornell.edu\nHuman cell lines | IBC | Michael Betteken | mib46@cornell.edu\nHuman (blood, tissues, fluids) | IBC, IRB | Michael Betteken | mib46@cornell.edu\nTransgenic/GMO plants | IBC | Michael Betteken | mib46@cornell.edu\nTransgenic animals | IBC, IACUC | Michael Betteken | mib46@cornell.edu\nBiological Toxins | IBC | Michael Betteken | mib46@cornell.edu\nSelect Agents and Toxins | FSAP, IBC | Joshua Turse | joshturse@cornell.edu\nHuman embryonic stem cells (hESCs) | IBC, IRB, ESCRO, IACUC | Michael Betteken | mib46@cornell.edu\nField release of GMO plants | IBC, USDA BRS | Michael Betteken | mib46@cornell.edu\nPlant pathogens | IBC, USDA PPQ | Michael Betteken | mib46@cornell.edu\nDual Use Research of Concern | FSAP, DURC, IBC | Joshua Turse | joshturse@cornell.edu\nHemp | NY state | Michael Betteken | mib46@cornell.edu\n"
}