{
    "URL location": "https://researchservices.cornell.edu/compliance",
    "Last modification date": "2025-04-18T03:27Z",
    "Change frequency": "monthly",
    "Priority": "0.8",
    "Scraped Text": "Compliance, Ethics, Safety | Cornell Research Services\nSkip to main content\nFind guidance on funding and agency updates during the federal government transition\n(\nupdated 4/16/2025\n)\nResearch Services\nResearch Services\nEssential Tools\nClose\nFind My GCO\nRASS\nExternal\nInstitutional Profile & DUNS\nIACUC applications (Cayuse Animal Management)\nFind Your Next Funding Opportunity\nIBC Applications (RASS-IBC)\nResearch Development (ReD) Services\nIRB Applications (RASS-IRB)\nExternal\nRates and budgets\nReport external interests (RASS-COI)\nJoin List Servs\nRASS Access Request Form\nAsk EHS\nExternal\nWeb Financials (WebFin2)\nExternal\nCornell Data Services\nExternal\nPI Dashboard\nExternal\nTravel Registry\nExternal\nResearch Financials (formerly RA Dashboard)\nExternal\nInternational research activities\nExternal\nRegister for Federal and Non-Federal Systems\nDisclose Foreign Collaborations and Support\nResearch metrics & executive dashboards\nTraining\nSearch\nResearch Services\nSearch\nHome\nPrepare a Proposal\nClose\nResearch Development Services\nSubawards in a Proposal\nFind Your Next Funding Opportunity\nDisclose Foreign Collaborations and Support\nProposal Development, Review, and Submission\nPlanning for Animals, Human Participants, r/sNA, Hazardous Materials, Radiation\nBudgets, Costs, and Rates\nCollaborate with Weill Cornell Medicine\nManage a Project\nClose\nAward Negotiation and Finalization\nTravel and International Activities\nProject Finances\nProject Modifications\nResearch Project Staffing\nGet Confidential Info, Data, Equipment, or Materials\nManaging Subawards\nAnimals, Human Participants, r/sNA, Hazardous Materials, Radiation\nClose a Project\nClose\nProject Closeout Financials\nProject Closeout\nEnd a Project Early\nCorporate Partnership & Innovation\nClose\nProtecting an Invention, Creation, Discovery\nEntrepreneurial and Startup Company Resources\nGateway to Partnership Program\nEngaging with Industry\nCompliance, Ethics, Safety\nClose\nResponsible Conduct of Research (RCR)\nExport Controls\nResearch with Human Participants\nResearch Security\nWork with Live Vertebrate Animals\nResearch Safety\nRegulated Biological Materials in Research\nFinancial Management\nConflicts of Interest\nBreadcrumb\nHome\nCompliance, Ethics, Safety\nCornell has multiple research services programs that support the university's commitment to ethical research that is compliant with federal, state, and local laws, regulations, policies, and guidelines.\nFor all Researchers\nResearch integrity.\nRigorous, ethical research is good research. Cornell supports research integrity through its Responsible Conduct of Research (RCR) training and education program.\nLearn more about our RCR program\n.\nFinancial management.\nManage and monitor finances\nover the life of the project.\nConflict of interest.\nDisclosure and management of real or apparent financial conflicts of interests is critical to the integrity of the research process.\nLearn more about Cornell's COI program\n.\nExport Controls.\nGet assistance\nmanaging activities covered by export control laws.\nLearn more here\n.\nSpecific Research Areas\nLive vertebrate animals.\nThe use of animals for research, teaching, or testing is subject to\nCornell Policy 1.4\n, and NY State and Federal\nlaws and regulations\n. You and personnel working with you must complete Institutional Animal Care and Use Committee (IACUC) training. An approved IACUC protocol is required. The\nIACUC Office\n, the Center for Animal Resources and Education (\nCARE\n), and collaborating units will help you administer and manage your animal work.\nHuman participants.\nFederal regulations and Cornell policies apply to research involving human participants. The Cornell\nInstitutional Review Board (IRB)\nreviews and approves human participant research protocols. Learn more about the\nIRB protocol submission and approval process.\nRecombinant or synthetic nucleic acid molecules or other biohazardous materials.\nAll researchers must obtain approval from the Institutional Biosafety Committee (IBC) for activities with recombinant or synthetic nucleic acid molecules (r/sNA) or biohazardous materials.\nSubmit a Memorandum of Understanding and Agreement (MUA)\n. Research at Biosafety Level -3 requires a separate application.\nResearch safety.\nGet help managing risks\nassociated with your research and meeting regulatory and compliance requirements.\nExport Controls.\nThe\nExport Control Office\ncan assist with international shipments, provide guidance on sanctions, and advise on the handling of export controlled technology and material on Cornell's campus.\n11\nResource\nResearch Security and Compliance Committee (RSCC)\nProcess\nResearch Security\nProcess\nResponsible Conduct of Research (RCR)\nProcess\nExport Controls\nNews\nNew Cayuse Animal Management System Scheduled to go live on Monday, January 3, 2022.\nProcess\nFinancial Management\nProcess\nConflicts of Interest\nProcess\nResearch Safety\nProcess\nWork with Live Vertebrate Animals\nProcess\nResearch with Human Participants\nProcess\nRegulated Biological Materials in Research\nQuick Reference\nOffices\nCALS Sponsored Research Office\nCOI - Conflict of Interest\nCTL - Center for Technology Licensing\nCVM Research Office\nCorporate Engagement\nEHS - Environmental Health & Safety & Risk Management\nExport Controls Office\nFAIM - Faculty Advancing Inclusive Mentoring\nIACUC - Institutional Animal Care and Use\nIBC - Institutional Biosafety Committee\nIRB - Institutional Review Board\nIT Security & Policy\nORIA - Office of Research Integrity and Assurance\nOSP - Office of Sponsored Programs & Research Development\nPRO - Pre-Award Research Operations\nR&I - Cornell Research & Innovation\nRAIS - Research Administration Information Services\nRCR - Responsible Conduct of Research\nRDBSC - Research Division Business Service Center\nResearch Development (ReD)\nResearch Division Human Resources\nResearch Security Office\nSFS - Sponsored Financial Services\nUniversity Policy Office\nWCM - Office of Sponsored Research Administration (OSRA)\nEssential Tools & Resources\nFind My GCO\nInstitutional Profile & DUNS\nRates and budgets\nJoin List Servs\nResearch Development (ReD) Services\nFind Your Next Funding Opportunity\nRegister for Federal and Non-Federal Systems\nDisclose Foreign Collaborations and Support\nWeb Financials (WebFin2)\nExternal\nPI Dashboard\nExternal\nResearch Financials (formerly RA Dashboard)\nExternal\nRASS\nExternal\nIACUC applications (Cayuse Animal Management System)\nIBC applications (RASS-IBC)\nIRB Applications (RASS-IRB)\nExternal\nReport external interests (RASS-COI)\nRASS Access Request Form\naskEHS\nExternal\nCornell Data Services\nExternal\nTravel Registry\nExternal\nInternational research activities\nExternal\nTraining\nResearch metrics and executive dashboards\nRates\nForms\nPolicies\nContacts\nTraining\nEvents\nNews & Announcements\nPart of\n© 2019 Cornell University\nWeb Accessibility Help\nWas this page helpful?\n×\n×\nStatus message\nSorry...This form is closed to new submissions.\nScroll"
}