{
    "URL location": "https://researchservices.cornell.edu/news/nih-policy-change-new-data-management-and-sharing-policy",
    "Last modification date": "2025-04-18T03:27Z",
    "Change frequency": "monthly",
    "Priority": "0.8",
    "Scraped Text": "NIH Policy Change: New Data Management and Sharing Policy | Cornell Research Services\nSkip to main content\nFind guidance on funding and agency updates during the federal government transition\n(\nupdated 4/16/2025\n)\nResearch Services\nResearch Services\nEssential Tools\nClose\nFind My GCO\nRASS\nExternal\nInstitutional Profile & DUNS\nIACUC applications (Cayuse Animal Management)\nFind Your Next Funding Opportunity\nIBC Applications (RASS-IBC)\nResearch Development (ReD) Services\nIRB Applications (RASS-IRB)\nExternal\nRates and budgets\nReport external interests (RASS-COI)\nJoin List Servs\nRASS Access Request Form\nAsk EHS\nExternal\nWeb Financials (WebFin2)\nExternal\nCornell Data Services\nExternal\nPI Dashboard\nExternal\nTravel Registry\nExternal\nResearch Financials (formerly RA Dashboard)\nExternal\nInternational research activities\nExternal\nRegister for Federal and Non-Federal Systems\nDisclose Foreign Collaborations and Support\nResearch metrics & executive dashboards\nTraining\nSearch\nResearch Services\nSearch\nHome\nPrepare a Proposal\nClose\nResearch Development Services\nSubawards in a Proposal\nFind Your Next Funding Opportunity\nDisclose Foreign Collaborations and Support\nProposal Development, Review, and Submission\nPlanning for Animals, Human Participants, r/sNA, Hazardous Materials, Radiation\nBudgets, Costs, and Rates\nCollaborate with Weill Cornell Medicine\nManage a Project\nClose\nAward Negotiation and Finalization\nTravel and International Activities\nProject Finances\nProject Modifications\nResearch Project Staffing\nGet Confidential Info, Data, Equipment, or Materials\nManaging Subawards\nAnimals, Human Participants, r/sNA, Hazardous Materials, Radiation\nClose a Project\nClose\nProject Closeout Financials\nProject Closeout\nEnd a Project Early\nCorporate Partnership & Innovation\nClose\nProtecting an Invention, Creation, Discovery\nEntrepreneurial and Startup Company Resources\nGateway to Partnership Program\nEngaging with Industry\nCompliance, Ethics, Safety\nClose\nResponsible Conduct of Research (RCR)\nExport Controls\nResearch with Human Participants\nResearch Security\nWork with Live Vertebrate Animals\nResearch Safety\nRegulated Biological Materials in Research\nFinancial Management\nConflicts of Interest\nBreadcrumb\nHome\nNews & Announcements\nNIH Policy Change: New Data Management and Sharing Policy\nHuman participant research (IRB) implications\nPer the Final NIH Policy for Data Management and Sharing (\nNOT-OD-21-013\n), starting on January 25\nth\n, 2023, all grant applications submitted to the National Institutes of Health (NIH) are required to include and follow a Data Management and Sharing Plan (DMSP). The new policy intends to promote transparency and accountability in research by setting a minimum set of expectations for data management and sharing.\nThe Cornell University IRB is in the process of putting together a guidance document regarding the impact of the policy on our process and procedures. For now, when you are submitting protocols to the IRB for review that involve (or potentially involve) NIH funding, you should plan to include your Data Sharing and Management Plan in the protocol. In your RASS-IRB application, you can upload this in the Additional Documents section, under Other Documents.\nBelow, we have provided resources to read more about this policy change, and learn how it impacts you and your research.\nResources\nThe NIH’s central resource for this new policy is at their\nNIH Scientific Data Sharing website\n. If you would like to read the full text of the policy, you can read the\nNIH’s Final Policy notice\n. This notice includes definitions related to the policy as well as all information required to be compliant. Additionally, the NIH has provided multiple supplemental documents with guidance particularly relevant when crafting IRB protocols.\nProtecting Privacy When Sharing Human Research Participant Data\n– We specifically suggest reviewing the sections titled ‘Operational Principles for Protecting Participant Privacy When Sharing Scientific Data’ and ‘Best Practices for Protecting Participant Privacy When Sharing Scientific Data.’\nResponsible Management and Sharing American Indian/Alaska Native Participant Data\n– If you are focusing your research on these indigenous populations, we highly recommend reviewing this guidance document, especially the sections titled ‘Considerations for Researchers Working with Tribal Nations’ and ‘Best Practices for Researchers.’\nCornell University has also developed resources to assist with this policy change.\nCornell Data Services (CDS) offers free and confidential feedback on draft plans\n, as well as guidance for creating and implementing plans. For a broader view of the NIH data policy, the RDMSG has a page of\nfrequently asked questions\non their website.\nCornell’s Office of Sponsored Programs (OSP) hosted a November 2022 roundtable focused on this NIH data policy change – the\nZoom recording\nand\nPowerPoint slides\nhave been saved for general perusal.\nContacts\nFor questions about how this policy might impact your current NIH funding or upcoming proposal submission, contact your\nOSP Grant & Contract Officer\n.\nTo request a review or to get help drafting a DMS Plan, contact CDS at\ndata-help@cornell.edu\n.\nFor questions about how this policy might impact your human participant research, contact the IRB office at\nirbhp@cornell.edu\n.\nPublished on\n: Monday, January 30, 2023 - 12:51pm\n4\nNews\nUpdates from Federal Sponsors\nResource\nRDMSG regarding NIH-required Data Management and Sharing Plans\nProcess\nResearch with Human Participants\nResource\nFind My GCO (Grant & Contract Officer)\nQuick Reference\nOffices\nCALS Sponsored Research Office\nCOI - Conflict of Interest\nCTL - Center for Technology Licensing\nCVM Research Office\nCorporate Engagement\nEHS - Environmental Health & Safety & Risk Management\nExport Controls Office\nFAIM - Faculty Advancing Inclusive Mentoring\nIACUC - Institutional Animal Care and Use\nIBC - Institutional Biosafety Committee\nIRB - Institutional Review Board\nIT Security & Policy\nORIA - Office of Research Integrity and Assurance\nOSP - Office of Sponsored Programs & Research Development\nPRO - Pre-Award Research Operations\nR&I - Cornell Research & Innovation\nRAIS - Research Administration Information Services\nRCR - Responsible Conduct of Research\nRDBSC - Research Division Business Service Center\nResearch Development (ReD)\nResearch Division Human Resources\nResearch Security Office\nSFS - Sponsored Financial Services\nUniversity Policy Office\nWCM - Office of Sponsored Research Administration (OSRA)\nEssential Tools & Resources\nFind My GCO\nInstitutional Profile & DUNS\nRates and budgets\nJoin List Servs\nResearch Development (ReD) Services\nFind Your Next Funding Opportunity\nRegister for Federal and Non-Federal Systems\nDisclose Foreign Collaborations and Support\nWeb Financials (WebFin2)\nExternal\nPI Dashboard\nExternal\nResearch Financials (formerly RA Dashboard)\nExternal\nRASS\nExternal\nIACUC applications (Cayuse Animal Management System)\nIBC applications (RASS-IBC)\nIRB Applications (RASS-IRB)\nExternal\nReport external interests (RASS-COI)\nRASS Access Request Form\naskEHS\nExternal\nCornell Data Services\nExternal\nTravel Registry\nExternal\nInternational research activities\nExternal\nTraining\nResearch metrics and executive dashboards\nRates\nForms\nPolicies\nContacts\nTraining\nEvents\nNews & Announcements\nPart of\n© 2019 Cornell University\nWeb Accessibility Help\nWas this page helpful?\n×\n×\nStatus message\nSorry...This form is closed to new submissions.\nScroll"
}