{
    "URL location": "https://researchservices.cornell.edu/resources/export-controls-and-international-travel",
    "Last modification date": "2025-04-18T03:27Z",
    "Change frequency": "monthly",
    "Priority": "0.8",
    "Scraped Text": "Export Controls and International Travel | Cornell Research Services\nSkip to main content\nFind guidance on funding and agency updates during the federal government transition\n(\nupdated 4/16/2025\n)\nResearch Services\nResearch Services\nEssential Tools\nClose\nFind My GCO\nRASS\nExternal\nInstitutional Profile & DUNS\nIACUC applications (Cayuse Animal Management)\nFind Your Next Funding Opportunity\nIBC Applications (RASS-IBC)\nResearch Development (ReD) Services\nIRB Applications (RASS-IRB)\nExternal\nRates and budgets\nReport external interests (RASS-COI)\nJoin List Servs\nRASS Access Request Form\nAsk EHS\nExternal\nWeb Financials (WebFin2)\nExternal\nCornell Data Services\nExternal\nPI Dashboard\nExternal\nTravel Registry\nExternal\nResearch Financials (formerly RA Dashboard)\nExternal\nInternational research activities\nExternal\nRegister for Federal and Non-Federal Systems\nDisclose Foreign Collaborations and Support\nResearch metrics & executive dashboards\nTraining\nSearch\nResearch Services\nSearch\nHome\nPrepare a Proposal\nClose\nResearch Development Services\nSubawards in a Proposal\nFind Your Next Funding Opportunity\nDisclose Foreign Collaborations and Support\nProposal Development, Review, and Submission\nPlanning for Animals, Human Participants, r/sNA, Hazardous Materials, Radiation\nBudgets, Costs, and Rates\nCollaborate with Weill Cornell Medicine\nManage a Project\nClose\nAward Negotiation and Finalization\nTravel and International Activities\nProject Finances\nProject Modifications\nResearch Project Staffing\nGet Confidential Info, Data, Equipment, or Materials\nManaging Subawards\nAnimals, Human Participants, r/sNA, Hazardous Materials, Radiation\nClose a Project\nClose\nProject Closeout Financials\nProject Closeout\nEnd a Project Early\nCorporate Partnership & Innovation\nClose\nProtecting an Invention, Creation, Discovery\nEntrepreneurial and Startup Company Resources\nGateway to Partnership Program\nEngaging with Industry\nCompliance, Ethics, Safety\nClose\nResponsible Conduct of Research (RCR)\nExport Controls\nResearch with Human Participants\nResearch Security\nWork with Live Vertebrate Animals\nResearch Safety\nRegulated Biological Materials in Research\nFinancial Management\nConflicts of Interest\nBreadcrumb\nHome\nresources\nExport Controls and International Travel\nTravel Registry: Record Travel Plans\nRelated Pages:\nTravel Safety and Emergency Planning for Employees Abroad\nInternational Travel Regulations and Considerations\nRestrictions on Physical Items\nWhen leaving the country, everything taken is an export, including devices, software, and data.\nIt is the traveler’s responsibility to ensure that their electronic devices and presentations do not contain any export-controlled technical data or technology.\nYou cannot take ITAR-controlled articles, technical data, or software without a license from the State Department.\nTangible items developed through fundamental research are still subject to the ITAR and EAR.\nRestrictions on Location and Entities\nTravel to embargoed and sanctioned countries may be prohibited. Please reference\nOFAC’s Sanctions Program and Country Information Page\nfor the most current list of countries and restrictions. Please consult with\nCornell's\nExport Control Office\nprior to arranging travel to the following countries:\nUkraine\nCuba (See\n\nIran (See the\nIran Sanctions Guidance Document\n)\nNorth Korea\nSyria\nRussia\nBelarus\nThere are various lists which the federal government maintains with the restrictions and restricted entities. OFAC’s Specially Designated Nationals and Blocked Persons List and the Commerce Department’s Entity List are the most relevant.\nPlease consult with\nCornell's Export Control Office\nto run Restricted Party Screening prior to travel.\nTravel Information and Policies\nCornell University utilizes a travel registry for Ithaca-based Cornellians to record travel plans:\n\nCornell travelers can log complete itineraries online. Travel registration is mandatory for all staff, faculty, undergraduate, and graduate students traveling internationally on behalf of Cornell. In addition to notifying relevant departments about Cornell business related travel, this process allows each registrant to be eligible for emergency evacuation services should they be required in the event of natural disasters, health emergencies or political unrest.\nCornell Travel Policies\n\n\nTraveling with Encrypted Devices\nCornell owned laptop computers are routinely equipped with encryption software and are subject to export control regulations under the Export Administration Regulations (EAR). U.S. regulations may permit the export of such computers under certain export license exceptions, however various countries have implemented prohibitions against importing the same computers and software. Under United States law, no individual is permitted to export the encrypted software to a prohibited country or individual.\nAs mentioned above, certain countries, such as China, Israel, and Russia have restrictions on the import and use of encryption tools and do not allow cryptography tools to be imported or used within their borders without a license, or in some extreme cases, at all. Under these restrictions, any country can potentially confiscate systems mobile computing devices/ devices entering or leaving their borders. For that reason,\nCornell strongly recommends traveling with loaner devices.\nOther Resources\nObtaining a Temporary Use Laptop (Loaner Device)\nIf your department does not have a spare device (loaner) on hand that can be used for travel, please contact your IT Department to see if they have any spare devices for you to use during travel.\nIf travel to one of these countries is a frequent or routine occurrence and/or loaner device isn't a viable option, the IT Security Office offers a service to work with your IT support provider on alternative solutions. For additional information, see\nhere\n.\nU.S. Customs Device Inspections\nU.S. Customs officials are authorized to search or retain electronic devices to look for violation of export control regulations, as well as other laws and regulations.\nConsider taking a minimal device equipped with only ordinary, recognizable software and minimal data so your delay is minimal and the consequence of a loss less disruptive.\nExceptions\nTMP Exception (EAR §740.9)\nTMP Exception Letter\nThe EAR makes an exception to licensing requirements for the temporary export or re-export of certain items, technology, or software for professional use as long as you meet the following criteria:\nThe item or software remains under the \"effective control\" of Cornell personnel while the property is abroad.\nEffective Control\nmeans - retaining physical possession of an item or maintaining it in a secure environment such as a hotel safe or locked facility.\nThe item or software to return to the US within 12 months.\nThe item or software to be shipped, retransferred, or hand-carried be used ONLY as a \"tool of the trade\" to conduct Cornell University business.\nThe TMP exception does NOT apply to the following:\nAny EAR satellite or space-related equipment, components, or software, or to any technology associated with high-level encryption products.\nItems, technology, data, or software regulated by the Department of State’s International Traffic in Arms Regulations (ITAR).\nItems going to Iran, Cuba, Syria, certain areas of Ukraine, or North Korea.\nElectronic Devices\nCornell owned electronic devices (the physical device and ordinary software installed on it) are typically subject to the EAR:\nLaptops, iPhones, Android devices\nMass market software such as Windows, OS X, Office, Adobe products, Visual Studio\nOpen source software such as Linux, Apache\nComplete, print and take with you, a copy of the\nTMP Exception Letter\nto self-certify your use of the exception. For U.S. government record keeping requirements, file a copy with the Export Controls Office before you travel (hard copy, a scan of the signed form, or the unsigned .pdf sent from your Cornell email account).\nTake the signed copy with you, and give it to the Customs official\nIF\nthey question or inspect your device.\n‘BAG’ Exception\nPersonal items such as clothes, toiletries, medicine, souvenirs, games, etc. are generally covered by EAR’s personal baggage exception: ‘BAG.’\n20\nOffice\nExport Controls Office\nProcess\nExport Controls\nContact\nDrusilla Jaiah - Export Control Associate\nContact\nJoi Mindingall - Research Security | Export Control Officer\nResource\nExport Control and Confidentiality Agreements\nPolicy\nDetecting and Reporting Export Controls Violations\nNews\nUkraine/Russia Transactions Guidance\nResource\nExport Controls Frequently Asked Questions (FAQ)\nResource\nUniversity Policy 4.22, Export and Import Control Compliance\nResource\nOff-Campus Research\nResource\nImport Control\nSee All\nQuick Reference\nOffices\nCALS Sponsored Research Office\nCOI - Conflict of Interest\nCTL - Center for Technology Licensing\nCVM Research Office\nCorporate Engagement\nEHS - Environmental Health & Safety & Risk Management\nExport Controls Office\nFAIM - Faculty Advancing Inclusive Mentoring\nIACUC - Institutional Animal Care and Use\nIBC - Institutional Biosafety Committee\nIRB - Institutional Review Board\nIT Security & Policy\nORIA - Office of Research Integrity and Assurance\nOSP - Office of Sponsored Programs & Research Development\nPRO - Pre-Award Research Operations\nR&I - Cornell Research & Innovation\nRAIS - Research Administration Information Services\nRCR - Responsible Conduct of Research\nRDBSC - Research Division Business Service Center\nResearch Development (ReD)\nResearch Division Human Resources\nResearch Security Office\nSFS - Sponsored Financial Services\nUniversity Policy Office\nWCM - Office of Sponsored Research Administration (OSRA)\nEssential Tools & Resources\nFind My GCO\nInstitutional Profile & DUNS\nRates and budgets\nJoin List Servs\nResearch Development (ReD) Services\nFind Your Next Funding Opportunity\nRegister for Federal and Non-Federal Systems\nDisclose Foreign Collaborations and Support\nWeb Financials (WebFin2)\nExternal\nPI Dashboard\nExternal\nResearch Financials (formerly RA Dashboard)\nExternal\nRASS\nExternal\nIACUC applications (Cayuse Animal Management System)\nIBC applications (RASS-IBC)\nIRB Applications (RASS-IRB)\nExternal\nReport external interests (RASS-COI)\nRASS Access Request Form\naskEHS\nExternal\nCornell Data Services\nExternal\nTravel Registry\nExternal\nInternational research activities\nExternal\nTraining\nResearch metrics and executive dashboards\nRates\nForms\nPolicies\nContacts\nTraining\nEvents\nNews & Announcements\nPart of\n© 2019 Cornell University\nWeb Accessibility Help\nWas this page helpful?\n×\n×\nStatus message\nSorry...This form is closed to new submissions.\nScroll"
}