{
    "URL location": "https://researchservices.cornell.edu/resources/diverse-suppliers-requirements",
    "Last modification date": "2025-04-18T03:27Z",
    "Change frequency": "monthly",
    "Priority": "0.8",
    "Scraped Text": "Diverse Suppliers Requirements | Cornell Research Services\nSkip to main content\nFind guidance on funding and agency updates during the federal government transition\n(\nupdated 4/16/2025\n)\nResearch Services\nResearch Services\nEssential Tools\nClose\nFind My GCO\nRASS\nExternal\nInstitutional Profile & DUNS\nIACUC applications (Cayuse Animal Management)\nFind Your Next Funding Opportunity\nIBC Applications (RASS-IBC)\nResearch Development (ReD) Services\nIRB Applications (RASS-IRB)\nExternal\nRates and budgets\nReport external interests (RASS-COI)\nJoin List Servs\nRASS Access Request Form\nAsk EHS\nExternal\nWeb Financials (WebFin2)\nExternal\nCornell Data Services\nExternal\nPI Dashboard\nExternal\nTravel Registry\nExternal\nResearch Financials (formerly RA Dashboard)\nExternal\nInternational research activities\nExternal\nRegister for Federal and Non-Federal Systems\nDisclose Foreign Collaborations and Support\nResearch metrics & executive dashboards\nTraining\nSearch\nResearch Services\nSearch\nHome\nPrepare a Proposal\nClose\nResearch Development Services\nSubawards in a Proposal\nFind Your Next Funding Opportunity\nDisclose Foreign Collaborations and Support\nProposal Development, Review, and Submission\nPlanning for Animals, Human Participants, r/sNA, Hazardous Materials, Radiation\nBudgets, Costs, and Rates\nCollaborate with Weill Cornell Medicine\nManage a Project\nClose\nAward Negotiation and Finalization\nTravel and International Activities\nProject Finances\nProject Modifications\nResearch Project Staffing\nGet Confidential Info, Data, Equipment, or Materials\nManaging Subawards\nAnimals, Human Participants, r/sNA, Hazardous Materials, Radiation\nClose a Project\nClose\nProject Closeout Financials\nProject Closeout\nEnd a Project Early\nCorporate Partnership & Innovation\nClose\nProtecting an Invention, Creation, Discovery\nEntrepreneurial and Startup Company Resources\nGateway to Partnership Program\nEngaging with Industry\nCompliance, Ethics, Safety\nClose\nResponsible Conduct of Research (RCR)\nExport Controls\nResearch with Human Participants\nResearch Security\nWork with Live Vertebrate Animals\nResearch Safety\nRegulated Biological Materials in Research\nFinancial Management\nConflicts of Interest\nBreadcrumb\nHome\nresources\nDiverse Suppliers Requirements\nMany sponsors require that grantees make efforts to utilize small, minority-owned, and women-owned businesses whenever possible. In addition, recipients of sponsored awards must comply with applicable state, federal, sponsor, and university requirements for procuring goods and services when funds from these sources are used.\nThese requirements may include the need for sponsor approval prior to acquisition of goods or services.\nAll Federal Grants and Cooperative Agreements\nOMB Circular A-110, Section 44(b)\nstates:\n\"Positive efforts shall be made by recipients to utilize small businesses, minority-owned firms, and women's business enterprises, whenever possible. Recipients of Federal awards shall take all of the following steps to further this goal.\nEnsure that small businesses, minority-owned firms, and women's business enterprises are used to the fullest extent practicable.\nMake information on forthcoming opportunities available and arrange time frames for purchases and contracts to encourage and facilitate participation by small businesses, minority-owned firms, and women's business enterprises.\nConsider in the contract process whether firms competing for larger contracts intend to subcontract with small businesses, minority-owned firms, and women's business enterprises.\nEncourage contracting with consortia of small businesses, minority-owned firms and women's business enterprises when a contract is too large for one of these firms to handle individually.\nUse the services and assistance, as appropriate, of such organizations as the Small Business Administration and the Department of Commerce's Minority Business Development Agency in the solicitation and utilization of small businesses, minority- owned firms and women's business enterprises.\"\nNew York State Contracts\nNew York State contracts that are over $1 million incorporate the Omnibus Procurement Act of 1992 whereby Cornell must state that it \"\nhas made reasonable efforts to encourage the participation of New York State Business Enterprises as suppliers and subcontractors, including certified minority and women-owned business enterprises, on this project, and has retained the documentation of these efforts to be provided upon request to the State.\n\"\nOther New York State agencies, such as the Department of Environmental Conservation, have specific goals for Minority Owned Business Enterprise (MBE) and Women Owned Business Enterprise (WBE) participation.\nSmall Business Subcontracting Plan Process at Cornell\nUnit research administrators are responsible for working with Cornell Procurement to create a Small Business Subcontracting Plan whenever required by an external sponsor. This guidance outlines the steps for requesting a Plan.\nDownload the Subcontracting Plan Template\nhere\n.\nComplete on page 1 of the Subcontracting Plan Template:\nDate Solicitation Prepared\nSolicitation Number\nContract (award) Number, if known\nPeriod of Performance\nType of Plan, enter Individual\nSubmit the completed draft Plan via email to ­\nprocure.support@cornell.edu\nat least 7 business days before plan due date. Within the email, make sure to include the following:\nA budget that includes a detailed breakdown of non-personnel direct costs (ex: materials and supplies, equipment, etc.) in Excel format. This budget should be the same as what was submitted to or will be submitted to the sponsor for award.\nIdentify a contact person from the administrative unit managing the project to whom Procurement will work with to answer any questions or concerns.\nPlease direct any questions regarding this process to\nprocure.support@cornell.edu\n.\nWho can Help?\nIf you are unsure of the requirements of your award, please contact Sponsored Financial Services at\ns\nfs-help@cornell.edu\nor the\naccountant for your award\n.\nFor assistance with identifying\ndiverse vendors\n, please contact Cornell Procurement Services at\nprocurement@cornell.edu\nor (607) 254-5300.\n10\nResource\nList of Diverse Suppliers (NYS Certified )\nProcess\nFinancial Management\nNews\nUkraine/Russia Transactions Guidance\nResource\nSalary Certification\nResource\nMonitoring Project Expenditures\nResource\nMonitoring Cost Sharing in a Project\nResource\nFinancial Reporting to Sponsors\nResource\nDirect and Indirect Cost Examples\nResource\nUse of Foreign Airlines on Federal Funds\nPolicy\nFinancial Management of Sponsored Projects Policies and Procedures\nQuick Reference\nOffices\nCALS Sponsored Research Office\nCOI - Conflict of Interest\nCTL - Center for Technology Licensing\nCVM Research Office\nCorporate Engagement\nEHS - Environmental Health & Safety & Risk Management\nExport Controls Office\nFAIM - Faculty Advancing Inclusive Mentoring\nIACUC - Institutional Animal Care and Use\nIBC - Institutional Biosafety Committee\nIRB - Institutional Review Board\nIT Security & Policy\nORIA - Office of Research Integrity and Assurance\nOSP - Office of Sponsored Programs & Research Development\nPRO - Pre-Award Research Operations\nR&I - Cornell Research & Innovation\nRAIS - Research Administration Information Services\nRCR - Responsible Conduct of Research\nRDBSC - Research Division Business Service Center\nResearch Development (ReD)\nResearch Division Human Resources\nResearch Security Office\nSFS - Sponsored Financial Services\nUniversity Policy Office\nWCM - Office of Sponsored Research Administration (OSRA)\nEssential Tools & Resources\nFind My GCO\nInstitutional Profile & DUNS\nRates and budgets\nJoin List Servs\nResearch Development (ReD) Services\nFind Your Next Funding Opportunity\nRegister for Federal and Non-Federal Systems\nDisclose Foreign Collaborations and Support\nWeb Financials (WebFin2)\nExternal\nPI Dashboard\nExternal\nResearch Financials (formerly RA Dashboard)\nExternal\nRASS\nExternal\nIACUC applications (Cayuse Animal Management System)\nIBC applications (RASS-IBC)\nIRB Applications (RASS-IRB)\nExternal\nReport external interests (RASS-COI)\nRASS Access Request Form\naskEHS\nExternal\nCornell Data Services\nExternal\nTravel Registry\nExternal\nInternational research activities\nExternal\nTraining\nResearch metrics and executive dashboards\nRates\nForms\nPolicies\nContacts\nTraining\nEvents\nNews & Announcements\nPart of\n© 2019 Cornell University\nWeb Accessibility Help\nWas this page helpful?\n×\n×\nStatus message\nSorry...This form is closed to new submissions.\nScroll"
}