{
    "URL location": "https://researchservices.cornell.edu/resources/nspm-33",
    "Last modification date": "2025-04-18T03:27Z",
    "Change frequency": "monthly",
    "Priority": "0.8",
    "Scraped Text": "National Security Presidential Memorandum-33 (NSPM-33) on Research Security | Cornell Research Services\nSkip to main content\nFind guidance on funding and agency updates during the federal government transition\n(\nupdated 4/16/2025\n)\nResearch Services\nResearch Services\nEssential Tools\nClose\nFind My GCO\nRASS\nExternal\nInstitutional Profile & DUNS\nIACUC applications (Cayuse Animal Management)\nFind Your Next Funding Opportunity\nIBC Applications (RASS-IBC)\nResearch Development (ReD) Services\nIRB Applications (RASS-IRB)\nExternal\nRates and budgets\nReport external interests (RASS-COI)\nJoin List Servs\nRASS Access Request Form\nAsk EHS\nExternal\nWeb Financials (WebFin2)\nExternal\nCornell Data Services\nExternal\nPI Dashboard\nExternal\nTravel Registry\nExternal\nResearch Financials (formerly RA Dashboard)\nExternal\nInternational research activities\nExternal\nRegister for Federal and Non-Federal Systems\nDisclose Foreign Collaborations and Support\nResearch metrics & executive dashboards\nTraining\nSearch\nResearch Services\nSearch\nHome\nPrepare a Proposal\nClose\nResearch Development Services\nSubawards in a Proposal\nFind Your Next Funding Opportunity\nDisclose Foreign Collaborations and Support\nProposal Development, Review, and Submission\nPlanning for Animals, Human Participants, r/sNA, Hazardous Materials, Radiation\nBudgets, Costs, and Rates\nCollaborate with Weill Cornell Medicine\nManage a Project\nClose\nAward Negotiation and Finalization\nTravel and International Activities\nProject Finances\nProject Modifications\nResearch Project Staffing\nGet Confidential Info, Data, Equipment, or Materials\nManaging Subawards\nAnimals, Human Participants, r/sNA, Hazardous Materials, Radiation\nClose a Project\nClose\nProject Closeout Financials\nProject Closeout\nEnd a Project Early\nCorporate Partnership & Innovation\nClose\nProtecting an Invention, Creation, Discovery\nEntrepreneurial and Startup Company Resources\nGateway to Partnership Program\nEngaging with Industry\nCompliance, Ethics, Safety\nClose\nResponsible Conduct of Research (RCR)\nExport Controls\nResearch with Human Participants\nResearch Security\nWork with Live Vertebrate Animals\nResearch Safety\nRegulated Biological Materials in Research\nFinancial Management\nConflicts of Interest\nBreadcrumb\nHome\nresources\nNational Security Presidential Memorandum-33 (NSPM-33) on Research Security\nTalent Recruitment Programs\nHelpful Resources\nExport Controls\nContact the Research Security Officer\nRelated Pages:\nUpdates from Federal Sponsors\nNational Security Presidential Memorandum-33 (NSPM-33) directs federal agencies and departments to focus on improving research security in the following areas:\nDisclosure Requirements and Standardization\nDigital Persistent Identifiers\nConsequences for Violation of Disclosure Requirements\nInformation Sharing\nResearch Security Programs within research organizations, that include:\nCybersecurity\nForeign travel security\nResearch security training\nExport control training\nThe federal agencies will apply NSPM-33 requirements to all research universities that receive an excess of 50 million dollars per year in federal research funding. Cornell University fits this criterion and as such is required to implement a research security program.\nWhat is the purpose of NSPM-33?\nThe White House Office of Science Technology and Policy (OSTP) has stated three primary purposes:\nto protect America’s security and openness;\nto be clear so that well-intentioned researchers can easily and properly comply; and\nto ensure that policies do not fuel xenophobia or prejudice.\nWhen does Cornell need to comply?\nOSTP has been directed through the National Science and Technology Council to develop the implementation guidance with the goal of providing clear and effective rules for ensuring research security and researcher responsibilities.\nResearch organizations will have one year from release of the OSTP guidance to fully implement their research security programs.\nHow is Cornell preparing?\nCornell is fully committed to timely and complete compliance with NSPM-33. We are closely monitoring the regulatory requirements and preparing for the anticipated OSTP guidance. We are conducting broad outreach, so that researchers understand what will be required of them.\nWhere can I read more about NSPM-33?\nNSPM-33\nNSPM-33 Implementation Guidance\nOSTP Draft Requirements\nWho can I contact with questions? Where can I get more information about Cornell's Program?\nPlease contact the\nResearch Security office\nwith questions.\nFor additional information, the following policies and websites are relevant to NSPM-33 compliance and represent a portion of Cornell’s commitment to research security, integrity, and compliance:\nConflict of Interest and Commitment:\nPolicy 1.7 – Financial Conflict of Interest Related to Research\nPolicy 4.14 – Conflicts of Interest and Commitment\nCornell’s COI Webpage\nResearch and Academic Integrity:\nPolicy 1.2 – Research Integrity\nPolicy 4.6 – Standards of Ethical Conduct\nPolicy 4.21 - Research Data Retention\nCornell’s Code of Academic Integrity\nCornell’s Faculty Handbook\nExport Control Compliance\n:\nPolicy 4.22 – Export and Import Control Compliance\nCornell’s Export Control Webpage\nExport Control Required Attestation\nInternational Travel:\nPolicy 8.5 – Risk Management for International Travel\nCornell’s maintained list of elevated-risk destinations\nCornell's Travel Registry & ITART Petition\nFly America Act\nCornell’s International Travel Webpage\nDigital Persistent Identifiers:\nCornell Library ORCID page\nCybersecurity:\nIT Security and Privacy Page\nCornell’s IT Device Loaner Program\nForeign Influence:\nDisclosing Foreign Collaborations and Support\n13\nOffice\nExport Controls Office\nResource\nExport Controls Frequently Asked Questions (FAQ)\nResource\nResearch Security and Compliance Committee (RSCC)\nProcess\nResearch Security\nResource\nReport: Research Data Security Task Force\nContact\nDrusilla Jaiah - Export Control Associate\nContact\nJoi Mindingall - Research Security | Export Control Officer\nResource\nSponsored Projects: TikTok Restrictions\nTraining\nCU601: Responsible Conduct of Research and Research Security\nResource\nCHIPS and Science Act National Security Guardrails\nResource\nResearch Security and Foreign Engagements: Helpful Resources\nSee All\nQuick Reference\nOffices\nCALS Sponsored Research Office\nCOI - Conflict of Interest\nCTL - Center for Technology Licensing\nCVM Research Office\nCorporate Engagement\nEHS - Environmental Health & Safety & Risk Management\nExport Controls Office\nFAIM - Faculty Advancing Inclusive Mentoring\nIACUC - Institutional Animal Care and Use\nIBC - Institutional Biosafety Committee\nIRB - Institutional Review Board\nIT Security & Policy\nORIA - Office of Research Integrity and Assurance\nOSP - Office of Sponsored Programs & Research Development\nPRO - Pre-Award Research Operations\nR&I - Cornell Research & Innovation\nRAIS - Research Administration Information Services\nRCR - Responsible Conduct of Research\nRDBSC - Research Division Business Service Center\nResearch Development (ReD)\nResearch Division Human Resources\nResearch Security Office\nSFS - Sponsored Financial Services\nUniversity Policy Office\nWCM - Office of Sponsored Research Administration (OSRA)\nEssential Tools & Resources\nFind My GCO\nInstitutional Profile & DUNS\nRates and budgets\nJoin List Servs\nResearch Development (ReD) Services\nFind Your Next Funding Opportunity\nRegister for Federal and Non-Federal Systems\nDisclose Foreign Collaborations and Support\nWeb Financials (WebFin2)\nExternal\nPI Dashboard\nExternal\nResearch Financials (formerly RA Dashboard)\nExternal\nRASS\nExternal\nIACUC applications (Cayuse Animal Management System)\nIBC applications (RASS-IBC)\nIRB Applications (RASS-IRB)\nExternal\nReport external interests (RASS-COI)\nRASS Access Request Form\naskEHS\nExternal\nCornell Data Services\nExternal\nTravel Registry\nExternal\nInternational research activities\nExternal\nTraining\nResearch metrics and executive dashboards\nRates\nForms\nPolicies\nContacts\nTraining\nEvents\nNews & Announcements\nPart of\n© 2019 Cornell University\nWeb Accessibility Help\nWas this page helpful?\n×\n×\nStatus message\nSorry...This form is closed to new submissions.\nScroll"
}