{
    "URL location": "https://researchservices.cornell.edu/policies/export-controls-i-129-attestation",
    "Last modification date": "2025-04-18T03:27Z",
    "Change frequency": "monthly",
    "Priority": "0.8",
    "Scraped Text": "Export Controls: I-129 Attestation | Cornell Research Services\nSkip to main content\nFind guidance on funding and agency updates during the federal government transition\n(\nupdated 4/16/2025\n)\nResearch Services\nResearch Services\nEssential Tools\nClose\nFind My GCO\nRASS\nExternal\nInstitutional Profile & DUNS\nIACUC applications (Cayuse Animal Management)\nFind Your Next Funding Opportunity\nIBC Applications (RASS-IBC)\nResearch Development (ReD) Services\nIRB Applications (RASS-IRB)\nExternal\nRates and budgets\nReport external interests (RASS-COI)\nJoin List Servs\nRASS Access Request Form\nAsk EHS\nExternal\nWeb Financials (WebFin2)\nExternal\nCornell Data Services\nExternal\nPI Dashboard\nExternal\nTravel Registry\nExternal\nResearch Financials (formerly RA Dashboard)\nExternal\nInternational research activities\nExternal\nRegister for Federal and Non-Federal Systems\nDisclose Foreign Collaborations and Support\nResearch metrics & executive dashboards\nTraining\nSearch\nResearch Services\nSearch\nHome\nPrepare a Proposal\nClose\nResearch Development Services\nSubawards in a Proposal\nFind Your Next Funding Opportunity\nDisclose Foreign Collaborations and Support\nProposal Development, Review, and Submission\nPlanning for Animals, Human Participants, r/sNA, Hazardous Materials, Radiation\nBudgets, Costs, and Rates\nCollaborate with Weill Cornell Medicine\nManage a Project\nClose\nAward Negotiation and Finalization\nTravel and International Activities\nProject Finances\nProject Modifications\nResearch Project Staffing\nGet Confidential Info, Data, Equipment, or Materials\nManaging Subawards\nAnimals, Human Participants, r/sNA, Hazardous Materials, Radiation\nClose a Project\nClose\nProject Closeout Financials\nProject Closeout\nEnd a Project Early\nCorporate Partnership & Innovation\nClose\nProtecting an Invention, Creation, Discovery\nEntrepreneurial and Startup Company Resources\nGateway to Partnership Program\nEngaging with Industry\nCompliance, Ethics, Safety\nClose\nResponsible Conduct of Research (RCR)\nExport Controls\nResearch with Human Participants\nResearch Security\nWork with Live Vertebrate Animals\nResearch Safety\nRegulated Biological Materials in Research\nFinancial Management\nConflicts of Interest\nBreadcrumb\nHome\nPolicies\nExport Controls: I-129 Attestation\nCertification Regarding the Release of Controlled Technology or Technical Data\nEffective February 20, 2011, the U.S. Citizenship and Immigration Services (USCIS) issued new requirements for employers sponsoring foreign nationals through the I-129 Petition for a Nonimmigrant Worker process. Specifically, the revised I-129 form added Part 6, “Certification Regarding the Release of Controlled Technology or Technical Data to Foreign Persons in the United States.”\nThis new required attestation stems from the Deemed Export Rule under the Export Administration Regulations (EAR) and the International Traffic in Arms Regulations (ITAR), which provides that the transfer, release, or disclosure of controlled technical data, technology or software to a citizen or national of a foreign country, even if in the United States, is ‘deemed’ to be an export to that country.\nTo comply with this requirement\nInternational Services, Office of Global Learning\nhas implemented the\nCertification Regarding the Release of Controlled Technology form\nfor completion by the hiring unit.\nIf the hiring unit is unsure how to assess export control risks that may exist within the department, please contact the Export Control Office for assistance.\n22\nOffice\nExport Controls Office\nProcess\nResearch Project Staffing\nProcess\nExport Controls\nContact\nDrusilla Jaiah - Export Control Associate\nContact\nJoi Mindingall - Research Security | Export Control Officer\nResource\nExport Control and Confidentiality Agreements\nPolicy\nDetecting and Reporting Export Controls Violations\nNews\nUkraine/Russia Transactions Guidance\nResource\nExport Controls Frequently Asked Questions (FAQ)\nResource\nUniversity Policy 4.22, Export and Import Control Compliance\nResource\nOff-Campus Research\nSee All\nQuick Reference\nOffices\nCALS Sponsored Research Office\nCOI - Conflict of Interest\nCTL - Center for Technology Licensing\nCVM Research Office\nCorporate Engagement\nEHS - Environmental Health & Safety & Risk Management\nExport Controls Office\nFAIM - Faculty Advancing Inclusive Mentoring\nIACUC - Institutional Animal Care and Use\nIBC - Institutional Biosafety Committee\nIRB - Institutional Review Board\nIT Security & Policy\nORIA - Office of Research Integrity and Assurance\nOSP - Office of Sponsored Programs & Research Development\nPRO - Pre-Award Research Operations\nR&I - Cornell Research & Innovation\nRAIS - Research Administration Information Services\nRCR - Responsible Conduct of Research\nRDBSC - Research Division Business Service Center\nResearch Development (ReD)\nResearch Division Human Resources\nResearch Security Office\nSFS - Sponsored Financial Services\nUniversity Policy Office\nWCM - Office of Sponsored Research Administration (OSRA)\nEssential Tools & Resources\nFind My GCO\nInstitutional Profile & DUNS\nRates and budgets\nJoin List Servs\nResearch Development (ReD) Services\nFind Your Next Funding Opportunity\nRegister for Federal and Non-Federal Systems\nDisclose Foreign Collaborations and Support\nWeb Financials (WebFin2)\nExternal\nPI Dashboard\nExternal\nResearch Financials (formerly RA Dashboard)\nExternal\nRASS\nExternal\nIACUC applications (Cayuse Animal Management System)\nIBC applications (RASS-IBC)\nIRB Applications (RASS-IRB)\nExternal\nReport external interests (RASS-COI)\nRASS Access Request Form\naskEHS\nExternal\nCornell Data Services\nExternal\nTravel Registry\nExternal\nInternational research activities\nExternal\nTraining\nResearch metrics and executive dashboards\nRates\nForms\nPolicies\nContacts\nTraining\nEvents\nNews & Announcements\nPart of\n© 2019 Cornell University\nWeb Accessibility Help\nWas this page helpful?\n×\n×\nStatus message\nSorry...This form is closed to new submissions.\nScroll"
}