{
    "URL location": "https://researchservices.cornell.edu/manage",
    "Last modification date": "2025-04-18T03:27Z",
    "Change frequency": "monthly",
    "Priority": "0.8",
    "Scraped Text": "Manage a Project | Cornell Research Services\nSkip to main content\nFind guidance on funding and agency updates during the federal government transition\n(\nupdated 4/16/2025\n)\nResearch Services\nResearch Services\nEssential Tools\nClose\nFind My GCO\nRASS\nExternal\nInstitutional Profile & DUNS\nIACUC applications (Cayuse Animal Management)\nFind Your Next Funding Opportunity\nIBC Applications (RASS-IBC)\nResearch Development (ReD) Services\nIRB Applications (RASS-IRB)\nExternal\nRates and budgets\nReport external interests (RASS-COI)\nJoin List Servs\nRASS Access Request Form\nAsk EHS\nExternal\nWeb Financials (WebFin2)\nExternal\nCornell Data Services\nExternal\nPI Dashboard\nExternal\nTravel Registry\nExternal\nResearch Financials (formerly RA Dashboard)\nExternal\nInternational research activities\nExternal\nRegister for Federal and Non-Federal Systems\nDisclose Foreign Collaborations and Support\nResearch metrics & executive dashboards\nTraining\nSearch\nResearch Services\nSearch\nHome\nPrepare a Proposal\nClose\nResearch Development Services\nSubawards in a Proposal\nFind Your Next Funding Opportunity\nDisclose Foreign Collaborations and Support\nProposal Development, Review, and Submission\nPlanning for Animals, Human Participants, r/sNA, Hazardous Materials, Radiation\nBudgets, Costs, and Rates\nCollaborate with Weill Cornell Medicine\nManage a Project\nClose\nAward Negotiation and Finalization\nTravel and International Activities\nProject Finances\nProject Modifications\nResearch Project Staffing\nGet Confidential Info, Data, Equipment, or Materials\nManaging Subawards\nAnimals, Human Participants, r/sNA, Hazardous Materials, Radiation\nClose a Project\nClose\nProject Closeout Financials\nProject Closeout\nEnd a Project Early\nCorporate Partnership & Innovation\nClose\nProtecting an Invention, Creation, Discovery\nEntrepreneurial and Startup Company Resources\nGateway to Partnership Program\nEngaging with Industry\nCompliance, Ethics, Safety\nClose\nResponsible Conduct of Research (RCR)\nExport Controls\nResearch with Human Participants\nResearch Security\nWork with Live Vertebrate Animals\nResearch Safety\nRegulated Biological Materials in Research\nFinancial Management\nConflicts of Interest\nBreadcrumb\nHome\nManage a Project\nPI Dash Login\nWebFin2 Login\nProcurement Gateway\nManaging projects at Cornell is a shared responsibility.\nKey Concepts\nThe PI has the ultimate responsibility for monitoring the finances, staffing, and research on any project\n. If you have any questions or concerns, contact your department administrator or\nyour GCO\n.\nChanges to the project.\nMay require updates to protocols, budgets, or, in rare cases, the terms and conditions. See\nProject Modifications\n. For projects that have IACUC, IBC, or IRB approval, they may require continuing approval (\"renewal\"), or amendments to reflect changes made to the project.\nLearn more\n.\nSome sponsors require students and postdocs paid on their awards to complete\nResponsible Conduct of Research (RCR) training\n.\nTools\nThe\nPI Dashboard\n: answers questions about the financial aspects of research projects at Cornell.\nEvery account manager receives a\nResearch Finances Update\nby email every month showing who you paid the previous month (including the account used to pay them) and some other useful details about your project accounts.\nWebFin2\nis a financially focused dashboard.\nWorkday Learning is Cornell's learning management system\nwhere you can assign and track non-credit training for yourself and your staff. Courses included from many departments including Environmental Health and Safety.\nAccounts\nAwards are negotiated and accepted by\nOSP\n. Accounts are created by the Business Service Center.\nIf you need to start spending before the award is finalized, you'll need to confirm that pre-award spending is allowed under the terms of the agreement\nand\nthat you have approval from your department. The timing can vary.\nPre-award spending may incur some risk.\nYour GCO\ncan help with the terms and conditions, but\napproval must come from your department\n.\nReporting\nAnnual salary certification (effort) reporting occurs once a year in June\n. You'll receive information from your department.\nResearchers must update their\nConflict of Interest (COI) reports\nannually, and any time there are significant changes to their external financial relationships. In addition,\nPHS-funded researchers\nmust submit special COI reports for each new PHS award, as well as work-related travel.\nAnnual technical reports may be required by your sponsor. (Required by NSF and NIH, among others). This requirement is in the terms and conditions for your award. If you have questions,\nask your GCO\n.\nAs the end date for your project approaches, see the\nClose a Project section\n.\nBest Practices\nUse the\nProcurement Gateway\nfor purchases on your project.\nCheck the timeline of your projects. Is it time to submit new proposals? One place you can see this is in the\nPI Dashboard\n.\n8\nProcess\nAward Negotiation and Finalization\nProcess\nProject Finances\nProcess\nResearch Project Staffing\nProcess\nManaging Subawards\nProcess\nTravel and International Activities\nProcess\nProject Modifications\nProcess\nGet Confidential Information, Data, Equipment or Materials\nProcess\nManaging Projects with Animals, Human Participants, r/sNA, Hazardous Materials, Radiation\nQuick Reference\nOffices\nCALS Sponsored Research Office\nCOI - Conflict of Interest\nCTL - Center for Technology Licensing\nCVM Research Office\nCorporate Engagement\nEHS - Environmental Health & Safety & Risk Management\nExport Controls Office\nFAIM - Faculty Advancing Inclusive Mentoring\nIACUC - Institutional Animal Care and Use\nIBC - Institutional Biosafety Committee\nIRB - Institutional Review Board\nIT Security & Policy\nORIA - Office of Research Integrity and Assurance\nOSP - Office of Sponsored Programs & Research Development\nPRO - Pre-Award Research Operations\nR&I - Cornell Research & Innovation\nRAIS - Research Administration Information Services\nRCR - Responsible Conduct of Research\nRDBSC - Research Division Business Service Center\nResearch Development (ReD)\nResearch Division Human Resources\nResearch Security Office\nSFS - Sponsored Financial Services\nUniversity Policy Office\nWCM - Office of Sponsored Research Administration (OSRA)\nEssential Tools & Resources\nFind My GCO\nInstitutional Profile & DUNS\nRates and budgets\nJoin List Servs\nResearch Development (ReD) Services\nFind Your Next Funding Opportunity\nRegister for Federal and Non-Federal Systems\nDisclose Foreign Collaborations and Support\nWeb Financials (WebFin2)\nExternal\nPI Dashboard\nExternal\nResearch Financials (formerly RA Dashboard)\nExternal\nRASS\nExternal\nIACUC applications (Cayuse Animal Management System)\nIBC applications (RASS-IBC)\nIRB Applications (RASS-IRB)\nExternal\nReport external interests (RASS-COI)\nRASS Access Request Form\naskEHS\nExternal\nCornell Data Services\nExternal\nTravel Registry\nExternal\nInternational research activities\nExternal\nTraining\nResearch metrics and executive dashboards\nRates\nForms\nPolicies\nContacts\nTraining\nEvents\nNews & Announcements\nPart of\n© 2019 Cornell University\nWeb Accessibility Help\nWas this page helpful?\n×\n×\nStatus message\nSorry...This form is closed to new submissions.\nScroll"
}