{
    "URL location": "https://researchservices.cornell.edu/resources/irb-considerations-clinical-trials",
    "Last modification date": "2025-04-18T03:27Z",
    "Change frequency": "monthly",
    "Priority": "0.8",
    "Scraped Text": "IRB Considerations for Clinical Trials | Cornell Research Services\nSkip to main content\nFind guidance on funding and agency updates during the federal government transition\n(\nupdated 4/16/2025\n)\nResearch Services\nResearch Services\nEssential Tools\nClose\nFind My GCO\nRASS\nExternal\nInstitutional Profile & DUNS\nIACUC applications (Cayuse Animal Management)\nFind Your Next Funding Opportunity\nIBC Applications (RASS-IBC)\nResearch Development (ReD) Services\nIRB Applications (RASS-IRB)\nExternal\nRates and budgets\nReport external interests (RASS-COI)\nJoin List Servs\nRASS Access Request Form\nAsk EHS\nExternal\nWeb Financials (WebFin2)\nExternal\nCornell Data Services\nExternal\nPI Dashboard\nExternal\nTravel Registry\nExternal\nResearch Financials (formerly RA Dashboard)\nExternal\nInternational research activities\nExternal\nRegister for Federal and Non-Federal Systems\nDisclose Foreign Collaborations and Support\nResearch metrics & executive dashboards\nTraining\nSearch\nResearch Services\nSearch\nHome\nPrepare a Proposal\nClose\nResearch Development Services\nSubawards in a Proposal\nFind Your Next Funding Opportunity\nDisclose Foreign Collaborations and Support\nProposal Development, Review, and Submission\nPlanning for Animals, Human Participants, r/sNA, Hazardous Materials, Radiation\nBudgets, Costs, and Rates\nCollaborate with Weill Cornell Medicine\nManage a Project\nClose\nAward Negotiation and Finalization\nTravel and International Activities\nProject Finances\nProject Modifications\nResearch Project Staffing\nGet Confidential Info, Data, Equipment, or Materials\nManaging Subawards\nAnimals, Human Participants, r/sNA, Hazardous Materials, Radiation\nClose a Project\nClose\nProject Closeout Financials\nProject Closeout\nEnd a Project Early\nCorporate Partnership & Innovation\nClose\nProtecting an Invention, Creation, Discovery\nEntrepreneurial and Startup Company Resources\nGateway to Partnership Program\nEngaging with Industry\nCompliance, Ethics, Safety\nClose\nResponsible Conduct of Research (RCR)\nExport Controls\nResearch with Human Participants\nResearch Security\nWork with Live Vertebrate Animals\nResearch Safety\nRegulated Biological Materials in Research\nFinancial Management\nConflicts of Interest\nBreadcrumb\nHome\nresources\nIRB Considerations for Clinical Trials\nDefinitions, resources, and instructions for researchers conducting clinical trials\nClinicalTrials.gov\nIRB regulations now incorporate the broad definition of “clinical trial” adopted by the\nNational Institutes of Health (NIH).  Substantial additional requirements apply to federally-funded clinical trials.\n“Clinical trial” is defined in Section 102(b) of the revised HHS human subjects research regulations (\nthe 'Common Rule'\n) as: “\na research study in which one or more human subjects are prospectively assigned to one or more interventions (which may include placebo or other control) to evaluate the effects of the interventions on biomedical or behavioral health-related outcomes.\n”\nThis is identical to the\nNIH definition\n, which that agency has interpreted quite broadly. Case studies issued by NIH describe certain fundamental health-related research previously assumed to be outside of the definition. For federally-funded research that meets the Common Rule definition of clinical trial, Principal Investigators (PIs) have one or more new compliance obligations, depending on the exact funding source.\nThe PI is ultimately responsible for ensuring compliance with clinical trial obligations summarized here, though Cornell IRB staff will provide guidance and instruction, as relevant:\nAny federal funding:\nFor clinical trials supported by any type of federal funding (NIH, NSF, DOD, etc.), the PI is required to comply with the consent posting requirement described below. In addition, the IRB recommends that federally-funded researchers voluntarily comply with obligations described below that are mandatory only for NIH-funded researchers conducting a clinical trial:\nConsent form posting: The PI must post a copy of an IRB-approved consent form used for enrollment purposes to either\nClinicalTrials.gov\nor a designated docket folder on Regulations.gov (Docket ID:\nHHS-OPHS-2018-0021\n) after the study is closed to recruitment, but no later than 60 days after the last study visit by any subject. (See additional\nOHRP guidance\non this topic.) Please note that the IRB office will not be able to remind PIs to fulfill this obligation in a timely manner.\nNIH funding:\nIf you are a PI who has or is seeking NIH funding for a clinical trial, you are responsible for meeting the following additional compliance obligations:\nApply for the correct FOA: Certain NIH Funding Opportunity Announcements (FOAs) are applicable only to CTs or non-CTs. Applying for the wrong FOA may make your submission ineligible for funding.\nRegistration and reporting on\nClinicaltrials.gov\n: Clinical trials in competing applications and contract proposals submitted on or after January 18, 2017 must register, submit updates throughout the project, and post results information on\nClinicaltrials.gov\n. Compliance with this requirement is expected to require a significant dedication of time and effort throughout the study. You should register your study on\nClinicaltrials.gov\nas early as possible (e.g., concurrent with your IRB protocol submission, or right after obtaining IRB approval). The Cornell IRB staff are available to provide assistance if requested, but researchers are primarily responsible for complying with these obligations.\nTraining in Good Clinical Practices (GCP): Starting January 1, 2017, those involved in the design, conduct, oversight, or management of a NIH clinical trial must be trained in GCP. As a condition of protocol approval, the Cornell IRB will require evidence that all study personnel listed on the protocol have completed GCP training within the last 3 years. NIH does not specify any particular GCP course. Cornell researchers may complete GCP training online through the\nCITI Program\n. Note that this training is in addition to basic IRB training required by the IRB.\nConsent form posting: This requirement is described above.\nAll other projects:\nRegardless of the funding status or source for your human subjects work, the Cornell IRB strongly recommends that you choose to follow the compliance practices required by NIH as a best practice. Publication in certain journals could be jeopardized if researchers fail to comply with these best practices.\nTraining in Good Clinical Practice (GCP):\nResearchers involved in an NIH-funded clinical trial\nmust be trained in GCP\n. All study personnel listed on the protocol must complete GCP training every 3 years. GCP training can be completed online through\nCITI\n, and is separate from the standard IRB training.\nSee the\nCornell IRB Clinical Trials Guidance document\nfor additional details and information on how to register and provide updates to\nClinicalTrials.gov\n.\n17\nPolicy\nIRB Guidance: Clinical Trials\nResource\nClinicalTrials.gov\nResource\nNIH's Definition of Clinical Trial\nResource\nFederal Policy for the Protection of Human Subjects (the Common Rule)\nResource\nAbout the IRB Committee\nResource\nThe Life Cycle of an IRB Protocol\nResource\nIRB Announcements & Newsletters\nProcess\nResearch with Human Participants\nResource\nIRB Informed Consent\nResource\nIRB Training\nResource\nIRB Considerations: Human Participant Data, Data Sets and Internet Research\nSee All\nQuick Reference\nOffices\nCALS Sponsored Research Office\nCOI - Conflict of Interest\nCTL - Center for Technology Licensing\nCVM Research Office\nCorporate Engagement\nEHS - Environmental Health & Safety & Risk Management\nExport Controls Office\nFAIM - Faculty Advancing Inclusive Mentoring\nIACUC - Institutional Animal Care and Use\nIBC - Institutional Biosafety Committee\nIRB - Institutional Review Board\nIT Security & Policy\nORIA - Office of Research Integrity and Assurance\nOSP - Office of Sponsored Programs & Research Development\nPRO - Pre-Award Research Operations\nR&I - Cornell Research & Innovation\nRAIS - Research Administration Information Services\nRCR - Responsible Conduct of Research\nRDBSC - Research Division Business Service Center\nResearch Development (ReD)\nResearch Division Human Resources\nResearch Security Office\nSFS - Sponsored Financial Services\nUniversity Policy Office\nWCM - Office of Sponsored Research Administration (OSRA)\nEssential Tools & Resources\nFind My GCO\nInstitutional Profile & DUNS\nRates and budgets\nJoin List Servs\nResearch Development (ReD) Services\nFind Your Next Funding Opportunity\nRegister for Federal and Non-Federal Systems\nDisclose Foreign Collaborations and Support\nWeb Financials (WebFin2)\nExternal\nPI Dashboard\nExternal\nResearch Financials (formerly RA Dashboard)\nExternal\nRASS\nExternal\nIACUC applications (Cayuse Animal Management System)\nIBC applications (RASS-IBC)\nIRB Applications (RASS-IRB)\nExternal\nReport external interests (RASS-COI)\nRASS Access Request Form\naskEHS\nExternal\nCornell Data Services\nExternal\nTravel Registry\nExternal\nInternational research activities\nExternal\nTraining\nResearch metrics and executive dashboards\nRates\nForms\nPolicies\nContacts\nTraining\nEvents\nNews & Announcements\nPart of\n© 2019 Cornell University\nWeb Accessibility Help\nWas this page helpful?\n×\n×\nStatus message\nSorry...This form is closed to new submissions.\nScroll"
}