{
    "URL location": "https://researchservices.cornell.edu/events/uidp-partnership-perspectives-senior-fellow-sharing-series",
    "Last modification date": "2025-04-18T03:27Z",
    "Change frequency": "monthly",
    "Priority": "0.8",
    "Scraped Text": "UIDP | Partnership Perspectives - Senior Fellow Sharing Series | Cornell Research Services\nSkip to main content\nFind guidance on funding and agency updates during the federal government transition\n(\nupdated 4/16/2025\n)\nResearch Services\nResearch Services\nEssential Tools\nClose\nFind My GCO\nRASS\nExternal\nInstitutional Profile & DUNS\nIACUC applications (Cayuse Animal Management)\nFind Your Next Funding Opportunity\nIBC Applications (RASS-IBC)\nResearch Development (ReD) Services\nIRB Applications (RASS-IRB)\nExternal\nRates and budgets\nReport external interests (RASS-COI)\nJoin List Servs\nRASS Access Request Form\nAsk EHS\nExternal\nWeb Financials (WebFin2)\nExternal\nCornell Data Services\nExternal\nPI Dashboard\nExternal\nTravel Registry\nExternal\nResearch Financials (formerly RA Dashboard)\nExternal\nInternational research activities\nExternal\nRegister for Federal and Non-Federal Systems\nDisclose Foreign Collaborations and Support\nResearch metrics & executive dashboards\nTraining\nSearch\nResearch Services\nSearch\nHome\nPrepare a Proposal\nClose\nResearch Development Services\nSubawards in a Proposal\nFind Your Next Funding Opportunity\nDisclose Foreign Collaborations and Support\nProposal Development, Review, and Submission\nPlanning for Animals, Human Participants, r/sNA, Hazardous Materials, Radiation\nBudgets, Costs, and Rates\nCollaborate with Weill Cornell Medicine\nManage a Project\nClose\nAward Negotiation and Finalization\nTravel and International Activities\nProject Finances\nProject Modifications\nResearch Project Staffing\nGet Confidential Info, Data, Equipment, or Materials\nManaging Subawards\nAnimals, Human Participants, r/sNA, Hazardous Materials, Radiation\nClose a Project\nClose\nProject Closeout Financials\nProject Closeout\nEnd a Project Early\nCorporate Partnership & Innovation\nClose\nProtecting an Invention, Creation, Discovery\nEntrepreneurial and Startup Company Resources\nGateway to Partnership Program\nEngaging with Industry\nCompliance, Ethics, Safety\nClose\nResponsible Conduct of Research (RCR)\nExport Controls\nResearch with Human Participants\nResearch Security\nWork with Live Vertebrate Animals\nResearch Safety\nRegulated Biological Materials in Research\nFinancial Management\nConflicts of Interest\nBreadcrumb\nHome\nEvents\nMarch 19, 2025\n-\nDecember 10, 2025\nUIDP | Partnership Perspectives - Senior Fellow Sharing Series\nUIDP has launched a new virtual series leveraging the expertise of our distinguished UIDP Senior Fellows. During each session, a senior fellow will share their unique perspectives and experiences in fostering successful U-I collaborations, with emphasis on their particular area of expertise. This is an opportunity for you and members of your team to gain valuable insights into best practices and innovative approaches to real-world challenges in U-I partnerships.\nVirtual\nPartnership Perspectives - Senior Fellow Sharing Series Homepage\nUIDP has launched a new virtual series leveraging the expertise of our distinguished UIDP Senior Fellows. During each session, a senior fellow will share their unique perspectives and experiences in fostering successful U-I collaborations, with emphasis on their particular area of expertise. This is an opportunity for you and members of your team to gain valuable insights into best practices and innovative approaches to real-world challenges in U-I partnerships.\nDesigned to be both informative and interactive, the series features thought-provoking discourse followed by open discussions, providing an opportunity for participants to connect, ask questions, and exchange ideas. Whether you're new to U-I collaboration or a seasoned professional, this series is your chance to gain practical knowledge and engage with leaders in the field.\nThis member-only series is ideal for both industry professionals (including R&D managers and corporate liaisons, aiming to build academic partnerships) and university representatives (including administrators, faculty, and researchers seeking to strengthen industry relationships). It is appropriate for early-career professionals and seasoned practitioners alike.\nRegister for the Entire Series\nJim Spohrer\n: AI and the 7 Rs | Mar. 19\nNatascha Eckert\n: Global Research Partnerships | May 28\nJilda Garton\n: Cost Structures and Budgeting | June 25/10/\nElaine Brock\n: Managing Compliance | July 30\nMalcolm Skingle\n: Aligning Research Needs | Aug. 27\nTodd Cleland\n: Maximizing Collaborative Impact | Oct. 29\nDeborah Radasch\nBuilding Strategic Innovation Partnerships | Dec. 10\nQuick Reference\nOffices\nCALS Sponsored Research Office\nCOI - Conflict of Interest\nCTL - Center for Technology Licensing\nCVM Research Office\nCorporate Engagement\nEHS - Environmental Health & Safety & Risk Management\nExport Controls Office\nFAIM - Faculty Advancing Inclusive Mentoring\nIACUC - Institutional Animal Care and Use\nIBC - Institutional Biosafety Committee\nIRB - Institutional Review Board\nIT Security & Policy\nORIA - Office of Research Integrity and Assurance\nOSP - Office of Sponsored Programs & Research Development\nPRO - Pre-Award Research Operations\nR&I - Cornell Research & Innovation\nRAIS - Research Administration Information Services\nRCR - Responsible Conduct of Research\nRDBSC - Research Division Business Service Center\nResearch Development (ReD)\nResearch Division Human Resources\nResearch Security Office\nSFS - Sponsored Financial Services\nUniversity Policy Office\nWCM - Office of Sponsored Research Administration (OSRA)\nEssential Tools & Resources\nFind My GCO\nInstitutional Profile & DUNS\nRates and budgets\nJoin List Servs\nResearch Development (ReD) Services\nFind Your Next Funding Opportunity\nRegister for Federal and Non-Federal Systems\nDisclose Foreign Collaborations and Support\nWeb Financials (WebFin2)\nExternal\nPI Dashboard\nExternal\nResearch Financials (formerly RA Dashboard)\nExternal\nRASS\nExternal\nIACUC applications (Cayuse Animal Management System)\nIBC applications (RASS-IBC)\nIRB Applications (RASS-IRB)\nExternal\nReport external interests (RASS-COI)\nRASS Access Request Form\naskEHS\nExternal\nCornell Data Services\nExternal\nTravel Registry\nExternal\nInternational research activities\nExternal\nTraining\nResearch metrics and executive dashboards\nRates\nForms\nPolicies\nContacts\nTraining\nEvents\nNews & Announcements\nPart of\n© 2019 Cornell University\nWeb Accessibility Help\nWas this page helpful?\n×\n×\nStatus message\nSorry...This form is closed to new submissions.\nScroll"
}