{
    "URL location": "https://researchservices.cornell.edu/resources/export-control-and-confidentiality-agreements",
    "Last modification date": "2025-04-18T03:27Z",
    "Change frequency": "monthly",
    "Priority": "0.8",
    "Scraped Text": "Export Control and Confidentiality Agreements | Cornell Research Services\nSkip to main content\nFind guidance on funding and agency updates during the federal government transition\n(\nupdated 4/16/2025\n)\nResearch Services\nResearch Services\nEssential Tools\nClose\nFind My GCO\nRASS\nExternal\nInstitutional Profile & DUNS\nIACUC applications (Cayuse Animal Management)\nFind Your Next Funding Opportunity\nIBC Applications (RASS-IBC)\nResearch Development (ReD) Services\nIRB Applications (RASS-IRB)\nExternal\nRates and budgets\nReport external interests (RASS-COI)\nJoin List Servs\nRASS Access Request Form\nAsk EHS\nExternal\nWeb Financials (WebFin2)\nExternal\nCornell Data Services\nExternal\nPI Dashboard\nExternal\nTravel Registry\nExternal\nResearch Financials (formerly RA Dashboard)\nExternal\nInternational research activities\nExternal\nRegister for Federal and Non-Federal Systems\nDisclose Foreign Collaborations and Support\nResearch metrics & executive dashboards\nTraining\nSearch\nResearch Services\nSearch\nHome\nPrepare a Proposal\nClose\nResearch Development Services\nSubawards in a Proposal\nFind Your Next Funding Opportunity\nDisclose Foreign Collaborations and Support\nProposal Development, Review, and Submission\nPlanning for Animals, Human Participants, r/sNA, Hazardous Materials, Radiation\nBudgets, Costs, and Rates\nCollaborate with Weill Cornell Medicine\nManage a Project\nClose\nAward Negotiation and Finalization\nTravel and International Activities\nProject Finances\nProject Modifications\nResearch Project Staffing\nGet Confidential Info, Data, Equipment, or Materials\nManaging Subawards\nAnimals, Human Participants, r/sNA, Hazardous Materials, Radiation\nClose a Project\nClose\nProject Closeout Financials\nProject Closeout\nEnd a Project Early\nCorporate Partnership & Innovation\nClose\nProtecting an Invention, Creation, Discovery\nEntrepreneurial and Startup Company Resources\nGateway to Partnership Program\nEngaging with Industry\nCompliance, Ethics, Safety\nClose\nResponsible Conduct of Research (RCR)\nExport Controls\nResearch with Human Participants\nResearch Security\nWork with Live Vertebrate Animals\nResearch Safety\nRegulated Biological Materials in Research\nFinancial Management\nConflicts of Interest\nBreadcrumb\nHome\nresources\nExport Control and Confidentiality Agreements\nExport Controls Overview\nExchanging Confidential Information\nTransaction Authority Policy 4.2\nExport Controls in Research and Education\nWhile Cornell understands and supports the need to enter into Non-Disclosure Agreements, there are some export control risks that researchers need to be aware of.\nRemember that the Office of Sponsored Programs must sign all Cornell research-related confidentiality agreements, except in\nlimited circumstances\n.\nWhen receiving confidential information:\nPer\nCornell Policy 4.22\n, no controlled technology or technical data can reside on Cornell campuses, devices, or servers, unless the\nExport Control Office\n(ECO) has provided prior written approval.\nRemember, the transfer of controlled technology or technical data to a foreign national, even in the U.S., is considered an export and may require a license.\nCornell servers and email are not configured to properly secure controlled technology or technical data.\nIf you absolutely need to utilize controlled information, Cornell's ECO will work with you to put a technology control plan in place - to ensure that the information is properly secured and no export violations occur.\nWhen sharing confidential information:\nPer Cornell Policy 4.22, all Cornell research must be fundamental research - meaning the research results must remain unrestricted.\nIn most cases, it is not appropriate to mark Cornell research as proprietary or confidential. Doing so could cause the research to be rendered controlled, in violation of Cornell policy, and causing a potential export control violation.\nIf you are seeking to patent an invention, Cornell's\nCenter for Technology Licensing\nmay enter into a non-disclosure agreement for a limited time, in order to protect patentability.\nGiven Cornell's stance as a fundamental research-only institution, entering into bilateral confidentiality agreements is not advised unless you are sharing something confidential\nother than\nresearch results (ex: personal data, financial data, etc.).\nBest practices:\nEnter into confidentiality agreements only when it is absolutely necessary. Both the receipt and sharing of confidential information creates liability on behalf of the researchers and the university.\nEnsure that all research related confidentiality agreements are signed by the appropriate office (OSP in most cases). This protects the researchers, the unit, and the university. OSP grant and contract officers are trained to review agreements for export control concerns.\nIf you ever receive a document marked \"export controlled\", \"EAR\", \"ITAR\", or with a similar marking, contact the ECO immediately.\n19\nProcess\nExport Controls\nContact\nDrusilla Jaiah - Export Control Associate\nContact\nJoi Mindingall - Research Security | Export Control Officer\nPolicy\nDetecting and Reporting Export Controls Violations\nNews\nUkraine/Russia Transactions Guidance\nResource\nExport Controls Frequently Asked Questions (FAQ)\nResource\nUniversity Policy 4.22, Export and Import Control Compliance\nResource\nOff-Campus Research\nResource\nImport Control\nResource\nExport Control Quick Reference\nPolicy\nExport Controls: Regulations and Overview\nSee All\nQuick Reference\nOffices\nCALS Sponsored Research Office\nCOI - Conflict of Interest\nCTL - Center for Technology Licensing\nCVM Research Office\nCorporate Engagement\nEHS - Environmental Health & Safety & Risk Management\nExport Controls Office\nFAIM - Faculty Advancing Inclusive Mentoring\nIACUC - Institutional Animal Care and Use\nIBC - Institutional Biosafety Committee\nIRB - Institutional Review Board\nIT Security & Policy\nORIA - Office of Research Integrity and Assurance\nOSP - Office of Sponsored Programs & Research Development\nPRO - Pre-Award Research Operations\nR&I - Cornell Research & Innovation\nRAIS - Research Administration Information Services\nRCR - Responsible Conduct of Research\nRDBSC - Research Division Business Service Center\nResearch Development (ReD)\nResearch Division Human Resources\nResearch Security Office\nSFS - Sponsored Financial Services\nUniversity Policy Office\nWCM - Office of Sponsored Research Administration (OSRA)\nEssential Tools & Resources\nFind My GCO\nInstitutional Profile & DUNS\nRates and budgets\nJoin List Servs\nResearch Development (ReD) Services\nFind Your Next Funding Opportunity\nRegister for Federal and Non-Federal Systems\nDisclose Foreign Collaborations and Support\nWeb Financials (WebFin2)\nExternal\nPI Dashboard\nExternal\nResearch Financials (formerly RA Dashboard)\nExternal\nRASS\nExternal\nIACUC applications (Cayuse Animal Management System)\nIBC applications (RASS-IBC)\nIRB Applications (RASS-IRB)\nExternal\nReport external interests (RASS-COI)\nRASS Access Request Form\naskEHS\nExternal\nCornell Data Services\nExternal\nTravel Registry\nExternal\nInternational research activities\nExternal\nTraining\nResearch metrics and executive dashboards\nRates\nForms\nPolicies\nContacts\nTraining\nEvents\nNews & Announcements\nPart of\n© 2019 Cornell University\nWeb Accessibility Help\nWas this page helpful?\n×\n×\nStatus message\nSorry...This form is closed to new submissions.\nScroll"
}