{
    "URL location": "https://researchservices.cornell.edu/training/osp-roundtables",
    "Last modification date": "2025-04-18T03:27Z",
    "Change frequency": "monthly",
    "Priority": "0.8",
    "Scraped Text": "OSP Roundtables | Cornell Research Services\nSkip to main content\nFind guidance on funding and agency updates during the federal government transition\n(\nupdated 4/16/2025\n)\nResearch Services\nResearch Services\nEssential Tools\nClose\nFind My GCO\nRASS\nExternal\nInstitutional Profile & DUNS\nIACUC applications (Cayuse Animal Management)\nFind Your Next Funding Opportunity\nIBC Applications (RASS-IBC)\nResearch Development (ReD) Services\nIRB Applications (RASS-IRB)\nExternal\nRates and budgets\nReport external interests (RASS-COI)\nJoin List Servs\nRASS Access Request Form\nAsk EHS\nExternal\nWeb Financials (WebFin2)\nExternal\nCornell Data Services\nExternal\nPI Dashboard\nExternal\nTravel Registry\nExternal\nResearch Financials (formerly RA Dashboard)\nExternal\nInternational research activities\nExternal\nRegister for Federal and Non-Federal Systems\nDisclose Foreign Collaborations and Support\nResearch metrics & executive dashboards\nTraining\nSearch\nResearch Services\nSearch\nHome\nPrepare a Proposal\nClose\nResearch Development Services\nSubawards in a Proposal\nFind Your Next Funding Opportunity\nDisclose Foreign Collaborations and Support\nProposal Development, Review, and Submission\nPlanning for Animals, Human Participants, r/sNA, Hazardous Materials, Radiation\nBudgets, Costs, and Rates\nCollaborate with Weill Cornell Medicine\nManage a Project\nClose\nAward Negotiation and Finalization\nTravel and International Activities\nProject Finances\nProject Modifications\nResearch Project Staffing\nGet Confidential Info, Data, Equipment, or Materials\nManaging Subawards\nAnimals, Human Participants, r/sNA, Hazardous Materials, Radiation\nClose a Project\nClose\nProject Closeout Financials\nProject Closeout\nEnd a Project Early\nCorporate Partnership & Innovation\nClose\nProtecting an Invention, Creation, Discovery\nEntrepreneurial and Startup Company Resources\nGateway to Partnership Program\nEngaging with Industry\nCompliance, Ethics, Safety\nClose\nResponsible Conduct of Research (RCR)\nExport Controls\nResearch with Human Participants\nResearch Security\nWork with Live Vertebrate Animals\nResearch Safety\nRegulated Biological Materials in Research\nFinancial Management\nConflicts of Interest\nBreadcrumb\nHome\nTraining\nOSP Roundtables\nThe Office of Sponsored Programs (OSP) offers a variety of training opportunities for campus faculty and staff.\nVirtual\nOSP\nRoundtables are monthly sessions on topics designed to assist faculty and staff in preparing research proposals and managing sponsored projects. They are hosted on the 3\nrd\nThursday of each month.\nTo learn more about Roundtable topics and other OSP events, please\nJoin the CU-RES-ADMIN mailing list\n.\nPrevious Roundtables are listed below. Presentations (PPT hyperlink and Recording file) are included for downloading.\nNote\n: The content may no longer be current.\n2025\nExpand All\n2024\n2023\n2022\n2021\n2020\n2019\n2018\n2017\n2016\n2015\nQuick Reference\nOffices\nCALS Sponsored Research Office\nCOI - Conflict of Interest\nCTL - Center for Technology Licensing\nCVM Research Office\nCorporate Engagement\nEHS - Environmental Health & Safety & Risk Management\nExport Controls Office\nFAIM - Faculty Advancing Inclusive Mentoring\nIACUC - Institutional Animal Care and Use\nIBC - Institutional Biosafety Committee\nIRB - Institutional Review Board\nIT Security & Policy\nORIA - Office of Research Integrity and Assurance\nOSP - Office of Sponsored Programs & Research Development\nPRO - Pre-Award Research Operations\nR&I - Cornell Research & Innovation\nRAIS - Research Administration Information Services\nRCR - Responsible Conduct of Research\nRDBSC - Research Division Business Service Center\nResearch Development (ReD)\nResearch Division Human Resources\nResearch Security Office\nSFS - Sponsored Financial Services\nUniversity Policy Office\nWCM - Office of Sponsored Research Administration (OSRA)\nEssential Tools & Resources\nFind My GCO\nInstitutional Profile & DUNS\nRates and budgets\nJoin List Servs\nResearch Development (ReD) Services\nFind Your Next Funding Opportunity\nRegister for Federal and Non-Federal Systems\nDisclose Foreign Collaborations and Support\nWeb Financials (WebFin2)\nExternal\nPI Dashboard\nExternal\nResearch Financials (formerly RA Dashboard)\nExternal\nRASS\nExternal\nIACUC applications (Cayuse Animal Management System)\nIBC applications (RASS-IBC)\nIRB Applications (RASS-IRB)\nExternal\nReport external interests (RASS-COI)\nRASS Access Request Form\naskEHS\nExternal\nCornell Data Services\nExternal\nTravel Registry\nExternal\nInternational research activities\nExternal\nTraining\nResearch metrics and executive dashboards\nRates\nForms\nPolicies\nContacts\nTraining\nEvents\nNews & Announcements\nPart of\n© 2019 Cornell University\nWeb Accessibility Help\nWas this page helpful?\n×\n×\nStatus message\nSorry...This form is closed to new submissions.\nScroll\n\nTable:\nMonth | Topic | PPTSlides | ZoomRecording\n--- | --- | --- | ---\nJan | Expense Review Project | PPT | Recording\n\n\nTable:\n2024Month | Topic | PPTSlides | ZoomRecording\n--- | --- | --- | ---\nDec | Federal Agency Updates | PPT | Recording\nNov | Conflict of Interest (COI) | PPT | Recording\nOct | Federal Contracts and Other Transaction Agreements (OTAs) | PPT | Recording\nSep | Uniform Guidance Revisions | PPT | Recording\nAug | Getting Started with SciENcv: An introduction to its Tools and Capabilities | PPT | Recording\nJune | Challenges to Research Data Security | N/A | Due to confidential information, this presentation was not recorded.\nMay | An Introduction to Risk Management & Insurance | PPT | Due to confidential information, this presentation was not recorded\nApr | National Science Foundation (NSF) PAPPG Changes | PPT | Recording\nMar | Grant & Contract Closeout Procedures | PPT | Recording\nFeb | New York State and Federal Relations | N/A | Recording\nJan | RASS Updates - Current & Pending and Ad hoc Reports | PPT | Recording\n\n\nTable:\n2023Month | Topic | PPT Slides | Zoom Recording\n--- | --- | --- | ---\nNov | Research Security Overview and Actions | PPT | Zoom\nOct | Cost Sharing on Sponsored Awards | PPT | Zoom\nSept | Subawards on Sponsored Projects | PPT | Zoom\nAug | Hot Topics in Federal Requirements | PPT | Zoom\nMay | RASS Update | PPT | Zoom\nApr | Risk Management and Insurance | PPT | Due to some confidential information, there is no recording of this presentation\nMar | Export Controls and Academia | PPT | Zoom\nFeb | University Foundation Relations and Corporate Philanthropy (UFRCP) | PPT | Zoom\nJan | Where IRB and OSP Meet: Funded Human Participant Research and NFAs | PPT | Zoom\n\n\nTable:\n2022Month | Topic | PPTSlides | ZoomRecording\n--- | --- | --- | ---\nDec. 22 | National Science Foundation (NSF)Policy & System Updates | PPT | Zoom\nNov.22 | Updated NIH Data Management and Sharing (DMS) Policy Requirements | PPT | Zoom\nOct. 22 | Conflicts of Interest & RASS | PPT | Zoom\nSept. 22 | Challenges to Research Security | For a copy of the presentation, please emailgcf@cornell.edu | Due to some confidential information, there is not a recording of this presentation\nAug. 22 | Proposal Preparation - Best Practices | PPT | Zoom\nJune 22 | Trade Compliance Series (Part 2of 2) | PPT | Zoom\nMay 22 | Trade Compliance Series (Part 1 of 2) | PPT | Zoom\nApr. 2022 | Overview of Responsible Conduct of Research & Entrepreneurship Principles for Conflict of Interest | PPT | Part 1ZoomPart 2Zoom\nMar. 2022 | Become a Prior Approval Expert! | PPT | Zoom\nFeb. 2022 | Sponsored Projects Involving Human Participant Research & RASS | PPT | Zoom\nJan. 2022 | National Science Foundation (NSF) CAREER Proposal Process for Research Administrators (RA) | PPT | Zoom\n\n\nTable:\nDec 2021Changes to NIH Other Support Document RequirementsPPTZoomNov 2021Bridging Worlds Building sustainable partnerships with companiesZoomOct 2021New York State (NYS) and Federal RelationsPPTZoomSept 2021Research Administration Support System (RASS) Proposal Budgeting Feature & UpdatesPPTZoomAug 2021National Science Foundation (NSF) UpdatesPPTZoomJuly 2021Subawards on Sponsored ProjectsPPTZoomJune 2021Cornell's Data Retention PolicyPPTZoomMay 2021Changes to NIH Biosketch and Other Support Document RequirementsPPTZoomApr 2021Conflict of InterestPPTZoomMar 2021Export Control Compliance IntroductionPPTZoomFeb 2021RASS: Current and Pending ManagementPPTZoomJan 2021Intellectual Property Management of Sponsored ProjectsPPTZoom | Dec 2021 | Changes to NIH Other Support Document Requirements | PPT | Zoom | Nov 2021 | Bridging Worlds Building sustainable partnerships with companies |  | Zoom | Oct 2021 | New York State (NYS) and Federal Relations | PPT | Zoom | Sept 2021 | Research Administration Support System (RASS) Proposal Budgeting Feature & Updates | PPT | Zoom | Aug 2021 | National Science Foundation (NSF) Updates | PPT | Zoom | July 2021 | Subawards on Sponsored Projects | PPT | Zoom | June 2021 | Cornell's Data Retention Policy | PPT | Zoom | May 2021 | Changes to NIH Biosketch and Other Support Document Requirements | PPT | Zoom | Apr 2021 | Conflict of Interest | PPT | Zoom | Mar 2021 | Export Control Compliance Introduction | PPT | Zoom | Feb 2021 | RASS: Current and Pending Management | PPT | Zoom | Jan 2021 | Intellectual Property Management of Sponsored Projects | PPT | Zoom\n--- | --- | --- | --- | --- | --- | --- | --- | --- | --- | --- | --- | --- | --- | --- | --- | --- | --- | --- | --- | --- | --- | --- | --- | --- | --- | --- | --- | --- | --- | --- | --- | --- | --- | --- | --- | --- | --- | --- | --- | --- | --- | --- | --- | --- | --- | --- | --- | ---\nDec 2021 | Changes to NIH Other Support Document Requirements | PPT | Zoom\nNov 2021 | Bridging Worlds Building sustainable partnerships with companies |  | Zoom\nOct 2021 | New York State (NYS) and Federal Relations | PPT | Zoom\nSept 2021 | Research Administration Support System (RASS) Proposal Budgeting Feature & Updates | PPT | Zoom\nAug 2021 | National Science Foundation (NSF) Updates | PPT | Zoom\nJuly 2021 | Subawards on Sponsored Projects | PPT | Zoom\nJune 2021 | Cornell's Data Retention Policy | PPT | Zoom\nMay 2021 | Changes to NIH Biosketch and Other Support Document Requirements | PPT | Zoom\nApr 2021 | Conflict of Interest | PPT | Zoom\nMar 2021 | Export Control Compliance Introduction | PPT | Zoom\nFeb 2021 | RASS: Current and Pending Management | PPT | Zoom\nJan 2021 | Intellectual Property Management of Sponsored Projects | PPT | Zoom\n\n\nTable:\nDec 2021 | Changes to NIH Other Support Document Requirements | PPT | Zoom\n--- | --- | --- | ---\nNov 2021 | Bridging Worlds Building sustainable partnerships with companies |  | Zoom\nOct 2021 | New York State (NYS) and Federal Relations | PPT | Zoom\nSept 2021 | Research Administration Support System (RASS) Proposal Budgeting Feature & Updates | PPT | Zoom\nAug 2021 | National Science Foundation (NSF) Updates | PPT | Zoom\nJuly 2021 | Subawards on Sponsored Projects | PPT | Zoom\nJune 2021 | Cornell's Data Retention Policy | PPT | Zoom\nMay 2021 | Changes to NIH Biosketch and Other Support Document Requirements | PPT | Zoom\nApr 2021 | Conflict of Interest | PPT | Zoom\nMar 2021 | Export Control Compliance Introduction | PPT | Zoom\nFeb 2021 | RASS: Current and Pending Management | PPT | Zoom\nJan 2021 | Intellectual Property Management of Sponsored Projects | PPT | Zoom\n\n\nTable:\nMonth | Topic | PPTSlides | ZoomRecording\n--- | --- | --- | ---\nDec | Introduction to SciENcv: Science Experts Network Curriculum Vitae | PPT | Zoom\nNov | Research Development is your new best friend | PPT | Zoom\nOct | Cornell's Research Administration Support System (RASS) | PPT | Zoom\nSep | Disclosing Foreign Relationships and Activities | PPT | Zoom\nJuly | NSF Broader Impacts - New Resources for Cornell Researchers | PPT | Zoom\nJune | RASS - Proposal Development | PPT | Zoom\nMay | RASS - Subawards | PPT | Zoom\nApr | NSF PAPPG Updates | SciENcv Use | Research.gov Update | PPT | Zoom\nJan | RASS Portal | PPT | Zoom\n\n\nTable:\nDec 2019 | NYS Funding for Research and Public Service | PPT | Zoom\n--- | --- | --- | ---\nNov 2019 | Disclosing Foreign Relationships and Activities | PPT | Zoom\nOct 2019 | RASS Update: Award Distribution | PPT | Zoom\nSept 2019 | ORCID and RDMSG | PPT-ORCIDPPT-RDMSG | Zoom\nJul 2019 | Demonstration of the new Research Services website | PPT | Zoom\nJun 2019 | Demystifying NIH for Research Administrators | PPT | Zoom\nMay 2019 | Developing Budgets to Aid Post-Award Project Management | PPT | Zoom\nApr 2019 | RASS Rollout to Campus | PPT | Zoom\nMar 2019 | Post-Award Prior Approvals | PPT | Zoom\nFeb 2019 | Broader Impacts | PPT | Zoom\nJan 2019 | Updates to the Common Rule | PPT | Zoom\n\n\nTable:\nDec 2018 | NSF Updates | PPT | Zoom\n--- | --- | --- | ---\nNov 2018 | RASS Demo | PPT | Zoom\nOct 2018 | OSP Q&A Panel | PPT | Zoom\nSep 2018 | The Ins and Outs of Matching Funds | PPT | Zoom\nJul 2018 | Non-Financial Agreements | PPT | Zoom\nJun 2018 | Best Practices for Sponsored Projects Transfers | PPT | Zoom\nMay 2018 | Understanding the Subaward Process | PPT | Zoom\nApr 2018 | Demystifying COI - Industry Research | PPT | Zoom\nMar 2018 | RASS Demonstration | PPT | Zoom\nFeb 2018 | Participant Support | PPT | Zoom\nJan 2018 | NSF 2018 PAPPG | PPT | Zoom\n\n\nTable:\nDec 2017 | New NIH Human Subjects Requirements | PPT | Zoom\n--- | --- | --- | ---\nNov 2017 | Research Terms & Conditions (RTC) | PPT | Zoom\nOct 2017 | Grants.gov Workspace | PPT | Zoom\nSep 2017 | Panel Discussion on Research Compliance | PPT | Zoom\nAug 2017 | Navigate Global Operations Team Conversation | PPT | Zoom\nJul 2017 | Export Compliance Issues for the Research Community | PPT | Zoom\nJun 2017 | Research Administration Support System (RASS) Project Update | PPT | Zoom\nMay 2017 | Filing Reports in Federal Systems | PPT | Zoom\nApr 2017 | New Indirect Cost (F&A) Rates | PPT | Zoom\nMar 2017 | PI Dashboard Update | PPT | Zoom\nFeb 2017 | Roles and Responsibilities of OSP, SFS, ORIA, and Units | PPT | Zoom\nJan 2017 | The New NSF PAPPG | PPT | \n\n\nTable:\nDec 2016 | U.S. Department of Defense Budgets | PPT | \n--- | --- | --- | ---\nNov 2016 | Subs-The Unsung Hero | PPT | \nOct 2016 | Closeout of Sponsored Projects | PPT | \nSep 2016 | Research Dashboard Updates | PPT | \nAug 2016 | Update Proposal Review Process | PPT | \nJun 2016 | Working with Weill Cornell Medicine - Part 2 | PPT | \nMay 2016 | Panel Discussion on NIH | PPT | Notification\nApr 2016 | Introduction to the new NIH ASSIST System | PPT | \nMar 2016 | Annual Conflict of Interest Reporting | PPT | \nFeb 2016 | Navigating the NIH Public Access Policy | PPT | NIH Tutorial\nJan 2016 | New Form 10 and Non-Financial Form | PPT | \n\n\nTable:\nDec 2105 | PI Dashboard Introduction | PPT | \n--- | --- | --- | ---\nNov 2015 | The New NSF PAPPG | PPT | \nOct 2015 | Cost Sharing and Sponsored Projects | PPT | \nSep 2015 | The Anatomy of a Funding Opportunity - They aren't all Built Alike | PPT | \nAug 2015 | MyBibliography and SciENcv for NIH Public Access Policy Compliance | PPT | \nJul 2015 | Supplier Diversity at Cornell (MBE/WBE) | PPT | \nJun 2015 | Research Dashboards | PPT | \nMay 2015 | Exploring the Contents of the Current and Pending Form | PPT | \nApr 2015 | Research Administration - What's it all about! | PPT | \nMar 2015 | Reporting External Financial Interests and Commitments | PPT | \nFeb 2015 | Interpreting Award Documents | PPT | \n"
}