{
    "URL location": "https://researchservices.cornell.edu/resources/monitoring-project-expenditures",
    "Last modification date": "2025-04-18T03:27Z",
    "Change frequency": "monthly",
    "Priority": "0.8",
    "Scraped Text": "Monitoring Project Expenditures | Cornell Research Services\nSkip to main content\nFind guidance on funding and agency updates during the federal government transition\n(\nupdated 4/16/2025\n)\nResearch Services\nResearch Services\nEssential Tools\nClose\nFind My GCO\nRASS\nExternal\nInstitutional Profile & DUNS\nIACUC applications (Cayuse Animal Management)\nFind Your Next Funding Opportunity\nIBC Applications (RASS-IBC)\nResearch Development (ReD) Services\nIRB Applications (RASS-IRB)\nExternal\nRates and budgets\nReport external interests (RASS-COI)\nJoin List Servs\nRASS Access Request Form\nAsk EHS\nExternal\nWeb Financials (WebFin2)\nExternal\nCornell Data Services\nExternal\nPI Dashboard\nExternal\nTravel Registry\nExternal\nResearch Financials (formerly RA Dashboard)\nExternal\nInternational research activities\nExternal\nRegister for Federal and Non-Federal Systems\nDisclose Foreign Collaborations and Support\nResearch metrics & executive dashboards\nTraining\nSearch\nResearch Services\nSearch\nHome\nPrepare a Proposal\nClose\nResearch Development Services\nSubawards in a Proposal\nFind Your Next Funding Opportunity\nDisclose Foreign Collaborations and Support\nProposal Development, Review, and Submission\nPlanning for Animals, Human Participants, r/sNA, Hazardous Materials, Radiation\nBudgets, Costs, and Rates\nCollaborate with Weill Cornell Medicine\nManage a Project\nClose\nAward Negotiation and Finalization\nTravel and International Activities\nProject Finances\nProject Modifications\nResearch Project Staffing\nGet Confidential Info, Data, Equipment, or Materials\nManaging Subawards\nAnimals, Human Participants, r/sNA, Hazardous Materials, Radiation\nClose a Project\nClose\nProject Closeout Financials\nProject Closeout\nEnd a Project Early\nCorporate Partnership & Innovation\nClose\nProtecting an Invention, Creation, Discovery\nEntrepreneurial and Startup Company Resources\nGateway to Partnership Program\nEngaging with Industry\nCompliance, Ethics, Safety\nClose\nResponsible Conduct of Research (RCR)\nExport Controls\nResearch with Human Participants\nResearch Security\nWork with Live Vertebrate Animals\nResearch Safety\nRegulated Biological Materials in Research\nFinancial Management\nConflicts of Interest\nBreadcrumb\nHome\nresources\nMonitoring Project Expenditures\nRelated Pages:\nMonitoring Cost Sharing in a Project\nOnce an award has been made to the university, the principal investigator (PI) and unit administrator need to monitor expenses to see that all incurred costs being charged to the sponsored project are allowable, allocable, and reasonable.\nIn addition to actual costs, here are some of the key elements of monitoring sponsored projects:\nCost Transfers\nCost Share\nOverdrafts\nBudget Modifications\nEquipment Transfers\nProgram Income\nNo Cost Extensions\nChange in Principal Investigator (PI)\nEarly Termination of an Award\nCost Transfers\nCornell University expects costs to be charged to the appropriate sponsored project account when first incurred. Some circumstances may require transferring expenditures to or from a sponsored account after the initial charge is recorded in the general ledger. Reviewing sponsored project account activity should include determining that charges are reasonable, allowable and that they directly support the scope of work for the project. To be allowable, the transfer request must be timely, fully documented, conform to university and sponsor allowability standards, and have appropriate authorization.\nProper management of funds is essential to uphold the fiduciary responsibilities of the university. Frequent late, inadequately documented, and unexplained transfers, especially those that involve sponsored projects with overruns or unexpended balances, raise serious questions about the propriety of the transfers and may result in expenditure disallowances and/or a subsequent reduction in funding. Knowledge of award and policy requirements and ongoing monitoring will improve the quality of financial reporting, improve compliance with regulatory requirements, and reduce the administrative burden and risks inherent in document corrections.\nCorrecting Errors\nWhen there are expenditure errors on sponsored projects that need to be corrected, a cost transfer is necessary. The proper way to correct an error is through a cost transfer within 90 days of the initial charge (see\nUniversity Policy 3.20, Cost Transfers on Sponsored Projects\n). Non-salary cost transfers can be done by journal entry using a KFS General Error Correction (GEC) e-doc. Salary cost transfers can be done by submitting a KFS Salary Expense Transfer (ST) e-doc and will be reviewed by Sponsored Financial Services (SFS).\nNon-salary cost transfers must be supported with auditable documentation. A detailed explanation as to why the error occurred and a detailed justification as to why the charge is valid for the account now being charged must be clearly stated.\nSalary cost corrections are made by submitting an ST e-doc. The form must be completed  within an employee’s certification period and submitted through KFS. Any salary cost corrections that appear to be late cost transfers will need additional review by SFS.\nCost Share\nSee\nMonitoring Cost Sharing\n.\nOverdrafts\nPrincipal investigators and unit administrators must see that a sponsored project is not overspent.  An overdraft situation must be dealt with immediately after evaluating the cause of the over expenditure.\nOverdrafts occur for various reasons. The two most common situations include (1) units who do not monitor expense activity allow costs beyond the awarded amount, and (2) projects spanning more than one year do not receive the future-year funding in a timely manner to cover the allowable expenses for the continuing year.\nOne or more of the following is appropriate for corrections of overdrafts, keeping the\nCost Transfer policy\nin mind:\nSalary change by submitting an ST e-doc\nNon-salary cost transfer\nBudget modification with sponsor’s notice of additional funding\nPer the Uniform Guidance (\n2 CFR 200.405(c)\n), \"Any cost allocable to a particular Federal award under the principles provided for in this part may not be charged to other Federal awards to overcome fund deficiencies, to avoid restrictions imposed by Federal statutes, regulations, or terms and conditions of the Federal awards, or for other reasons.\"\nBudget Modifications\nSee\nBudget Revisions\n.\nProgram Income\nThe Uniform Guidance (\n2 CFR 200.1 Program income\n) states, \"Program income means gross income earned by the non-Federal entity that is directly generated by a supported activity or earned as a result of the Federal award during the period of performance....\" The sponsored project agreement will dictate how program income is to be treated. Generally, income is applied to the sponsored project and is used to offset expenses thus benefiting the sponsored project. Examples of program income include fees earned from services performed under the award; funds generated by sale of commodities and research materials such as tissue cultures, cell lines, or research animals; admission fees; or registration fees charged to participants for a workshop or conference sponsored by an award.\nFor more information, see\nUniversity Policy 3.8 Program Income from Sponsored Projects\n.\nEquipment Transfers\nSee\nEquipment Transfers\n.\nNo Cost Extensions\nWhen it is evident that a project will not be completed on time, the sponsor must be informed in writing with a request for a time extension with no additional funds granted (no cost extension).  This request must be made no later than 10 to 60 days before the end date of the project or as otherwise dictated in the award document. The sponsor will need to respond to the university in writing in order for the project to be extended.\nSFS will not extend a project without written notification. If no written notification is received before the report is due, a financial report will be sent to the sponsor under the original end date.  Should a no-cost extension be received after the reporting period, the end date will be changed, and the project may continue.\nChange in Principal Investigator (PI) - Illness, Transfer, or Termination\nSee\nChange in PI or Key Personnel and Effort\n.\nEarly Termination of an Award\nSee\nEnd a Project Early\n.\n9\nProcess\nFinancial Management\nNews\nUkraine/Russia Transactions Guidance\nResource\nSalary Certification\nResource\nMonitoring Cost Sharing in a Project\nResource\nFinancial Reporting to Sponsors\nResource\nDirect and Indirect Cost Examples\nResource\nDiverse Suppliers Requirements\nResource\nUse of Foreign Airlines on Federal Funds\nPolicy\nFinancial Management of Sponsored Projects Policies and Procedures\nQuick Reference\nOffices\nCALS Sponsored Research Office\nCOI - Conflict of Interest\nCTL - Center for Technology Licensing\nCVM Research Office\nCorporate Engagement\nEHS - Environmental Health & Safety & Risk Management\nExport Controls Office\nFAIM - Faculty Advancing Inclusive Mentoring\nIACUC - Institutional Animal Care and Use\nIBC - Institutional Biosafety Committee\nIRB - Institutional Review Board\nIT Security & Policy\nORIA - Office of Research Integrity and Assurance\nOSP - Office of Sponsored Programs & Research Development\nPRO - Pre-Award Research Operations\nR&I - Cornell Research & Innovation\nRAIS - Research Administration Information Services\nRCR - Responsible Conduct of Research\nRDBSC - Research Division Business Service Center\nResearch Development (ReD)\nResearch Division Human Resources\nResearch Security Office\nSFS - Sponsored Financial Services\nUniversity Policy Office\nWCM - Office of Sponsored Research Administration (OSRA)\nEssential Tools & Resources\nFind My GCO\nInstitutional Profile & DUNS\nRates and budgets\nJoin List Servs\nResearch Development (ReD) Services\nFind Your Next Funding Opportunity\nRegister for Federal and Non-Federal Systems\nDisclose Foreign Collaborations and Support\nWeb Financials (WebFin2)\nExternal\nPI Dashboard\nExternal\nResearch Financials (formerly RA Dashboard)\nExternal\nRASS\nExternal\nIACUC applications (Cayuse Animal Management System)\nIBC applications (RASS-IBC)\nIRB Applications (RASS-IRB)\nExternal\nReport external interests (RASS-COI)\nRASS Access Request Form\naskEHS\nExternal\nCornell Data Services\nExternal\nTravel Registry\nExternal\nInternational research activities\nExternal\nTraining\nResearch metrics and executive dashboards\nRates\nForms\nPolicies\nContacts\nTraining\nEvents\nNews & Announcements\nPart of\n© 2019 Cornell University\nWeb Accessibility Help\nWas this page helpful?\n×\n×\nStatus message\nSorry...This form is closed to new submissions.\nScroll"
}