{
    "URL location": "https://researchservices.cornell.edu/resources/payments-subrecipients-sponsored-projects",
    "Last modification date": "2025-04-18T03:27Z",
    "Change frequency": "monthly",
    "Priority": "0.8",
    "Scraped Text": "Payments to Subrecipients on Sponsored Projects | Cornell Research Services\nSkip to main content\nFind guidance on funding and agency updates during the federal government transition\n(\nupdated 4/16/2025\n)\nResearch Services\nResearch Services\nEssential Tools\nClose\nFind My GCO\nRASS\nExternal\nInstitutional Profile & DUNS\nIACUC applications (Cayuse Animal Management)\nFind Your Next Funding Opportunity\nIBC Applications (RASS-IBC)\nResearch Development (ReD) Services\nIRB Applications (RASS-IRB)\nExternal\nRates and budgets\nReport external interests (RASS-COI)\nJoin List Servs\nRASS Access Request Form\nAsk EHS\nExternal\nWeb Financials (WebFin2)\nExternal\nCornell Data Services\nExternal\nPI Dashboard\nExternal\nTravel Registry\nExternal\nResearch Financials (formerly RA Dashboard)\nExternal\nInternational research activities\nExternal\nRegister for Federal and Non-Federal Systems\nDisclose Foreign Collaborations and Support\nResearch metrics & executive dashboards\nTraining\nSearch\nResearch Services\nSearch\nHome\nPrepare a Proposal\nClose\nResearch Development Services\nSubawards in a Proposal\nFind Your Next Funding Opportunity\nDisclose Foreign Collaborations and Support\nProposal Development, Review, and Submission\nPlanning for Animals, Human Participants, r/sNA, Hazardous Materials, Radiation\nBudgets, Costs, and Rates\nCollaborate with Weill Cornell Medicine\nManage a Project\nClose\nAward Negotiation and Finalization\nTravel and International Activities\nProject Finances\nProject Modifications\nResearch Project Staffing\nGet Confidential Info, Data, Equipment, or Materials\nManaging Subawards\nAnimals, Human Participants, r/sNA, Hazardous Materials, Radiation\nClose a Project\nClose\nProject Closeout Financials\nProject Closeout\nEnd a Project Early\nCorporate Partnership & Innovation\nClose\nProtecting an Invention, Creation, Discovery\nEntrepreneurial and Startup Company Resources\nGateway to Partnership Program\nEngaging with Industry\nCompliance, Ethics, Safety\nClose\nResponsible Conduct of Research (RCR)\nExport Controls\nResearch with Human Participants\nResearch Security\nWork with Live Vertebrate Animals\nResearch Safety\nRegulated Biological Materials in Research\nFinancial Management\nConflicts of Interest\nBreadcrumb\nHome\nresources\nPayments to Subrecipients on Sponsored Projects\nAs required by the subaward, subrecipients will send invoices to the unit administrator, typically every quarter. Principal Investigators (PI) are primarily responsible, with assistance from department research administrators (DRA), for ensuring that sponsored funds are spent in accordance with regulations, policies, and award terms.\nWhere a project subcontracts (also known as subawards) work and funding to a subrecipient (also known as subawardee), the PI may be the only one aware of the subrecipient’s technical progress and whether a particular payment should be made.\nThe PI, therefore, should authorize payment and be given the opportunity to raise any concerns prior to payment.\nUnder normal situations payments must be made within 30 days.\nDelays required to resolve invoice concerns should be fully documented in the payment eDoc.\nFinal Invoice or Invoice from Elevated Risk Subrecipient\nThe Office of Sponsored Programs (OSP) and Sponsored Financial Services (SFS) determine if a\nsubaward or subrecipient is assessed as posing “elevated” risk\nand notify the department research administrator and PI of the risk determination and all actions required to manage this risk.\nNote\n: A designation of “elevated risk” is assigned following a review of subcontractor documentation related to financial status and financial management controls. A subcontractor will be deemed “elevated risk” if it is determined that they lack essential controls and thus pose an increased risk for non-compliance with technical or administrative requirements of the award. The designation is provided to allow the PI, the department research administrator, OSP and SFS to use additional caution in monitoring and during the review of invoices to ensure that procedures and subcontract terms are followed.\nThe department research administrator receives the subaward invoices. The department research administrator and PI have responsibilities. See\ndefinitions in the Roles and Responsibilities page\n.\nThe department research administrator provides the PI (or formal technical designee\n*\n) a copy of the invoice, any supporting documentation, and review instructions.\nThe PI (or designee) must review\n**\nand approve or disapprove the payment, by signing the invoice, e-mail notification, or other written means.\nThe department research administrator must obtain and this documentation attach it to the Disbursement Voucher (DV) eDoc when processed.\nAll Other Invoices (Not Final or Elevated Risk)\nThe department research administrator provides the PI (or formal technical designee\n*\n) a copy of the invoice, any supporting documentation, and review instructions.\nThe PI (or designee) must review the payment and notify the unit administrator within\nthree business days\nif there is any reason that the payment should not be made.\nIf no response is received by the department research administrator within three business days it is presumed that PI has no concerns with the payment. The DV eDoc note field or invoice must include the notation “PI notified, no issues communicated” or have attached any PI response.\n*\nThe PI may designate an individual on their project team to provide the technical review and approval. A designee must have sufficient responsibility within the project (for example, research associate, lab manager), technical understanding, and knowledge of subrecipient requirements and performance. Department research administrators are normally not technically qualified to assume this responsibility. Delegation must be documented in writing, noted in the Account Expense Guideline Text in Kuali Financial System (with the authorization attached to the ACCT document), and with a copy retained by the department research administrator.\n**\nThe purpose of PI review is to ensure that the subrecipient’s technical progress is aligned with the amount of the specific and cumulative invoice.  When approving the invoice the PI should be comfortable that:\nPerformance on the subaward as of the invoice date is satisfactory. If not, the PI should discuss this with the subrecipient.\nThe proportion of the overall subrecipient invoice is commensurate with the progress to date, or that the PI understands and agrees with a significant deviation. (For example, it is reasonable if 10% of the subaward has been billed, and the work is 10% complete or if front-loaded costs such as equipment result in a 25% expended / 10% completed ratio. However, a project 10% complete and 50% billed may be cause for concern).\nAll required technical progress reports or deliverables have been received and reviewed.\nNote\n: the PI should contact OSP if a sufficient lack of progress or deliverables could negatively impact the project, or if there are other significant  irregularities with the invoice.\nSample Invoices\nDownload Sample Cost Reimbursable Invoice\nDownload Sample Fixed Price Invoice\nThe subrecipient shall submit invoices for payment as outlined in the terms and conditions of their subaward.\nAll subrecipients\nshall certify on each invoice the costs are the actual costs as recorded in the subrecipient's records and as expended, or in accordance with a fixed price subaward, for the actual work performed per the agreement.\nFederally funded awards\nshall have a certification equivalent to that required under 2 CFR 200.415:\n[\nBy signing this report, I certify to the best of my knowledge and belief that the report is true, complete, and accurate, and the expenditures, disbursements and cash receipts are for the purposes and objectives set forth in the terms and conditions of the Federal award. I am aware that any false, fictitious, or fraudulent information, or the omission of any material fact, may subject me to criminal, civil or administrative penalties for fraud, false statements, false claims or otherwise. (U.S. Code Title 18, Section 1001 and Title 31, Sections\n3729-3730\nand\n3801-3812\n)\n].\nAll invoices must be approved by an individual with payment authority on the award\n. Such approval asserts that the PI has performed their required review.\nIn order to be eligible for reimbursement, invoices shall be for allowable, approved costs incurred in accordance with the terms of the agreement and shall indicate expenses for reimbursement by budget category, identifying the total project costs, the reimbursable costs and the subrecipient’s cost share pursuant to the submitted budget.\nAn authorized representative of the subrecipient shall certify on each invoice that the costs, including those requested for reimbursement and those shown as the subrecipient cost share, are the actual costs as recorded in subrecipient’s records and as expended for the work actually performed in accordance with the terms of the subaward.\n15\nResource\nProposing a Subaward\nResource\nSubawards: Roles and Responsibilities\nResource\nIssuing the Subaward Agreement\nResource\nAmendment to Subaward Agreements\nResource\nSubaward Closeout\nResource\nSubawards: Risk Assessment\nResource\nSubrecipient Monitoring: Financial and Technical\nResource\nFederal Demonstration Partnership (FDP) Expanded Clearinghouse Program\nForm\nSubcontractor Commitment Form\nProcess\nCollaborating with Weill Cornell Medicine\nSee All\nQuick Reference\nOffices\nCALS Sponsored Research Office\nCOI - Conflict of Interest\nCTL - Center for Technology Licensing\nCVM Research Office\nCorporate Engagement\nEHS - Environmental Health & Safety & Risk Management\nExport Controls Office\nFAIM - Faculty Advancing Inclusive Mentoring\nIACUC - Institutional Animal Care and Use\nIBC - Institutional Biosafety Committee\nIRB - Institutional Review Board\nIT Security & Policy\nORIA - Office of Research Integrity and Assurance\nOSP - Office of Sponsored Programs & Research Development\nPRO - Pre-Award Research Operations\nR&I - Cornell Research & Innovation\nRAIS - Research Administration Information Services\nRCR - Responsible Conduct of Research\nRDBSC - Research Division Business Service Center\nResearch Development (ReD)\nResearch Division Human Resources\nResearch Security Office\nSFS - Sponsored Financial Services\nUniversity Policy Office\nWCM - Office of Sponsored Research Administration (OSRA)\nEssential Tools & Resources\nFind My GCO\nInstitutional Profile & DUNS\nRates and budgets\nJoin List Servs\nResearch Development (ReD) Services\nFind Your Next Funding Opportunity\nRegister for Federal and Non-Federal Systems\nDisclose Foreign Collaborations and Support\nWeb Financials (WebFin2)\nExternal\nPI Dashboard\nExternal\nResearch Financials (formerly RA Dashboard)\nExternal\nRASS\nExternal\nIACUC applications (Cayuse Animal Management System)\nIBC applications (RASS-IBC)\nIRB Applications (RASS-IRB)\nExternal\nReport external interests (RASS-COI)\nRASS Access Request Form\naskEHS\nExternal\nCornell Data Services\nExternal\nTravel Registry\nExternal\nInternational research activities\nExternal\nTraining\nResearch metrics and executive dashboards\nRates\nForms\nPolicies\nContacts\nTraining\nEvents\nNews & Announcements\nPart of\n© 2019 Cornell University\nWeb Accessibility Help\nWas this page helpful?\n×\n×\nStatus message\nSorry...This form is closed to new submissions.\nScroll"
}