{
    "URL location": "https://researchservices.cornell.edu/policies/guide-conflict-managers-cmps-implemented-fcoi-committee",
    "Last modification date": "2025-04-18T03:27Z",
    "Change frequency": "monthly",
    "Priority": "0.8",
    "Scraped Text": "Guide for Conflict Managers for CMPs Implemented by the FCOI Committee | Cornell Research Services\nSkip to main content\nFind guidance on funding and agency updates during the federal government transition\n(\nupdated 4/16/2025\n)\nResearch Services\nResearch Services\nEssential Tools\nClose\nFind My GCO\nRASS\nExternal\nInstitutional Profile & DUNS\nIACUC applications (Cayuse Animal Management)\nFind Your Next Funding Opportunity\nIBC Applications (RASS-IBC)\nResearch Development (ReD) Services\nIRB Applications (RASS-IRB)\nExternal\nRates and budgets\nReport external interests (RASS-COI)\nJoin List Servs\nRASS Access Request Form\nAsk EHS\nExternal\nWeb Financials (WebFin2)\nExternal\nCornell Data Services\nExternal\nPI Dashboard\nExternal\nTravel Registry\nExternal\nResearch Financials (formerly RA Dashboard)\nExternal\nInternational research activities\nExternal\nRegister for Federal and Non-Federal Systems\nDisclose Foreign Collaborations and Support\nResearch metrics & executive dashboards\nTraining\nSearch\nResearch Services\nSearch\nHome\nPrepare a Proposal\nClose\nResearch Development Services\nSubawards in a Proposal\nFind Your Next Funding Opportunity\nDisclose Foreign Collaborations and Support\nProposal Development, Review, and Submission\nPlanning for Animals, Human Participants, r/sNA, Hazardous Materials, Radiation\nBudgets, Costs, and Rates\nCollaborate with Weill Cornell Medicine\nManage a Project\nClose\nAward Negotiation and Finalization\nTravel and International Activities\nProject Finances\nProject Modifications\nResearch Project Staffing\nGet Confidential Info, Data, Equipment, or Materials\nManaging Subawards\nAnimals, Human Participants, r/sNA, Hazardous Materials, Radiation\nClose a Project\nClose\nProject Closeout Financials\nProject Closeout\nEnd a Project Early\nCorporate Partnership & Innovation\nClose\nProtecting an Invention, Creation, Discovery\nEntrepreneurial and Startup Company Resources\nGateway to Partnership Program\nEngaging with Industry\nCompliance, Ethics, Safety\nClose\nResponsible Conduct of Research (RCR)\nExport Controls\nResearch with Human Participants\nResearch Security\nWork with Live Vertebrate Animals\nResearch Safety\nRegulated Biological Materials in Research\nFinancial Management\nConflicts of Interest\nBreadcrumb\nHome\nPolicies\nGuide for Conflict Managers for CMPs Implemented by the FCOI Committee\nApplicable to the Ithaca Campus\nThis is an approved guidance document, detailing the role and responsibilities of Conflict Managers, who are responsible for overseeing c\nompliance with conflict management plans.\nIntroduction\nUnder Cornell\nPolicy 1.7\n, a Financial Conflict of Interest (FCOI) arises when an individual’s financial interest or other opportunity for personal financial gain, is likely to or may appear likely to compromise or influence the objective design, conduct, reporting, or direct administration of research.  The faculty\nFinancial Conflict of Interest Committee\n(FCOIC) is charged with ensuring that real or apparent FCOIs are identified, that appropriate measures are taken to address the risk or appearance of bias in research, and to assure that University policies and guidelines that govern any outside engagement of academic personnel are followed, while allowing personal financial and professional freedom of the individual whose conflicts are being managed.  FCOIs are addressed by implementing a\nConflict Management Plan (CMP)\n.\nA critical step in managing any FCOI is the appointment of a Conflict Manager (CM).  It is the duty of the CM to oversee compliance with the CMP, serve as a resource for the individual whose conflict is under management, and act as a liaison to the Conflict of Interest office.\nWho may serve as a Conflict Manager\nThe FCOIC implements a CMP and appoints a CM for each individual whose external interests may present a FCOI. Typically, the Chair of a Cornell department is asked to serve as the CM for any CMP involving individuals in his or her department.  If, however, the Chair has a relationship with the entity described in the CMP (for example, a financial interest or an advisory role) or participates directly in the research covered by the CMP (for example, as a collaborator, advisor, or reviewer), then in consultation with the college leadership and the managed individual, the FCOIC may call upon another senior member of the faculty or staff, unaffiliated with the research or the external entity, to serve as the CM.\nRole of the Conflict Manager\nIt is the role of the CM to oversee compliance with the CMP and serve as a resource for the individual whose conflicts are under management, as well as to staff and students affected by the research.  This guidance outlines the specific responsibilities of a CM, however recognizing that it is not possible to cover every possible instance that may arise in the course of managing a conflict, CMs should consult with the Cornell COI office for guidance on specific matters.\nSpecific duties of the CM are as follows:\nensure that appropriate disclosures have been made to students, employees, collaborators, publishers, and in conferences as required in the CMP;\nmeet with the managed individual’s students annually to discuss any concerns related to the managed relationship;\nmeet with the managed individual annually or as required by the FCOIC, to assess compliance with the terms of the CMP;\nsubmit an annual report of compliance with the terms of the CMP, including a copy of the completed checklist included in the CMP, to the FCOIC;\nserve as a liaison between the FCOIC and the managed individual to implement any changes to the CMP that are required due to changes in circumstances or relationship between the managed individual and the entity, or between their research and the entity;\nreview and approve any proposed purchases of products or services by the managed individual or his or her staff or students, from the entity;\nreport to the COI office any concerns raised by students, employees, or collaborators concerning the FCOI managed under the CMP or research that is related to the managed entity, and partner with the FCOIC as necessary to address and resolve those concerns\nIf the entity seeks to sponsor Cornell research under the supervision of the managed individual, the CM may be required to provide additional oversight, such as:\nreview and sign-off on budget expenditures and budget reports for Cornell research that is sponsored by the managed entity;\nif the managed individual acts as the Chair or member of the Special Committee of any graduate student who will be working on projects funded by the managed entity, meet with the Special Committee at the initiation of the project or within 30 days of the execution of the CMP to make sure that all members are made aware of and review the CMP, and are aware of their responsibility to take adequate measures to protect the student’s progress and ability to publish and meet degree requirements;\nif the FCOIC requires the appointment of a Co-PI for an entity-sponsored project, assist in identifying an appropriate person to serve as the Co-PI and ensure that the Co-PI is able to execute his/her responsibilities to the project as required by the sponsor and the FCOIC\nIf the managed individual seeks to issue a sub-award to the entity with which s/he has the managed relationship, the CM will:\nReview and approve any increases over $5,000 in sub-award funding to the entity\nAdditional Information\nFor additional information about the role of the Conflict Manager, please contact the\nCOI Office\n.\nQuick Reference\nOffices\nCALS Sponsored Research Office\nCOI - Conflict of Interest\nCTL - Center for Technology Licensing\nCVM Research Office\nCorporate Engagement\nEHS - Environmental Health & Safety & Risk Management\nExport Controls Office\nFAIM - Faculty Advancing Inclusive Mentoring\nIACUC - Institutional Animal Care and Use\nIBC - Institutional Biosafety Committee\nIRB - Institutional Review Board\nIT Security & Policy\nORIA - Office of Research Integrity and Assurance\nOSP - Office of Sponsored Programs & Research Development\nPRO - Pre-Award Research Operations\nR&I - Cornell Research & Innovation\nRAIS - Research Administration Information Services\nRCR - Responsible Conduct of Research\nRDBSC - Research Division Business Service Center\nResearch Development (ReD)\nResearch Division Human Resources\nResearch Security Office\nSFS - Sponsored Financial Services\nUniversity Policy Office\nWCM - Office of Sponsored Research Administration (OSRA)\nEssential Tools & Resources\nFind My GCO\nInstitutional Profile & DUNS\nRates and budgets\nJoin List Servs\nResearch Development (ReD) Services\nFind Your Next Funding Opportunity\nRegister for Federal and Non-Federal Systems\nDisclose Foreign Collaborations and Support\nWeb Financials (WebFin2)\nExternal\nPI Dashboard\nExternal\nResearch Financials (formerly RA Dashboard)\nExternal\nRASS\nExternal\nIACUC applications (Cayuse Animal Management System)\nIBC applications (RASS-IBC)\nIRB Applications (RASS-IRB)\nExternal\nReport external interests (RASS-COI)\nRASS Access Request Form\naskEHS\nExternal\nCornell Data Services\nExternal\nTravel Registry\nExternal\nInternational research activities\nExternal\nTraining\nResearch metrics and executive dashboards\nRates\nForms\nPolicies\nContacts\nTraining\nEvents\nNews & Announcements\nPart of\n© 2019 Cornell University\nWeb Accessibility Help\nWas this page helpful?\n×\n×\nStatus message\nSorry...This form is closed to new submissions.\nScroll"
}