{
    "URL location": "https://researchservices.cornell.edu/resources/regulated-biological-materials-frequently-asked-questions",
    "Last modification date": "2025-04-18T03:27Z",
    "Change frequency": "monthly",
    "Priority": "0.8",
    "Scraped Text": "Regulated Biological Materials Frequently Asked Questions | Cornell Research Services\nSkip to main content\nFind guidance on funding and agency updates during the federal government transition\n(\nupdated 4/16/2025\n)\nResearch Services\nResearch Services\nEssential Tools\nClose\nFind My GCO\nRASS\nExternal\nInstitutional Profile & DUNS\nIACUC applications (Cayuse Animal Management)\nFind Your Next Funding Opportunity\nIBC Applications (RASS-IBC)\nResearch Development (ReD) Services\nIRB Applications (RASS-IRB)\nExternal\nRates and budgets\nReport external interests (RASS-COI)\nJoin List Servs\nRASS Access Request Form\nAsk EHS\nExternal\nWeb Financials (WebFin2)\nExternal\nCornell Data Services\nExternal\nPI Dashboard\nExternal\nTravel Registry\nExternal\nResearch Financials (formerly RA Dashboard)\nExternal\nInternational research activities\nExternal\nRegister for Federal and Non-Federal Systems\nDisclose Foreign Collaborations and Support\nResearch metrics & executive dashboards\nTraining\nSearch\nResearch Services\nSearch\nHome\nPrepare a Proposal\nClose\nResearch Development Services\nSubawards in a Proposal\nFind Your Next Funding Opportunity\nDisclose Foreign Collaborations and Support\nProposal Development, Review, and Submission\nPlanning for Animals, Human Participants, r/sNA, Hazardous Materials, Radiation\nBudgets, Costs, and Rates\nCollaborate with Weill Cornell Medicine\nManage a Project\nClose\nAward Negotiation and Finalization\nTravel and International Activities\nProject Finances\nProject Modifications\nResearch Project Staffing\nGet Confidential Info, Data, Equipment, or Materials\nManaging Subawards\nAnimals, Human Participants, r/sNA, Hazardous Materials, Radiation\nClose a Project\nClose\nProject Closeout Financials\nProject Closeout\nEnd a Project Early\nCorporate Partnership & Innovation\nClose\nProtecting an Invention, Creation, Discovery\nEntrepreneurial and Startup Company Resources\nGateway to Partnership Program\nEngaging with Industry\nCompliance, Ethics, Safety\nClose\nResponsible Conduct of Research (RCR)\nExport Controls\nResearch with Human Participants\nResearch Security\nWork with Live Vertebrate Animals\nResearch Safety\nRegulated Biological Materials in Research\nFinancial Management\nConflicts of Interest\nBreadcrumb\nHome\nresources\nRegulated Biological Materials Frequently Asked Questions\nFrequently asked questions about the IBC, r/sNA, biohazards, ESCRO, human embryonic stem cells, Dual Use Research of concern and other materials involved in research.\nThis page consists of a series of Frequently asked questions about materials used in research that require additional reviews for safety and compliance with Federal regulations.\nIBC Process and Function\nExpand All\nWhen do I need to submit applications by?\n​​​​​​​\nNew applications must be submitted by the second Tuesday of the month prior to the month of desired approval to accommodate review and meeting schedules (Ex. For anticipated March approve, the application would need to be submitted by the second Tuesday of February). Amendments are reviewed and approved on a rolling basis. Please check the\nsubmission schedule\nfor specific dates.\nWhy hasn’t my application been approved yet?\n​​​​​​\nThere could be multiple reasons which include but are not limited to: the application needs to be reviewed at the monthly IBC meeting, your application is still being reviewed by the committee, the committee is waiting on clarification from you. To get a status update please reach out to\ncu_ibc@cornell.edu\nfor the most up to date information on the status of your application.\nWhen does the IBC committee meet?\nThe IBC meets on a monthly basis.\nCheck the meeting schedule\nfor important dates.\nWho can I talk to about my research and what regulations apply?\n​​​​\nThe IBC staff are happy to talk with you about your research and figure out what regulations apply and help with the next steps. Reach out to\ncu_ibc@cornell.edu\nto set up a meeting with the IBC staff.\nWhy is the IBC requesting revisions to my applications?\n​​​​​\nThe IBC is charged with reviewing and approving research activities for safety and compliance with Federal and State regulations. The IBC is comprised of a group of professionals and faculty who have expertise in practices and procedures that promote safety. The committee is requesting clarification or a modified practice as these increase the safety of research personnel, the environment, or align with regulatory requirements. If you have questions about requested revisions or need clarification in what a requested revision is asking, please reach out to\ncu_ibc@cornell.edu\nNIH Guidelines for r/sNA\nExpand All\nWhat are the NIH guidelines for r/sNA?\nThe\nNIH Guidelines for r/sNA\nare Federal requirements established by the National Institute of Health. They require institutions conducting or sponsoring research using recombinant or synthetic nucleic acid molecules (r/sNA) adhere to practices that promote the safety of individuals working with these materials and prevent the spread of these materials to the environment. This document also requires that institutions form an Institutional Biosafety Committee (IBC) and charge that committee with the oversight responsibilities for research that falls within the guidelines.\nThey are guidelines, do I really have to follow them?\n​​​​​​\nYes, though the term used is guidelines, they are required as a term and condition of receiving NIH funding. Violations of the NIH guidelines or lack of adherence to them can result in an institutions loss of all NIH funding and any future opportunities for it.\nFAQ to the NIH Office of Science Policy about r/sNA work\nThe NIH Office of Science Policy is charged with overseeing and answering questions regarding the NIH guidelines for r/sNA. Their website contains a series of important\nFrequently Asked Questions\n.\nHuman Embryonic Stem Cells (hESC) in Research\nExpand All\nWhat research would qualify as human embryonic stem cell?\n​​​​​\nResearch involving pluripotent stem cells derived from early stage human embryos, up to and including the blastocyst stage that are capable of dividing without differentiating for prolonged periods of time in culture and are known to develop into cells and tissues of the three primary germ layers.\nHow does Cornell handle research with hESC?\n​​​​​​\nCornell has established an Embryonic Stem Cell Research Oversight (ESCRO) committee to oversee the review and adherence to of research activities involving human embryonic stem cells.\nHow does the ESCRO process work?\nThe ESCRO process consists of a separate application that collects information about the research activities involving hESC. The research activities are reviewed by a committee of individuals with expertise in regulation and the science of hESCs. This committee will determine if the proposed research is allowed within the regulations and will propose any modifications needed to adhere to these requirements. For more information please refer to our\nESCRO website\n.\nIf I have questions who can I talk to?\n​​​​​\nPlease reach out to the IBC administrator at\ncu_ibc@cornell.edu\nfor questions about hESCs or ESCRO.\nAre all Stem cells human embryonic stem cells?\nNo, there are multiple cell lines that are considered stem cells that do not fall within hESC regulations. Human Induced Pluripotent Stem Cells (iPSCs) and all other animal stem cells do not qualify as hESCs.\nDual Use Research of Concern (DURC)\nExpand All\nWhat is Dual Use Research of Concern?\n​​​​​​\nDual Use Research of Concern (DURC)\nis life sciences research that, based on current understanding, can be reasonably anticipated to provide knowledge, information, products, or technologies that could be directly misapplied to pose a significant threat with broad potential consequences to public health and safety, agricultural crops and other plants, animals, the environment, materiel, or national security. The United States Government’s oversight of DURC is aimed at preserving the benefits of life sciences research while minimizing the risk of misuse of the knowledge, information, products, or technologies provided by such research.\nHow does Cornell handle research that is classified as DURC?\nCornell handles potential DURC research through a combination of review by our IBC and our Institutional Review Entity (IRE). Our IBC will identify research with infectious agents that may fall with DURC and then refer these projects to our IRE for further review and compliance the USO DURC policy. For further information about our procedure please go to our\nCornell DURC website\n.\nWhat do I need to do if I think my research could be considered DURC?\n​​​​​\nIf you believe your research constitutes DURC or a funding agency has identified your work as DURC, please contact\ncu_ibc@cornell.edu\n. The IBC administrator will get you started on working through the DURC process.\nWhere do I go if I have questions?\n​​​​​​\nThe best place to start is with an IBC administrator at\ncu_ibc@cornell.edu\n11\nProcess\nRegulated Biological Materials in Research\nResource\nMUA Submission Deadline and IBC Meeting Dates\nEvent\nMay IBC Meeting\nResource\nIBC Application Submission, Review and Approval\nResource\nGet Started with Recombinant or Synthetic Nucleic Acid Molecules (r/sNA) or Other Biohazardous Agents\nResource\nHuman Embryonic Stem Cell Research Oversight Committee (ESCRO)\nResource\nReport an Incident or Exposure to Recombinant or Biohazardous Materials\nTraining\nWork with Bloodborne Pathogens and Training Requirements\nResource\nInstitutional Biosafety Committee (IBC)\nOffice\nInstitutional Biosafety Committee (IBC) Office\nResource\nPolicies, Permits, and Resources for the IBC\nQuick Reference\nOffices\nCALS Sponsored Research Office\nCOI - Conflict of Interest\nCTL - Center for Technology Licensing\nCVM Research Office\nCorporate Engagement\nEHS - Environmental Health & Safety & Risk Management\nExport Controls Office\nFAIM - Faculty Advancing Inclusive Mentoring\nIACUC - Institutional Animal Care and Use\nIBC - Institutional Biosafety Committee\nIRB - Institutional Review Board\nIT Security & Policy\nORIA - Office of Research Integrity and Assurance\nOSP - Office of Sponsored Programs & Research Development\nPRO - Pre-Award Research Operations\nR&I - Cornell Research & Innovation\nRAIS - Research Administration Information Services\nRCR - Responsible Conduct of Research\nRDBSC - Research Division Business Service Center\nResearch Development (ReD)\nResearch Division Human Resources\nResearch Security Office\nSFS - Sponsored Financial Services\nUniversity Policy Office\nWCM - Office of Sponsored Research Administration (OSRA)\nEssential Tools & Resources\nFind My GCO\nInstitutional Profile & DUNS\nRates and budgets\nJoin List Servs\nResearch Development (ReD) Services\nFind Your Next Funding Opportunity\nRegister for Federal and Non-Federal Systems\nDisclose Foreign Collaborations and Support\nWeb Financials (WebFin2)\nExternal\nPI Dashboard\nExternal\nResearch Financials (formerly RA Dashboard)\nExternal\nRASS\nExternal\nIACUC applications (Cayuse Animal Management System)\nIBC applications (RASS-IBC)\nIRB Applications (RASS-IRB)\nExternal\nReport external interests (RASS-COI)\nRASS Access Request Form\naskEHS\nExternal\nCornell Data Services\nExternal\nTravel Registry\nExternal\nInternational research activities\nExternal\nTraining\nResearch metrics and executive dashboards\nRates\nForms\nPolicies\nContacts\nTraining\nEvents\nNews & Announcements\nPart of\n© 2019 Cornell University\nWeb Accessibility Help\nWas this page helpful?\n×\n×\nStatus message\nSorry...This form is closed to new submissions.\nScroll"
}