{
    "URL location": "https://researchservices.cornell.edu/resources/subawards-roles-and-responsibilities",
    "Last modification date": "2025-04-18T03:27Z",
    "Change frequency": "monthly",
    "Priority": "0.8",
    "Scraped Text": "Subawards: Roles and Responsibilities | Cornell Research Services\nSkip to main content\nFind guidance on funding and agency updates during the federal government transition\n(\nupdated 4/16/2025\n)\nResearch Services\nResearch Services\nEssential Tools\nClose\nFind My GCO\nRASS\nExternal\nInstitutional Profile & DUNS\nIACUC applications (Cayuse Animal Management)\nFind Your Next Funding Opportunity\nIBC Applications (RASS-IBC)\nResearch Development (ReD) Services\nIRB Applications (RASS-IRB)\nExternal\nRates and budgets\nReport external interests (RASS-COI)\nJoin List Servs\nRASS Access Request Form\nAsk EHS\nExternal\nWeb Financials (WebFin2)\nExternal\nCornell Data Services\nExternal\nPI Dashboard\nExternal\nTravel Registry\nExternal\nResearch Financials (formerly RA Dashboard)\nExternal\nInternational research activities\nExternal\nRegister for Federal and Non-Federal Systems\nDisclose Foreign Collaborations and Support\nResearch metrics & executive dashboards\nTraining\nSearch\nResearch Services\nSearch\nHome\nPrepare a Proposal\nClose\nResearch Development Services\nSubawards in a Proposal\nFind Your Next Funding Opportunity\nDisclose Foreign Collaborations and Support\nProposal Development, Review, and Submission\nPlanning for Animals, Human Participants, r/sNA, Hazardous Materials, Radiation\nBudgets, Costs, and Rates\nCollaborate with Weill Cornell Medicine\nManage a Project\nClose\nAward Negotiation and Finalization\nTravel and International Activities\nProject Finances\nProject Modifications\nResearch Project Staffing\nGet Confidential Info, Data, Equipment, or Materials\nManaging Subawards\nAnimals, Human Participants, r/sNA, Hazardous Materials, Radiation\nClose a Project\nClose\nProject Closeout Financials\nProject Closeout\nEnd a Project Early\nCorporate Partnership & Innovation\nClose\nProtecting an Invention, Creation, Discovery\nEntrepreneurial and Startup Company Resources\nGateway to Partnership Program\nEngaging with Industry\nCompliance, Ethics, Safety\nClose\nResponsible Conduct of Research (RCR)\nExport Controls\nResearch with Human Participants\nResearch Security\nWork with Live Vertebrate Animals\nResearch Safety\nRegulated Biological Materials in Research\nFinancial Management\nConflicts of Interest\nBreadcrumb\nHome\nresources\nSubawards: Roles and Responsibilities\nProposing and managing a subaward is a shared responsibility.\nRoles\nPrincipal Investigator\nUnit Administrator\nGrant and Contract Officer (OSP)\nSubaward Team (OSP)\nSponsored Financial Services (SFS)\nSubrecipient\nPrincipal Investigators (PIs) Primary Responsibilities\nProposal\nEstablish and maintain communication with subrecipients during proposal preparation and submission.\nAward\nOversee subrecipient compliance with subaward terms and conditions.\nEnsure technical performance goals are achieved and aligned with subrecipient's statement of work.\nEnsure technical deliverables identified in subrecipient statement of work are complete and received in a timely manner, and work with the unit administrator to have receipt recorded in RASS.\nReview subrecipient invoices as an indication of PI's acknowledgment that subrecipient's technical progress is aligned with invoiced charges.\nDiscuss poor performance or non-performance, or other problems relating to the subrecipient's performance under the subaward with subrecipients and with the Subaward Team as they arise.\nApprove requests for annual increments of funding for multi-year subawards.\nUnit Administrators Primary Responsibilities\nProposal\nAssist PIs with the subrecipient proposals to be included in the Cornell proposal to sponsor (statement of work, budget, budget justification, FDP Institutional Letter of Commitment, or Subrecipient Commitment Form signed by the subrecipient's Authorized Organization Official).\nAward\nInitiate subaward request via RASS after the prime award is fully executed and distributed.\nRequest, receive, and review subrecipient invoices to ensure:\nCompliance with subaward terms and conditions.\nCosts are aligned with subrecipient's proposal (budget and statement of work).\nCosts are allowable, allocable, and reasonable.\nF&A is calculated correctly, and in accordance with the subaward terms.\nAll costs were incurred within the period of performance of the subaward.\nSubrecipient expenses are aligned with subrecipient technical progress.\nCost-sharing commitments (if applicable) are met by the subrecipient.\nThe correct subaward number is identified on the invoice.\nThe invoice has a certification statement that the costs for reimbursement and any corresponding cost-sharing are the actual costs as recorded by subrecipient and expended for the work performed in accordance with the terms of the subaward.\nThe invoice is signed by an Authorized Institutional Official.\nThe invoice is correctly marked \"Final\" if it is the final invoice.\nThe\ninvoice is reviewed by the Cornell PI according to the procedure outlined\n.\nRequest clarification from the subrecipient for invoiced charges if any are unusual, unreasonable, unallowable, or unallocable. If explanations are insufficient, request detailed justifications from subrecipient to verify the appropriateness and reasonableness of the charges in question.\nDiscuss subrecipient poor compliance or non-compliance with subaward terms and conditions with the Subaward Team.\nSend signed, reviewed, and approved subrecipient invoices to the service center for processing payment in Kuali Financial System (KFS). This should normally be done within 30 days of invoice receipt, and any delay should be documented in an eDoc comment.\nAssist PIs in carrying out their subrecipient monitoring responsibilities.\nMaintain documentation of subrecipient monitoring efforts.\nSubmit requests to the Subaward Team via RASS to modify existing subaward (additional time, money, etc.).\nAssist PIs with requests for annual increments of funding on multi-year subawards.\nObtain required reports/deliverables from the subrecipient for PI review and update the date the reports/deliverables were received from the subrecipient in RASS.\nGrant and Contract Officers (Office of Sponsored Programs) Primary Responsibilities\nProposal\nReview subrecipient proposals prior to proposal submission when received by the GCO with sufficient time to complete a full review.\nMake subrecipient vs contractor determination based on characteristics outlined in\n2 CFR 200.331\nSubrecipient and contractor determinations).\nAssess the level of subrecipient risk prior to submitting the proposal to the prime sponsor.\nAward\nDistribute the prime award in RASS including the Subaward Team in the notification to alert the Subaward Team that subawards are included in the project.\nSubaward Team (Office of Sponsored Programs) Primary Responsibilities\nSubaward\nDetermine the appropriate type of subaward to issue.\nConsult with SFS to determine what additional subaward terms and conditions are to be included for elevated-risk subrecipients.\nEnsure that information required by\n2 CFR 200.332\n(Requirements for pass-through entities) is included in the subaward agreement when a prime award is from a Federal Prime Sponsor (direct or flow through). Negotiate the terms of the subagreement with the subrecipient.\nConsult with the prime award GCO, SFS, Risk Management, etc., as required.\nIdentify subrecipients who have been suspended or debarred from receiving federal funding, identified as terrorist entities, or associated with terrorist entities.\nReview Single Audit reports or other audited financial reports of subrecipients, forwarding those with findings related to, or potentially affecting, Cornell subawards and other audited and/or unaudited financial reports to SFS for their review.\nDetermine the need for and implement recovery and/or adjustment of Cornell’s records, when findings specific to a Cornell subaward exist.\nEnsure each subrecipient completes a profile questionnaire prior to issuing a subagreement.\nGather associated documentation from subrecipients: certificate(s) of insurance, compliance approval certifications, etc.\nRequest and review annual audit reports of subrecipients during the life of the subaward agreement.\nReceive executed subawards from subrecipients, and reviews the subagreement to ensure that no changes were made to the subagreement terms before obtaining the Cornell signature and providing a fully executed copy of the subagreement to the subrecipient.\nDistribute fully executed subawards via RASS.\nNotify PI(s), Co-PI(s), Unit RA(s), and SFS when additional post-award subrecipient monitoring is required for elevated-risk subrecipients.\nSponsored Financial Services (SFS) Primary Responsibilities\nReview Single Audit reports and/or other audited/unaudited financial reports of proposed subrecipients in collaboration with the Subaward Team and provide recommendations for the risk level of the subrecipient based on the financial position/findings.\nEstablish subaccounts for subawards.\nRecord the budget for subaward obligation in the general ledger.\nReview the submitted KFS financial eDoc for subaward payment.\nSubrecipient Primary Responsibilities\nProposal\nSubmit FDP Institutional letter of Commitment, or Subrecipient Commitment Form signed by an authorized institutional official, a statement of work, budget, negotiated rate agreement, and employee benefit rate agreement if applicable, letters of institutional approval if human participants or vertebrate animals are involved in the proposed work.\nComplete a subrecipient profile questionnaire and other documentation requested to assess subrecipient risk.\nReview, negotiate, and execute the subaward.\nAward\nComply with terms and conditions of subaward and prime award (as applicable) terms and conditions.\nSubmit invoices according to timetable and form outlined in the subaward.\nSubmit Technical Progress Reports and other reports and/or deliverables as outlined in the subaward.\nRequest changes to subaward when necessary.\n13\nProcess\nCollaborating with Weill Cornell Medicine\nContact\nTammy Wildenstein - Subaward Officer | Federal Team\nProcess\nSubawards in a Proposal\nProcess\nManaging Subawards\nResource\nSubaward FAQs\nResource\nProposing a Subaward\nForm\nSubcontractor Commitment Form\nResource\nIssuing the Subaward Agreement\nResource\nFederal Demonstration Partnership (FDP) Expanded Clearinghouse Program\nResource\nSubawards: Risk Assessment\nResource\nPayments to Subrecipients on Sponsored Projects\nSee All\nQuick Reference\nOffices\nCALS Sponsored Research Office\nCOI - Conflict of Interest\nCTL - Center for Technology Licensing\nCVM Research Office\nCorporate Engagement\nEHS - Environmental Health & Safety & Risk Management\nExport Controls Office\nFAIM - Faculty Advancing Inclusive Mentoring\nIACUC - Institutional Animal Care and Use\nIBC - Institutional Biosafety Committee\nIRB - Institutional Review Board\nIT Security & Policy\nORIA - Office of Research Integrity and Assurance\nOSP - Office of Sponsored Programs & Research Development\nPRO - Pre-Award Research Operations\nR&I - Cornell Research & Innovation\nRAIS - Research Administration Information Services\nRCR - Responsible Conduct of Research\nRDBSC - Research Division Business Service Center\nResearch Development (ReD)\nResearch Division Human Resources\nResearch Security Office\nSFS - Sponsored Financial Services\nUniversity Policy Office\nWCM - Office of Sponsored Research Administration (OSRA)\nEssential Tools & Resources\nFind My GCO\nInstitutional Profile & DUNS\nRates and budgets\nJoin List Servs\nResearch Development (ReD) Services\nFind Your Next Funding Opportunity\nRegister for Federal and Non-Federal Systems\nDisclose Foreign Collaborations and Support\nWeb Financials (WebFin2)\nExternal\nPI Dashboard\nExternal\nResearch Financials (formerly RA Dashboard)\nExternal\nRASS\nExternal\nIACUC applications (Cayuse Animal Management System)\nIBC applications (RASS-IBC)\nIRB Applications (RASS-IRB)\nExternal\nReport external interests (RASS-COI)\nRASS Access Request Form\naskEHS\nExternal\nCornell Data Services\nExternal\nTravel Registry\nExternal\nInternational research activities\nExternal\nTraining\nResearch metrics and executive dashboards\nRates\nForms\nPolicies\nContacts\nTraining\nEvents\nNews & Announcements\nPart of\n© 2019 Cornell University\nWeb Accessibility Help\nWas this page helpful?\n×\n×\nStatus message\nSorry...This form is closed to new submissions.\nScroll"
}