{
    "URL location": "https://researchservices.cornell.edu/resources/human-participant-data",
    "Last modification date": "2025-04-18T03:27Z",
    "Change frequency": "monthly",
    "Priority": "0.8",
    "Scraped Text": "IRB Considerations: Human Participant Data, Data Sets and Internet Research | Cornell Research Services\nSkip to main content\nFind guidance on funding and agency updates during the federal government transition\n(\nupdated 4/16/2025\n)\nResearch Services\nResearch Services\nEssential Tools\nClose\nFind My GCO\nRASS\nExternal\nInstitutional Profile & DUNS\nIACUC applications (Cayuse Animal Management)\nFind Your Next Funding Opportunity\nIBC Applications (RASS-IBC)\nResearch Development (ReD) Services\nIRB Applications (RASS-IRB)\nExternal\nRates and budgets\nReport external interests (RASS-COI)\nJoin List Servs\nRASS Access Request Form\nAsk EHS\nExternal\nWeb Financials (WebFin2)\nExternal\nCornell Data Services\nExternal\nPI Dashboard\nExternal\nTravel Registry\nExternal\nResearch Financials (formerly RA Dashboard)\nExternal\nInternational research activities\nExternal\nRegister for Federal and Non-Federal Systems\nDisclose Foreign Collaborations and Support\nResearch metrics & executive dashboards\nTraining\nSearch\nResearch Services\nSearch\nHome\nPrepare a Proposal\nClose\nResearch Development Services\nSubawards in a Proposal\nFind Your Next Funding Opportunity\nDisclose Foreign Collaborations and Support\nProposal Development, Review, and Submission\nPlanning for Animals, Human Participants, r/sNA, Hazardous Materials, Radiation\nBudgets, Costs, and Rates\nCollaborate with Weill Cornell Medicine\nManage a Project\nClose\nAward Negotiation and Finalization\nTravel and International Activities\nProject Finances\nProject Modifications\nResearch Project Staffing\nGet Confidential Info, Data, Equipment, or Materials\nManaging Subawards\nAnimals, Human Participants, r/sNA, Hazardous Materials, Radiation\nClose a Project\nClose\nProject Closeout Financials\nProject Closeout\nEnd a Project Early\nCorporate Partnership & Innovation\nClose\nProtecting an Invention, Creation, Discovery\nEntrepreneurial and Startup Company Resources\nGateway to Partnership Program\nEngaging with Industry\nCompliance, Ethics, Safety\nClose\nResponsible Conduct of Research (RCR)\nExport Controls\nResearch with Human Participants\nResearch Security\nWork with Live Vertebrate Animals\nResearch Safety\nRegulated Biological Materials in Research\nFinancial Management\nConflicts of Interest\nBreadcrumb\nHome\nresources\nIRB Considerations: Human Participant Data, Data Sets and Internet Research\nWhether you are working with an existing data set collected by another researcher, storing data you yourself have collected from human research participants, or conducting Internet- or app-based research, you must take adequate steps to protect the privacy and confidentiality of research data.\nResearch with human participants frequently involves analysis or collection of personal identifying information (\"identifiers\").  In reviewing proposed human participant research, the IRB will consider whether data to be analyzed or collected by the researcher could be stigmatizing, result in criminal or civil liability, damage financial standing, employability, insurability, or reputation, result in stolen identity, or otherwise pose a threat to an individual’s privacy or confidentiality.  If so, the researcher should describe steps they will take to ensure that such information is kept secure.\nBroadly, human participant research should be planned with the following in mind:\nEn\nsuring that the informed consent process adequately and accurately explains to potential participants about possible risks of participation, including any risk that their personal data may be compromised.\nAppropriately\nsafeguarding the privacy or confidentiality of information obtained from or about human participants, and documenting these procedures in the protocol application and consent form\n.\nMinimizing\npotential risks to participants, including risks associated with accidental or malicious security breaches.\nResources\nData Storage Finder tool\n: the Cornell Data Services group (formerly Research Data Management Services Group--RDMSG) operates this online tool to help you select an appropriate method for collecting and storing your research data\nRegulated Data Chart\n: from IT@Cornell, this tool provides guidance to help you choose appropriate technology tools for sending, storing, and sharing institutional information\nRelevant IRB policies and guidance:\nResearch Involving Existing or Secondary Data\nComputer- and Internet-Based Survey Research\nUse of Social Networking Sites and Mobile Devices for Human Participant Research\nUsing HIPAA Data for Research\n14\nNews\nGDPR: European Data Regulation Impacts Research\nResource\nAbout the IRB Committee\nResource\nThe Life Cycle of an IRB Protocol\nResource\nIRB Announcements & Newsletters\nProcess\nResearch with Human Participants\nResource\nIRB Informed Consent\nResource\nIRB Training\nResource\nIRB Biomedical Research\nResource\nIRB Considerations for International Research\nResource\nIRB Considerations for Clinical Trials\nResource\nMulti-site and Collaborative IRB Research\nSee All\nQuick Reference\nOffices\nCALS Sponsored Research Office\nCOI - Conflict of Interest\nCTL - Center for Technology Licensing\nCVM Research Office\nCorporate Engagement\nEHS - Environmental Health & Safety & Risk Management\nExport Controls Office\nFAIM - Faculty Advancing Inclusive Mentoring\nIACUC - Institutional Animal Care and Use\nIBC - Institutional Biosafety Committee\nIRB - Institutional Review Board\nIT Security & Policy\nORIA - Office of Research Integrity and Assurance\nOSP - Office of Sponsored Programs & Research Development\nPRO - Pre-Award Research Operations\nR&I - Cornell Research & Innovation\nRAIS - Research Administration Information Services\nRCR - Responsible Conduct of Research\nRDBSC - Research Division Business Service Center\nResearch Development (ReD)\nResearch Division Human Resources\nResearch Security Office\nSFS - Sponsored Financial Services\nUniversity Policy Office\nWCM - Office of Sponsored Research Administration (OSRA)\nEssential Tools & Resources\nFind My GCO\nInstitutional Profile & DUNS\nRates and budgets\nJoin List Servs\nResearch Development (ReD) Services\nFind Your Next Funding Opportunity\nRegister for Federal and Non-Federal Systems\nDisclose Foreign Collaborations and Support\nWeb Financials (WebFin2)\nExternal\nPI Dashboard\nExternal\nResearch Financials (formerly RA Dashboard)\nExternal\nRASS\nExternal\nIACUC applications (Cayuse Animal Management System)\nIBC applications (RASS-IBC)\nIRB Applications (RASS-IRB)\nExternal\nReport external interests (RASS-COI)\nRASS Access Request Form\naskEHS\nExternal\nCornell Data Services\nExternal\nTravel Registry\nExternal\nInternational research activities\nExternal\nTraining\nResearch metrics and executive dashboards\nRates\nForms\nPolicies\nContacts\nTraining\nEvents\nNews & Announcements\nPart of\n© 2019 Cornell University\nWeb Accessibility Help\nWas this page helpful?\n×\n×\nStatus message\nSorry...This form is closed to new submissions.\nScroll"
}