{
    "URL location": "https://researchservices.cornell.edu/news/revised-common-rule-some-provisions-now-effect-most-others-effective-january-21",
    "Last modification date": "2025-04-18T03:27Z",
    "Change frequency": "monthly",
    "Priority": "0.8",
    "Scraped Text": "The Revised Common Rule: some provisions now in effect, most others effective January 21 | Cornell Research Services\nSkip to main content\nFind guidance on funding and agency updates during the federal government transition\n(\nupdated 4/16/2025\n)\nResearch Services\nResearch Services\nEssential Tools\nClose\nFind My GCO\nRASS\nExternal\nInstitutional Profile & DUNS\nIACUC applications (Cayuse Animal Management)\nFind Your Next Funding Opportunity\nIBC Applications (RASS-IBC)\nResearch Development (ReD) Services\nIRB Applications (RASS-IRB)\nExternal\nRates and budgets\nReport external interests (RASS-COI)\nJoin List Servs\nRASS Access Request Form\nAsk EHS\nExternal\nWeb Financials (WebFin2)\nExternal\nCornell Data Services\nExternal\nPI Dashboard\nExternal\nTravel Registry\nExternal\nResearch Financials (formerly RA Dashboard)\nExternal\nInternational research activities\nExternal\nRegister for Federal and Non-Federal Systems\nDisclose Foreign Collaborations and Support\nResearch metrics & executive dashboards\nTraining\nSearch\nResearch Services\nSearch\nHome\nPrepare a Proposal\nClose\nResearch Development Services\nSubawards in a Proposal\nFind Your Next Funding Opportunity\nDisclose Foreign Collaborations and Support\nProposal Development, Review, and Submission\nPlanning for Animals, Human Participants, r/sNA, Hazardous Materials, Radiation\nBudgets, Costs, and Rates\nCollaborate with Weill Cornell Medicine\nManage a Project\nClose\nAward Negotiation and Finalization\nTravel and International Activities\nProject Finances\nProject Modifications\nResearch Project Staffing\nGet Confidential Info, Data, Equipment, or Materials\nManaging Subawards\nAnimals, Human Participants, r/sNA, Hazardous Materials, Radiation\nClose a Project\nClose\nProject Closeout Financials\nProject Closeout\nEnd a Project Early\nCorporate Partnership & Innovation\nClose\nProtecting an Invention, Creation, Discovery\nEntrepreneurial and Startup Company Resources\nGateway to Partnership Program\nEngaging with Industry\nCompliance, Ethics, Safety\nClose\nResponsible Conduct of Research (RCR)\nExport Controls\nResearch with Human Participants\nResearch Security\nWork with Live Vertebrate Animals\nResearch Safety\nRegulated Biological Materials in Research\nFinancial Management\nConflicts of Interest\nBreadcrumb\nHome\nNews & Announcements\nThe Revised Common Rule: some provisions now in effect, most others effective January 21\nMost provisions of the Revised Common Rule will be effective on January 21, 2019\nCornell has chosen to adopt some burden-reducing provisions of the Revised Rule early. The following provisions are effective now.\nAnnual or triennial continuing review (\"renewal\") is no longer needed for expedited protocols.\nPersistent Content\nThe most important change is that the annual renewal requirement has been eliminated for all expedited review studies.\nExpand or Close\nExpandable Content\nAs before, but even more important now, PIs must continue to\nseek approval\nfor any changes to approved protocols by submitting\namendments\n, and only begin procedures once amendments are approved by the IRB. Unexpected events must also be promptly\nreported to the IRB\n.\nEffective July 19: You do not need to complete a renewal request for approved expedited protocols\nIRB staff will contact PIs and faculty advisors prior to the scheduled expiration date of each protocol to remind them of the change to the policy and provide an updated approval letter and stamped consent documentation showing no expiration date. If you need to make any changes to your consent form, study materials or recruiting materials, submit an amendment to the IRB.\nIf you have received a reminder for annual review of have recently submitted a renewal application, you don't need to do anything at this time. The IRB staff will contact you.\nAt each anniversary of approval, you will receive a courtesy message from the IRB office, reminding you to keep your protocol updated, submit amendments as needed, report unexpected events and close the protocol when the study is over. While no action will be required on your part, we recommend that you take this opportunity to ensure that your study procedures are in compliance with your approved protocol.\nTwo other burden-reducing provisions of the Revised Common Rule are also now in effect.\nPersistent Content\nThe grant congruency process for HHS funding has been eliminated.\nExpand or Close\nExpandable Content\nA revised definition of regulated \"research,\" excepting journalism, oral history and similar activities. Cornell's\ncurrent interpretation\nis consistent with the new definition, so no change is anticipated.\nThe grant congruency process for HHS funding has been eliminated. This change removes a significant administrative step for faculty and staff. PIs are responsible for making sure that research with human participants that is part of a project sponsored by the HHS (or any other agency) is approved by the IRB.\nNon-federally funded studies involving benign experiments may qualify for exemption using criteria from the Revised Common Rule that the IRB has chosen to apply early.\nPersistent Content\nThe IRB voted to allow exemptions to be issued for new, non-federally funded research that meets criteria described in certain new and expanded exemption categories in the Revised Common Rule.\nExpand or Close\nExpandable Content\nIn order to approach IRB reviews with greater flexibility, reducing administrative workload and regulatory burden without compromising the protection of human research subjects, the Cornell IRB limits the application of its Federal-wide Assurance (FWA) to federally funded research. Consistent with this approach, the IRB voted to allow exemptions to be issued for new, non-federally funded research that meets criteria described in certain new and expanded exemption categories in the Revised Common Rule, in advance of the January implementation date. If you submit an IRB application describing research that meets these criteria, IRB staff will issue an exemption, provided your application indicates that there is no current or anticipated federal funding for the study. No special actions are needed for your submission to be considered for exemption under these new/expanded criteria, which are described below:\nNew Exemption Category for \"Benign Behavioral Interventions\":\nThe intervention must be \"brief in duration, harmless, painless, not physically invasive, not likely to have a significant adverse lasting impact on the subjects, and the investigator has no reason to think the subjects will find the interventions offensive or embarrassing.\" Example: having subjects solve puzzles under various noise conditions. Additional requirements:\nAdults only; no minors (under 18 years old)\nNo direct or indirect identifiers are recorded or, if responses were disclosed outside the research setting, this would not reasonably place the subjects at risk of harm\nNo deception is permitted, unless the subject is told during the consent process that they will be unaware of or misled about the nature or purposes of the research\nData collected can include verbal or written responses, data entry, observation, audiovisual recording. No data collection via physical procedures (EEG, FitBits, blood draw, etc.)\nBroadened Exemption Category for Secondary Research:\nThe exemption covering secondary research use of identifiable private information or identifiable biospecimens has been broadened so that the data no longer need to be existing (\"on the shelf\") when the exemption is granted.\nAs a reminder, all exempt studies require a formal determination of exemption before research with human participants begins. Researchers may not self-determine that their work is exempt, but must submit an\napplication form\nto the\nIRB office\n.\nIf you have any questions or concerns about these changes to IRB processes, please do not hesitate to\ncontact the IRB office\n.\nPublished on\n: Wednesday, October 17, 2018 - 11:50am\n3\nNews\nChanges to Research with Human Participants: Revisions to the Common Rule\nOffice\nInstitutional Review Board for Human Participant Research (IRB) Office\nPolicy\nIRB Policy: Guidance on Revised Common Rule\nQuick Reference\nOffices\nCALS Sponsored Research Office\nCOI - Conflict of Interest\nCTL - Center for Technology Licensing\nCVM Research Office\nCorporate Engagement\nEHS - Environmental Health & Safety & Risk Management\nExport Controls Office\nFAIM - Faculty Advancing Inclusive Mentoring\nIACUC - Institutional Animal Care and Use\nIBC - Institutional Biosafety Committee\nIRB - Institutional Review Board\nIT Security & Policy\nORIA - Office of Research Integrity and Assurance\nOSP - Office of Sponsored Programs & Research Development\nPRO - Pre-Award Research Operations\nR&I - Cornell Research & Innovation\nRAIS - Research Administration Information Services\nRCR - Responsible Conduct of Research\nRDBSC - Research Division Business Service Center\nResearch Development (ReD)\nResearch Division Human Resources\nResearch Security Office\nSFS - Sponsored Financial Services\nUniversity Policy Office\nWCM - Office of Sponsored Research Administration (OSRA)\nEssential Tools & Resources\nFind My GCO\nInstitutional Profile & DUNS\nRates and budgets\nJoin List Servs\nResearch Development (ReD) Services\nFind Your Next Funding Opportunity\nRegister for Federal and Non-Federal Systems\nDisclose Foreign Collaborations and Support\nWeb Financials (WebFin2)\nExternal\nPI Dashboard\nExternal\nResearch Financials (formerly RA Dashboard)\nExternal\nRASS\nExternal\nIACUC applications (Cayuse Animal Management System)\nIBC applications (RASS-IBC)\nIRB Applications (RASS-IRB)\nExternal\nReport external interests (RASS-COI)\nRASS Access Request Form\naskEHS\nExternal\nCornell Data Services\nExternal\nTravel Registry\nExternal\nInternational research activities\nExternal\nTraining\nResearch metrics and executive dashboards\nRates\nForms\nPolicies\nContacts\nTraining\nEvents\nNews & Announcements\nPart of\n© 2019 Cornell University\nWeb Accessibility Help\nWas this page helpful?\n×\n×\nStatus message\nSorry...This form is closed to new submissions.\nScroll"
}