{
    "URL location": "https://researchservices.cornell.edu/proposal/live-subjects-and-hazards",
    "Last modification date": "2025-04-18T03:27Z",
    "Change frequency": "monthly",
    "Priority": "0.8",
    "Scraped Text": "Planning for Animals, Human Participants, r/sNA, Hazardous Materials, Radiation | Cornell Research Services\nSkip to main content\nFind guidance on funding and agency updates during the federal government transition\n(\nupdated 4/16/2025\n)\nResearch Services\nResearch Services\nEssential Tools\nClose\nFind My GCO\nRASS\nExternal\nInstitutional Profile & DUNS\nIACUC applications (Cayuse Animal Management)\nFind Your Next Funding Opportunity\nIBC Applications (RASS-IBC)\nResearch Development (ReD) Services\nIRB Applications (RASS-IRB)\nExternal\nRates and budgets\nReport external interests (RASS-COI)\nJoin List Servs\nRASS Access Request Form\nAsk EHS\nExternal\nWeb Financials (WebFin2)\nExternal\nCornell Data Services\nExternal\nPI Dashboard\nExternal\nTravel Registry\nExternal\nResearch Financials (formerly RA Dashboard)\nExternal\nInternational research activities\nExternal\nRegister for Federal and Non-Federal Systems\nDisclose Foreign Collaborations and Support\nResearch metrics & executive dashboards\nTraining\nSearch\nResearch Services\nSearch\nHome\nPrepare a Proposal\nClose\nResearch Development Services\nSubawards in a Proposal\nFind Your Next Funding Opportunity\nDisclose Foreign Collaborations and Support\nProposal Development, Review, and Submission\nPlanning for Animals, Human Participants, r/sNA, Hazardous Materials, Radiation\nBudgets, Costs, and Rates\nCollaborate with Weill Cornell Medicine\nManage a Project\nClose\nAward Negotiation and Finalization\nTravel and International Activities\nProject Finances\nProject Modifications\nResearch Project Staffing\nGet Confidential Info, Data, Equipment, or Materials\nManaging Subawards\nAnimals, Human Participants, r/sNA, Hazardous Materials, Radiation\nClose a Project\nClose\nProject Closeout Financials\nProject Closeout\nEnd a Project Early\nCorporate Partnership & Innovation\nClose\nProtecting an Invention, Creation, Discovery\nEntrepreneurial and Startup Company Resources\nGateway to Partnership Program\nEngaging with Industry\nCompliance, Ethics, Safety\nClose\nResponsible Conduct of Research (RCR)\nExport Controls\nResearch with Human Participants\nResearch Security\nWork with Live Vertebrate Animals\nResearch Safety\nRegulated Biological Materials in Research\nFinancial Management\nConflicts of Interest\nBreadcrumb\nHome\nPrepare a Proposal\nPlanning for Animals, Human Participants, r/sNA, Hazardous Materials, Radiation\nDeveloping a proposal that includes work with animals, human participants, recombinant or synthetic nucleic acid molecules (r/sNA), or hazardous materials (biological, chemical, or radiation) requires careful planning. It may require institutional approval; may be regulated at the federal or state level; or may require specialized infrastructure or controls.\nWork Requiring Institutional Committee or Office Approval\nFor research with animals, human participants, r/sNA, certain biological materials, and radiation, institutional approval will be required before funding can be released; in some cases, approval will be required even sooner (e.g., \"Just in Time\" requests). In general, we recommend you start work on your compliance protocols\nat the proposal stage:\nIACUC protocol\n(live vertebrate animals)\nIRB protocol\n(humans)\nIBC MUA\n(r/sNA or biohazards)\nRadiation Safety approval\nIf you are seeking NIH funding for a\nmulti-site human participant research study\n, your project may require a Single IRB (\"sIRB\") Plan. Contact the\nIRB office\nwell in advance of submitting your proposal to discuss.\nSpecific Requirements for Hazardous Materials and Equipment\nThe purchase and use of certain types of materials and equipment may be regulated at the federal or state level or may necessitate specialized monitoring equipment, infrastructure, or controls. It is important to identify these requirements and the associated time and financial costs early in the planning process so they can be properly budgeted for and prevent a delay in starting your project.\nExamples include:\nRecombinant or synthetic nucleic acid molecules\nBiological agents classified as Risk Group 2, 3, and 4\nSelect agents and toxins\nRadioactive materials and radiation producing equipment\nClass 3B and 4 lasers\nMagnets\nControlled substances\nToxic and flammable gases\nChemicals with special storage or handling requirements (i.e. pyrophoric)\nEquipment with special ventilation requirements\nGet Help\nThe contacts and webpages listed here can provide you with guidance on the compliance and safety-related aspects of your proposed research\n:\nIACUC office\n;\nhomepage for animal work\nIRB office\n;\nhomepage for human research\nIBC office\n;\nhomepage for work with r/sNA or biohazards\nEHS Research Safety office\n;\nhomepage for research safety\nDeadlines/Scheduling\nSome funding agencies, such as the DOE, require the completion of an environmental compliance questionnaire as part of the grant application process. Environment, Health and Safety (EHS) will assist with the completion of these questionnaires. Because some questionnaires are lengthy and complex, please allow five (5) days for completion. Submit the request for assistance via\naskEHS\nand include “Environmental Certification” in the subject line.\nYou don't have to complete your research protocol before submission of a funding proposal, but you should understand the process and requirements.\nContact the appropriate compliance group (above)\nduring or after\nproposal submission. For some sponsors, the window to complete the protocol is short (e.g., the IACUC protocol deadline is short for NIH and USDA). If the campus group knows protocols are coming, it helps to keep things on schedule.\nIn some cases, you and your staff may be required to complete training\nbefore\nyou can begin work. Learn more about relevant training requirements in the\nCompliance, Ethics, Safety\nsection of this website.\nStaff\nBe aware that personnel who work with select agents and irradiators require federal background checks.\nTraining is required for personnel who will work with animals, human participants, human biomaterials, or bloodborne pathogens. Learn more:\nIACUC (animal) training\nIRB (human) training\nIBC bloodborne pathogen training\nDetailed information about working with animals, human participants, r/sNA, hazardous material, or radiation is in the\nCompliance, Ethics, and Safety section\n.\n1\nProcess\nPrepare a Proposal\nQuick Reference\nOffices\nCALS Sponsored Research Office\nCOI - Conflict of Interest\nCTL - Center for Technology Licensing\nCVM Research Office\nCorporate Engagement\nEHS - Environmental Health & Safety & Risk Management\nExport Controls Office\nFAIM - Faculty Advancing Inclusive Mentoring\nIACUC - Institutional Animal Care and Use\nIBC - Institutional Biosafety Committee\nIRB - Institutional Review Board\nIT Security & Policy\nORIA - Office of Research Integrity and Assurance\nOSP - Office of Sponsored Programs & Research Development\nPRO - Pre-Award Research Operations\nR&I - Cornell Research & Innovation\nRAIS - Research Administration Information Services\nRCR - Responsible Conduct of Research\nRDBSC - Research Division Business Service Center\nResearch Development (ReD)\nResearch Division Human Resources\nResearch Security Office\nSFS - Sponsored Financial Services\nUniversity Policy Office\nWCM - Office of Sponsored Research Administration (OSRA)\nEssential Tools & Resources\nFind My GCO\nInstitutional Profile & DUNS\nRates and budgets\nJoin List Servs\nResearch Development (ReD) Services\nFind Your Next Funding Opportunity\nRegister for Federal and Non-Federal Systems\nDisclose Foreign Collaborations and Support\nWeb Financials (WebFin2)\nExternal\nPI Dashboard\nExternal\nResearch Financials (formerly RA Dashboard)\nExternal\nRASS\nExternal\nIACUC applications (Cayuse Animal Management System)\nIBC applications (RASS-IBC)\nIRB Applications (RASS-IRB)\nExternal\nReport external interests (RASS-COI)\nRASS Access Request Form\naskEHS\nExternal\nCornell Data Services\nExternal\nTravel Registry\nExternal\nInternational research activities\nExternal\nTraining\nResearch metrics and executive dashboards\nRates\nForms\nPolicies\nContacts\nTraining\nEvents\nNews & Announcements\nPart of\n© 2019 Cornell University\nWeb Accessibility Help\nWas this page helpful?\n×\n×\nStatus message\nSorry...This form is closed to new submissions.\nScroll"
}