{
    "URL location": "https://researchservices.cornell.edu/compliance/research-safety",
    "Last modification date": "2025-04-18T03:27Z",
    "Change frequency": "monthly",
    "Priority": "0.8",
    "Scraped Text": "Research Safety | Cornell Research Services\nSkip to main content\nFind guidance on funding and agency updates during the federal government transition\n(\nupdated 4/16/2025\n)\nResearch Services\nResearch Services\nEssential Tools\nClose\nFind My GCO\nRASS\nExternal\nInstitutional Profile & DUNS\nIACUC applications (Cayuse Animal Management)\nFind Your Next Funding Opportunity\nIBC Applications (RASS-IBC)\nResearch Development (ReD) Services\nIRB Applications (RASS-IRB)\nExternal\nRates and budgets\nReport external interests (RASS-COI)\nJoin List Servs\nRASS Access Request Form\nAsk EHS\nExternal\nWeb Financials (WebFin2)\nExternal\nCornell Data Services\nExternal\nPI Dashboard\nExternal\nTravel Registry\nExternal\nResearch Financials (formerly RA Dashboard)\nExternal\nInternational research activities\nExternal\nRegister for Federal and Non-Federal Systems\nDisclose Foreign Collaborations and Support\nResearch metrics & executive dashboards\nTraining\nSearch\nResearch Services\nSearch\nHome\nPrepare a Proposal\nClose\nResearch Development Services\nSubawards in a Proposal\nFind Your Next Funding Opportunity\nDisclose Foreign Collaborations and Support\nProposal Development, Review, and Submission\nPlanning for Animals, Human Participants, r/sNA, Hazardous Materials, Radiation\nBudgets, Costs, and Rates\nCollaborate with Weill Cornell Medicine\nManage a Project\nClose\nAward Negotiation and Finalization\nTravel and International Activities\nProject Finances\nProject Modifications\nResearch Project Staffing\nGet Confidential Info, Data, Equipment, or Materials\nManaging Subawards\nAnimals, Human Participants, r/sNA, Hazardous Materials, Radiation\nClose a Project\nClose\nProject Closeout Financials\nProject Closeout\nEnd a Project Early\nCorporate Partnership & Innovation\nClose\nProtecting an Invention, Creation, Discovery\nEntrepreneurial and Startup Company Resources\nGateway to Partnership Program\nEngaging with Industry\nCompliance, Ethics, Safety\nClose\nResponsible Conduct of Research (RCR)\nExport Controls\nResearch with Human Participants\nResearch Security\nWork with Live Vertebrate Animals\nResearch Safety\nRegulated Biological Materials in Research\nFinancial Management\nConflicts of Interest\nBreadcrumb\nHome\nCompliance, Ethics, Safety\nResearch Safety\nEnvironment, Health and Safety (EHS)\naskEHS\nInjury/Illness/Exposure Reporting\nResearch Safety, part of Environment, Health and Safety (EHS), is staffed by a team of Biological Safety, Chemical and Laboratory Safety, and Radiation Safety professionals who have the expertise to assist researchers mitigate and manage the risks associated with their research and meet regulatory and compliance requirements.\nResearch Safety\nservices include:\nConsultations with researchers to assess risks and recommend appropriate controls\nTraining\nLaboratory inspections\nIncident review and follow-up\nContact Research Safety for assistance via\naskEHS\n.\nOur Programs\nBiological Safety\nBiological Safety\nprogram areas include:\nHuman, animal, and plant pathogens, including (A)BSL 1, 2, and 3\nCell lines\nBloodborne pathogens\nSelect agents and toxins\nBiological safety cabinets\nBiological Safety Resources\nBiological Agent Reference Sheets (BARS)\nBiological Safety Manuals and Guidance Documents\nChemical and Laboratory Safety\nChemical and Laboratory Safety\nprogram areas include:\nHazardous chemicals and gases\nLaboratory ventilation and fume hoods\nControlled substances\nLaboratory signage\nChemical inventory\nChemical and Laboratory Safety Resources\nLaboratory Safety Manual & Chemical Hygiene Plan\nHazard Assessment & Signage Program (HASP)\nRadiation Safety\nRadiation Safety\nprogram areas include:\nRadioactive materials\nRadiation producing equipment\nLaser safety\nMagnet safety\nUV/IR/RF\nNew faculty needing to work with the above materials and equipment must\ncontact Radiation Safety\nin advance to coordinate activities.\nRadiation Safety Resources\nRadiation Safety Manual\nOther EHS Resources for Researchers\nEmergency Management\nFire Safety\nHazardous Materials Shipping\nHazardous Waste (chemical, radioactive, biological, and regulated medical waste)\nHearing Conservation\nInjury/Illness/Exposure Reporting\nReproductive Health\nRespiratory Protection\nRisk Management and Insurance\nInstitutional Biosafety Committee's\nprimary objective is to safeguard protection of personnel, the general public, and the environment. To meet this goal, the IBC imposes requirements for safe laboratory and biological safety practices; reviews and approves policies, procedures, training, programs and facilities pursuant to the safe use of r/sNA, biohazardous materials, and biotoxins. See the\nRecombinant or Synthetic Nucleic Acid Molecules or Biohazardous Materials page\nfor more information.\n1\nProcess\nCompliance, Ethics, Safety\nQuick Reference\nOffices\nCALS Sponsored Research Office\nCOI - Conflict of Interest\nCTL - Center for Technology Licensing\nCVM Research Office\nCorporate Engagement\nEHS - Environmental Health & Safety & Risk Management\nExport Controls Office\nFAIM - Faculty Advancing Inclusive Mentoring\nIACUC - Institutional Animal Care and Use\nIBC - Institutional Biosafety Committee\nIRB - Institutional Review Board\nIT Security & Policy\nORIA - Office of Research Integrity and Assurance\nOSP - Office of Sponsored Programs & Research Development\nPRO - Pre-Award Research Operations\nR&I - Cornell Research & Innovation\nRAIS - Research Administration Information Services\nRCR - Responsible Conduct of Research\nRDBSC - Research Division Business Service Center\nResearch Development (ReD)\nResearch Division Human Resources\nResearch Security Office\nSFS - Sponsored Financial Services\nUniversity Policy Office\nWCM - Office of Sponsored Research Administration (OSRA)\nEssential Tools & Resources\nFind My GCO\nInstitutional Profile & DUNS\nRates and budgets\nJoin List Servs\nResearch Development (ReD) Services\nFind Your Next Funding Opportunity\nRegister for Federal and Non-Federal Systems\nDisclose Foreign Collaborations and Support\nWeb Financials (WebFin2)\nExternal\nPI Dashboard\nExternal\nResearch Financials (formerly RA Dashboard)\nExternal\nRASS\nExternal\nIACUC applications (Cayuse Animal Management System)\nIBC applications (RASS-IBC)\nIRB Applications (RASS-IRB)\nExternal\nReport external interests (RASS-COI)\nRASS Access Request Form\naskEHS\nExternal\nCornell Data Services\nExternal\nTravel Registry\nExternal\nInternational research activities\nExternal\nTraining\nResearch metrics and executive dashboards\nRates\nForms\nPolicies\nContacts\nTraining\nEvents\nNews & Announcements\nPart of\n© 2019 Cornell University\nWeb Accessibility Help\nWas this page helpful?\n×\n×\nStatus message\nSorry...This form is closed to new submissions.\nScroll"
}