{
    "URL location": "https://researchservices.cornell.edu/resources/multi-site-and-collaborative-irb-research",
    "Last modification date": "2025-04-18T03:27Z",
    "Change frequency": "monthly",
    "Priority": "0.8",
    "Scraped Text": "Multi-site and Collaborative IRB Research | Cornell Research Services\nSkip to main content\nFind guidance on funding and agency updates during the federal government transition\n(\nupdated 4/16/2025\n)\nResearch Services\nResearch Services\nEssential Tools\nClose\nFind My GCO\nRASS\nExternal\nInstitutional Profile & DUNS\nIACUC applications (Cayuse Animal Management)\nFind Your Next Funding Opportunity\nIBC Applications (RASS-IBC)\nResearch Development (ReD) Services\nIRB Applications (RASS-IRB)\nExternal\nRates and budgets\nReport external interests (RASS-COI)\nJoin List Servs\nRASS Access Request Form\nAsk EHS\nExternal\nWeb Financials (WebFin2)\nExternal\nCornell Data Services\nExternal\nPI Dashboard\nExternal\nTravel Registry\nExternal\nResearch Financials (formerly RA Dashboard)\nExternal\nInternational research activities\nExternal\nRegister for Federal and Non-Federal Systems\nDisclose Foreign Collaborations and Support\nResearch metrics & executive dashboards\nTraining\nSearch\nResearch Services\nSearch\nHome\nPrepare a Proposal\nClose\nResearch Development Services\nSubawards in a Proposal\nFind Your Next Funding Opportunity\nDisclose Foreign Collaborations and Support\nProposal Development, Review, and Submission\nPlanning for Animals, Human Participants, r/sNA, Hazardous Materials, Radiation\nBudgets, Costs, and Rates\nCollaborate with Weill Cornell Medicine\nManage a Project\nClose\nAward Negotiation and Finalization\nTravel and International Activities\nProject Finances\nProject Modifications\nResearch Project Staffing\nGet Confidential Info, Data, Equipment, or Materials\nManaging Subawards\nAnimals, Human Participants, r/sNA, Hazardous Materials, Radiation\nClose a Project\nClose\nProject Closeout Financials\nProject Closeout\nEnd a Project Early\nCorporate Partnership & Innovation\nClose\nProtecting an Invention, Creation, Discovery\nEntrepreneurial and Startup Company Resources\nGateway to Partnership Program\nEngaging with Industry\nCompliance, Ethics, Safety\nClose\nResponsible Conduct of Research (RCR)\nExport Controls\nResearch with Human Participants\nResearch Security\nWork with Live Vertebrate Animals\nResearch Safety\nRegulated Biological Materials in Research\nFinancial Management\nConflicts of Interest\nBreadcrumb\nHome\nresources\nMulti-site and Collaborative IRB Research\nHow do I handle IRB review when a project involves multiple institutions?\nWhen Cornell researchers plan to participate in a collaborative or multi-site study, there are a few options for IRB review of the project. Which IRB (or IRBs) should complete an ethical and regulatory review depends on several factors, including: funding agency requirements, the level of IRB oversight needed based on potential risk to participants; the nature of human participant research to be conducted by each institution; and which other institution(s) IRBs are involved, and what their internal processes and policies require in such cases.\nNote: Before you begin the process of seeking IRB approval for multi-site or collaborative research, contact the\nIRB office\nto discuss your situation and find the best solution from the options described below. It is possible that not all collaborators are considered investigators from an IRB perspective\n, in which case multiple IRB review or a reliance agreement may not be necessary.\nOption 1: Separate/Multiple IRBs Review\nIn some cases, it is most efficient for researchers from each participating institution to obtain IRB approval from their own institution's IRB, covering any regulated human participant activities that will occur at their site. This will almost always be the case when research is eligible for exemption from IRB review.\nOption 2:  One IRB Reviews (aka \"Single IRB\" or sIRB)\nIn some situations, to avoid duplicative reviews and increase efficiencies--or to comply with federal regulations--the Cornell IRB might agree to serve as the \"IRB of Record\" or cede IRB review to another institution. The IRB of Record--sometimes called the \"Single IRB\" or sIRB--\nis selected on a study-by-study basis, provides the ethical review and related administrative coordination for all sites/institutions participating in a collaborative or multi-site study, and assumes responsibility for all human participant research compliance. The IRB of Record\nis usually chosen from among participating institutions, but may be provided by an external, commercial provider of IRB services (e.g.,\nBRANY\n). The IRB at each participating site will need to formally cede their IRB review to the reviewing IRB using a fully-executed reliance agreement (sometimes called an IRB authorization agreement or IAA).\nMore Information about sIRB Review\nUnder the revised (2018) Common Rule, federally-funded multi-institution studies--with very few exceptions--are required to use an sIRB\nfor review and approval of cooperative studies conducted in the United States. This applies to all cooperative research applications and contract proposals submitted on or after January 20, 2020.\nFor\nNIH studies\n, a version of the sIRB requirement has been in effect since January 2018. For applications submitted on or after January 25, 2018, NIH-funded multi-site studies involving non-exempt research must use an\nsIRB\n, when the same protocol is used at multiple domestic study sites.\nThe Cornell IRB is not always equipped to serve as the sIRB, depending upon the specifics of the research. Researchers should contact the\nCornell IRB office\nprior to submitting a proposal to NIH or any other federal agency for a multi-site project. The IRB staff will assist PIs with identifying a suitable partner to act as the sIRB, if Cornell is unable to serve in that capacity.\nFAQs\nExpand All\nWhat exactly is collaborative/multi-site research?\nCollaborative research\n- when non-Cornell investigators come to Cornell to work on a Cornell study, or conduct a separate aspect of the study (such as data analysis) elsewhere.\nMulti-site research\n- when Cornell is one of many participating sites, with each site recruiting and consenting subjects and collecting data.\nWhat is a Reliance (Authorization) Agreement?\nAn IRB Reliance Agreement is a document permitting one institution's IRB to cede review (the “Relying IRB”) to another institution's IRB (the “IRB of Record”) for a particular study involving human participants. In this way, only one IRB reviews and approves human subject research activities for both institutions, avoiding duplicative review and regulatory oversight.\nHow do I obtain a reliance agreement for my Cornell research project?\nIf you believe a reliance agreement makes sense for a study that you are involved in, and your co-investigators from the other institution(s) agree, we recommend that you first schedule a call with\nIRB staff\nto confirm that your proposed approach will work.\nOnce you have confirmed that a reliance agreement is needed, you can indicate if you want Cornell to serve as the IRB of Record, or if you want Cornell to rely on another IRB, within the protocol application in\nRASS-IRB\n. See the\nRASS Guide Site\nfor instructions on how to do this.\nIf a reliance agreement is appropriate (or required by the sponsor), IRB staff will work with the other institution's IRB to negotiate and execute the agreement.\nWhat about Ithaca and Weill human subjects research collaborations?\nCornell University (CU) includes both the Ithaca-based campuses (Ithaca, Geneva and Cornell Tech campus) and the Weill Cornell Medicine Campus (“WCM”). The campuses operate separate IRBs and maintain separate Federal Wide Assurances (FWAs) with the U.S. Department of Health and Human Services, so an umbrella reliance agreement has been put in place between the IRBs to facilitate the timely, streamlined review of research collaborations spanning the campuses.\nWhen a CU investigator from the Ithaca or Tech campuses is engaged in human subject research under the oversight of Weill Cornell Medicine, the CU investigator\nmust\ninitiate a request for IRB reliance through the CU IRB Protocol Management System\n(\nRASS-IRB\n) - see this\nhow-to guide\nfor instructions.\nIt is recommended\nto\nreach out to our office\nbefore you begin this process.\nWhat if another institution is merely providing data for my project?\nIt depends. If the other institution is collecting data\nfor your project\n, they would be considered \"engaged\" in the research under federal regulations, and IRB review will be needed for their role on the project (either by their home IRB or by the Cornell IRB). If the other institution is only providing data or access to data that has already been collected, IRB review will not be needed for this aspect of the study. Instead, a Data Use Agreement should be entered into, in consultation with\nOSP.\nWhat training is needed?\nWhen Cornell is acting as the Reviewing IRB,\nCornell's training requirements\napply.  Likewise, if another institution is reviewing your project, you will need to comply with that institution's training requirements. Note that Weill and Cornell's Ithaca campuses have different training requirements; If Weill is providing IRB review for your study, you will need to complete training in Good Clinical Practices in addition to human subjects training.\nWhich institution(s) conduct ancillary reviews?\nWhen Cornell cedes IRB review to another institution's IRB, the Cornell PI is still responsible for ensuring compliance at their site, including appropriate submission and completion of any ancillary reviews such as\nCOI\n,\nEHS\nand\nIBC\n.\n16\nOffice\nInstitutional Review Board for Human Participant Research (IRB) Office\nNews\nSingle IRB (sIRB) Regulatory Requirements in Effect January 20, 2020\nContact\nJoyel Moeller - Senior IRB Administrator and Reliance Specialist\nResource\nAbout the IRB Committee\nResource\nThe Life Cycle of an IRB Protocol\nResource\nIRB Announcements & Newsletters\nProcess\nResearch with Human Participants\nResource\nIRB Informed Consent\nResource\nIRB Training\nResource\nIRB Considerations: Human Participant Data, Data Sets and Internet Research\nResource\nIRB Biomedical Research\nSee All\nQuick Reference\nOffices\nCALS Sponsored Research Office\nCOI - Conflict of Interest\nCTL - Center for Technology Licensing\nCVM Research Office\nCorporate Engagement\nEHS - Environmental Health & Safety & Risk Management\nExport Controls Office\nFAIM - Faculty Advancing Inclusive Mentoring\nIACUC - Institutional Animal Care and Use\nIBC - Institutional Biosafety Committee\nIRB - Institutional Review Board\nIT Security & Policy\nORIA - Office of Research Integrity and Assurance\nOSP - Office of Sponsored Programs & Research Development\nPRO - Pre-Award Research Operations\nR&I - Cornell Research & Innovation\nRAIS - Research Administration Information Services\nRCR - Responsible Conduct of Research\nRDBSC - Research Division Business Service Center\nResearch Development (ReD)\nResearch Division Human Resources\nResearch Security Office\nSFS - Sponsored Financial Services\nUniversity Policy Office\nWCM - Office of Sponsored Research Administration (OSRA)\nEssential Tools & Resources\nFind My GCO\nInstitutional Profile & DUNS\nRates and budgets\nJoin List Servs\nResearch Development (ReD) Services\nFind Your Next Funding Opportunity\nRegister for Federal and Non-Federal Systems\nDisclose Foreign Collaborations and Support\nWeb Financials (WebFin2)\nExternal\nPI Dashboard\nExternal\nResearch Financials (formerly RA Dashboard)\nExternal\nRASS\nExternal\nIACUC applications (Cayuse Animal Management System)\nIBC applications (RASS-IBC)\nIRB Applications (RASS-IRB)\nExternal\nReport external interests (RASS-COI)\nRASS Access Request Form\naskEHS\nExternal\nCornell Data Services\nExternal\nTravel Registry\nExternal\nInternational research activities\nExternal\nTraining\nResearch metrics and executive dashboards\nRates\nForms\nPolicies\nContacts\nTraining\nEvents\nNews & Announcements\nPart of\n© 2019 Cornell University\nWeb Accessibility Help\nWas this page helpful?\n×\n×\nStatus message\nSorry...This form is closed to new submissions.\nScroll"
}