{
    "URL location": "https://researchservices.cornell.edu/faculty-awards",
    "Last modification date": "2025-04-18T03:27Z",
    "Change frequency": "monthly",
    "Priority": "0.8",
    "Scraped Text": "Faculty Recognition Prizes and Awards | Cornell Research Services\nSkip to main content\nFind guidance on funding and agency updates during the federal government transition\n(\nupdated 4/16/2025\n)\nResearch Services\nResearch Services\nEssential Tools\nClose\nFind My GCO\nRASS\nExternal\nInstitutional Profile & DUNS\nIACUC applications (Cayuse Animal Management)\nFind Your Next Funding Opportunity\nIBC Applications (RASS-IBC)\nResearch Development (ReD) Services\nIRB Applications (RASS-IRB)\nExternal\nRates and budgets\nReport external interests (RASS-COI)\nJoin List Servs\nRASS Access Request Form\nAsk EHS\nExternal\nWeb Financials (WebFin2)\nExternal\nCornell Data Services\nExternal\nPI Dashboard\nExternal\nTravel Registry\nExternal\nResearch Financials (formerly RA Dashboard)\nExternal\nInternational research activities\nExternal\nRegister for Federal and Non-Federal Systems\nDisclose Foreign Collaborations and Support\nResearch metrics & executive dashboards\nTraining\nSearch\nResearch Services\nSearch\nHome\nPrepare a Proposal\nClose\nResearch Development Services\nSubawards in a Proposal\nFind Your Next Funding Opportunity\nDisclose Foreign Collaborations and Support\nProposal Development, Review, and Submission\nPlanning for Animals, Human Participants, r/sNA, Hazardous Materials, Radiation\nBudgets, Costs, and Rates\nCollaborate with Weill Cornell Medicine\nManage a Project\nClose\nAward Negotiation and Finalization\nTravel and International Activities\nProject Finances\nProject Modifications\nResearch Project Staffing\nGet Confidential Info, Data, Equipment, or Materials\nManaging Subawards\nAnimals, Human Participants, r/sNA, Hazardous Materials, Radiation\nClose a Project\nClose\nProject Closeout Financials\nProject Closeout\nEnd a Project Early\nCorporate Partnership & Innovation\nClose\nProtecting an Invention, Creation, Discovery\nEntrepreneurial and Startup Company Resources\nGateway to Partnership Program\nEngaging with Industry\nCompliance, Ethics, Safety\nClose\nResponsible Conduct of Research (RCR)\nExport Controls\nResearch with Human Participants\nResearch Security\nWork with Live Vertebrate Animals\nResearch Safety\nRegulated Biological Materials in Research\nFinancial Management\nConflicts of Interest\nBreadcrumb\nHome\nFaculty Recognition Prizes and Awards\nPromoting recognition of Cornell faculty scholarship.\nNotify Cornell if you have won an award\nRelated Pages:\nResearch Development (ReD) Team\nFind Your Next Funding Opportunity\nEarly Career Faculty Research Funding\nCornell University’s researchers and scholars consistently translate discovery into a meaningful and measurable impact that is changing the world for the better. The Vice President for Research and Innovation and the Office of Sponsored Programs and Research Development (OSP) are committed to helping Cornell faculty members receive the formal recognition they have earned.\nPlease contact the\nResearch Development\noffice for assistance with nomination letters.\nIf you win a prize/award/fellowship, complete the\nAward Received Notification Form\nto let us know so that the Cornell University community may celebrate with you.\nQuestions about nominations or awards? Know of an award not currently on our list? Contact\nResearch Development\n.\nThe following is a list of some of the most prestigious national and international awards for which our faculty may be nominated.\nFor Cornell’s highest priority awards, OSP will support the nomination process by assisting the nominator and faculty nominee in assembling the required materials.\nFor all other awards, OSP will regularly share information about upcoming nomination deadlines and internal limited nomination competitions.\nNewly awarded winners will be celebrated with profiles outlining their accomplishments and the names of previous Cornell recipients of many of these awards are listed in the below program summaries. Together, we can accomplish great things.\nPlease note: This webpage is not continually updated. Thus, lists of Cornell recipients may not be up-to-date.\nMultidisciplinary Awards\nExpand All\nAmerican Philosophical Society Thomas Jefferson Medal - Arts, Humanities and Social Sciences\nThe\nThomas Jefferson Medal for Distinguished Achievement in the Arts, Humanities and Social Sciences\nis the Society's highest award for the arts, humanities and social sciences.\nUp to two nominations may be made by the president of each institution.\nFulbright Distinguished Chair Awards - Multiple fields\nThe\nFulbright Distinguished Chairs Program\ncomprises approximately forty distinguished lecturing, distinguished research and distinguished lecturing/research awards ranging from three to 12 months. Awards in the Fulbright Distinguished Chairs Program are viewed as among the most prestigious appointments in the Fulbright Scholar Program.\nVarious awards available and the application process is different for each.\nFor the core Fulbright U.S. Scholar Program, August 1st is the typical application deadline.\nRecent Cornell Recipients\nWendy Wolford, 2017\nJonathan Ochshorn, 2016\nColin Parrish, 2016\nHumboldt Research Award - Multiple fields\nThe\nHumboldt Research Award\nis granted in recognition of a researcher's entire achievements to date to academics whose fundamental discoveries, new theories or insights have had a significant impact on their own discipline and who are expected to continue producing cutting-edge achievements in the future. Award winners are invited to spend a period of up to one year cooperating on a long-term research project with specialist colleagues at a research institution in Germany. The stay may be divided up into blocks.\nNominations may be submitted online by established academics in Germany. Nominations may also be initiated by award winners of the Humboldt Foundation working abroad, provided that the nomination is made jointly with a colleague working in Germany. Direct applications are not accepted. Accepted on an ongoing basis; selection committee meets two to three times per year.\nNominations may be submitted online at any time -\nNominate Colleague\n.\nCornell Recipients\nSteven D. Tanksley, 1998\nJapan Prize - Science and Technology\nThe\nJapan Prize\nis awarded annually to scientists and engineers from around the world who have made significant contributions to the advancement of science and technology, thereby furthering the cause of peace and the prosperity of mankind. Each year, two fields of scientific endeavors are honored. The Japan Prize laureates receive a certificate of merit and a prize medal.\nThe foundation calls for over 15,000 nominators, strictly comprised of prominent scientists and researchers from around the world invited by the Foundation, to nominate the candidates through the web by JPNS (Japan Prize Nomination System).\nClosing date for nominations is the end of January for following year. Every November, the Field Selection Committee of The Japan Prize Foundation designates and announces two fields in which the Japan Prize will be awarded two years hence.\nCornell Recipients\nSteven D. Tanksley, 2016\nJohn Simon Guggenheim Fellow - Arts\nOften characterized as “midcareer” awards,\nGuggenheim Fellowships\nare intended for individuals who have already demonstrated exceptional capacity for productive scholarship or exceptional creative ability in the arts. Guggenheim Fellowships are grants to selected individuals made for a minimum of six months and a maximum of 12 months. Approximately 200 Fellowships are awarded each year.\nSelf nomination. The Foundation receives between 3,500 and 4,000 applications each year. Although no one who applies is guaranteed success in the competition, there is no pre-screening: all applications are reviewed.\nApproximate deadline is September 17.\nCornell Recipients\nPaul Friedland, David Yearsley - 2018\nEdward Baptist, Ishion Hutchinson - 2017\nNatalie Mahowald, 2013\nSimone Pinet, 2010\nEva Tardos, 1999\nLasker Award - Medical Science\nThe\nLasker Awards\nhave been awarded annually since 1945 to living persons who have made major contributions to medical science or who have performed public service on behalf of medicine. The awards are sometimes referred to as \"America's Nobels\". Lasker Award has gained a reputation for identifying future winners of the Nobel Prize. The different awards are as follows:\nAlbert Lasker Basic Medical Research Award:\nFor a fundamental discovery that opens up a new area of biomedical science.\nLasker DeBakey Clinical Medical Research Award:\nFor a major advance that improves the lives of many thousands of people.\nLasker Koshland Special Achievement Award in Medical Science:\nFor research accomplishments and scientific statesmanship that engender the deepest feelings of awe and respect.\nColleagues familiar with the nominee(s)'s work and with the relevant field of research (or area of public service) are ideal nominators. Self-nominations or nominations written by the candidates themselves will not be considered by the Jury.\nMacArthur Fellows Program - Multiple Fields\nThe\nMacArthur Fellows Program\nawards unrestricted fellowships to talented individuals who have shown extraordinary originality and dedication in their creative pursuits and a marked capacity for self-direction. Although nominees are reviewed for their achievements, the fellowship is not a reward for past accomplishment, but rather an investment in a person's originality, insight, and potential. Indeed, the purpose of the MacArthur Fellows Program is to enable recipients to exercise their own creative instincts for the benefit of human society.\nThe Fellows Program does not accept applications or unsolicited nominations. Nominees are brought to the Program's attention through a constantly changing pool of invited external nominators chosen from as broad a range of fields and areas of interest as possible.\nRecent Cornell Recipients\nDeborah Estrin, 2018\nWill Dichtel, 2015\nCraig Fennie, Sheila Nirenberg - 2013\nNational Humanities Center Fellows - Humanities\nNational Humanities Center Fellowships\nsupport individuals advancing research that is of value to humanities scholars, general audiences or both. Recipients usually produce articles, monographs, books, digital materials, archaeological site reports, translations, editions or other scholarly resources in the humanities. Projects may be at any stage of development.\nApplicants will be asked to complete an online application form and to upload the following documents: 1,000-word project proposal, short bibliography, curriculum vitae, and a one-page tentative outline of the structure of the project. Online submissions are processed via grants.gov\nOnline application system is open at the beginning of July; application deadline including the reference letters is mid-October.\nWolf Prize - Multiple Fields\nThe acclaimed\nWolf Prize\nis an annual award of $100,000 to outstanding scientists and artists from around the world for achievements in the interest of mankind and friendly relations among peoples. The prize laureates are selected by international Jury Committees of world-renowned professionals from all over the world.\nNominations are by invitation only. Those wishing to submit a nomination should contact the Wolf office. Self-nominations are not permitted.\nThe submission system opens at the beginning of April. Deadline for nominations is approximately mid-September.\nCornell Recipients\nLewis C. Cantley, 2016 Wolf Prize in Medicine\nRobert Langer, 2013, Wolf Prize in Chemistry\nSteven D. Tanksley, 2004 Wolf Prize in Agriculture\nWorld Food Prize - Food and Agriculture\nThe\nWorld Food Prize\nhas come to be known as the \"Nobel Prize for Food and Agriculture\" and aims to recognize and inspire breakthrough achievements in feeding the world. This $250,000 prize is awarded to individuals who have improved the quality, quantity or availability of food in the world.\nAny academic institution, private or public organization, or governmental unit may submit a nomination for the World Food Prize.\nNominate a colleague.\nNomination deadline is in May.\nRecent Cornell Recipients\nJan Low, 2016\nEarly Career Faculty Awards\nExpand All\nBeckman Young Investigators Program - Chemical and Life Sciences\nThe\nBeckman Young Investigators\nis intended to provide research support to the most promising young faculty members in the early stages of academic careers in the chemical and life sciences particularly to foster the invention of methods, instruments and materials that will open up new avenues of research in science.\nThe first step is submitting a Letter of Intent describing the project and rationale. Candidates invited to apply are then notified and given further information.\nLetters of intent are due in September. Candidates invited to apply in December and award are announced in July.\nRecent Cornell Recipients\nJeremy Baskin, 2017\nPamela Chang, 2017\nCottrell Scholar Award - Physical Sciences\nThe\nCottrell Scholar Award\ndevelops outstanding teacher-scholars who are recognized by their scientific communities for the quality and innovation of their research programs and their academic leadership skills. The Cottrell Scholar Award provides entry into a national community of outstanding scholar-educators who produce significant research and educational outcomes.\nPotential applicants begin the submission process by completing the online eligibility quiz. If eligible, applicants gain access to a web page containing the pre-proposal application form and instructions for electronic submission. Only applicants with successful pre-proposals are invited to submit Cottrell Scholar proposals and are given access to full proposal application forms. Submissions must conform to guidelines and directions, and be endorsed by the applicant's home institution.\nApplication portal opens in February. Pre-proposals due in April. Invitations for full proposals sent in May\nCornell Recipients\nSong Lin, 2020\nJustin Wilson, 2019\nNandini Ananth, 2016\nKyle Shen, 2010\nRachel Bean, 2008\nMelissa Hines, 1997\nNational Science Foundation CAREER Awards - Multiple Sciences\nThe\nFaculty Early Career Development (CAREER\n) Program is a Foundation-wide activity that offers the National Science Foundation's most prestigious awards in support of junior faculty who exemplify the role of teacher-scholars through outstanding research, excellent education and the integration of education and research within the context of the mission of their organizations.\nOnly Assistant Professors without tenure are eligible to apply.\nApplications are due in July.\nRecent Cornell Recipients\nNozomi Ando, Shiri Azenkot, Robert DiStasio, Margaret Frank,\nDaniel Halpern-Leistner, Malte Jung, Jeffrey Moses, Andrej Singer, Madeleine Udell - 2020\nJayadev Acharya, Ifeoma Ajunwa, Sid Banerjee, Christina Delimitrou, Nathan Kallus,\nKathryn Mann, Karola Meszaros, Adrian Sampson, Inna Zakharevich, Malte Ziewitz - 2019\nSteven Adie, Yoav Artzi, Cristian Danescu-Niculescu-Mizil, Nicola Dell,\nBrett Fors, Damian Helbling, Song Lin, Matthew Paszek, Jamol Pender, Brad Ramshaw,\nKarthik Sridharan, Fei Wang, Justin Wilson - 2018\nPackard Fellowships for Science and Engineering\n*Limited Submission*\nPackard Fellowships for Science and Engineering\nprovide the nation's most promising early-career scientists and engineers with flexible funding and the freedom to take risks and explore new frontiers in their fields of study. *\nUp to two nominations may be made by Cornell University's President. Faculty must first apply to Cornell's internal selection process.\nTo be eligible for this program, faculty members must be in the first three years of their faculty careers.\nNominations are requested in January of each year from the presidents of 50 universities selected by the Advisory Panel.\nCornell Recipients\nAnna Ho, 2024\nNoah Stephens-Davidowitz, 2023\nPeter McMahon, 2021\nKirstin Petersen, 2019\nIlana Brito, 2017\nElaine Shi, 2015\nLena F. Kourkoutis, 2014\nPeter McIntyre, 2011\nAdam Siepel, 2007\nZ. Jane Wang, 2002\nGeoffrey W. Coates, 2000\nJon M. Kleinberg, 1999\nDaniel Ralph, 1997\nGregory B. Martin, 1995\nNicholas L. Abbott, 1994\nJ.C. Seamus Davis, 1994\nPaul L. McEuen, 1992\nEva Tardos, 1990\nVeit Elser, 1989\nPresidential Early Career Awards for Scientists and Engineers (PECASE Awards)\nThe\nPECASE Awards\nare intended to recognize some of the finest scientists and engineers who, while early in their research careers, show exceptional potential for leadership at the frontiers of scientific knowledge during the twenty-first century. The PECASE Award is the highest honor bestowed by the U.S. government on outstanding scientists and engineers beginning their independent careers. Individuals cannot apply for PECASE. These awards are initiated by the participating federal agencies. Participating agencies: Department of Agriculture, Department of Commerce, Department of Defense, Department of Energy, Department of Education, National Institutes of Health, Department of Transportation, Department of Veterans Affairs, National Aeronautics and Space Administration, and National Science Foundation.\nRecent Cornell Recipients\nThomas Hartman; Jenny Kao-Kniffin; Kin Fai Mak; Rebecca Slayton, 2019\nKenong Xu; Lena Kourkoutis, 2016\nGregory Fuchs, 2013\nNoah Snavely; A. Kevin Tang, 2012\nSalman Avestimehr; David Erickson; John C. March; Kyle Shen, 2011\nRachel Bean, 2010\nRome Prize - Arts and Humanities\nThe\nRome Prize\nis awarded to support innovative and cross-disciplinary work in the arts and humanities. Each year, the prize is awarded to about thirty artists and scholars who represent the highest standard of excellence and who are in the early or middle stages of their careers.\nFellows are chosen from the following prize fields: Architecture, Design, Historic Preservation and Conservation, Landscape Architecture, Literature, Musical Composition, Visual Arts, Ancient Studies, Medieval Studies, Renaissance and Early Modern Studies, Modern Italian Studies.\nApplicants must be United States citizens at the time of application.\nApplications must be submitted by November 1.\nCornell Recipients\nIshion Hutchinson, 2018\nSloan Research Fellowship - Mathematics, Economics, Technology and all Sciences\n*Limited Submission*\nThe\nSloan Research Fellowships\nseek to stimulate fundamental research by early-career scientists and scholars of outstanding promise. These two-year fellowships are awarded yearly to 126 researchers in recognition of distinguished performance and a unique potential to make substantial contributions to their field. The fellowships support early-career faculty members’ original research and education related to science, technology, mathematics and economics.\nCornell may nominate up to 3 faculty per department. Candidates must speak with their department Chair if they wish to be nominated.\nNominations open in summer and must be submitted by mid-September.\nRecent Cornell Recipients\nPamela Chang, Antonio Fernandez-Ruiz, Daniel Halpern-Leistner, Peter McMahon - 2022\nRachit Agarwal, Sasha Rush, Katherine Tschida, Madeleine Udell - 2021\nDamek Davis, Christina Delimitrou, Robert DiStasio - 2020\nJeremy Baskin, Song Lin, Brad Ramshaw - 2019\nBrett Fors, Karthik Sridharan, Jin Suntivich - 2018\nIlana Brito, Guillaume Lambert, Kyle Lancaster, Nilay Yapici - 2017\nDavid Mimno, Yimon Aye - 2016\nNandini Ananth, Melissa Warden, Amy Williams - 2015\nTalcott Parsons Prize - Social Sciences\nThe\nTalcott Parsons Prize\nis awarded for contributions to the social sciences (broadly defined). An effort is made to rotate the prize among the various social science disciplines, including law, history, and linguistics.\nAll Career Faculty Awards\nExpand All\nAmerican Academy of Arts and Sciences\nThe\nAmerican Academy of Arts & Sciences\nmembership encompasses over 4,600 Fellows and 600 Foreign Honorary Members and reflects the full range of disciplines and professions: mathematics, the physical and biological sciences, medicine, the social sciences and humanities, business, government, public affairs and the arts. Among the Academy's Fellows are more than 250 Nobel laureates and 60 Pulitzer Prize winners.\nAnnually, Academy members receive a call for nominations. Each candidate for membership must have two nominators who are already members. The nominators must be from different institutions from each other and at least one must be from the United States.\nCornell Members\nAnthony Bretscher\nValerie Bunce\nStephen Ceci\nS\ntephen Coate\nGeoffrey Coates\nJoseph Fins\nMaria Cristina Garcia\nThomas Gilovich\nHarry Greene\nSandra Greene\nSol Gruner\nDavid Hajjar\nJoseph Halpern\nMaureen Hanson\nRonald Hoy\nKenneth Kemphues\nGary Koretzky\nJohn Lis\nPaul McEuen\nSuzanne Mettler\nKarl Niklas\nLaurent Saloff-Coste\nFred Schneider\nRoberto Sierra\nSteven Strogatz\nSandra Vehrencamp\nKelly Zamudio\nAmerican Chemical Society (ACS)\nThe purpose of the\nNational Award in Analytical Chemistry\nis to recognize and encourage outstanding contributions to the science of analytical chemistry, pure or applied, carried out in the United States or Canada. A nominee must have made an outstanding contribution to analytical chemistry. Special consideration is given to independence of thought and originality, or to the importance of the work when applied to public welfare, economics, or the needs and desires of humanity.\nNominations are due November 1, annually.\nRecent Cornell Recipients\nHéctor Abruña, 2021\nAmerican Council of Learned Societies (ACLS) - Humanities and Social Sciences\nThe\nACLS Fellowships\nprogram invites research applications in all disciplines of the humanities and related social sciences. The ultimate goal of the project should be a major piece of scholarly work by the applicant. ACLS does not fund creative work (e.g., novels or films), textbooks, straightforward translation, or pedagogical projects. ACLS Fellowships are intended to help scholars devote six to twelve continuous months to full-time research and writing. The awards are portable and are tenable at any appropriate site for research.\nApplications are submitted online including two reference letters.\nSeptember deadline for applications; notifications in February.\nOther ACLS Competitions\nRecent Cornell Recipients\nLucinda Ramberg, Ding Xiang Warner - 2020\nPaul Friedland, Stacey Langwick, Aaron Sachs - 2018\nEdward Baptist, 2017\nAnne Blackburn, 2015\nLori Khatchadourian, 2013\nAmerican Educational Research Association Fellows (AERA) - Education\nThe\nAERA Fellows Program\nhonors education researchers for their exceptional contributions to, and excellence in, education research. The program is intended to be inclusive of the scholarship that constitutes and enriches education research as an interdisciplinary field.\nFellows are nominated by their peers. Either the nominator or one of the endorsers of a nominee must be an AERA Fellow. Nominators and endorsers may be from the same institution as a nominee. Members of the AERA Fellows Committee are not eligible to serve as nominators or endorsers. Self-nominations will not be accepted. Two persons should not knowingly nominate each other.\nNominations are due in September.\nAmerican Physical Society (APS) - Physics\nAPS Prizes, Awards and Dissertation Awards\n:\nAPS prizes and awards recognize outstanding achievements in research, education and public service. With few exceptions, they are open to all members of the scientific community in the U.S. and abroad. The nomination and selection procedure, involving APS-appointed selection committees, guarantees their high standards and prestige.\nAPS Fellowship\n:\nFellowship is a distinct honor signifying recognition by one's professional peers. Any active APS member is eligible for nomination and election to APS Fellowship. The criterion for election is exceptional contributions to the physics enterprise; e.g., outstanding physics research, important applications of physics, leadership in or service to physics, or significant contributions to physics education\nRecent Cornell Recipients\nMatthias Liepe, James Sethna, Huili Grace Xing - 2019\nLawrence Kidder, 2018\nGeorg Hoffstaetter, Debdeep Jena - 2017\nRachel Bean, Csaba Csáki, Mingming Wu - 2016\nCraig Fennie, 2015\nFernando Escobedo, Erich Mueller, Steven Strogatz, Z. Jane Wang - 2014\nChristopher Ober, 2013\nJoel Brock, 2012\nDavid Muller, 2011\nFrank Wise, 2010\nA.M. Turing Award - Computer Science\nThe\nA.M. Turning Award\nis the Association for Computing Machinery's most prestigious technical award (sometimes referred to as the 'Nobel Prize of Computing') is given for major contributions of lasting importance to computing.\nNominations are submitted online including two reference letters.\nNominate Colleague\n.\nNominations are due in January.\nCornell Recipients\nJuris Hartmanis, 1993\nJohn Hopcroft, 1986\nBower Award and Prize for Achievement in Science - Multiple Sciences\nThe\nBower Award and Prize for Achievement in Science\n, presented through the Franklin Institute, is presented annually to a distinguished member of the international scientific community for work in a prescribed discipline that changes each year. The award includes a $250,000 cash prize.\nNominations from any individual or organization will be accepted, including self-nominations. Nominations of candidates traditionally underrepresented in science are particularly encouraged.\nLetters of Intent due in October. Completed nominations (including four confidential letters of support) due in December.\nDreyfus Prize in the Chemical Sciences\nThe\nDreyfus Prize in the Chemical Science\nis awarded to an individual in a selected area of chemistry to recognize exceptional and original research that has advanced the field in a major way. The prize is awarded biennially and consists of a monetary award of $250,000, a medal and a certificate.\nThe prize is open to international nominations. There is no restriction on the number of nominees from a given institution, nor is institutional approval required.\nAny person may nominate a candidate for the Dreyfus Prize. Self-nominations are not accepted.\nNomination deadline is December -\nNominate Colleague\n.\nFellow of National Academy of Public Administration\nThe Academy’s most distinctive feature is its membership of over 850\nFellows\n. These Fellows are public managers and scholars, business executives and labor leaders, current and former cabinet officers, members of Congress, governors, mayors, state legislators and diplomats.  Individually, Fellows provide unparalleled insight and experience.  Collectively, they are the Academy’s primary vehicle for addressing current and emerging issues and contributing to the intellectual and popular discourse on government.\nFellows elect new members of the Academy each year in the Spring.\nFord Senior Fellowships - Multiple fields\nThe goal of the\nFord Foundation Senior Fellowship\nprogram is to provide funding for selected Ford Fellows to conduct innovative research that addresses the overall goals and mission of moving the Ford Foundation forward. Fellows receive an annual stipend of $80,000 will be pro-rated according to the length of the approved work plan, as well as a separate travel stipend.\nThe program is open to individuals who have previously held a Ford Foundation Predoctoral, Dissertation or Postdoctoral Fellowship and currently hold a faculty appointment at an accredited U.S. academic institution. Applicants must have held the Ph.D./Sc.D. for at least seven years at the time of application. Fellowship duration is between 6 and 12 months.\nApplications are accepted  November 1 through January 31.\nFields Medal - Mathematics\nThe\nFields Medal\nis awarded every four years on the occasion of the International Congress of Mathematicians to recognize outstanding mathematical achievement for existing work and for the promise of future achievement. Regarded as one of the highest honors a mathematician can receive and has been described as the mathematician's \"Nobel Prize.\"\nNominations are emailed to the prize committee chairs. Nominations are confidential and must not be disclosed to the candidate. Self-nominations are strongly discouraged. The Fields Medal is awarded to an individual mathematician whose 40th birthday must not occur before January 1st of the year of the ICM at which the Fields Medals are awarded.\nCornell Recipients\nWilliam Thurston, 1982\nJefferson Science Fellows Program - Science, Technology, Engineering and Medical Science\nThe\nJefferson Science Fellows Program\nengages the American academic science, technology, engineering and medical communities in the design and implementation of U.S. foreign policy and international development.\nThe JSF program is open to tenured, or similarly ranked, faculty from U.S. institutions of higher learning who are U.S. citizens. After successfully obtaining a security clearance, selected Jefferson Science Fellows spend one year on assignment at the U.S. Department of State or the U.S. Agency for International Development (USAID) serving as advisers on issues of foreign policy or international development. Assignments are tailored to the needs of the hosting office, while taking into account the Fellows’ interests and areas of expertise. Following the fellowship year, Fellows will return to their academic career but remain available to the U.S. government as experienced consultants for short-term projects.\nThe application period opens in early August and closes on October 31.\nCornell Recipients\nDavid P. Hajjar, 2014\nPeter Davies, 2011\nTimothy DeVoogd, 2009\nSyed Rizvi, 2007\nNational Academy of Education\nThe\nNational Academy of Education\nis an honorific society consisting of U.S. members and international associates who are elected on the basis of outstanding scholarship related to education. Founded in 1965, the mission of NAEd is to advance high-quality education research and its use in policy formulation and practice. Members and international associates provide pro bono service on committees that address pressing issues in education. In addition, Academy members and other scholars are also deeply engaged in NAEd professional development programs focused on preparing the next generation of education researchers.\nThe Academy accepts membership nominations annually. Only current members are eligible to submit nominations.\nCornell Members\nCharles Brainerd\nStephen Ceci\nRonald Ehrenberg\nRobert Sternberg\nKenneth Strike\nNational Academy of Engineering\nElection to\nNational Academy of Engineering\nmembership is one of the highest professional honors accorded an engineer. Members have distinguished themselves in business and academic management, in technical positions, as university faculty, and as leaders in government and private engineering organizations.\nNominations may be submitted by anyone, but self-nominations are not allowed.\nMembers are elected to NAE membership by current members.\nCornell Members\nNicholas Abbott\nLynden Archer\nWilfried Brutsaert\nHarold Craighead\nBrenda Dietrich\nDeborah Estrin\nDonald Greenberg\nJoseph Halpern\nJuris Hartmanis\nJohn Hopcroft\nJon Kleinberg\nSidney Leibovich\nDaniel Loucks\nFrancis Moon\nThomas O'Rourke\nJean-Yves Parlange\nStephen Pope\nDarrell Schlom\nFred Schneider\nNorman Scott\nChristine Shoemaker\nJery Russell Stedinger\nEva Tardos\nMichael Todd\nWatt Webb\nNational Academy of Inventors Fellows Program\nThe\nNAI Fellows Program\nwas established to highlight academic inventors who have demonstrated a prolific spirit of innovation in creating or facilitating outstanding inventions that have made a tangible impact on quality of life, economic development and the welfare of society. Election to NAI Fellow status is the highest professional distinction accorded solely to academic inventors. The program has 1,228 Fellows worldwide representing more than 250 prestigious universities and governmental and non-profit research institutes.\nAmong all NAI Fellows, there are over 137 presidents and senior leaders of research universities, governmental and non-profit research institutes; 556 members of the National Academies of Science, Engineering and Medicine; 42 inductees of the National Inventors Hall of Fame; 63 recipients of the U.S. National Medal of Technology and Innovation and U.S. National Medal of Science; and 38 Nobel Laureates, among other awards and distinctions.\nSelf-nominations are not permitted. Nominations open in April and are submitted by current NAI Fellows, due on July 31 each year.\nCornell Recipients\nLewis Cantley, 2019\nChih-Chang Chu, 2018\nGeoffrey Coates, 2017\nFrancis Barany, David Fischell - 2016\nEdward Wolf, 2015\nHarold Craighead, Chris Xu - 2014\nNational Academy of Medicine (NAM) - Health, Medicine and Social Sciences\nThe\nNational Academy of Medicine\n, established in 1970 under the name Institute of Medicine (IOM), is an independent organization of eminent professionals from diverse fields including health and medicine; the natural, social and behavioral sciences; and beyond. Through its domestic and global initiatives, the NAM works to address critical issues in health, medicine and related policy and inspire positive action across sectors. The NAM elects no more than 90 regular members and 10 international members annually. For those at the top of their field, NAM membership reflects the height of professional achievement and commitment to service.\nThe election of individuals to the National Academy of Medicine begins with a confidential nomination by two NAM members who are well acquainted with the candidate’s work. In sponsoring the nomination, the NAM member affirms his or her personal assessment that the candidate meets the NAM’s primary criterion of excellence and outstanding professional achievement in a field relevant to the mission of the NAM.\nThe annual nomination cycle begins on November 1 and closes on February 1.\nOnce elected, members are also eligible for a number of awards.\nCornell Members\nJack Barchas\nM. Flint Beal\nLewis Cantley\nAugustine M.K. Choi\nDeborah Estrin\nJoseph Fins\nCutberto Garza\nAntonio Gotto\nRainu Kaushal\nGary Koretzky\nFrancis Lee\nRalph Nachman\nCarl Nathan\nJean Pape\nSteven Paul\nValerie Reyna\nAndrew Schafer\nRosemary Stevens\nHarold Varmus\nNational Academy of Sciences - Multiple Sciences\nMembers are elected to the\nNational Academy of Sciences\nin recognition of their distinguished and continuing achievements in original research. Membership is a widely accepted mark of excellence in science and is considered one of the highest honors that a scientist can receive. Current NAS membership totals approximately 2,400 members and 500 international members, of which approximately 190 have received Nobel prizes.\nMembership is achieved by election-there is no membership application process. Only Academy members may submit formal nominations. Consideration of a candidate begins with his or her nomination, followed by an extensive and careful vetting process that results in a final ballot at the Academy's annual meeting in April each year. Currently, a maximum of 120 members may be elected annually. Members must be U.S. citizens; non-citizens are elected as international members, with a maximum of 30 elected annually.\nAwards nominations are due in October.\nCornell Members\nHéctor Abruña\nN. W. Ashcroft\nLewis Cantley\nAndrew Clark\nGeoffrey Coates\nFrancis DiSalvo\nScott Emr\nMaureen Hanson\nMaria Harrison\nJuris Hartmanis\nMartha Haynes\nRoald Hoffmann\nJohn Hopcroft\nJon Kleinberg\nCatherine Kling\nJohn Lis\nJonathan Lunine\nSusan McCouch\nPaul McEuen\nFred McLafferty\nN. David Mermin\nJune Nasrallah\nCarl Nathan\nPrabhu Pingali\nRobert Pohl\nJohn Reppy\nJeffrey Roberts\nWendell Roelofs\nHarold Scheraga\nEva Tardos\nSaul Teukolsky\nMaury Tigner\nHarold Varmus\nWatt Webb\nBenjamin Widom\nMariana Wolfner\nNational Medal of Science - STEM and Social Sciences\nThe\nNational Medal of Science\nis the Nation's highest honor for American scientists and engineers. The medal is awarded to individuals deserving of special recognition by reason of their understanding cumulative contributions to knowledge in the chemical, physical, biological, mathematical, engineering, or behavioral or social sciences, in combination with exemplary service to the Nation. Ideal nominations make a strong case for scientific or engineering achievement as well as broader impacts in promoting the progress of science; advancing the national health, prosperity, and welfare; securing the national defense; and other purposes.\nA Committee of 12 scientists and engineers is appointed by the President to evaluate the nominees for the Award. Since its establishment, the National Medal of Science has been awarded to 506 distinguished scientists and engineers whose careers spanned decades of research and development.\nThere is no limit to the number of nominations by an institution.\nSelf-nominations are not eligible, nor are nominations from immediate family members. Teams are not eligible for consideration. Nominations will be carried over for a period of three years, including the year of nomination. After that time, it is possible to re-nominate the candidate for later consideration, if they are still eligible.\nNominate Colleague\nCornell Recipients\nSimon Levin, 2016\nJerrold Meinwald, 2014\nNational Medal of Technology and Innovation\nThe\nNational Medal of Technology and Innovation (NMTI)\nis the nation’s highest honor for technological achievement, bestowed by the president of the United States on America's leading innovators. The medal is awarded to individuals, teams (up to four individuals), companies or divisions of companies for their outstanding contributions to America’s economic, environmental and social well-being. The purpose of the National Medal of Technology and Innovation is to recognize those who have made lasting contributions to America's competitiveness, standard of living, and quality of life through technological innovation, and to recognize those who have made substantial contributions to strengthening the nation's technological workforce.\nU.S. citizenship is a requirement for individual and team nominations.Nominations of candidates from traditionally underrepresented groups are encouraged. Anyone can be a nominator. Successful nominations typically include 3-6 recommendation letters.\nNomination deadline is in May.\nRaymond and Beverly Sackler International Prizes in Biophysics, Chemistry and Physics\nThe\nSackler Prizes\nare intended to promote originality and excellence of research in the field of Biophysics, Chemistry and Physics. They are administered by Tel Aviv University through an advisory committee comprised of the President and Rector of TAU as ex-officio members and others selected ad personam by the President and the Rector.\nPrize in Biophysics:\nThe prize is given in the field of Physical Principles of Biological Systems. This year an amount of $50,000 will be presented to young investigators under the age of 45. Application deadline is in January.\nPrize in Chemistry/Physics:\nThe prize is awarded alternatively in the fields of Chemistry and Physics, and is intended to encourage dedication to science, originality and excellence by rewarding outstanding young scientists, under 45 years of age. The prize amount is $100,000.\n11\nProcess\nFind Your Next Funding Opportunity\nResource\nUpstate New York Energy Storage Engine\nResource\nFunding Opportunity: Bezos Earth Fund Grand Challenge\nResource\nCornell Postdoc Parental Leave Support (PD PaLS) Program\nResource\nFoundation Funding\nResource\nLimited Submissions Funding Opportunities\nResource\nInternal Funding for Faculty, Postdocs & Students\nResource\nEarly Career Faculty Research Funding\nResource\nExternal Funding for Postdoctoral Fellows\nResource\nExternal Funding for Graduate Students\nResource\nEquipment and Instrumentation Grants\nQuick Reference\nOffices\nCALS Sponsored Research Office\nCOI - Conflict of Interest\nCTL - Center for Technology Licensing\nCVM Research Office\nCorporate Engagement\nEHS - Environmental Health & Safety & Risk Management\nExport Controls Office\nFAIM - Faculty Advancing Inclusive Mentoring\nIACUC - Institutional Animal Care and Use\nIBC - Institutional Biosafety Committee\nIRB - Institutional Review Board\nIT Security & Policy\nORIA - Office of Research Integrity and Assurance\nOSP - Office of Sponsored Programs & Research Development\nPRO - Pre-Award Research Operations\nR&I - Cornell Research & Innovation\nRAIS - Research Administration Information Services\nRCR - Responsible Conduct of Research\nRDBSC - Research Division Business Service Center\nResearch Development (ReD)\nResearch Division Human Resources\nResearch Security Office\nSFS - Sponsored Financial Services\nUniversity Policy Office\nWCM - Office of Sponsored Research Administration (OSRA)\nEssential Tools & Resources\nFind My GCO\nInstitutional Profile & DUNS\nRates and budgets\nJoin List Servs\nResearch Development (ReD) Services\nFind Your Next Funding Opportunity\nRegister for Federal and Non-Federal Systems\nDisclose Foreign Collaborations and Support\nWeb Financials (WebFin2)\nExternal\nPI Dashboard\nExternal\nResearch Financials (formerly RA Dashboard)\nExternal\nRASS\nExternal\nIACUC applications (Cayuse Animal Management System)\nIBC applications (RASS-IBC)\nIRB Applications (RASS-IRB)\nExternal\nReport external interests (RASS-COI)\nRASS Access Request Form\naskEHS\nExternal\nCornell Data Services\nExternal\nTravel Registry\nExternal\nInternational research activities\nExternal\nTraining\nResearch metrics and executive dashboards\nRates\nForms\nPolicies\nContacts\nTraining\nEvents\nNews & Announcements\nPart of\n© 2019 Cornell University\nWeb Accessibility Help\nWas this page helpful?\n×\n×\nStatus message\nSorry...This form is closed to new submissions.\nScroll"
}