{
    "URL location": "https://researchservices.cornell.edu/resources/early-career-funding",
    "Last modification date": "2025-04-18T03:27Z",
    "Change frequency": "monthly",
    "Priority": "0.8",
    "Scraped Text": "Early Career Faculty Research Funding | Cornell Research Services\nSkip to main content\nFind guidance on funding and agency updates during the federal government transition\n(\nupdated 4/16/2025\n)\nResearch Services\nResearch Services\nEssential Tools\nClose\nFind My GCO\nRASS\nExternal\nInstitutional Profile & DUNS\nIACUC applications (Cayuse Animal Management)\nFind Your Next Funding Opportunity\nIBC Applications (RASS-IBC)\nResearch Development (ReD) Services\nIRB Applications (RASS-IRB)\nExternal\nRates and budgets\nReport external interests (RASS-COI)\nJoin List Servs\nRASS Access Request Form\nAsk EHS\nExternal\nWeb Financials (WebFin2)\nExternal\nCornell Data Services\nExternal\nPI Dashboard\nExternal\nTravel Registry\nExternal\nResearch Financials (formerly RA Dashboard)\nExternal\nInternational research activities\nExternal\nRegister for Federal and Non-Federal Systems\nDisclose Foreign Collaborations and Support\nResearch metrics & executive dashboards\nTraining\nSearch\nResearch Services\nSearch\nHome\nPrepare a Proposal\nClose\nResearch Development Services\nSubawards in a Proposal\nFind Your Next Funding Opportunity\nDisclose Foreign Collaborations and Support\nProposal Development, Review, and Submission\nPlanning for Animals, Human Participants, r/sNA, Hazardous Materials, Radiation\nBudgets, Costs, and Rates\nCollaborate with Weill Cornell Medicine\nManage a Project\nClose\nAward Negotiation and Finalization\nTravel and International Activities\nProject Finances\nProject Modifications\nResearch Project Staffing\nGet Confidential Info, Data, Equipment, or Materials\nManaging Subawards\nAnimals, Human Participants, r/sNA, Hazardous Materials, Radiation\nClose a Project\nClose\nProject Closeout Financials\nProject Closeout\nEnd a Project Early\nCorporate Partnership & Innovation\nClose\nProtecting an Invention, Creation, Discovery\nEntrepreneurial and Startup Company Resources\nGateway to Partnership Program\nEngaging with Industry\nCompliance, Ethics, Safety\nClose\nResponsible Conduct of Research (RCR)\nExport Controls\nResearch with Human Participants\nResearch Security\nWork with Live Vertebrate Animals\nResearch Safety\nRegulated Biological Materials in Research\nFinancial Management\nConflicts of Interest\nBreadcrumb\nHome\nresources\nEarly Career Faculty Research Funding\nBuilding your research portfolio.\nRelated Pages:\nResearch Concierge Service\nFind Your Next Funding Opportunity\nLimited Submissions Funding Opportunities\nLimited Submissions Funding Opportunities\nFunding opportunities for early career faculty:\nThe Research Development team has compiled a list of\nresearch funding opportunities specifically geared toward junior faculty\n.\nClick here to download an Excel file\nof opportunities for researchers in the\nhumanities, life sciences, physical sciences, engineering, mathematics,\nand\nsocial sciences\n.\nIncludes opportunities from\nfederal\n,\nfoundation\n, and\nnon-profit sponsors\n.\nSort or filter the list by\nsponsor\n,\ndiscipline/research area\n, and\nsubmission deadline\n.\nNote\n: For opportunities marked \"\nLimited Submission\n,\" please\ncontact Cornell Limited Submissions\n(\novpr_limited_submissions@cornell.edu\n) for details about the university's internal selection process.\nFoundation Funding\nSearch Tools\nFoundation Directory\n: The Directory provides information about U.S. private and public foundations, including organization profiles, links to foundation websites, and funding opportunities. Users can subscribe to the \"Philanthropy News Digest\" to receive timely updates about new funding opportunities. Access to the Foundation Directory is provided by the Cornell University Library.\nGrant Forward\n: A searchable\ndatabase of grants from over 14,000 sponsors, including foundations. Search by keywords and advanced filters. Save your favorite searches to receive alerts about new grants, and save your favorite grants to keep track of them. GrantForward also recommends grants based on your CV, past publications, and research interests.\nCornell University subscribes to GrantForward.\nFaculty, students and staff with a Cornell netID have free full access.\nSign up here\nusing your cornell.edu email\n.\nThe\nScience Philanthropy Alliance\nprovides overviews of areas of interest, approaches, and funding opportunities from several of its member organizations (such as the Sloan Foundation, Burroughs Wellcome Fund, and more).\nVisit the Alliance Member Priorities webpage\n.\nTips for Writing Proposals for Foundation Grants\nResearch and make the right fit.\nOne of the most common reasons applications are rejected is not fitting with the funder's interests, goals, and priorities. Tailor your proposal to the specific funder's guidelines and interests.\nFunders really want to know:\nHow will they benefit from investing in your research program? How will it help them achieve their goals?\nWhy should they care? (The \"so what?\" factor.)\nWhy are you the best one to do the work?\nHow will you sustain the work after the funds are gone?\nWrite an Executive Summary - Even if it's not required by a funder, an Executive Summary is good to have on-hand to share with potential funders and program managers. It should be clear and concise, and grab the reader's attention immediately.\nFederal Agencies\nNational Endowment for the Humanities (NEH) Division of Research Programs\nThe NEH Division of Research supports scholarly research that advances knowledge and understanding of the humanities. Awards are made to scholars (individuals, collaborative teams, or institutions) working on research projects of significance to specific humanities fields and to the humanities as a whole. Opportunities include the Fellowships, Collaborative Research, and Summer Stipends programs.\nLearn more here\n.\nNational Institutes of Health (NIH) Early Stage Investigator (ESI) Status\nNIH defines an Early Stage Investigator (ESI) as a Program Director/Principal Investigator (PD/PI) who has completed their terminal research degree or end of post-graduate clinical training, whichever date is later, within the past 10 years and who has not previously competed successfully as PD/PI for a substantial NIH independent research award.\nClick here to learn more about NIH ESI Policies.\nNational Science Foundation (NSF)\nThe foundation-wide\nFaculty Early Career Development Program (CAREER)\noffers the NSF's most prestigious awards in support of early-career faculty who have the potential to serve as academic role models in research and education and to lead advances in the mission of their department or organization. In addition, early career researchers are eligible (and encouraged) to compete for NSF core grants and special initiatives - the article\nNSF 101: Funding opportunities for early career researchers\ndescribes several of these opportunities.\nU.S. Department of Agriculture (USDA) New Investigator Grants\nThe\nAgriculture and Food Research Initiative (AFRI)\nis the nation’s leading competitive grants program for the food and agricultural sciences. Within AFRI there are specific opportunities for early career professionals that meet the USDA's eligibility criteria for New Investigators. There are two types of New Investigator Grants available: Standard Grants and Seed Grants. To learn more about USDA New Investigator grants,\nclick here\n.\nU.S. Department of Defense (DOD)\nDOD's\nYoung Investigator Programs\n(or, YIPs) support the research of early career faculty, with the long-term goal of developing the next generation of academic scientists, engineers and mathematicians in strategic disciplines whose research aligns with agency missions and priorities. Visit our\nWorking with DOD\nwebpage for resources and information about agencies and programs.\nU.S. Department of Energy (DOE)\nDOE’s Office of Science is the nation’s largest supporter of basic research in the physical sciences. Its\nEarly Career Research Program\nsupports outstanding scientists, early in their careers, whose research falls within the programmatic priorities of the Office of Science.\nClick here for more information\n.\nVolunteer to be a reviewer\nIn addition to providing a great service, reviewers benefit by gaining first-hand knowledge about the peer review process, learn common problems with proposals, and have opportunities to network with agency program officers and new colleagues.\nNEH Peer Review Panels:\nThe NEH is always looking for scholars, humanities center staff, and other experts to serve as peer reviewers. Lean about the\nNEH application review process\nand\nsign-up to be an NEH review panelist here\n.\nNIH Center for Scientific Review (CSR) Early Career Reviewer (ECR) Program:\nThe NIH ECR Program aims to help early-career scientists (Assistant Professor level or equivalent) become more competitive as grant applicants through first-hand experience with peer review and to enrich and diversify the CSR's pool of trained reviewers.\nLearn more here\n.\nNSF Reviewer Program:\nSend an e-mail to the NSF program officer(s) of the program(s) that fits your expertise. Introduce yourself and identify your areas of expertise, share your CV, and let them know that you are interested in becoming a peer reviewer.\nLearn more about the NSF Reviewer Program here\n.\nUSDA National Institute of Food and Agriculture (NIFA) Peer Review Panels:\nNIFA convenes peer review panels comprised of research, education, extension, and other subject matter experts to review competitive grant proposals. Peer review panelists are selected based on their expertise, credentials, and NIFA panel needs. Contact the program staff listed in Request for Applications or volunteer via the Peer Review system.\nLearn more here\n.\nVolunteer to be a NASA STMD reviewer:\nSpace Technology Mission Directorate (STMD)\nis seeking subject matter experts to provide electronic reviews and to engage in discussions at in-person and virtual panel meetings. Early career researchers are welcome.\nSTMD reviewer forms\n.\nJoin the CU-RES-ADMIN mailing list\nto receive funding opportunity and other research-related announcements.\nContact the\nResearch Development team\nfor help with identifying potential funders, proposal development, and more.\n11\nProcess\nFind Your Next Funding Opportunity\nResource\nUpstate New York Energy Storage Engine\nResource\nFunding Opportunity: Bezos Earth Fund Grand Challenge\nResource\nCornell Postdoc Parental Leave Support (PD PaLS) Program\nResource\nFoundation Funding\nResource\nLimited Submissions Funding Opportunities\nResource\nFaculty Recognition Prizes and Awards\nResource\nInternal Funding for Faculty, Postdocs & Students\nResource\nExternal Funding for Postdoctoral Fellows\nResource\nExternal Funding for Graduate Students\nResource\nEquipment and Instrumentation Grants\nQuick Reference\nOffices\nCALS Sponsored Research Office\nCOI - Conflict of Interest\nCTL - Center for Technology Licensing\nCVM Research Office\nCorporate Engagement\nEHS - Environmental Health & Safety & Risk Management\nExport Controls Office\nFAIM - Faculty Advancing Inclusive Mentoring\nIACUC - Institutional Animal Care and Use\nIBC - Institutional Biosafety Committee\nIRB - Institutional Review Board\nIT Security & Policy\nORIA - Office of Research Integrity and Assurance\nOSP - Office of Sponsored Programs & Research Development\nPRO - Pre-Award Research Operations\nR&I - Cornell Research & Innovation\nRAIS - Research Administration Information Services\nRCR - Responsible Conduct of Research\nRDBSC - Research Division Business Service Center\nResearch Development (ReD)\nResearch Division Human Resources\nResearch Security Office\nSFS - Sponsored Financial Services\nUniversity Policy Office\nWCM - Office of Sponsored Research Administration (OSRA)\nEssential Tools & Resources\nFind My GCO\nInstitutional Profile & DUNS\nRates and budgets\nJoin List Servs\nResearch Development (ReD) Services\nFind Your Next Funding Opportunity\nRegister for Federal and Non-Federal Systems\nDisclose Foreign Collaborations and Support\nWeb Financials (WebFin2)\nExternal\nPI Dashboard\nExternal\nResearch Financials (formerly RA Dashboard)\nExternal\nRASS\nExternal\nIACUC applications (Cayuse Animal Management System)\nIBC applications (RASS-IBC)\nIRB Applications (RASS-IRB)\nExternal\nReport external interests (RASS-COI)\nRASS Access Request Form\naskEHS\nExternal\nCornell Data Services\nExternal\nTravel Registry\nExternal\nInternational research activities\nExternal\nTraining\nResearch metrics and executive dashboards\nRates\nForms\nPolicies\nContacts\nTraining\nEvents\nNews & Announcements\nPart of\n© 2019 Cornell University\nWeb Accessibility Help\nWas this page helpful?\n×\n×\nStatus message\nSorry...This form is closed to new submissions.\nScroll"
}