{
    "URL location": "https://researchservices.cornell.edu/resources/irb-guidance-and-resources",
    "Last modification date": "2025-04-18T03:27Z",
    "Change frequency": "monthly",
    "Priority": "0.8",
    "Scraped Text": "IRB Guidance and Resources | Cornell Research Services\nSkip to main content\nFind guidance on funding and agency updates during the federal government transition\n(\nupdated 4/16/2025\n)\nResearch Services\nResearch Services\nEssential Tools\nClose\nFind My GCO\nRASS\nExternal\nInstitutional Profile & DUNS\nIACUC applications (Cayuse Animal Management)\nFind Your Next Funding Opportunity\nIBC Applications (RASS-IBC)\nResearch Development (ReD) Services\nIRB Applications (RASS-IRB)\nExternal\nRates and budgets\nReport external interests (RASS-COI)\nJoin List Servs\nRASS Access Request Form\nAsk EHS\nExternal\nWeb Financials (WebFin2)\nExternal\nCornell Data Services\nExternal\nPI Dashboard\nExternal\nTravel Registry\nExternal\nResearch Financials (formerly RA Dashboard)\nExternal\nInternational research activities\nExternal\nRegister for Federal and Non-Federal Systems\nDisclose Foreign Collaborations and Support\nResearch metrics & executive dashboards\nTraining\nSearch\nResearch Services\nSearch\nHome\nPrepare a Proposal\nClose\nResearch Development Services\nSubawards in a Proposal\nFind Your Next Funding Opportunity\nDisclose Foreign Collaborations and Support\nProposal Development, Review, and Submission\nPlanning for Animals, Human Participants, r/sNA, Hazardous Materials, Radiation\nBudgets, Costs, and Rates\nCollaborate with Weill Cornell Medicine\nManage a Project\nClose\nAward Negotiation and Finalization\nTravel and International Activities\nProject Finances\nProject Modifications\nResearch Project Staffing\nGet Confidential Info, Data, Equipment, or Materials\nManaging Subawards\nAnimals, Human Participants, r/sNA, Hazardous Materials, Radiation\nClose a Project\nClose\nProject Closeout Financials\nProject Closeout\nEnd a Project Early\nCorporate Partnership & Innovation\nClose\nProtecting an Invention, Creation, Discovery\nEntrepreneurial and Startup Company Resources\nGateway to Partnership Program\nEngaging with Industry\nCompliance, Ethics, Safety\nClose\nResponsible Conduct of Research (RCR)\nExport Controls\nResearch with Human Participants\nResearch Security\nWork with Live Vertebrate Animals\nResearch Safety\nRegulated Biological Materials in Research\nFinancial Management\nConflicts of Interest\nBreadcrumb\nHome\nresources\nIRB Guidance and Resources\nCornell IRB guidance and policies, and links to external sources to help you plan, obtain, and maintain IRB approval for your project\nLooking for guidance and resources? The links and documents below will help you to understand the main processes and guidelines used by the Cornell IRB, as well as external policies, regulations and best practices that might apply to your research using human participants.\nCornell IRB Guidance & Procedures\nStart here: if you aren't sure whether your activity is covered under Cornell's Human Research Protection Program, review this\nDecision Tree\n.\nExpand All\nCornell IRB Procedures – submitting & managing IRB projects\nPolicy 1:\nDetermining Whether a Research Activity Needs IRB Review and Approval\nPolicy 3:\nExpedited and Full Board Reviews (Initial, Amendment, and Continuing)\nGuidance:\nOral Histories, Journalism, and Case Studies\nGuidance:\nRevised Common Rule: Cornell IRB Policies and Procedures\nPolicy 2:\nRequests for Exemption\nPolicy 17:\nPrincipal Investigator Roles and Responsibilities\nPolicy 8:\nClosing a Research Protocol\nPolicy 4:\nReporting Unanticipated/Adverse Events\nPolicy 5:\nManaging Noncompliance\nPolicy 6:\nSuspensions and Terminations of IRB Protocols\nPolicy 7:\nReporting Unanticipated Problems to Regulatory Agencies and Sponsors\nNavigating External Rules and Requirements\nGuidance:\nNIH Certificates of Confidentiality\nGuidance:\nClinical Trials\nGuidance:\nUsing HIPAA Data for Research\nPolicy 18:\nNew York State Laws\nGuidance:\nRevised Common Rule: Cornell IRB Policies and Procedures\nGuidance:\nGDPR Research\nResearch with Special Populations\nGuidance:\nParent/Guardian Permission for Studies involving Children\nGuidance:\nManaging Risk of Harm to Self or Others\nPolicy:\nInternational Human Research\nGuidance:\nPreparing Protocols Involving International Research\nGuidance:\nResearch Involving Cognitively Impaired Adults\nInformed Consent and Recruitment\nPolicy 9:\nRecruitment and Payment of Hu\nman\nResearch Participants\nPolicy 10:\nInformed Consent Options, Processes, and Documentation\nPolicy 11:\nInformed Consent - Research Involving Children\nPolicy 12:\nInformed Consent - Research Involving Prisoners\nPolicy 13:\nInformed Consent - Research Involving Normal, Healthy Participants\nPolicy 15:\nInformed Consent - Research Involving Cornell Students\nGuidance:\nParent/Guardian Permission for Studies Involving Children\nGuidance:\nOral Consent\nInformed Consent 101 Video\nResearch Involving Medical Procedures, Testing or Devices\nPolicy 19:\nUse of Physiological Devices, Biomedical Procedures or Biological Samples in Research\nGuidance:\nSanitation of Devices that Contact Intact Skin\nGuidance:\nManaging Risk of Harm to Self or Others\nGuidance:\nVenipuncture for Research on Human Subjects\nResearch Involving Technology & Data\nPolicy 16:\nComputer- and Internet-Based Survey Research\nPolicy 20:\nUse of Social Networking Sites and Mobile Devices\nGuidance:\nResearch Involving Existing or Secondary Data\nExternal Regulations & Guidance\nExpand All\nExternal Regulations & Guidance\nHere is a list of selected laws, regulations and guidelines concerning the conduct of research with human participants:\nThe Federal Policy for the Protection of Human Subjects\n(the “Common Rule”)\nThe Belmont Report\nHIPAA Privacy Rule\nFamily Educational Rights and Privacy Act\n(FERPA)\nFood and Drug Administration\n(FDA) 21 CFR Regulations\nGeneral Data Protection Regulation\n(GDPR)\nNew York State’s\nArticle 24-A: Protection of Human Subjects\nNew York Civil Rights Law\nSection 79-l: Confidentiality of records of genetic tests\n13\nResource\nAbout the IRB Committee\nResource\nThe Life Cycle of an IRB Protocol\nResource\nIRB Announcements & Newsletters\nProcess\nResearch with Human Participants\nResource\nIRB Informed Consent\nResource\nIRB Training\nResource\nIRB Considerations: Human Participant Data, Data Sets and Internet Research\nResource\nIRB Biomedical Research\nResource\nIRB Considerations for International Research\nResource\nIRB Considerations for Clinical Trials\nResource\nMulti-site and Collaborative IRB Research\nSee All\nQuick Reference\nOffices\nCALS Sponsored Research Office\nCOI - Conflict of Interest\nCTL - Center for Technology Licensing\nCVM Research Office\nCorporate Engagement\nEHS - Environmental Health & Safety & Risk Management\nExport Controls Office\nFAIM - Faculty Advancing Inclusive Mentoring\nIACUC - Institutional Animal Care and Use\nIBC - Institutional Biosafety Committee\nIRB - Institutional Review Board\nIT Security & Policy\nORIA - Office of Research Integrity and Assurance\nOSP - Office of Sponsored Programs & Research Development\nPRO - Pre-Award Research Operations\nR&I - Cornell Research & Innovation\nRAIS - Research Administration Information Services\nRCR - Responsible Conduct of Research\nRDBSC - Research Division Business Service Center\nResearch Development (ReD)\nResearch Division Human Resources\nResearch Security Office\nSFS - Sponsored Financial Services\nUniversity Policy Office\nWCM - Office of Sponsored Research Administration (OSRA)\nEssential Tools & Resources\nFind My GCO\nInstitutional Profile & DUNS\nRates and budgets\nJoin List Servs\nResearch Development (ReD) Services\nFind Your Next Funding Opportunity\nRegister for Federal and Non-Federal Systems\nDisclose Foreign Collaborations and Support\nWeb Financials (WebFin2)\nExternal\nPI Dashboard\nExternal\nResearch Financials (formerly RA Dashboard)\nExternal\nRASS\nExternal\nIACUC applications (Cayuse Animal Management System)\nIBC applications (RASS-IBC)\nIRB Applications (RASS-IRB)\nExternal\nReport external interests (RASS-COI)\nRASS Access Request Form\naskEHS\nExternal\nCornell Data Services\nExternal\nTravel Registry\nExternal\nInternational research activities\nExternal\nTraining\nResearch metrics and executive dashboards\nRates\nForms\nPolicies\nContacts\nTraining\nEvents\nNews & Announcements\nPart of\n© 2019 Cornell University\nWeb Accessibility Help\nWas this page helpful?\n×\n×\nStatus message\nSorry...This form is closed to new submissions.\nScroll"
}