{
    "URL location": "https://researchservices.cornell.edu/proposal/disclose-foreign-collaborations-and-support",
    "Last modification date": "2025-04-18T03:27Z",
    "Change frequency": "monthly",
    "Priority": "0.8",
    "Scraped Text": "Disclose Foreign Collaborations and Support | Cornell Research Services\nSkip to main content\nFind guidance on funding and agency updates during the federal government transition\n(\nupdated 4/16/2025\n)\nResearch Services\nResearch Services\nEssential Tools\nClose\nFind My GCO\nRASS\nExternal\nInstitutional Profile & DUNS\nIACUC applications (Cayuse Animal Management)\nFind Your Next Funding Opportunity\nIBC Applications (RASS-IBC)\nResearch Development (ReD) Services\nIRB Applications (RASS-IRB)\nExternal\nRates and budgets\nReport external interests (RASS-COI)\nJoin List Servs\nRASS Access Request Form\nAsk EHS\nExternal\nWeb Financials (WebFin2)\nExternal\nCornell Data Services\nExternal\nPI Dashboard\nExternal\nTravel Registry\nExternal\nResearch Financials (formerly RA Dashboard)\nExternal\nInternational research activities\nExternal\nRegister for Federal and Non-Federal Systems\nDisclose Foreign Collaborations and Support\nResearch metrics & executive dashboards\nTraining\nSearch\nResearch Services\nSearch\nHome\nPrepare a Proposal\nClose\nResearch Development Services\nSubawards in a Proposal\nFind Your Next Funding Opportunity\nDisclose Foreign Collaborations and Support\nProposal Development, Review, and Submission\nPlanning for Animals, Human Participants, r/sNA, Hazardous Materials, Radiation\nBudgets, Costs, and Rates\nCollaborate with Weill Cornell Medicine\nManage a Project\nClose\nAward Negotiation and Finalization\nTravel and International Activities\nProject Finances\nProject Modifications\nResearch Project Staffing\nGet Confidential Info, Data, Equipment, or Materials\nManaging Subawards\nAnimals, Human Participants, r/sNA, Hazardous Materials, Radiation\nClose a Project\nClose\nProject Closeout Financials\nProject Closeout\nEnd a Project Early\nCorporate Partnership & Innovation\nClose\nProtecting an Invention, Creation, Discovery\nEntrepreneurial and Startup Company Resources\nGateway to Partnership Program\nEngaging with Industry\nCompliance, Ethics, Safety\nClose\nResponsible Conduct of Research (RCR)\nExport Controls\nResearch with Human Participants\nResearch Security\nWork with Live Vertebrate Animals\nResearch Safety\nRegulated Biological Materials in Research\nFinancial Management\nConflicts of Interest\nBreadcrumb\nHome\nPrepare a Proposal\nDisclose Foreign Collaborations and Support\nThe FBI, federal lawmakers, and sponsoring agencies have raised concerns regarding undue foreign influence on federally funded research. As a result, there are several actions that faculty need to take to ensure that all required disclosures are made and avoid exposing their projects, themselves, and the University to risk.\nWhat do I need to do?\nDisclose All Sources of Support:\nAll current and pending support of your research endeavors,\nwhether this effort is though Cornell, through an outside entity, or a personal venture\n, must be disclosed to external research sponsors as required by their guidelines and regulations. This includes both foreign and domestic sources of support. See\nDisclosing International Partnerships to Cornell and External Sponsors\n. Researchers who hold support that is not managed by Cornell cannot rely solely on research administrators to complete their current and pending support reports. Research administrators will not have access to this information through Cornell systems.\nDisclose All Appointments and Affiliations:\nAll academic professional, or institutional appointments held by investigators must be disclosed in applications for external funding. This includes those that are domestic or foreign, paid or unpaid, or full/part-time/voluntary (including adjunct, visiting or honorary). See\nDisclosing International Partnerships to Cornell and External Sponsors\n.\nDisclosure of Consulting Activity:\nAll time spent working for or consulting with foreign entities or institutions must be reported to the university in your Financial Conflict of Interest disclosure regardless of whether such activity is conducted in your professional or personal capacity, and whether such effort is paid or unpaid. See\nDisclosing International Partnerships to Cornell and External Sponsors\n. If this activity is in support of and/or related to your research efforts, it must also be disclosed under your current and pending support in your proposals to federal agencies.\nForeign Collaborations in Sponsored Projects:\nCollaboration with a foreign entity (e.g. subawards, consultants, funded or unfunded collaborations with investigators located at a foreign site, etc.) in a project must be disclosed in funding applications and project reports. Additionally, adding a foreign collaboration to an existing award may require prior approval from the sponsor. See\nDisclosing International Partnerships to Cornell and External Sponsors\n.\nForeign Travel:\nObserve the appropriate security precautions when traveling. Register your travel in the Cornell\ntravel registry\nand follow the\ninternational travel guidelines from Cornell’s CIT\n. See\nTravel and International Activities\nand\nExport Controls and International Travel\n.\nNegotiating Unfunded Research Collaborations with Foreign Entities:\nAll unfunded collaboration agreements and non-sponsored revenue-generating agreements must be initiated by your\nunit's contract administrator\nand include standard language to protect academic freedom, intellectual property, and non-discrimination. See\nExploring an Academic Collaboration\n.\nReporting Foreign Gifts and Contracts:\nCornell University is committed to complying with reporting requirements for foreign gifts and contracts, as outlined in Section 117 of the Higher Education Act of 1965 and in Section 207-a of the New York State Education Law. See\nReporting Foreign Gifts and Contracts\n.\nScreen and Monitor Visitors:\nWorking with foreign collaborators on Cornell University grounds is often vital and productive to the research enterprise. If you are bringing a visitor to campus, whether a fellow scientist, student, or funder, make sure that you have properly vetted them and provide adequate supervision. See\nExport Controls in Research and Education – Visiting Scholars\n.\nWho Can Answer my Questions?\nFor externally sponsored research projects, OSP oversees international collaborations and funding. See\nFind my GCO\nto contact your assigned Grant & Contract Officer.\nFor other international contracts, including the formalization of collaborations with foreign institutions, please reach out to\nOVPIA’s Global Operations team\nat\nglobaloperations@cornell.edu\n.\nFor questions regarding export controls or restricted party screening, see the information provided on the\nExport Controls\nwebpage or email\nexportcontrols@cornell.edu\n.\nFor advice and assistance with bringing international researchers and faculty to the U.S., see\nInternational Services\nin the Office of Global Learning.\nFor additional guidance regarding work with China, see\nEngagement with China: FAQ\n.\nFor questions regarding conflict of interest disclosures, see\nConflict of Interest\nor contact\ncoi@cornell.edu\n.\nWhere Can I Find More Information?\nJanuary 25, 2022\nNIH Changes to Other Support and Biosketch\nFebruary 4, 2021\nUpdate on International Research and Engagement: Guidance for the Cornell Community\nMarch 24, 2020 University Industry Demonstration Partnership (UIDP) presentation “\nManaging Foreign Influence\n.”\nNovember 21, 2019 OSP Roundtable “\nDisclosing Foreign Relationships and Activities\n” presented by the Office of Sponsored Programs.\nNovember 14, 2019 “\nGuidelines on Ethical International Engagement\n” from Mike Kotlikoff, Provost and Wendy W. Wolford, Vice Provost for International Affairs.\nMay 28, 2019 Dear Colleague Letter “\nGuidelines for the Cornell University Faculty on Academic Integrity and Undue Foreign Influence\n” from Emmanuel P. Giannelis, Vice President for Research and Innovation and Wendy W. Wolford, Vice Provost for International Affairs.\n5\nProcess\nPrepare a Proposal\nPolicy\nNASA: Affiliations with China and Disclosing Current & Pending Support\nPolicy\nNSF: Disclosing Current & Pending Support, Biographical Sketches, and International Partnerships\nPolicy\nNIH: Disclosing Other Support and Foreign Components\nPolicy\nDisclosing International Partnerships to Cornell and External Sponsors\nQuick Reference\nOffices\nCALS Sponsored Research Office\nCOI - Conflict of Interest\nCTL - Center for Technology Licensing\nCVM Research Office\nCorporate Engagement\nEHS - Environmental Health & Safety & Risk Management\nExport Controls Office\nFAIM - Faculty Advancing Inclusive Mentoring\nIACUC - Institutional Animal Care and Use\nIBC - Institutional Biosafety Committee\nIRB - Institutional Review Board\nIT Security & Policy\nORIA - Office of Research Integrity and Assurance\nOSP - Office of Sponsored Programs & Research Development\nPRO - Pre-Award Research Operations\nR&I - Cornell Research & Innovation\nRAIS - Research Administration Information Services\nRCR - Responsible Conduct of Research\nRDBSC - Research Division Business Service Center\nResearch Development (ReD)\nResearch Division Human Resources\nResearch Security Office\nSFS - Sponsored Financial Services\nUniversity Policy Office\nWCM - Office of Sponsored Research Administration (OSRA)\nEssential Tools & Resources\nFind My GCO\nInstitutional Profile & DUNS\nRates and budgets\nJoin List Servs\nResearch Development (ReD) Services\nFind Your Next Funding Opportunity\nRegister for Federal and Non-Federal Systems\nDisclose Foreign Collaborations and Support\nWeb Financials (WebFin2)\nExternal\nPI Dashboard\nExternal\nResearch Financials (formerly RA Dashboard)\nExternal\nRASS\nExternal\nIACUC applications (Cayuse Animal Management System)\nIBC applications (RASS-IBC)\nIRB Applications (RASS-IRB)\nExternal\nReport external interests (RASS-COI)\nRASS Access Request Form\naskEHS\nExternal\nCornell Data Services\nExternal\nTravel Registry\nExternal\nInternational research activities\nExternal\nTraining\nResearch metrics and executive dashboards\nRates\nForms\nPolicies\nContacts\nTraining\nEvents\nNews & Announcements\nPart of\n© 2019 Cornell University\nWeb Accessibility Help\nWas this page helpful?\n×\n×\nStatus message\nSorry...This form is closed to new submissions.\nScroll"
}