{
    "URL location": "https://researchservices.cornell.edu/refresh",
    "Last modification date": "2025-04-18T03:27Z",
    "Change frequency": "monthly",
    "Priority": "0.8",
    "Scraped Text": "REFRESH Initiative to Support Research Success | Cornell Research Services\nSkip to main content\nFind guidance on funding and agency updates during the federal government transition\n(\nupdated 4/16/2025\n)\nResearch Services\nResearch Services\nEssential Tools\nClose\nFind My GCO\nRASS\nExternal\nInstitutional Profile & DUNS\nIACUC applications (Cayuse Animal Management)\nFind Your Next Funding Opportunity\nIBC Applications (RASS-IBC)\nResearch Development (ReD) Services\nIRB Applications (RASS-IRB)\nExternal\nRates and budgets\nReport external interests (RASS-COI)\nJoin List Servs\nRASS Access Request Form\nAsk EHS\nExternal\nWeb Financials (WebFin2)\nExternal\nCornell Data Services\nExternal\nPI Dashboard\nExternal\nTravel Registry\nExternal\nResearch Financials (formerly RA Dashboard)\nExternal\nInternational research activities\nExternal\nRegister for Federal and Non-Federal Systems\nDisclose Foreign Collaborations and Support\nResearch metrics & executive dashboards\nTraining\nSearch\nResearch Services\nSearch\nHome\nPrepare a Proposal\nClose\nResearch Development Services\nSubawards in a Proposal\nFind Your Next Funding Opportunity\nDisclose Foreign Collaborations and Support\nProposal Development, Review, and Submission\nPlanning for Animals, Human Participants, r/sNA, Hazardous Materials, Radiation\nBudgets, Costs, and Rates\nCollaborate with Weill Cornell Medicine\nManage a Project\nClose\nAward Negotiation and Finalization\nTravel and International Activities\nProject Finances\nProject Modifications\nResearch Project Staffing\nGet Confidential Info, Data, Equipment, or Materials\nManaging Subawards\nAnimals, Human Participants, r/sNA, Hazardous Materials, Radiation\nClose a Project\nClose\nProject Closeout Financials\nProject Closeout\nEnd a Project Early\nCorporate Partnership & Innovation\nClose\nProtecting an Invention, Creation, Discovery\nEntrepreneurial and Startup Company Resources\nGateway to Partnership Program\nEngaging with Industry\nCompliance, Ethics, Safety\nClose\nResponsible Conduct of Research (RCR)\nExport Controls\nResearch with Human Participants\nResearch Security\nWork with Live Vertebrate Animals\nResearch Safety\nRegulated Biological Materials in Research\nFinancial Management\nConflicts of Interest\nBreadcrumb\nHome\nREFRESH Initiative to Support Research Success\nThe REFRESH (Re-energizing Faculty Research Engagement and Success) program, launched by the Office of the Vice President for Research and Innovation (OVPRI) and the Office of Faculty Development and Diversity (OFDD), has partnered with COE, CHE, CALS, CIS, CAS, ILR, CVM, and CCB to provide support for faculty whose research activities have been adversely affected or curtailed by the COVID-19 pandemic.\nThe COVID-19 pandemic crisis continues to impact the Cornell research community in many ways, including an impact on research productivity. As reported by\nmedia outlets\n, by\nthe NIH\n, and\nin scientific journals\n, the impact is more acute for some sectors of the research community than others.\nThe broad goal of REFRESH is to provide resources to help\nfacilitate a return to faculty research activities\npromote the long-term success of our research faculty\nensure that those researchers who have been most severely disadvantaged by the COVID-19 pandemic receive the support they need to resume research activities.\nTo help achieve these goals, REFRESH focuses on supporting external grant funding activities. We will do this in several ways by\nidentifying the unique and changing needs of each researcher through a “Needs Survey”\nfunding grant writing support for eligible individuals\ndeveloping mentoring networks and improving interactions across different colleges\nproviding resources for dependent care support\nresponding to ongoing needs as they arise.\nSubmit an Application\nThe REFRESH application process helps us identify the needs of individual faculty as well as highlight common issues experienced by specific groups of faculty. Additionally, the process helps us connect individual researchers to the appropriate support that they need to re-energize their research. A major goal of REFRESH is to identify the additional needs of our researchers.\nPlease consider submitting an application even if you don’t immediately need help. This will help us identify and develop new programs in the future.\nThe REFRESH team will hold these responses in the strictest confidence.\nIn completing an application, you’ll be asked a few easy-to-answer questions about the following:\nHow COVID has impacted your research success.\nWhether you need some specific types of support, including the following:\nGrant writing support (monetary or mentoring)\nMentoring or networking—finding the right connections on campus\nDependent care\nOnce you have submitted your application it will be reviewed by the REFRESH team and a decision will be emailed to you within a month of your application submission. For those requesting networking or mentoring assistance, you will be matched with relevant campus programs or specific individuals. See below for more information for those seeking dependent care support.\nGrant Writing Support\nFunding for grant writing help is available and everyone is eligible to apply. Please email the REFRESH team for further information at\nrefresh@cornell.edu\n.\nAdditionally, Cornell offers the following programs to help with grant writing:\nGrant Writing Workshops and Trainings\nResearch Development Services (CVM, CHE, COE, AAP, A&S)\nCALS Office of Research Development\nResearch Concierge Program for New Faculty (Cornell’s Onboarding Program)\nList of Independent Grantwriters Available to Hire\n(you\nmust\nsubmit your survey response first you want reimbursement for this expense\nHelp with Dependent Care for Faculty\nAssistant and associate professors who need backup dependent care can apply for the\nCOVID19 Faculty Dependent Back Up Care Fund\n.\nPlease consider submitting an application to give the REFRESH team additional insights into the specific needs of caregivers. However, completing the survey is not a precondition to receiving the care funds.\nFor Researchers with NSF Grants\n: NSF offers supplemental funding to help researchers who are confronted with a short-term increase in dependent care responsibilities ensure that the research activities supported by an NSF award can continue.\nSee details in the Dear Colleague letter on the NSF site\n.\nThe REFRESH Team\nPaula Cohen\n, Associate Vice Provost for Life Sciences, Director of the Center for Reproductive Genomics, Professor of Genetics\nMaria Fitzpatrick\n, Associate Vice Provost for the Social Sciences, Director of the Cornell Institute for Public Affairs, Professor of Economics and Public Policy\nYael Levitte\n, Associate Vice Provost for Faculty Development and Diversity\nCarmel Lee\n, Director of Research Development\nJosephine Martell\n, Director of Research Development, College of Agriculture and Life Sciences\nGayle Fagan\n, Program Manager, Research Development\nQuick Reference\nOffices\nCALS Sponsored Research Office\nCOI - Conflict of Interest\nCTL - Center for Technology Licensing\nCVM Research Office\nCorporate Engagement\nEHS - Environmental Health & Safety & Risk Management\nExport Controls Office\nFAIM - Faculty Advancing Inclusive Mentoring\nIACUC - Institutional Animal Care and Use\nIBC - Institutional Biosafety Committee\nIRB - Institutional Review Board\nIT Security & Policy\nORIA - Office of Research Integrity and Assurance\nOSP - Office of Sponsored Programs & Research Development\nPRO - Pre-Award Research Operations\nR&I - Cornell Research & Innovation\nRAIS - Research Administration Information Services\nRCR - Responsible Conduct of Research\nRDBSC - Research Division Business Service Center\nResearch Development (ReD)\nResearch Division Human Resources\nResearch Security Office\nSFS - Sponsored Financial Services\nUniversity Policy Office\nWCM - Office of Sponsored Research Administration (OSRA)\nEssential Tools & Resources\nFind My GCO\nInstitutional Profile & DUNS\nRates and budgets\nJoin List Servs\nResearch Development (ReD) Services\nFind Your Next Funding Opportunity\nRegister for Federal and Non-Federal Systems\nDisclose Foreign Collaborations and Support\nWeb Financials (WebFin2)\nExternal\nPI Dashboard\nExternal\nResearch Financials (formerly RA Dashboard)\nExternal\nRASS\nExternal\nIACUC applications (Cayuse Animal Management System)\nIBC applications (RASS-IBC)\nIRB Applications (RASS-IRB)\nExternal\nReport external interests (RASS-COI)\nRASS Access Request Form\naskEHS\nExternal\nCornell Data Services\nExternal\nTravel Registry\nExternal\nInternational research activities\nExternal\nTraining\nResearch metrics and executive dashboards\nRates\nForms\nPolicies\nContacts\nTraining\nEvents\nNews & Announcements\nPart of\n© 2019 Cornell University\nWeb Accessibility Help\nWas this page helpful?\n×\n×\nStatus message\nSorry...This form is closed to new submissions.\nScroll"
}