{
    "URL location": "https://researchservices.cornell.edu/resources/account-setup-details",
    "Last modification date": "2025-04-18T03:27Z",
    "Change frequency": "monthly",
    "Priority": "0.8",
    "Scraped Text": "Account Setup Details | Cornell Research Services\nSkip to main content\nFind guidance on funding and agency updates during the federal government transition\n(\nupdated 4/16/2025\n)\nResearch Services\nResearch Services\nEssential Tools\nClose\nFind My GCO\nRASS\nExternal\nInstitutional Profile & DUNS\nIACUC applications (Cayuse Animal Management)\nFind Your Next Funding Opportunity\nIBC Applications (RASS-IBC)\nResearch Development (ReD) Services\nIRB Applications (RASS-IRB)\nExternal\nRates and budgets\nReport external interests (RASS-COI)\nJoin List Servs\nRASS Access Request Form\nAsk EHS\nExternal\nWeb Financials (WebFin2)\nExternal\nCornell Data Services\nExternal\nPI Dashboard\nExternal\nTravel Registry\nExternal\nResearch Financials (formerly RA Dashboard)\nExternal\nInternational research activities\nExternal\nRegister for Federal and Non-Federal Systems\nDisclose Foreign Collaborations and Support\nResearch metrics & executive dashboards\nTraining\nSearch\nResearch Services\nSearch\nHome\nPrepare a Proposal\nClose\nResearch Development Services\nSubawards in a Proposal\nFind Your Next Funding Opportunity\nDisclose Foreign Collaborations and Support\nProposal Development, Review, and Submission\nPlanning for Animals, Human Participants, r/sNA, Hazardous Materials, Radiation\nBudgets, Costs, and Rates\nCollaborate with Weill Cornell Medicine\nManage a Project\nClose\nAward Negotiation and Finalization\nTravel and International Activities\nProject Finances\nProject Modifications\nResearch Project Staffing\nGet Confidential Info, Data, Equipment, or Materials\nManaging Subawards\nAnimals, Human Participants, r/sNA, Hazardous Materials, Radiation\nClose a Project\nClose\nProject Closeout Financials\nProject Closeout\nEnd a Project Early\nCorporate Partnership & Innovation\nClose\nProtecting an Invention, Creation, Discovery\nEntrepreneurial and Startup Company Resources\nGateway to Partnership Program\nEngaging with Industry\nCompliance, Ethics, Safety\nClose\nResponsible Conduct of Research (RCR)\nExport Controls\nResearch with Human Participants\nResearch Security\nWork with Live Vertebrate Animals\nResearch Safety\nRegulated Biological Materials in Research\nFinancial Management\nConflicts of Interest\nBreadcrumb\nHome\nresources\nAccount Setup Details\nOnce an award is fully executed, a contract control account is required to segregate the funding. The unit or service center is responsible for the creation of the control account.\nDistinct accounts or sub-accounts can be established based on the project's financial management needs.\nEstablishing Accounts in KFS\nThe following KFS Standard Operating Procedures define the use of Account and Sub-Account attributes:\nAccount (PDF, 1.1 MB)\nSub-Account (PDF, 739 KB)\nCost Share Sub-Accounts (PDF, 865 KB)\nOther References\nCG Responsibility ID\nTo avoid delays in account approval, a Contract and Grant account requires a CG Responsibility ID (Contract and Grant tab).\nTo determine the CG Rep ID associated with SFS staff and the appropriate agency refer to\nWho Can Help: Finance Staff\n.\nNote:\nIt is important to add the appropriate ID based on the agency. Otherwise, delays in review and approval may occur.\nContract and Grant Sub-Funds\nDescriptions for each sub-fund within Fund Group CG, Contract & Grant:\nContract and Grant Sub Fund Listing (PDF, 89 KB)\nIndirect Cost Recovery\nA Contract & Grant account requires an Indirect Cost Recovery Account.\nFor projects recovering Indirect Costs >= 25%, the principle investigator (PI) is eligible for a 2% return of indirect. In this instance, 98% is recovered to the College Recovery Account (refer to matrix below), and 2% is recovered to the PI's discretionary account.\nFor projects not eligible for the return (i.e., projects that recovery <25%), 100% of the indirect cost is recovered to the college account.\nIndirect Cost Recovery Matrix (PDF, 105 KB)\nResearch Administration Forum\nFor additional tips, refer to the slide presentation from the Research Forum 09/22/2015.\nResearch Administration Forum-Establishing the Control Account (PDF, 928 KB)\nWebEx Recorded Session (MP4 Video, 23 MB)\nQuestions?\nMichelle Bollock-Smith\n, (607) 255-5086\nSFS Help\n12\nResource\nMonitoring Project Expenditures\nProcess\nProject Finances\nRate\nSalary Cap Calculator\nResource\nPI Dashboard\nResource\nAccount Award Portfolio Dashboard\nResource\nWebFin2\nResource\nGet Access to Financial & Sponsored Projects Data\nResource\nBilling (Invoicing) Sponsors\nResource\nForeign Currency Awards\nResource\nWho Can Help: Finance Staff\nResource\nUniform Guidance for Federal Awards\nSee All\nQuick Reference\nOffices\nCALS Sponsored Research Office\nCOI - Conflict of Interest\nCTL - Center for Technology Licensing\nCVM Research Office\nCorporate Engagement\nEHS - Environmental Health & Safety & Risk Management\nExport Controls Office\nFAIM - Faculty Advancing Inclusive Mentoring\nIACUC - Institutional Animal Care and Use\nIBC - Institutional Biosafety Committee\nIRB - Institutional Review Board\nIT Security & Policy\nORIA - Office of Research Integrity and Assurance\nOSP - Office of Sponsored Programs & Research Development\nPRO - Pre-Award Research Operations\nR&I - Cornell Research & Innovation\nRAIS - Research Administration Information Services\nRCR - Responsible Conduct of Research\nRDBSC - Research Division Business Service Center\nResearch Development (ReD)\nResearch Division Human Resources\nResearch Security Office\nSFS - Sponsored Financial Services\nUniversity Policy Office\nWCM - Office of Sponsored Research Administration (OSRA)\nEssential Tools & Resources\nFind My GCO\nInstitutional Profile & DUNS\nRates and budgets\nJoin List Servs\nResearch Development (ReD) Services\nFind Your Next Funding Opportunity\nRegister for Federal and Non-Federal Systems\nDisclose Foreign Collaborations and Support\nWeb Financials (WebFin2)\nExternal\nPI Dashboard\nExternal\nResearch Financials (formerly RA Dashboard)\nExternal\nRASS\nExternal\nIACUC applications (Cayuse Animal Management System)\nIBC applications (RASS-IBC)\nIRB Applications (RASS-IRB)\nExternal\nReport external interests (RASS-COI)\nRASS Access Request Form\naskEHS\nExternal\nCornell Data Services\nExternal\nTravel Registry\nExternal\nInternational research activities\nExternal\nTraining\nResearch metrics and executive dashboards\nRates\nForms\nPolicies\nContacts\nTraining\nEvents\nNews & Announcements\nPart of\n© 2019 Cornell University\nWeb Accessibility Help\nWas this page helpful?\n×\n×\nStatus message\nSorry...This form is closed to new submissions.\nScroll"
}