{
    "URL location": "https://researchservices.cornell.edu/rates/escalation-rates",
    "Last modification date": "2025-04-18T03:27Z",
    "Change frequency": "monthly",
    "Priority": "0.8",
    "Scraped Text": "Escalation Rates | Cornell Research Services\nSkip to main content\nFind guidance on funding and agency updates during the federal government transition\n(\nupdated 4/16/2025\n)\nResearch Services\nResearch Services\nEssential Tools\nClose\nFind My GCO\nRASS\nExternal\nInstitutional Profile & DUNS\nIACUC applications (Cayuse Animal Management)\nFind Your Next Funding Opportunity\nIBC Applications (RASS-IBC)\nResearch Development (ReD) Services\nIRB Applications (RASS-IRB)\nExternal\nRates and budgets\nReport external interests (RASS-COI)\nJoin List Servs\nRASS Access Request Form\nAsk EHS\nExternal\nWeb Financials (WebFin2)\nExternal\nCornell Data Services\nExternal\nPI Dashboard\nExternal\nTravel Registry\nExternal\nResearch Financials (formerly RA Dashboard)\nExternal\nInternational research activities\nExternal\nRegister for Federal and Non-Federal Systems\nDisclose Foreign Collaborations and Support\nResearch metrics & executive dashboards\nTraining\nSearch\nResearch Services\nSearch\nHome\nPrepare a Proposal\nClose\nResearch Development Services\nSubawards in a Proposal\nFind Your Next Funding Opportunity\nDisclose Foreign Collaborations and Support\nProposal Development, Review, and Submission\nPlanning for Animals, Human Participants, r/sNA, Hazardous Materials, Radiation\nBudgets, Costs, and Rates\nCollaborate with Weill Cornell Medicine\nManage a Project\nClose\nAward Negotiation and Finalization\nTravel and International Activities\nProject Finances\nProject Modifications\nResearch Project Staffing\nGet Confidential Info, Data, Equipment, or Materials\nManaging Subawards\nAnimals, Human Participants, r/sNA, Hazardous Materials, Radiation\nClose a Project\nClose\nProject Closeout Financials\nProject Closeout\nEnd a Project Early\nCorporate Partnership & Innovation\nClose\nProtecting an Invention, Creation, Discovery\nEntrepreneurial and Startup Company Resources\nGateway to Partnership Program\nEngaging with Industry\nCompliance, Ethics, Safety\nClose\nResponsible Conduct of Research (RCR)\nExport Controls\nResearch with Human Participants\nResearch Security\nWork with Live Vertebrate Animals\nResearch Safety\nRegulated Biological Materials in Research\nFinancial Management\nConflicts of Interest\nBreadcrumb\nHome\nRates\nEscalation Rates\nRecommended escalation rates for use in sponsored project proposal budgets.\nProject costs increase over time as a result of inflation. The university, as part of its institutional budgeting process, makes estimates of these changes. To assist in sponsored project budgeting, we have obtained institutional projections from the University Budget Office, Division of Financial Services,\nCornell University Student Health Benefits\n, and Graduate School and recommend that these are incorporated into funding proposals. These are estimates. Actual costs in future years will be based on various factors, including actions by the University Trustees.\nSalary\nEmployee Benefits\nEndowed College Rates\nContract College Rates\nGraduate Research Assistants\nAll Other Items\nThe escalation estimates on this page are developed by the university and recommended for all proposals. Items not listed should be escalated at 3% annually.\n13\nProcess\nBudget, Costs, and Rates\nResource\nOverview of Costs for Project Budgets (Budget and Costing Guide)\nResource\nBudget Templates and Budget Justification Templates\nRate\nEmployee Benefit (Fringe) Rates\nRate\nFacilities & Administrative (F&A) Rates\nRate\nPostdoctoral Associate Minimum Salary\nRate\nGrad Student Tuition, Health Benefits, and Stipend\nRate\nNIH Salary Cap\nRate\nPer Diem Rates for Travel\nRate\nWeill Cornell Medicine F&A and Benefits Rates\nResource\nProposing Cost Share\nSee All\nQuick Reference\nOffices\nCALS Sponsored Research Office\nCOI - Conflict of Interest\nCTL - Center for Technology Licensing\nCVM Research Office\nCorporate Engagement\nEHS - Environmental Health & Safety & Risk Management\nExport Controls Office\nFAIM - Faculty Advancing Inclusive Mentoring\nIACUC - Institutional Animal Care and Use\nIBC - Institutional Biosafety Committee\nIRB - Institutional Review Board\nIT Security & Policy\nORIA - Office of Research Integrity and Assurance\nOSP - Office of Sponsored Programs & Research Development\nPRO - Pre-Award Research Operations\nR&I - Cornell Research & Innovation\nRAIS - Research Administration Information Services\nRCR - Responsible Conduct of Research\nRDBSC - Research Division Business Service Center\nResearch Development (ReD)\nResearch Division Human Resources\nResearch Security Office\nSFS - Sponsored Financial Services\nUniversity Policy Office\nWCM - Office of Sponsored Research Administration (OSRA)\nEssential Tools & Resources\nFind My GCO\nInstitutional Profile & DUNS\nRates and budgets\nJoin List Servs\nResearch Development (ReD) Services\nFind Your Next Funding Opportunity\nRegister for Federal and Non-Federal Systems\nDisclose Foreign Collaborations and Support\nWeb Financials (WebFin2)\nExternal\nPI Dashboard\nExternal\nResearch Financials (formerly RA Dashboard)\nExternal\nRASS\nExternal\nIACUC applications (Cayuse Animal Management System)\nIBC applications (RASS-IBC)\nIRB Applications (RASS-IRB)\nExternal\nReport external interests (RASS-COI)\nRASS Access Request Form\naskEHS\nExternal\nCornell Data Services\nExternal\nTravel Registry\nExternal\nInternational research activities\nExternal\nTraining\nResearch metrics and executive dashboards\nRates\nForms\nPolicies\nContacts\nTraining\nEvents\nNews & Announcements\nPart of\n© 2019 Cornell University\nWeb Accessibility Help\nWas this page helpful?\n×\n×\nStatus message\nSorry...This form is closed to new submissions.\nScroll\n\nTable:\nCategory | FY26 | FY27 | FY28andBeyond\n--- | --- | --- | ---\nFaculty | 3.75% | 3.50% | 3.25\nOthers | 3.50% | 3.30% | 3.00\n\n\nTable:\nCategory | FY25 | FY26 | FY27 | FY28andBeyond\n--- | --- | --- | --- | ---\nEndowed (rate, no escalation) | 35.00% | 35.00% | 35.50 | 37.00%\n\n\nTable:\nCategory | FY24 | FY25 | FY26 | FY27 | FY28\n--- | --- | --- | --- | --- | ---\nContract: Federal (rate, no escalation) | 67.10% | 67.60%Proposed | 67.00%Estimated | 69.00%Estimated | 71.50%Estimated\nContract: Non-Federal (rate, no escalation) | 71.25% | 70.22%Proposed | 70.00%Estimated | 72.00%Estimated | 74.50%Estimated\n\n\nTable:\nCategory | FY26 | FY27 | FY28andBeyond\n--- | --- | --- | ---\nTuition | 0.00% | 0.00% | 0.00%\nStipend | 5.00% | 5.00% | 5.00%\nHealth Fees | 6.50% | 6.50% | 6.50%\n\n\nTable:\nCategory | FY25andBeyond\n--- | ---\nAll other items | 3.00%\n"
}