{
    "URL location": "https://researchservices.cornell.edu/policies/pi-eligibility",
    "Last modification date": "2025-04-18T03:27Z",
    "Change frequency": "monthly",
    "Priority": "0.8",
    "Scraped Text": "PI Eligibility | Cornell Research Services\nSkip to main content\nFind guidance on funding and agency updates during the federal government transition\n(\nupdated 4/16/2025\n)\nResearch Services\nResearch Services\nEssential Tools\nClose\nFind My GCO\nRASS\nExternal\nInstitutional Profile & DUNS\nIACUC applications (Cayuse Animal Management)\nFind Your Next Funding Opportunity\nIBC Applications (RASS-IBC)\nResearch Development (ReD) Services\nIRB Applications (RASS-IRB)\nExternal\nRates and budgets\nReport external interests (RASS-COI)\nJoin List Servs\nRASS Access Request Form\nAsk EHS\nExternal\nWeb Financials (WebFin2)\nExternal\nCornell Data Services\nExternal\nPI Dashboard\nExternal\nTravel Registry\nExternal\nResearch Financials (formerly RA Dashboard)\nExternal\nInternational research activities\nExternal\nRegister for Federal and Non-Federal Systems\nDisclose Foreign Collaborations and Support\nResearch metrics & executive dashboards\nTraining\nSearch\nResearch Services\nSearch\nHome\nPrepare a Proposal\nClose\nResearch Development Services\nSubawards in a Proposal\nFind Your Next Funding Opportunity\nDisclose Foreign Collaborations and Support\nProposal Development, Review, and Submission\nPlanning for Animals, Human Participants, r/sNA, Hazardous Materials, Radiation\nBudgets, Costs, and Rates\nCollaborate with Weill Cornell Medicine\nManage a Project\nClose\nAward Negotiation and Finalization\nTravel and International Activities\nProject Finances\nProject Modifications\nResearch Project Staffing\nGet Confidential Info, Data, Equipment, or Materials\nManaging Subawards\nAnimals, Human Participants, r/sNA, Hazardous Materials, Radiation\nClose a Project\nClose\nProject Closeout Financials\nProject Closeout\nEnd a Project Early\nCorporate Partnership & Innovation\nClose\nProtecting an Invention, Creation, Discovery\nEntrepreneurial and Startup Company Resources\nGateway to Partnership Program\nEngaging with Industry\nCompliance, Ethics, Safety\nClose\nResponsible Conduct of Research (RCR)\nExport Controls\nResearch with Human Participants\nResearch Security\nWork with Live Vertebrate Animals\nResearch Safety\nRegulated Biological Materials in Research\nFinancial Management\nConflicts of Interest\nBreadcrumb\nHome\nPolicies\nPI Eligibility\nWho is eligible to be a PI?\nCornell University policy is that only full-time faculty members may routinely serve as Principal Investigators or Project Directors on sponsored programs. Certain other titles are allowed to serve as Principal Investigators as described below.\nPrincipal Investigator Eligibility Requirements (formerly Form 5) Criteria and Approval Process for PI Eligibility by Exception\nGo to Eligibility Requirements by Position Title Table\n|\nGo to PI Eligibility by Exception Summary Table\nUniversity Faculty\nOnly members of the tenured and tenure track University Faculty (faculty) and non-professorial academic research positions of similar stature listed below may routinely serve as Principal Investigators (PI), Co-Principal Investigator (Co-PI) or Project Director (PD) on sponsored projects.\nProfessor, tenured/tenure track (all ranks)\nResearch Professor (all ranks)*\nUniversity Professor\nSenior Scholar\nSenior Scientist, Principal Research Scientist, Research Scientist*\nUniversity Librarian\nPIs, Co-PIs, and PDs** are responsible for the conduct of a sponsored project, including intellectual direction, resource allocation and fiscal stewardship, representing the project to the sponsor, administrative and personnel oversight, adherence to relevant policies and regulations, and meeting the terms of the award. Faculty have the responsibility and authority to set the direction of future Cornell research, outreach, and extension; make decisions on critical administrative matters, such as allocation of human, financial, and facility resources under their control; and to direct the activities necessary to meet sponsor obligations.\n*In accord with the Resolution 109 Enabling Legislation of the University Faculty, the Research Professor title is intended to replace the Senior Scientist, Principal Research Scientist, Research Scientist titles.\n**Co-Investigators are designated as key personnel on a project. They do not need to meet the qualifications of PI under this policy.\nCriteria and Approval Process for PI Eligibility by Exception\nThe designation of PI, Co-PI or PD for individuals who are not listed above is limited to certain titles under limited circumstances. Individuals must meet the requirements for eligibility by exception for their specific title. Documentation that eligibility criteria have been met, and will continue to be met for the duration of the individual’s appointment and/or sponsored project, must be kept on file in the unit.\nConfirmation is provided via signature in\nRASS\nby the Department Chair/Director or Research Center Director (Chair, Director), Vice President/Vice Provost (VP) if in an administrative unit, and the College Dean or Senior Associate/Associate Dean for Research. This signature cannot be delegated.\nException approvals by Department Chair/Director, Center Director, and VP\nThe individual’s Department Chair/Director or Center Director, and VP if in an administrative unit,\nwith no delegation\n, must approve exceptions for the following position types:\nNew Tenured / Tenure Track Professor Prior to the Appointment Start Date\nMay serve as PI, Co-PI or PD on proposals submitted through Cornell provided that the project start date is later than the appointment start date for positions formally offered and accepted.\nMay be appointed at Cornell in a Visiting or Adjunct academic title\nAn award cannot be accepted until  tenure/tenure track appointment has begun\nDeparting Tenured/Tenure Track Professors\nTenured professors may remain PI, Co-PI, or PD on awards residing at Cornell for up to 24 months from the  end date of their tenured appointment, inclusive of any final leaves of absence, on the condition that they are appointed in an Adjunct or Visiting Academic title at Cornell. This exception is not applicable to non-tenured/tenure track professors.\nIf faculty member’s tenure recommendation at Cornell has been denied, he/she may remain as PI, Co-PI or PD for the duration of their final employment year and continue to hold the grant for that period of time (no extensions permitted)\nContact the\nOffice of Sponsored Programs\nfor support with other scenarios (transfer/termination of the award, change in PI, etc.)\nSelect Other Academic Positions (See table \"Eligibility Requirements by Position Title\" below)\nIndividuals in this class of titles may be authorized to serve as PI, Co-PI or PD within the limitations determined by the Department, Center, Administrative Unit or College and under the conditions stated below.\nProfessor of Practice (all ranks)\nClinical Professor (all ranks)\nSenior Research Associate\nSenior Extension Associate\nSenior Lecturer\nDirector, Botanical Gardens\nDirector, Johnson Museum of Art\nAssociate Librarian\nEmeritus Faculty\nPostdoctoral Associates/Postdoctoral Fellows (See table \"Eligibility Requirements by Position Title\" below)\nPostdoctoral Associates (PDA) and Postdoctoral Fellows (PDF) may in exceptional cases serve as PI, Co-PI, or PD, where a sponsored program has as its purpose the support of postdoctoral education or research or where the stated purpose is to advance the individual’s scientific career through a PDA or PDF initiated project. Note:\nPDF\ns may only write proposals and serve as a PI, Co-PI or PD if proposal preparation, and serving in such a role and the associated appointment status, is allowed by the terms of the fellowship.\nGraduate and Undergraduate Students (See table \"Eligibility Requirements by Position Title\" below)\nGraduate students, and in rare cases undergraduate students, may be approved by exception to serve as PI, Co-PI or PD\nonly\nfor a project where the stated purpose is solely to support a student’s education or\nthe student’s individual\nresearch. This is typically through a thesis or fellowship award.\nOther Academic Titles (additional approval by the Dean is required)\nModified Titles:\nWith the exception of new or departing faculty (see section above) modified academic titles such as “acting,” “adjunct,” “courtesy,” or “visiting” are not eligible to serve as PI, Co-PI, or PD.\nOther academic titles\nnot covered above may, at the discretion of the department, center, VP, and Dean, serve as PI, Co-PI, or PD within the limitations established by each unit and college and under specific conditions.\nNon-Academic Staff\nFull-time regular exempt non-academic staff with management or leadership responsibilities may serve by exception as PI, Co-PI or PD on a project aligned with their administrative responsibilities. The administrative department director and the VP to which the department reports must approve the request and assure that the individual has the necessary experience and qualifications to independently and successfully direct the project. The administrative unit must provide the facility, financial, supervisory, and administrative support infrastructure and resources necessary for the scientific or managerial conduct of the project and to assure adherence to relevant regulations, sponsor terms, and Cornell policy.\nEligibility Requirements by Position Title\n*Official duties are those duties specified in writing at the time of appointment or subsequently modified in writing.\n**Unless proposal writing is explicitly allowed by the terms of the award.\n***Duties not allowed as direct costs include general administration; committee, department, or other non-project work; advising, hiring/supervising students/individuals not supported by the project; teaching credit or non-credit courses; curriculum development; proposal preparation; departmental (e.g. not sponsored) research. See\nUniversity Policy 3.11\nfor further details.\n****If required by the sponsor, the Post-Doctoral Associate (PDA) or Post-Doctoral Fellow (PDF) may be named as PI on the proposal with Faculty Sponsor as Co-PI, Faculty Sponsor, or Key Personnel, sponsor rules permitting.\nPrincipal Investigator (PI)* Eligibility Requirements\nCriteria for PI Eligibility by Exception Summary (formerly Form 5)\n(See Policy Above for Details)\n*PI = Principal Investigator, Co-Principal Investigator, Project Director\n** In accord with the Resolution 109 Enabling Legislation of the University Faculty, the Research Professor title is intended to replace the Research Scientist, Principal Research Scientist, and Senior Scientist titles.\n***Only for awards where the stated purpose is to support Postdoctoral education, research, or career development or specifically for a student’s individual education or individual research. Ineligible for blanket approval.\n****Exception only for new and departing professors who hold a modified title.\n16\nProcess\nProposal Development, Review, and Submission\nResource\nRegister for Federal and Non-Federal Systems\nResource\nPre-Award Research Operations (PRO)\nResource\nAdditional Things to Consider when Preparing a Proposal\nResource\nFind My GCO (Grant & Contract Officer)\nResource\nSample Proposal Library\nResource\nProposal Review Guidelines\nResource\nLimited Submissions Funding Opportunities\nResource\nInstitutional Profile, DUNS, and UEI Numbers\nForm\nRASS\nForm\nNFA (Non-Financial Agreements)\nSee All\nQuick Reference\nOffices\nCALS Sponsored Research Office\nCOI - Conflict of Interest\nCTL - Center for Technology Licensing\nCVM Research Office\nCorporate Engagement\nEHS - Environmental Health & Safety & Risk Management\nExport Controls Office\nFAIM - Faculty Advancing Inclusive Mentoring\nIACUC - Institutional Animal Care and Use\nIBC - Institutional Biosafety Committee\nIRB - Institutional Review Board\nIT Security & Policy\nORIA - Office of Research Integrity and Assurance\nOSP - Office of Sponsored Programs & Research Development\nPRO - Pre-Award Research Operations\nR&I - Cornell Research & Innovation\nRAIS - Research Administration Information Services\nRCR - Responsible Conduct of Research\nRDBSC - Research Division Business Service Center\nResearch Development (ReD)\nResearch Division Human Resources\nResearch Security Office\nSFS - Sponsored Financial Services\nUniversity Policy Office\nWCM - Office of Sponsored Research Administration (OSRA)\nEssential Tools & Resources\nFind My GCO\nInstitutional Profile & DUNS\nRates and budgets\nJoin List Servs\nResearch Development (ReD) Services\nFind Your Next Funding Opportunity\nRegister for Federal and Non-Federal Systems\nDisclose Foreign Collaborations and Support\nWeb Financials (WebFin2)\nExternal\nPI Dashboard\nExternal\nResearch Financials (formerly RA Dashboard)\nExternal\nRASS\nExternal\nIACUC applications (Cayuse Animal Management System)\nIBC applications (RASS-IBC)\nIRB Applications (RASS-IRB)\nExternal\nReport external interests (RASS-COI)\nRASS Access Request Form\naskEHS\nExternal\nCornell Data Services\nExternal\nTravel Registry\nExternal\nInternational research activities\nExternal\nTraining\nResearch metrics and executive dashboards\nRates\nForms\nPolicies\nContacts\nTraining\nEvents\nNews & Announcements\nPart of\n© 2019 Cornell University\nWeb Accessibility Help\nWas this page helpful?\n×\n×\nStatus message\nSorry...This form is closed to new submissions.\nScroll\n\nTable:\nEligibility Requirement(Documentation that requirements are met must be retained by the unit) | Select Other Academic Positions | Postdoc Fellows / Associates | Graduates / Undergrads | Other\n--- | --- | --- | --- | ---\nProject related to official job duties* | ◉ |  |  | \nThe appointment extends through the life of the project or is eligible for renewal | ◉ | ◉ | ◉ | ◉\nThe equivalent of actual time spent, but not less than 2 weeks, of annual salary per proposal charged to non-sponsored funds during proposal writing** (N/A for Emeritus faculty) | ◉ | ◉ | ◉ | ◉\nMinimum 5% of salary charged to non-sponsored funds for the duration of the project if the individual is performing any duties not allowed as direct costs to a sponsored project, in addition to proposal writing above*** (N/A for Emeritus faculty) | ◉ | ◉ | ◉(graduate students only) | ◉\nA full-time tenured faculty member with sponsored research/extension experience related to the intellectual scope of the project must serve asFaculty Sponsorand official PI on the project and PDA/PDF named as Key Personnel**** |  | ◉ | ◉ | \nFaculty Sponsor(see above) must oversee some or all aspects of the project and provide signature in RASS |  | ◉ | ◉ | ◉\nFaculty Sponsor must commit the use of lab and other infrastructure necessary to conduct the project |  | ◉ | ◉ | \nProject's stated purpose is solely to support a student's education or the student's individual research |  |  | ◉ | \n\n\nTable:\n✅ = Allowed (with one-time approval)⭐ = Allowed for fellow/career awards (approved for each proposal)❌ = Ineligible for exception | PI Eligibility Authorized by Policy | PI by exception if approved by Department Chair, Center Director or Administrative Unit Vice President / Vice Provost | Additional Approval Required by Dean or Senior Associate / Associate Dean for Research\n--- | --- | --- | ---\nProfessor Tenured/Tenure Track (all ranks) | ✅ |  | \nResearch Professor (all ranks)** | ✅ |  | \nUniversity Professor | ✅ |  | \nSenior Scholar | ✅ |  | \nSenior Scientist, Principal Research Scientist, Research Scientist** | ✅ |  | \nUniversity Librarian | ✅ |  | \nNew tenured / tenure track professor prior to the appointment start date | ❌ | ✅ | \nDeparting Tenured/Tenure Track Professors | ❌ | ✅ | \nProfessor of Practice (all ranks) | ❌ | ✅ | \nClinical Professor (all ranks) | ❌ | ✅ | \nSenior Research Associate | ❌ | ✅ | \nSenior Extension Associate | ❌ | ✅ | \nSenior Lecturer | ❌ | ✅ | \nDirector, Botanical Gardens | ❌ | ✅ | \nDirector, Johnson Museum of Art | ❌ | ✅ | \nAssociate Librarian | ❌ | ✅ | \nEmeritus Faculty | ❌ | ✅ | \nPostdoctoral Associates/Postdoctoral Fellows*** | ❌ | ⭐ | \nGraduate/Undergraduate Students*** | ❌ | ⭐ | \nModified Academic Titles (acting, adjunct, courtesy, visiting)**** | ❌ | ❌ | ❌\nAll other academic titles | ❌ | ✅ | ✅\nNon-Academic (full-time, regular exempt, managerial or leadership responsibility) | ❌ | ✅ | ✅\n"
}