{
    "URL location": "https://researchservices.cornell.edu/resources/responsible-conduct-research-rcr-symposium-and-workshop",
    "Last modification date": "2025-04-18T03:27Z",
    "Change frequency": "monthly",
    "Priority": "0.8",
    "Scraped Text": "Responsible Conduct of Research (RCR) Symposium and Workshop | Cornell Research Services\nSkip to main content\nFind guidance on funding and agency updates during the federal government transition\n(\nupdated 4/16/2025\n)\nResearch Services\nResearch Services\nEssential Tools\nClose\nFind My GCO\nRASS\nExternal\nInstitutional Profile & DUNS\nIACUC applications (Cayuse Animal Management)\nFind Your Next Funding Opportunity\nIBC Applications (RASS-IBC)\nResearch Development (ReD) Services\nIRB Applications (RASS-IRB)\nExternal\nRates and budgets\nReport external interests (RASS-COI)\nJoin List Servs\nRASS Access Request Form\nAsk EHS\nExternal\nWeb Financials (WebFin2)\nExternal\nCornell Data Services\nExternal\nPI Dashboard\nExternal\nTravel Registry\nExternal\nResearch Financials (formerly RA Dashboard)\nExternal\nInternational research activities\nExternal\nRegister for Federal and Non-Federal Systems\nDisclose Foreign Collaborations and Support\nResearch metrics & executive dashboards\nTraining\nSearch\nResearch Services\nSearch\nHome\nPrepare a Proposal\nClose\nResearch Development Services\nSubawards in a Proposal\nFind Your Next Funding Opportunity\nDisclose Foreign Collaborations and Support\nProposal Development, Review, and Submission\nPlanning for Animals, Human Participants, r/sNA, Hazardous Materials, Radiation\nBudgets, Costs, and Rates\nCollaborate with Weill Cornell Medicine\nManage a Project\nClose\nAward Negotiation and Finalization\nTravel and International Activities\nProject Finances\nProject Modifications\nResearch Project Staffing\nGet Confidential Info, Data, Equipment, or Materials\nManaging Subawards\nAnimals, Human Participants, r/sNA, Hazardous Materials, Radiation\nClose a Project\nClose\nProject Closeout Financials\nProject Closeout\nEnd a Project Early\nCorporate Partnership & Innovation\nClose\nProtecting an Invention, Creation, Discovery\nEntrepreneurial and Startup Company Resources\nGateway to Partnership Program\nEngaging with Industry\nCompliance, Ethics, Safety\nClose\nResponsible Conduct of Research (RCR)\nExport Controls\nResearch with Human Participants\nResearch Security\nWork with Live Vertebrate Animals\nResearch Safety\nRegulated Biological Materials in Research\nFinancial Management\nConflicts of Interest\nBreadcrumb\nHome\nresources\nResponsible Conduct of Research (RCR) Symposium and Workshop\nThe RCR Symposium is a training program for researchers about complex issues related to research ethics.\nThe Symposium is open to all students, postdocs, fellows, faculty, and other researchers and meets in-person RCR training requirements for those supported by NIH training grants. Attendees will take online training on RCR, attend a discussion group to address case studies, and attend a panel discussion.\nWant to host an RCR workshop for your research group?\nIf you would like to organize a discussion on any RCR topic for your research group contact the\nRCR Office\nfor assistance and guidance.\nPast Events: RCR Symposia and Workshops\nBelow are the past RCR symposia and workshops materials. Feel free to use these materials for the RCR discussion. If you need information about RCR training summaries to report to NIH,\nclick here\n.\nExpand All\n2024: Authorship Consideration in Collaborative Research\nThe symposium focused on the topic of authorship considerations in collaborative research. This three-part event consisted of (i) responsible conduct of research training through Cornell's online learning hub, (ii) in-person or virtual small discussion groups to examine case studies about this year’s topic, and (iii) a virtual, live panel discussion with experts.\n2023: Ethical Considerations in Mentorship\nCase Studies: Ethical Consideration in Mentorship\nPanel Discussion: Key Takeaways\nThe symposium focused on the topic of ethical considerations in mentorship. This three-part event consisted of (i) pre-recorded lectures on Canvas, (ii) in-person or virtual small discussion groups to examine case studies about this year’s topic, and (iii) an in-person panel discussion with experts.\n2022: Authorship\nCase Studies: Authorship\nThe symposium focused on the topic of authorship. This three-part event consisted of (i) pre-recorded lectures on Canvas, (ii) virtual small discussion groups to examine case studies about this year’s topic, and (iii) an in-person panel discussion with experts.\n2022: Plagiarism\nCase Studies: Plagiarism\nThis three-part symposium was fully virtual and explored aspects of plagiarism, especially pertaining to self plagiarism, through case studies, discussions, and a panel of experts.\n2021: Conflict of Interest\nCase Studies:\nConflict of Interest\nThis virtual symposium focused on the topic of conflict of interest and promoted discussion through case studies, small break-out groups, and a panel of experts.\n2020: Ethical Considerations about Genome Editing\nCase Studies: E\nthical Considerations about Genome Editing\nThis symposium focused on the topic of ethical considerations about genome editing and promoted discussion through case studies, small break-out groups, and a panel of experts.\n2019: Acquisition, Management, and Interpretation of Data\nCase Studies: Acquisition, Management, and Interpretation of Data in the Life Sciences\nThis symposium focused on the topic of data acquisition, management, and interpretation of data and promoted discussion through case studies, small break-out groups, and a panel of experts.\n2019: Data Acquisition and Management\nCase studies: Data Acquisition and Management\nOpening lecture slides\nThis symposium was held in-person and lead through discussion and small break-out groups focusing on ethical issues involved in the management, acquisition, and sharing of research data.\n2018: Authorship\nThis undergraduate symposium focused on the complex topic of authorship through the principles of RCR, case studies, discussion groups, and a panel of experts to better understand the topic.\n2018: Maintaining Public Trust in Industry-Funded Research\nCase Studies: Industry-Funded Research\nThis symposium focused on public trust in industry-funded research and promoted discussion of the topic through case studies, small break-out groups, and a panel of experts.\n2018: Engineering Workshop on RCR\nCase studies for Engineering Students\nThis workshop addressed RCR issues relevant to Ph.D. students in Engineering and included reviewing, analyzing, and discussing case studies concerning authorship, data integrity, experimental analysis, and human subject research.\n2018: Reproducible Research at Cornell\nThis event focused on ways to improve research practices. It included a lecture, panel, discussions, and workshops on easy, practical steps to increase the reproducibility of your research using the COS's Open Science Framework (OSF).\nMore information can be found\nhere\n.\n2017: Rigor and Reproducibility\nCase studies: Rigor and Reproducibility\nOther Resources for Rigor and Responsibility in Research\nThe symposium focused on ethical issues regarding rigor and reproducibility in research, specifically in the life sciences, and used case studies, discussion groups, and a panel of experts to better understand the topic.\n2016: Data Management\nCase Studies: Data Management\nThis undergraduate symposium focused on data acquisition, management and interpretation, specifically in the life sciences, and used case studies, discussion groups, and a panel of experts to better understand the topic.\n2016: Plagiarism\nCase Studies: Plagiarism\nSlides from Opening Lecture\nOpening Lecture Video\nPanel Discussion Video\nResources related to plagiarism\nThis symposium focused on the topic of plagiarism and promoted discussion through case studies, small break-out groups, and a panel of experts.\n2015: Ethical Issues in Ethnographic Research\nCase Studies: Ethnographic Research\nThis symposium focused on ethical questions around maintaining confidentiality and anonymity of research participants in ethnographic research and promoted discussion of the topic through case studies, small break-out groups, and a panel of experts.\n2015: Authorship\nCase Studies: Authorship\nVideo: Opening lecture\nVideo: Panel and closing remarks\nThis symposium focused on ethical issues around authorship and promoted discussion of the topic through case studies, small break-out groups, and a panel of experts.\n2014: Data Management and Ownership\nCase Studies: Data Management and Ownership\nThe first Summer Undergraduate RCR Symposium focused on data management, manipulation, and ownership and was sponsored by the Summer Institute of Life Sciences (SILS).\n2014: Human Subjects Research\nThe second symposium hosted focused on issues related to conducting research with human subjects including research with biomaterials obtained from human subjects.\n2012: Research Misconduct\nThis was the first RCR Symposium for Cornell students which focused on the topic of research misconduct in published and unpublished research.\nResearch Ethics Training and Resources\nSeveral other resources and training opportunities on research ethics are also available, including:\nHuman Research Participant Protection IRB Online Training\nFinancial Conflicts of Interest in Research Online Training\nThe Appropriate Care and Use of Animals in Research IACUC Online Training\nThe Use of Bloodborne Pathogens in Research Online Training\nExport Control in Research and Education Resources\n8\nResource\nResearch Integrity\nResource\nThe Research Integrity Council\nResource\nResponsible Conduct of Research Committee (RCRC)\nResource\nResearch Data Retention\nProcess\nResponsible Conduct of Research (RCR)\nResource\nResponsible Conduct of Research (RCR) Topics and Case Studies\nResource\nRCR Requirements for Research Awards\nResource\nNIH Training Grant Requirement: RCR Symposium Summary\nQuick Reference\nOffices\nCALS Sponsored Research Office\nCOI - Conflict of Interest\nCTL - Center for Technology Licensing\nCVM Research Office\nCorporate Engagement\nEHS - Environmental Health & Safety & Risk Management\nExport Controls Office\nFAIM - Faculty Advancing Inclusive Mentoring\nIACUC - Institutional Animal Care and Use\nIBC - Institutional Biosafety Committee\nIRB - Institutional Review Board\nIT Security & Policy\nORIA - Office of Research Integrity and Assurance\nOSP - Office of Sponsored Programs & Research Development\nPRO - Pre-Award Research Operations\nR&I - Cornell Research & Innovation\nRAIS - Research Administration Information Services\nRCR - Responsible Conduct of Research\nRDBSC - Research Division Business Service Center\nResearch Development (ReD)\nResearch Division Human Resources\nResearch Security Office\nSFS - Sponsored Financial Services\nUniversity Policy Office\nWCM - Office of Sponsored Research Administration (OSRA)\nEssential Tools & Resources\nFind My GCO\nInstitutional Profile & DUNS\nRates and budgets\nJoin List Servs\nResearch Development (ReD) Services\nFind Your Next Funding Opportunity\nRegister for Federal and Non-Federal Systems\nDisclose Foreign Collaborations and Support\nWeb Financials (WebFin2)\nExternal\nPI Dashboard\nExternal\nResearch Financials (formerly RA Dashboard)\nExternal\nRASS\nExternal\nIACUC applications (Cayuse Animal Management System)\nIBC applications (RASS-IBC)\nIRB Applications (RASS-IRB)\nExternal\nReport external interests (RASS-COI)\nRASS Access Request Form\naskEHS\nExternal\nCornell Data Services\nExternal\nTravel Registry\nExternal\nInternational research activities\nExternal\nTraining\nResearch metrics and executive dashboards\nRates\nForms\nPolicies\nContacts\nTraining\nEvents\nNews & Announcements\nPart of\n© 2019 Cornell University\nWeb Accessibility Help\nWas this page helpful?\n×\n×\nStatus message\nSorry...This form is closed to new submissions.\nScroll"
}