{
    "URL location": "https://researchservices.cornell.edu/resources/reopening-cost-allowability-faq",
    "Last modification date": "2025-04-18T03:27Z",
    "Change frequency": "monthly",
    "Priority": "0.8",
    "Scraped Text": "Reopening Cost Allowability FAQ | Cornell Research Services\nSkip to main content\nFind guidance on funding and agency updates during the federal government transition\n(\nupdated 4/16/2025\n)\nResearch Services\nResearch Services\nEssential Tools\nClose\nFind My GCO\nRASS\nExternal\nInstitutional Profile & DUNS\nIACUC applications (Cayuse Animal Management)\nFind Your Next Funding Opportunity\nIBC Applications (RASS-IBC)\nResearch Development (ReD) Services\nIRB Applications (RASS-IRB)\nExternal\nRates and budgets\nReport external interests (RASS-COI)\nJoin List Servs\nRASS Access Request Form\nAsk EHS\nExternal\nWeb Financials (WebFin2)\nExternal\nCornell Data Services\nExternal\nPI Dashboard\nExternal\nTravel Registry\nExternal\nResearch Financials (formerly RA Dashboard)\nExternal\nInternational research activities\nExternal\nRegister for Federal and Non-Federal Systems\nDisclose Foreign Collaborations and Support\nResearch metrics & executive dashboards\nTraining\nSearch\nResearch Services\nSearch\nHome\nPrepare a Proposal\nClose\nResearch Development Services\nSubawards in a Proposal\nFind Your Next Funding Opportunity\nDisclose Foreign Collaborations and Support\nProposal Development, Review, and Submission\nPlanning for Animals, Human Participants, r/sNA, Hazardous Materials, Radiation\nBudgets, Costs, and Rates\nCollaborate with Weill Cornell Medicine\nManage a Project\nClose\nAward Negotiation and Finalization\nTravel and International Activities\nProject Finances\nProject Modifications\nResearch Project Staffing\nGet Confidential Info, Data, Equipment, or Materials\nManaging Subawards\nAnimals, Human Participants, r/sNA, Hazardous Materials, Radiation\nClose a Project\nClose\nProject Closeout Financials\nProject Closeout\nEnd a Project Early\nCorporate Partnership & Innovation\nClose\nProtecting an Invention, Creation, Discovery\nEntrepreneurial and Startup Company Resources\nGateway to Partnership Program\nEngaging with Industry\nCompliance, Ethics, Safety\nClose\nResponsible Conduct of Research (RCR)\nExport Controls\nResearch with Human Participants\nResearch Security\nWork with Live Vertebrate Animals\nResearch Safety\nRegulated Biological Materials in Research\nFinancial Management\nConflicts of Interest\nBreadcrumb\nHome\nresources\nReopening Cost Allowability FAQ\nCan I charge personal protective equipment (PPE) or other items required for reopening my lab to my grants?\nA. Generally, we should allocate costs consistently with how they have been historically managed. The treatment of these costs must reasonably follow our disclosed costing practices, along with the principles set forth in\nSubpart E of 2 CFR 200\n, which states that for a cost to be allowable it must be:\nReasonable\nNecessary for the performance of the award\nConsistent with policies and procedures that apply uniformly to both contract and grant funds and other university funds\nConsistently treated, across like circumstances, as a direct cost\nIn accordance with Cornell policy, agency regulations, and the federal uniform guidance\nIn compliance with accounting principles and award period of performance\nAllocable, as follows:\nSpecifically to the award\nBenefits both an award and other work, and can be distributed in proportions that may be approximated using reasonable methods\nIf a cost benefits two or more projects or activities in proportions that can be determined without undue effort or cost, the cost must be allocated to the projects based on the proportional benefit.\nIf a cost benefits two or more projects or activities in proportions that cannot be determined because of the interrelationship of the work involved, then the costs may be allocated or transferred to benefitted projects on any reasonable\ndocumented\nbasis.\nAdequately documented\nItems required by all individuals occupying campus, such as facemasks should not be directly charged to projects, unless that was a specific project need prior to the COVID-19 emergency. Costs that are specifically identified to a project – especially where historically borne by such projects – such as gloves, eye protection, or respirators should continue to be charged directly to the benefitting project(s). Costs that are necessary for the safe use of a laboratory, such as barriers, may be considered similarly to laboratory supplies or equipment and charged directly where allocable. Proper allocation means that where multiple activities benefit from the expense that the cost is allocated across all of them. Consistent treatment of such costs across the campus is important, meaning that if treated as direct costs in research labs, they must also be treated as direct costs in instructional labs.\nBelow are some examples. For further information about a specific award please contact\nSponsored Financial Services.\nFor more information about cost treatment, and the impact on our facilities and administrative (F&A) cost rates please contact\nCost Analysis.\nGo back to the full\nCOVID-19 Research Related Frequently Asked Questions page\n.\nQuick Reference\nOffices\nCALS Sponsored Research Office\nCOI - Conflict of Interest\nCTL - Center for Technology Licensing\nCVM Research Office\nCorporate Engagement\nEHS - Environmental Health & Safety & Risk Management\nExport Controls Office\nFAIM - Faculty Advancing Inclusive Mentoring\nIACUC - Institutional Animal Care and Use\nIBC - Institutional Biosafety Committee\nIRB - Institutional Review Board\nIT Security & Policy\nORIA - Office of Research Integrity and Assurance\nOSP - Office of Sponsored Programs & Research Development\nPRO - Pre-Award Research Operations\nR&I - Cornell Research & Innovation\nRAIS - Research Administration Information Services\nRCR - Responsible Conduct of Research\nRDBSC - Research Division Business Service Center\nResearch Development (ReD)\nResearch Division Human Resources\nResearch Security Office\nSFS - Sponsored Financial Services\nUniversity Policy Office\nWCM - Office of Sponsored Research Administration (OSRA)\nEssential Tools & Resources\nFind My GCO\nInstitutional Profile & DUNS\nRates and budgets\nJoin List Servs\nResearch Development (ReD) Services\nFind Your Next Funding Opportunity\nRegister for Federal and Non-Federal Systems\nDisclose Foreign Collaborations and Support\nWeb Financials (WebFin2)\nExternal\nPI Dashboard\nExternal\nResearch Financials (formerly RA Dashboard)\nExternal\nRASS\nExternal\nIACUC applications (Cayuse Animal Management System)\nIBC applications (RASS-IBC)\nIRB Applications (RASS-IRB)\nExternal\nReport external interests (RASS-COI)\nRASS Access Request Form\naskEHS\nExternal\nCornell Data Services\nExternal\nTravel Registry\nExternal\nInternational research activities\nExternal\nTraining\nResearch metrics and executive dashboards\nRates\nForms\nPolicies\nContacts\nTraining\nEvents\nNews & Announcements\nPart of\n© 2019 Cornell University\nWeb Accessibility Help\nWas this page helpful?\n×\n×\nStatus message\nSorry...This form is closed to new submissions.\nScroll\n\nTable:\nSample Item | Direct Charge, including sponsored funds (where allocable) | College/Department/ PI Funds, O&M | CentralO&M | Contact Cost Analysis or Sponsored Financial Services\n--- | --- | --- | --- | ---\nBuilding wide cleaning supplies, including hand sanitizer made available to all | No | Yes | Yes | \nProject specific items, such as gloves, eye protection, respirators, N95 masks, reagents | Yes | If not directly allocable |  | \nMasks and items required generally for access to campus | No | Yes | Yes | \nBarriers or shields to separate laboratory personnel (non-capital, non-permanent) | Yes | If not directly allocable |  | If capital or permanent\nBuilding opening costs (e.g. water flushing, recalibrating fume hoods) | No | Yes | Yes | \nLaboratory opening costs (e.g. instrument initialization) | Yes | If not directly allocable |  | \nCOVID-19 surveillance (e.g. thermometers, testing) |  |  |  | Yes\n"
}