{
    "URL location": "https://researchservices.cornell.edu/resources/export-controls-procurement-and-shipping",
    "Last modification date": "2025-04-18T03:27Z",
    "Change frequency": "monthly",
    "Priority": "0.8",
    "Scraped Text": "Export Controls in Procurement and Shipping | Cornell Research Services\nSkip to main content\nFind guidance on funding and agency updates during the federal government transition\n(\nupdated 4/16/2025\n)\nResearch Services\nResearch Services\nEssential Tools\nClose\nFind My GCO\nRASS\nExternal\nInstitutional Profile & DUNS\nIACUC applications (Cayuse Animal Management)\nFind Your Next Funding Opportunity\nIBC Applications (RASS-IBC)\nResearch Development (ReD) Services\nIRB Applications (RASS-IRB)\nExternal\nRates and budgets\nReport external interests (RASS-COI)\nJoin List Servs\nRASS Access Request Form\nAsk EHS\nExternal\nWeb Financials (WebFin2)\nExternal\nCornell Data Services\nExternal\nPI Dashboard\nExternal\nTravel Registry\nExternal\nResearch Financials (formerly RA Dashboard)\nExternal\nInternational research activities\nExternal\nRegister for Federal and Non-Federal Systems\nDisclose Foreign Collaborations and Support\nResearch metrics & executive dashboards\nTraining\nSearch\nResearch Services\nSearch\nHome\nPrepare a Proposal\nClose\nResearch Development Services\nSubawards in a Proposal\nFind Your Next Funding Opportunity\nDisclose Foreign Collaborations and Support\nProposal Development, Review, and Submission\nPlanning for Animals, Human Participants, r/sNA, Hazardous Materials, Radiation\nBudgets, Costs, and Rates\nCollaborate with Weill Cornell Medicine\nManage a Project\nClose\nAward Negotiation and Finalization\nTravel and International Activities\nProject Finances\nProject Modifications\nResearch Project Staffing\nGet Confidential Info, Data, Equipment, or Materials\nManaging Subawards\nAnimals, Human Participants, r/sNA, Hazardous Materials, Radiation\nClose a Project\nClose\nProject Closeout Financials\nProject Closeout\nEnd a Project Early\nCorporate Partnership & Innovation\nClose\nProtecting an Invention, Creation, Discovery\nEntrepreneurial and Startup Company Resources\nGateway to Partnership Program\nEngaging with Industry\nCompliance, Ethics, Safety\nClose\nResponsible Conduct of Research (RCR)\nExport Controls\nResearch with Human Participants\nResearch Security\nWork with Live Vertebrate Animals\nResearch Safety\nRegulated Biological Materials in Research\nFinancial Management\nConflicts of Interest\nBreadcrumb\nHome\nresources\nExport Controls in Procurement and Shipping\nImport Control\nExport Control Decision Trees\nSemiconductor and Advanced Computing Considerations\nInternational Trade Considerations\nShipping\nSending or taking controlled information, technology, and items outside of the U.S. whether temporarily or permanently, is considered an export and may require a license of authorization.\nAll international shipments must be approved by the Export Control Office, prior to shipment\n.\nPlease submit the\nShipping Form\nto expedite approval.\nFactors that must be considered include:\nWhat is being shipped\nWho it is being shipped to\nThe location of the end-user and any intermediate consignees\nThe Export Control Office can help you:\nDetermine the export classification\nDetermine whether a license is required\nCheck the receiving individuals and entities\nOther Shipping Considerations\nSee also\nthe License Requirements section of Export Controls: Regulations and Overview\nfor information regarding the export classification and export control authorization should a license be required to export.\nMohawk Global Logistics\nCornell University has awarded a contract to Mohawk Global Logistics (MGL) for the following products and services:\nCustoms activities\nCustom bonds\nFreight forwarding\nRelated services\nMGL performs designated customs activities, including custom bonds and freight forwarding AND holds Cornell's power of attorney for these activities.\nShould you be the recipient of an import, it is possible that the importer will require a power of attorney be signed prior to providing import services. This is also held by MGL.\nHazardous Material Shipping\nHazardous Materials shipment requires training by Cornell’s Environmental Health & Safety Office. For more information, see the\nHazardous Materials page on the Environment, Health and Safety (EHS) site\n.\nThe EHS Biosafety Officer, Shipping Manager, and the Export Controls Officer will work together to determine if a license is required for the shipment of biologics or chemicals.\nProcurement\nNew vendors are screened against restricted and denied party lists using licensed software from eCustoms.\nIn addition, Procurement Services reviews terms and conditions of vendor agreements for export control language which could trigger a review and classification of equipment or materials being purchased. Procurement Services policy includes export control procedures which can be found in the\nBuying Manual, Section 617\n. They also include departmental instructions for U.S. Customs clearance procedures.\nItems Purchased for Research\nThe equipment and materials purchased by the University to support research and educational activities may be subject to export control requirements. Foreign nationals are generally permitted to use EAR controlled\nitems\non campus; however, access to\ncontrolled technology\nmay require a license or other authorization. ITAR controlled items are not permitted on campus unless you have received prior approval from the Export Control Office.\nAll\nEnd User/End Use Statements\nand similar certifications must be approved and signed by the Export Control Associate or the Export Control and Compliance Officer\nRecord Retention\nUnder U.S. Export Control Regulations, and U.S. Import Regulations, records must be retained for five years after the completion of the activity and made available to the regulating authority upon request. Records that must be retained include all memoranda, notes, correspondence (including email), financial records, shipping documentation, as well as any other information related to the export activities. Additionally, when a license exception (EAR) or license exemption (ITAR) is used, or if a record is requested from a regulatory authority, additional records documenting the applicability of the exception/exemption may be required and, in some cases, there may be additional reporting requirements\n.\nRecords must be maintained by the individual or Unit engaging in the activity. Records shall be retained or disposed of in accordance with\nUniversity Policy 4.7, Retention of University Records\n.\n20\nOffice\nExport Controls Office\nProcess\nExport Controls\nContact\nDrusilla Jaiah - Export Control Associate\nContact\nJoi Mindingall - Research Security | Export Control Officer\nResource\nExport Control and Confidentiality Agreements\nPolicy\nDetecting and Reporting Export Controls Violations\nNews\nUkraine/Russia Transactions Guidance\nResource\nExport Controls Frequently Asked Questions (FAQ)\nResource\nUniversity Policy 4.22, Export and Import Control Compliance\nResource\nOff-Campus Research\nResource\nImport Control\nSee All\nQuick Reference\nOffices\nCALS Sponsored Research Office\nCOI - Conflict of Interest\nCTL - Center for Technology Licensing\nCVM Research Office\nCorporate Engagement\nEHS - Environmental Health & Safety & Risk Management\nExport Controls Office\nFAIM - Faculty Advancing Inclusive Mentoring\nIACUC - Institutional Animal Care and Use\nIBC - Institutional Biosafety Committee\nIRB - Institutional Review Board\nIT Security & Policy\nORIA - Office of Research Integrity and Assurance\nOSP - Office of Sponsored Programs & Research Development\nPRO - Pre-Award Research Operations\nR&I - Cornell Research & Innovation\nRAIS - Research Administration Information Services\nRCR - Responsible Conduct of Research\nRDBSC - Research Division Business Service Center\nResearch Development (ReD)\nResearch Division Human Resources\nResearch Security Office\nSFS - Sponsored Financial Services\nUniversity Policy Office\nWCM - Office of Sponsored Research Administration (OSRA)\nEssential Tools & Resources\nFind My GCO\nInstitutional Profile & DUNS\nRates and budgets\nJoin List Servs\nResearch Development (ReD) Services\nFind Your Next Funding Opportunity\nRegister for Federal and Non-Federal Systems\nDisclose Foreign Collaborations and Support\nWeb Financials (WebFin2)\nExternal\nPI Dashboard\nExternal\nResearch Financials (formerly RA Dashboard)\nExternal\nRASS\nExternal\nIACUC applications (Cayuse Animal Management System)\nIBC applications (RASS-IBC)\nIRB Applications (RASS-IRB)\nExternal\nReport external interests (RASS-COI)\nRASS Access Request Form\naskEHS\nExternal\nCornell Data Services\nExternal\nTravel Registry\nExternal\nInternational research activities\nExternal\nTraining\nResearch metrics and executive dashboards\nRates\nForms\nPolicies\nContacts\nTraining\nEvents\nNews & Announcements\nPart of\n© 2019 Cornell University\nWeb Accessibility Help\nWas this page helpful?\n×\n×\nStatus message\nSorry...This form is closed to new submissions.\nScroll"
}