{
    "URL location": "https://researchservices.cornell.edu/news/irb-newsletter-summer-2023",
    "Last modification date": "2025-04-18T03:27Z",
    "Change frequency": "monthly",
    "Priority": "0.8",
    "Scraped Text": "IRB Newsletter: Summer 2023 | Cornell Research Services\nSkip to main content\nFind guidance on funding and agency updates during the federal government transition\n(\nupdated 4/16/2025\n)\nResearch Services\nResearch Services\nEssential Tools\nClose\nFind My GCO\nRASS\nExternal\nInstitutional Profile & DUNS\nIACUC applications (Cayuse Animal Management)\nFind Your Next Funding Opportunity\nIBC Applications (RASS-IBC)\nResearch Development (ReD) Services\nIRB Applications (RASS-IRB)\nExternal\nRates and budgets\nReport external interests (RASS-COI)\nJoin List Servs\nRASS Access Request Form\nAsk EHS\nExternal\nWeb Financials (WebFin2)\nExternal\nCornell Data Services\nExternal\nPI Dashboard\nExternal\nTravel Registry\nExternal\nResearch Financials (formerly RA Dashboard)\nExternal\nInternational research activities\nExternal\nRegister for Federal and Non-Federal Systems\nDisclose Foreign Collaborations and Support\nResearch metrics & executive dashboards\nTraining\nSearch\nResearch Services\nSearch\nHome\nPrepare a Proposal\nClose\nResearch Development Services\nSubawards in a Proposal\nFind Your Next Funding Opportunity\nDisclose Foreign Collaborations and Support\nProposal Development, Review, and Submission\nPlanning for Animals, Human Participants, r/sNA, Hazardous Materials, Radiation\nBudgets, Costs, and Rates\nCollaborate with Weill Cornell Medicine\nManage a Project\nClose\nAward Negotiation and Finalization\nTravel and International Activities\nProject Finances\nProject Modifications\nResearch Project Staffing\nGet Confidential Info, Data, Equipment, or Materials\nManaging Subawards\nAnimals, Human Participants, r/sNA, Hazardous Materials, Radiation\nClose a Project\nClose\nProject Closeout Financials\nProject Closeout\nEnd a Project Early\nCorporate Partnership & Innovation\nClose\nProtecting an Invention, Creation, Discovery\nEntrepreneurial and Startup Company Resources\nGateway to Partnership Program\nEngaging with Industry\nCompliance, Ethics, Safety\nClose\nResponsible Conduct of Research (RCR)\nExport Controls\nResearch with Human Participants\nResearch Security\nWork with Live Vertebrate Animals\nResearch Safety\nRegulated Biological Materials in Research\nFinancial Management\nConflicts of Interest\nBreadcrumb\nHome\nNews & Announcements\nIRB Newsletter: Summer 2023\nNewsletter sent July 7, 2023\nCONTENTS\n1. New NIH Data Sharing and Management Policy\n2. RASS-COI –System for Conflicts of Interest Reporting\n3. One Year In: RASS-IRB Quirks and Reminders\n4. Cornell University Buying Manual Update – Paying Human Participants\n5. Freedom of Information Request Procedures\n6. Welcome, VPRI Dr. Krystyn Van Vliet\n1. New NIH Data Sharing and Management Policy\nIn January 2023, a new NIH policy for Data Management and Sharing went into effect for NIH-funded research, and we at the Cornell University IRB are here to guide you through the implications for human participant research and your IRB protocols. We are putting together a guidance document regarding the impact of the policy on our process and procedures, and will post that on our website as soon as it is ready.\nFor now, when you are submitting protocols to the IRB for review that involve (or potentially involve) NIH funding, you should plan to include your Data Sharing and Management Plan in the protocol. In your RASS-IRB application, you can upload this in the Additional Documents section, under Other Documents.\nWe have also produced\nthis news item\n, which includes resources for you to read to learn more about this policy change and how it might impact you and your research.\n2. RASS-COI –System for Conflicts of Interest Reporting\nOur colleagues at the Conflicts of Interest Office launched a new reporting system in December 2022, RASS-COI, which is integrated with RASS-IRB and RASS-OSP. This primarily impacts Cornell faculty and staff who are named on IRB proposals through the institution of ‘project-specific disclosures,’ which you can read more about on the\nRASS-COI Launch Plan\n. If you have any questions or concerns regarding COI reporting, including the project-specific disclosure, you should reach out to\ncoi@cornell.edu\n.\n3. One Year In: RASS-IRB Quirks and Reminders\nIt has been over a year since RASS-IRB launched in February 2022, and the system has improved our workflow and efficiency. We have learned a few quirks to the system that we would like to share with you so that you can avoid delays in the IRB review process:\nChat Functionality:\nThe chat/conversation feature for Review Comments is helpful for communicating about details of your protocol, but IRB staff do not get an alert if you put something in the chat – if you need to communicate something to the IRB administrator quickly, email or call them. Otherwise, they will only know to look at the Review Comment chat once you resubmit the protocol.\nAttestations Pending\n: Once a protocol has been submitted, it goes to an ‘attestations pending’ status until the Principal Investigator (and the Faculty Advisor, if relevant) have completed their attestations. Until the attestations have been completed, the IRB Administrator who has been assigned to the protocol will not see it in their queue, and cannot begin the review process.\nProtocol Resubmission:\nWhen you are returning your protocol with edits, make sure to complete the final step of the process of hitting the ‘Resubmit’ button at the very bottom of the page, to return the protocol to your IRB Administrator’s queue.\nRequirements Table\n: If you are unsure of where your protocol is in the review process, check the ‘Requirements’ table at the bottom of the page – this will tell you what requirements are still left unfinished.\nHuman Subjects Training:\nIf someone on your research team has completed training and the ‘Requirements’ table still shows that task as incomplete, do not worry. Cornell training on CITI is integrated with RASS-IRB, and updated within 48 hours. That said, the two systems connect based on NetID, so make sure that the team member’s CITI account has their Cornell NetID-based email address listed in their user profile.\nIf you have already uploaded training documentation from non-Cornell training sources for that individual, the IRB Administrator will check over the documentation and mark the training requirement as complete during their review.\nProtocol Editing\n: If you are in the protocol and are unable to edit it, it is likely due to one of these reasons: either it has been re-submitted to the IRB, or someone else has it open. If it has been re-submitted, you can see that at the bottom of the ‘Requirements’ table. If someone else has it open, you can see their name at the top of the protocol, in a yellow banner. Only one person can view and edit a protocol at a time.\nRevision Comparison Tool:\nIf you need to look at the ways that your protocol has changed between amendments, or between different iterations of the same review, you can use the Revision Comparison tool at the top of the ‘Requirements’ table.\nDocument Uploading\n: The RASS-IRB system is intended to help keep protocols organized to avoid delays caused by confusion. To assist with this, upload individual study materials (e.g., interview scripts, consent forms) in the correct sections of the protocol record, rather than a single document containing multiple study materials.\nSeeking Assistance\n: When in doubt: a) check to see if the\nRASS Guide Site\nhas a how-to guide for a particular task you have to complete in RASS-IRB, b) set up a\nBookings\nappointment for a 1:1 Zoom consultation with the relevant IRB or RASS staff member, or c) write to\nrass@research.cornell.edu\nwith system problems or\nirbhp@cornell.edu\nwith human participant research or protocol questions.\n4. Cornell University Buying Manual Update – Paying Human Participants\nThe new\nSection 630\nof the\nCornell Buying Manual\nprovides guidelines to be followed when paying financial incentives to human research participants. If your protocol involves payments to human participants – whether through cash or gift card, if the research takes place in a lab or through online survey tools – you should familiarize yourself with these requirements and procedures. We have also added new text to our\ninformed consent form templates\nto communicate key information about payment logistics (e.g., taxable income, business center staff access to personal identifiers, etc.).\n5. Freedom of Information Request Procedures\nOccasionally, researchers may receive requests for information that appear to be under the federal Freedom of Information Act (FOIA) or the New York State Freedom of Information Law (FOIL). The University Relations office is responsible for responding to such requests and has set up an e-mail address for public records requests originating from outside of Cornell University:\npublicrecords@cornell.edu\n. You can read more about Cornell’s FOIA/FOIL-related procedures\non the University Relations website\n. If anyone contacts you with an apparent FOIA or FOIL request, please direct them to that website.\nRelatedly, if a federal agency has received a FOIA request that impacts Cornell records, you may be contacted by that agency for your feedback. While University Relations is not responsible for responding to such requests, you may reach out to\nOffice of Sponsored Programs\n(if applicable), University Relations (via\npublicrecords@cornell.edu\n), or\nOffice of General Counsel\nfor consultation.\n6. Welcome, VPRI Dr. Krystyn Van Vliet\nDr. Emmanuel Giannelis, the Walter R. Read Professor of Engineering in the College of Engineering, has stepped down as Cornell’s Vice President for Research and Innovation (VPRI). He served in the position for five-and-a-half years beginning in 2017, and we thank him for his leadership.\nDr. Krystyn Van Vliet began her term as the new VPRI on February 1, 2023. The position includes the role of Cornell University’s Institutional Signatory Official for the purposes of our Federalwide Assurance (FWA) with the Department of Health and Human Services, wherein we commit to comply with federal human subjects research regulation 45 CFR 46. Dr. Van Vliet previously served as the Associate Provost and Associate Vice President for Research at MIT. She joined the faculty of MIT in 2004, serving as a professor of Materials Science and Engineering and Biological Engineering, specializing in material chemomechanics. We look forward to working with her in the years to come. You can read more about Dr. Van Vliet in\nthis news item from the Cornell Chronicle\n.\nPublished on\n: Wednesday, August 16, 2023 - 5:25pm\nQuick Reference\nOffices\nCALS Sponsored Research Office\nCOI - Conflict of Interest\nCTL - Center for Technology Licensing\nCVM Research Office\nCorporate Engagement\nEHS - Environmental Health & Safety & Risk Management\nExport Controls Office\nFAIM - Faculty Advancing Inclusive Mentoring\nIACUC - Institutional Animal Care and Use\nIBC - Institutional Biosafety Committee\nIRB - Institutional Review Board\nIT Security & Policy\nORIA - Office of Research Integrity and Assurance\nOSP - Office of Sponsored Programs & Research Development\nPRO - Pre-Award Research Operations\nR&I - Cornell Research & Innovation\nRAIS - Research Administration Information Services\nRCR - Responsible Conduct of Research\nRDBSC - Research Division Business Service Center\nResearch Development (ReD)\nResearch Division Human Resources\nResearch Security Office\nSFS - Sponsored Financial Services\nUniversity Policy Office\nWCM - Office of Sponsored Research Administration (OSRA)\nEssential Tools & Resources\nFind My GCO\nInstitutional Profile & DUNS\nRates and budgets\nJoin List Servs\nResearch Development (ReD) Services\nFind Your Next Funding Opportunity\nRegister for Federal and Non-Federal Systems\nDisclose Foreign Collaborations and Support\nWeb Financials (WebFin2)\nExternal\nPI Dashboard\nExternal\nResearch Financials (formerly RA Dashboard)\nExternal\nRASS\nExternal\nIACUC applications (Cayuse Animal Management System)\nIBC applications (RASS-IBC)\nIRB Applications (RASS-IRB)\nExternal\nReport external interests (RASS-COI)\nRASS Access Request Form\naskEHS\nExternal\nCornell Data Services\nExternal\nTravel Registry\nExternal\nInternational research activities\nExternal\nTraining\nResearch metrics and executive dashboards\nRates\nForms\nPolicies\nContacts\nTraining\nEvents\nNews & Announcements\nPart of\n© 2019 Cornell University\nWeb Accessibility Help\nWas this page helpful?\n×\n×\nStatus message\nSorry...This form is closed to new submissions.\nScroll"
}