{
    "URL location": "https://researchservices.cornell.edu/training/training-unit-research-administrators",
    "Last modification date": "2025-04-18T03:27Z",
    "Change frequency": "monthly",
    "Priority": "0.8",
    "Scraped Text": "Training for Unit Research Administrators | Cornell Research Services\nSkip to main content\nFind guidance on funding and agency updates during the federal government transition\n(\nupdated 4/16/2025\n)\nResearch Services\nResearch Services\nEssential Tools\nClose\nFind My GCO\nRASS\nExternal\nInstitutional Profile & DUNS\nIACUC applications (Cayuse Animal Management)\nFind Your Next Funding Opportunity\nIBC Applications (RASS-IBC)\nResearch Development (ReD) Services\nIRB Applications (RASS-IRB)\nExternal\nRates and budgets\nReport external interests (RASS-COI)\nJoin List Servs\nRASS Access Request Form\nAsk EHS\nExternal\nWeb Financials (WebFin2)\nExternal\nCornell Data Services\nExternal\nPI Dashboard\nExternal\nTravel Registry\nExternal\nResearch Financials (formerly RA Dashboard)\nExternal\nInternational research activities\nExternal\nRegister for Federal and Non-Federal Systems\nDisclose Foreign Collaborations and Support\nResearch metrics & executive dashboards\nTraining\nSearch\nResearch Services\nSearch\nHome\nPrepare a Proposal\nClose\nResearch Development Services\nSubawards in a Proposal\nFind Your Next Funding Opportunity\nDisclose Foreign Collaborations and Support\nProposal Development, Review, and Submission\nPlanning for Animals, Human Participants, r/sNA, Hazardous Materials, Radiation\nBudgets, Costs, and Rates\nCollaborate with Weill Cornell Medicine\nManage a Project\nClose\nAward Negotiation and Finalization\nTravel and International Activities\nProject Finances\nProject Modifications\nResearch Project Staffing\nGet Confidential Info, Data, Equipment, or Materials\nManaging Subawards\nAnimals, Human Participants, r/sNA, Hazardous Materials, Radiation\nClose a Project\nClose\nProject Closeout Financials\nProject Closeout\nEnd a Project Early\nCorporate Partnership & Innovation\nClose\nProtecting an Invention, Creation, Discovery\nEntrepreneurial and Startup Company Resources\nGateway to Partnership Program\nEngaging with Industry\nCompliance, Ethics, Safety\nClose\nResponsible Conduct of Research (RCR)\nExport Controls\nResearch with Human Participants\nResearch Security\nWork with Live Vertebrate Animals\nResearch Safety\nRegulated Biological Materials in Research\nFinancial Management\nConflicts of Interest\nBreadcrumb\nHome\nTraining\nTraining for Unit Research Administrators\nRecommended documentation and training for unit research administrators. Includes courses, contacts, and how to information for the Research Administration Support System (RASS).\nPreaward\nResearch Services website\nResearch Administration Support System (RASS): Sponsored Projects: How to…\nCreate a proposal\nCreate a proposal budget\nCreate a proposal budget with cost share\nCreate a review requirement\nAdd a subaward\nCreate a pre-proposal letter of intent\nCreate non-financial agreement\nAdd connected records to proposal or project\nPostaward Financial (listed in recommended order)\n*\nFIN 101 Policy Considerations in Accounting\n(on demand)\n*\nFIN 108 Unallowable Expenses\n(virtual)\n*\nFIN 114 Financial Management of Sponsored Projects\n(virtual)\n*\nFIN 115 Financial Reporting Dashboards\n(virtual)\n*\nFIN 116 Post Award Administration Requirements\n(on demand, self-paced modules)\n*\nFIN 203 Internal Controls at Cornell University\nOther financial courses for Kuali Financial System, Procurement, Capital Assets\nNote\n: Most financial courses can be accessed or registered through\nWorkday Learning\n(enter FIN into search box).\nResearch Administration Support System (RASS): Sponsored Projects: How to…\nSubmit change requests for awards, subawards or NFAs\nEnter deliverable date submitted\nInitiate a subaward\nGeneral\nSign up for\nCU-DEPTRESEARCHADMIN-L e-mail list\nRegularly attend\nOffice of Sponsored Programs (OSP) Roundtables\nand\nSponsored Financial Services (SFS) Dialogs\nWithin 90 days of assuming the role sign-up for the\nResearch Administration Certification Program\n. Note that there is limited capacity in this program, so it may take 6-12 months to be admitted.\nResearch Administration Support System (RASS): Sponsored Projects: How to…\nSubmit change requests for awards, subawards, or NFAs\nEnter project deliverable submitted dates\nInitiate a subaward\nOther Resources\nTraining listings\non Research Services website\nNational Council of University Research Administrators (NCURA)\nvideos available on demand (no charge)\nFederal Grants Management Course (FGM 101)\nArchived SFS training\nArchived OSP Roundtables\nProposal Preparation Best Practices (August 2022)\nSubawards on Sponsored Projects (September 2023)\nCost-sharing on Sponsored Awards (October 2023)\nBecome a Prior Approval Expert! (March 2022)\nResearch Services website\nManage a Project\nClose a Project\nSponsored Financial Services website\nOther Division of Financial Services courses, which can be found in\nWorkday Learning\n(enter FIN into search box).\nNational Council of University Research Administrators\nonline, regional, and national training programs (fee required)\nSociety of Research Administrators International\nonline, regional, and national training programs (fee required)\nResearch Administrators Certification Council\nQuick Reference\nOffices\nCALS Sponsored Research Office\nCOI - Conflict of Interest\nCTL - Center for Technology Licensing\nCVM Research Office\nCorporate Engagement\nEHS - Environmental Health & Safety & Risk Management\nExport Controls Office\nFAIM - Faculty Advancing Inclusive Mentoring\nIACUC - Institutional Animal Care and Use\nIBC - Institutional Biosafety Committee\nIRB - Institutional Review Board\nIT Security & Policy\nORIA - Office of Research Integrity and Assurance\nOSP - Office of Sponsored Programs & Research Development\nPRO - Pre-Award Research Operations\nR&I - Cornell Research & Innovation\nRAIS - Research Administration Information Services\nRCR - Responsible Conduct of Research\nRDBSC - Research Division Business Service Center\nResearch Development (ReD)\nResearch Division Human Resources\nResearch Security Office\nSFS - Sponsored Financial Services\nUniversity Policy Office\nWCM - Office of Sponsored Research Administration (OSRA)\nEssential Tools & Resources\nFind My GCO\nInstitutional Profile & DUNS\nRates and budgets\nJoin List Servs\nResearch Development (ReD) Services\nFind Your Next Funding Opportunity\nRegister for Federal and Non-Federal Systems\nDisclose Foreign Collaborations and Support\nWeb Financials (WebFin2)\nExternal\nPI Dashboard\nExternal\nResearch Financials (formerly RA Dashboard)\nExternal\nRASS\nExternal\nIACUC applications (Cayuse Animal Management System)\nIBC applications (RASS-IBC)\nIRB Applications (RASS-IRB)\nExternal\nReport external interests (RASS-COI)\nRASS Access Request Form\naskEHS\nExternal\nCornell Data Services\nExternal\nTravel Registry\nExternal\nInternational research activities\nExternal\nTraining\nResearch metrics and executive dashboards\nRates\nForms\nPolicies\nContacts\nTraining\nEvents\nNews & Announcements\nPart of\n© 2019 Cornell University\nWeb Accessibility Help\nWas this page helpful?\n×\n×\nStatus message\nSorry...This form is closed to new submissions.\nScroll"
}