{
    "URL location": "https://researchservices.cornell.edu/policies/fcoi-guidance-sbirsttr-projects",
    "Last modification date": "2025-04-18T03:27Z",
    "Change frequency": "monthly",
    "Priority": "0.8",
    "Scraped Text": "FCOI Guidance on SBIR/STTR Projects | Cornell Research Services\nSkip to main content\nFind guidance on funding and agency updates during the federal government transition\n(\nupdated 4/16/2025\n)\nResearch Services\nResearch Services\nEssential Tools\nClose\nFind My GCO\nRASS\nExternal\nInstitutional Profile & DUNS\nIACUC applications (Cayuse Animal Management)\nFind Your Next Funding Opportunity\nIBC Applications (RASS-IBC)\nResearch Development (ReD) Services\nIRB Applications (RASS-IRB)\nExternal\nRates and budgets\nReport external interests (RASS-COI)\nJoin List Servs\nRASS Access Request Form\nAsk EHS\nExternal\nWeb Financials (WebFin2)\nExternal\nCornell Data Services\nExternal\nPI Dashboard\nExternal\nTravel Registry\nExternal\nResearch Financials (formerly RA Dashboard)\nExternal\nInternational research activities\nExternal\nRegister for Federal and Non-Federal Systems\nDisclose Foreign Collaborations and Support\nResearch metrics & executive dashboards\nTraining\nSearch\nResearch Services\nSearch\nHome\nPrepare a Proposal\nClose\nResearch Development Services\nSubawards in a Proposal\nFind Your Next Funding Opportunity\nDisclose Foreign Collaborations and Support\nProposal Development, Review, and Submission\nPlanning for Animals, Human Participants, r/sNA, Hazardous Materials, Radiation\nBudgets, Costs, and Rates\nCollaborate with Weill Cornell Medicine\nManage a Project\nClose\nAward Negotiation and Finalization\nTravel and International Activities\nProject Finances\nProject Modifications\nResearch Project Staffing\nGet Confidential Info, Data, Equipment, or Materials\nManaging Subawards\nAnimals, Human Participants, r/sNA, Hazardous Materials, Radiation\nClose a Project\nClose\nProject Closeout Financials\nProject Closeout\nEnd a Project Early\nCorporate Partnership & Innovation\nClose\nProtecting an Invention, Creation, Discovery\nEntrepreneurial and Startup Company Resources\nGateway to Partnership Program\nEngaging with Industry\nCompliance, Ethics, Safety\nClose\nResponsible Conduct of Research (RCR)\nExport Controls\nResearch with Human Participants\nResearch Security\nWork with Live Vertebrate Animals\nResearch Safety\nRegulated Biological Materials in Research\nFinancial Management\nConflicts of Interest\nBreadcrumb\nHome\nPolicies\nFCOI Guidance on SBIR/STTR Projects\nAre you planning to seek out funding from the federal government through a Small Business Innovation Research (\"SBIR\") or Small Business Technology Transfer (\"STTR\") award mechanism? The Financial Conflict of Interest Committee has developed guidance to address how Cornell will manage potential conflicts for both Phase I and Phase II projects.\nSBIR and STTR are federal award mechanisms that allow start-up and small companies (referred to as Small Business Entities, or “SBEs”) to compete for federal funding. The goal of these awards is to engage these entities in federally- sponsored research and development and accelerate the transfer of scientific discovery and innovation to the public.\nSpecific requirements for each program are detailed in the Request for Proposal (RFP) and the STTR/SBIR websites of the awarding agency (\nNSF STTR/SBIR guidance\n;\nNIH guidance\n). Key differences between the programs are as follows:\nFor STTR projects, the SBE must partner/collaborate with a research institution; no such requirement exists for SBIR projects.\nFor SBIR and some STTR projects (e.g., for STTRs from NSF), the PI at the SBE must be primarily employed at the SBE (effort for the SBE > 50%), unless a waiver is granted by the awarding agency (see\nreference link\n).\nCornell supports participation in SBIR/STTR programs by its faculty through an SBE, as this may allow faculty and their start-ups to make rapid progress towards commercialization of important inventions. However, a situation in which the faculty member or any member of the Cornell research team has a financial interest in the SBE applying for the funding and will also conduct research funded by the SBE, creates a conflict of interest (COI) for that individual. This COI could lead to the following types of problems:\nConcern that the individual may be using their Cornell lab, students, staff, funds or other Cornell resources to support their SBE, jeopardizing academic research and the progress of their students or staff; and\nBlurring of the non-profit/for-profit boundary (i.e., use of Cornell’s tax-exempt facilities in a way that competitively advantages a for-profit SBE).\nAdditionally, if the SBE has licensed the IP from Cornell, this also presents the possibility of an institutional conflict of interest, whereby Cornell might benefit financially from the success of the SBE that has licensed its technology. Therefore, we must implement a COI management plan to manage not only the personal financial conflict of interest for the involved faculty, but also the institutional COI for Cornell.\nTo ensure that Cornell is able to support and conduct SBIR/STTR projects in a manner that is consistent with its principles of academic integrity, protection of students, open and fair publication of research results and in accordance with its tax-exempt status, all personnel must follow the guidelines below in applying for and executing SBIR/STTR projects.\nExpand All\nCase 1 - SBIR/STTR Phase I Project\nScenario\n: The SBE in which a Cornell researcher (hereafter referred to as “Cornell PI”) has a financial interest, seeks Phase I SBIR or STTR funding, or a similar type of funding involving university and industry partnerships. The Cornell PI intends to conduct a portion of the work under a sub-award from the SBE to Cornell. SBIR Phase I awards normally do not exceed $150,000 in total costs and are for a period of 6 months.\nCOI Management Principle:\nWhile the\nfederal rules for COI\nregard Phase I SBIR projects as exempt from COI requirements, the principles that govern Cornell research and the issues identified above remain the same regardless of the type of funding. Therefore, Cornell policy does not exempt these relationships from review and requires the implementation of a conflict management plan (CMP). However, the terms of the CMP will reflect the relatively low risk of such relationships, as determined by the federal regulatory agencies, and in recognition of the university’s commitment to encouraging and supporting efforts to bring university research to market.\nRequirements for Proposals and Awards\nThe Cornell PI is responsible for ensuring that the following requirements are met:\nThe Cornell PI may not also serve as the SBE PI on the SBE’s proposal to the funding agency.\nThe SBE’s proposal to the sponsor must clearly describe the relationship between the Cornell PI and the SBE, so that the sponsor can make the funding decision with full knowledge of the potential conflict.\nWhen submitting a proposal to the SBE for a sub-award to Cornell, the Cornell PI must provide to the Cornell OSP (1) a copy of the solicitation and the complete proposal and budget for the Cornell sub-contract and (2); the complete proposal submitted by the SBE to the prime sponsor (if not available at the time of submission, the documents should be provided immediately post- submission); and (3) indicate:\nthe labs and other Cornell locations where work will be conducted;\nthe role of any Cornell students and staff in the research;\nwhether any SBE employees or representatives will be involved in the Cornell portion of the work and if so, a description of their involvement, including proposed activities at Cornell. These documents should, to the extent possible, be submitted to OSP along with the Form 10, and;\ndocumentation from the SBE that it has a primary operating space outside of Cornell University.\nNOTE: If the information is not provided in time for OSP to conduct a full review before submitting the proposal to the SBE sponsor, it must be provided before the award is received. If the proposal does not meet the requirements laid out in this document, OSP may need to withdraw the proposal, may not be able to accept the award from the SBE, or the award may need to be modified to comply with the COI management terms.\nA Conflict Management Plan (CMP) must be in place for the Cornell PI before the sub-award from the SBE is accepted.\nInvolvement of Cornell personnel and resources on Cornell sub-award funded by the SBE\nAll Cornell individuals involved in the project- students, staff or other researchers- must be informed of the Cornell PI’s relationship with the SBE before the award is accepted.\nStudents, staff and postdocs may be involved in the SBIR/STTR project only under the following conditions: (1) their involvement is approved by the FCOI Committee; (2) the DGS and their Special Committee have been informed of the relationship between the Cornell PI and the SBE; and (3) milestones for the students’ progress toward their degrees have been established.\nPostdocs, students or staff involved in the SBIR/STTR project and working under the academic supervision of the Cornell faculty member may not also have a financial relationship with the SBE. The FCOI Committee must approve any exceptions to this rule.\nSBE employees or representatives may not use Cornell facilities or resources other than those that are routinely available on a fee for use basis, such as the central research centers, facilities specifically set aside for entrepreneurial work (e.g. the McGovern Center) or those open to the general public without fees, such as general use of the library.\nSBE employees may not be appointed as Visitors, Adjuncts, or Volunteers at the university, unless such appointments are approved by the FCOI Committee.\nCornell resources may be used only as described in the sub-award as long as those terms comply with University requirements.\nFinancial Controls\nThe Business Officer or Department Manager for the Cornell PI’s department must be informed of the relationship between the SBE and the Cornell PI at the time of award.\nNo advance spending on these awards will be allowed. Money may not be spent on the award until the COI management plan has been finalized and the award has been finalized by OSP.\nAny purchases from, or other payments to, the SBE must be approved by the Conflict Manager.\nCase 2 - SBIR/STTR Phase II Project\nScenario:\nThe SBE in which a Cornell PI has a financial interest seeks Phase II SBIR or STTR funding, or a similar type of funding involving university and industry partnerships. The Cornell PI wishes to conduct a portion of the work on this Phase II project under a sub-award from the SBE to Cornell.\nCOI Management Principle:\nFunding for Phase II projects is based on the results achieved in Phase I and on the scientific and technical merit and commercial potential of the project proposed. Funding is capped at a higher dollar amount of $1,000,000, and is provided over a longer period of time (2 years). Therefore, intersecting relationships for faculty involved in these projects present greater potential for a real financial interest in the outcome of the research. The CMP terms for a Conflict of Interest for the Cornell faculty member reflect this elevated risk.\nIn addition to the requirements for managing COI outlined in Case 1 above,\nthe following conditions will apply:\nThe Cornell faculty may not serve as the sole PI on the SBE-funded project; a Cornell Co-PI, who has the same rights and responsibilities as the Cornell PI, must be appointed. This individual must not have a relationship with the SBE, must not be a subordinate of the Cornell PI, and must be mutually selected by the FCOI Committee, the Cornell PI, and the Conflict Manager.\nThe Co-PI must sign off on, and the Conflict Manager must review, budgets and any financial reports submitted to the sponsor.\nIf you have any questions about managing conflict of interest in SBIR/STTR projects, please contact the\nCOI office\n.\n3\nOffice\nOffice of Sponsored Programs (OSP) & Research Development\nResource\nNIH SBIR/STTR\nResource\nNSF SBIR/STTR page\nQuick Reference\nOffices\nCALS Sponsored Research Office\nCOI - Conflict of Interest\nCTL - Center for Technology Licensing\nCVM Research Office\nCorporate Engagement\nEHS - Environmental Health & Safety & Risk Management\nExport Controls Office\nFAIM - Faculty Advancing Inclusive Mentoring\nIACUC - Institutional Animal Care and Use\nIBC - Institutional Biosafety Committee\nIRB - Institutional Review Board\nIT Security & Policy\nORIA - Office of Research Integrity and Assurance\nOSP - Office of Sponsored Programs & Research Development\nPRO - Pre-Award Research Operations\nR&I - Cornell Research & Innovation\nRAIS - Research Administration Information Services\nRCR - Responsible Conduct of Research\nRDBSC - Research Division Business Service Center\nResearch Development (ReD)\nResearch Division Human Resources\nResearch Security Office\nSFS - Sponsored Financial Services\nUniversity Policy Office\nWCM - Office of Sponsored Research Administration (OSRA)\nEssential Tools & Resources\nFind My GCO\nInstitutional Profile & DUNS\nRates and budgets\nJoin List Servs\nResearch Development (ReD) Services\nFind Your Next Funding Opportunity\nRegister for Federal and Non-Federal Systems\nDisclose Foreign Collaborations and Support\nWeb Financials (WebFin2)\nExternal\nPI Dashboard\nExternal\nResearch Financials (formerly RA Dashboard)\nExternal\nRASS\nExternal\nIACUC applications (Cayuse Animal Management System)\nIBC applications (RASS-IBC)\nIRB Applications (RASS-IRB)\nExternal\nReport external interests (RASS-COI)\nRASS Access Request Form\naskEHS\nExternal\nCornell Data Services\nExternal\nTravel Registry\nExternal\nInternational research activities\nExternal\nTraining\nResearch metrics and executive dashboards\nRates\nForms\nPolicies\nContacts\nTraining\nEvents\nNews & Announcements\nPart of\n© 2019 Cornell University\nWeb Accessibility Help\nWas this page helpful?\n×\n×\nStatus message\nSorry...This form is closed to new submissions.\nScroll"
}