{
    "URL location": "https://researchservices.cornell.edu/close-project/finances",
    "Last modification date": "2025-04-18T03:27Z",
    "Change frequency": "monthly",
    "Priority": "0.8",
    "Scraped Text": "Project Closeout Financials | Cornell Research Services\nSkip to main content\nFind guidance on funding and agency updates during the federal government transition\n(\nupdated 4/16/2025\n)\nResearch Services\nResearch Services\nEssential Tools\nClose\nFind My GCO\nRASS\nExternal\nInstitutional Profile & DUNS\nIACUC applications (Cayuse Animal Management)\nFind Your Next Funding Opportunity\nIBC Applications (RASS-IBC)\nResearch Development (ReD) Services\nIRB Applications (RASS-IRB)\nExternal\nRates and budgets\nReport external interests (RASS-COI)\nJoin List Servs\nRASS Access Request Form\nAsk EHS\nExternal\nWeb Financials (WebFin2)\nExternal\nCornell Data Services\nExternal\nPI Dashboard\nExternal\nTravel Registry\nExternal\nResearch Financials (formerly RA Dashboard)\nExternal\nInternational research activities\nExternal\nRegister for Federal and Non-Federal Systems\nDisclose Foreign Collaborations and Support\nResearch metrics & executive dashboards\nTraining\nSearch\nResearch Services\nSearch\nHome\nPrepare a Proposal\nClose\nResearch Development Services\nSubawards in a Proposal\nFind Your Next Funding Opportunity\nDisclose Foreign Collaborations and Support\nProposal Development, Review, and Submission\nPlanning for Animals, Human Participants, r/sNA, Hazardous Materials, Radiation\nBudgets, Costs, and Rates\nCollaborate with Weill Cornell Medicine\nManage a Project\nClose\nAward Negotiation and Finalization\nTravel and International Activities\nProject Finances\nProject Modifications\nResearch Project Staffing\nGet Confidential Info, Data, Equipment, or Materials\nManaging Subawards\nAnimals, Human Participants, r/sNA, Hazardous Materials, Radiation\nClose a Project\nClose\nProject Closeout Financials\nProject Closeout\nEnd a Project Early\nCorporate Partnership & Innovation\nClose\nProtecting an Invention, Creation, Discovery\nEntrepreneurial and Startup Company Resources\nGateway to Partnership Program\nEngaging with Industry\nCompliance, Ethics, Safety\nClose\nResponsible Conduct of Research (RCR)\nExport Controls\nResearch with Human Participants\nResearch Security\nWork with Live Vertebrate Animals\nResearch Safety\nRegulated Biological Materials in Research\nFinancial Management\nConflicts of Interest\nBreadcrumb\nHome\nClose a Project\nProject Closeout Financials\nCapital equipment, project finances, charges, and payments\nRelated Pages:\nGet Access to Financial & Sponsored Projects Data\nBoth the unit/PI and Sponsored Financial Services (SFS) have responsibilities for financial closeout of projects.\nWho can help?\nYour research administrator or department administrator should be your first contact.\nYou may also work with the\nSFS associate assigned to your sponsor\n.\nDeadlines\nDeadlines matter in the closeout process. Know the project end date. Triggers for review and reporting occur at 90 and 30 days before the project ends.\nUniversity Policy 3.20, Cost Transfers on Sponsored Agreements\ncovers deadlines for closing out awards.\nDepartment Responsibilities\nIf you manage sponsored activity in your department review, familiarize yourself with these closeout responsibilities:\nIf changes are needed 90 days before the project ends:\nDetermine whether the project needs a no-cost extension. If so, request one from the Office of Sponsored Programs (OSP).\nContact Sponsored Financial Services (SFS) if the expiration date needs correction based on the agreement.\nIf the project will close in 90 days:\nReview the agreement to ensure award activity complies with the award's terms and conditions. Review for restrictions (e.g.,  salary caps, budget variance threshold, participant support costs, etc.)\nIdentify contractual concerns and contact OSP if you find any (e.g., prior approvals that may have been required but weren’t sought, such as if all travel required agency approval.)\nResolve outstanding questions, issues or concerns with transactions.\nTake action to alter appointments or costing allocations if necessary.\nMake sure proper appointments and disbursements are made for non-compensatory payments (e.g., subsistence payments for visiting academics, interns, etc.) and that contemporaneous documentation of program participants exists.\nCancel or revise recurring charges or contract orders for purchases, including equipment.\nClear any open encumbrances for purchases or contract orders funded by the award.\nClear outstanding assets and liabilities (e.g., travel advances or prepaid expenses).\nDetermine wether cost share commitment and cumulative activity will be met.\nEnsure compliance and remove transactions for pre-award costs.\nClose out program income activity and take appropriate action as needed.\nClose out transactions for unallowable expenses, such as normally indirect transactions.\n30 days before project termination:\nReview the labor plan, take final action as needed. Submit costing allocation changes in Workday, refer to Payroll's\npay calendars\nfor appropriate deadlines.\nContact subcontractors to request final invoices.\nReview actual and projected expenditures. If cost transfers are required, ensure compliance with the cost transfer policy:\nUniversity Policy 3.20, Cost Transfers on Sponsored Agreements\n.\nResolve outstanding questions, issues, or concerns with transactions or otherwise.\nNotify faculty, staff, and students using the project account and inform them that it is no longer valid as of the project's expiration date.\nNotify on-campus billers (e.g., Service Facilities, CIT) of account changes.\nCancel or revise recurring charges or contract orders.\n30 days before the Final Financial Report due date, or, if no financial report is due, no more than 60 days after the account’s expiration date:\nProcess final invoice for subcontracts, purchase orders, or other transactions.\nReview cost share information with SFS. Provide final cost share expenditures and review any questions or concerns related to required match.\nClear program income account.\nClear assets and liabilities (e.g., travel advances or prepaid expenses).\nClear encumbrances.\nReview items charged to the account after the termination date to ensure they were incurred and utilized within the period of performance. Correct post-term transactions (incurred outside period of performance).\nNotify SFS of a true overdraft, providing the funding account. SFS will clear the true overdraft to a cost share sub-account.\nCapitalize fabricated items.\nEnsure that all unallowable or normally indirect expenses are addressed as needed.\nComplete cost transfers that must be recorded in the general ledger\nno later than 30 days prior to the deadline, or, if no financial report is due,\nno later than 60 days after the expiration date of the award\n, for submission of the final fiscal report and closeout. For ore information, refer to\nUniversity Policy 3.20, Cost Transfers on Sponsored Agreements\n.\nEnsure the principal investigator has submitted, or will submit, required technical reports by the due date.\nIndicate sent dates in RASS.\n6\nResource\nFinancial Reporting to Sponsors\nProcess\nClose a Project\nResource\nClosing Out Capital Assets and Fabricated Equipment\nResource\nProject Closeout Checklist for Unit/Principal Investigator - Financials\nResource\nProject Closeout Checklist for SFS - Financials\nPolicy\nProcedure for Establishment and Administration of Fixed Price Agreements\nQuick Reference\nOffices\nCALS Sponsored Research Office\nCOI - Conflict of Interest\nCTL - Center for Technology Licensing\nCVM Research Office\nCorporate Engagement\nEHS - Environmental Health & Safety & Risk Management\nExport Controls Office\nFAIM - Faculty Advancing Inclusive Mentoring\nIACUC - Institutional Animal Care and Use\nIBC - Institutional Biosafety Committee\nIRB - Institutional Review Board\nIT Security & Policy\nORIA - Office of Research Integrity and Assurance\nOSP - Office of Sponsored Programs & Research Development\nPRO - Pre-Award Research Operations\nR&I - Cornell Research & Innovation\nRAIS - Research Administration Information Services\nRCR - Responsible Conduct of Research\nRDBSC - Research Division Business Service Center\nResearch Development (ReD)\nResearch Division Human Resources\nResearch Security Office\nSFS - Sponsored Financial Services\nUniversity Policy Office\nWCM - Office of Sponsored Research Administration (OSRA)\nEssential Tools & Resources\nFind My GCO\nInstitutional Profile & DUNS\nRates and budgets\nJoin List Servs\nResearch Development (ReD) Services\nFind Your Next Funding Opportunity\nRegister for Federal and Non-Federal Systems\nDisclose Foreign Collaborations and Support\nWeb Financials (WebFin2)\nExternal\nPI Dashboard\nExternal\nResearch Financials (formerly RA Dashboard)\nExternal\nRASS\nExternal\nIACUC applications (Cayuse Animal Management System)\nIBC applications (RASS-IBC)\nIRB Applications (RASS-IRB)\nExternal\nReport external interests (RASS-COI)\nRASS Access Request Form\naskEHS\nExternal\nCornell Data Services\nExternal\nTravel Registry\nExternal\nInternational research activities\nExternal\nTraining\nResearch metrics and executive dashboards\nRates\nForms\nPolicies\nContacts\nTraining\nEvents\nNews & Announcements\nPart of\n© 2019 Cornell University\nWeb Accessibility Help\nWas this page helpful?\n×\n×\nStatus message\nSorry...This form is closed to new submissions.\nScroll"
}