{
    "URL location": "https://researchservices.cornell.edu/resources/covid-19-summit-speakers-schedule",
    "Last modification date": "2025-04-18T03:27Z",
    "Change frequency": "monthly",
    "Priority": "0.8",
    "Scraped Text": "COVID-19 Summit Speakers & Schedule | Cornell Research Services\nSkip to main content\nFind guidance on funding and agency updates during the federal government transition\n(\nupdated 4/16/2025\n)\nResearch Services\nResearch Services\nEssential Tools\nClose\nFind My GCO\nRASS\nExternal\nInstitutional Profile & DUNS\nIACUC applications (Cayuse Animal Management)\nFind Your Next Funding Opportunity\nIBC Applications (RASS-IBC)\nResearch Development (ReD) Services\nIRB Applications (RASS-IRB)\nExternal\nRates and budgets\nReport external interests (RASS-COI)\nJoin List Servs\nRASS Access Request Form\nAsk EHS\nExternal\nWeb Financials (WebFin2)\nExternal\nCornell Data Services\nExternal\nPI Dashboard\nExternal\nTravel Registry\nExternal\nResearch Financials (formerly RA Dashboard)\nExternal\nInternational research activities\nExternal\nRegister for Federal and Non-Federal Systems\nDisclose Foreign Collaborations and Support\nResearch metrics & executive dashboards\nTraining\nSearch\nResearch Services\nSearch\nHome\nPrepare a Proposal\nClose\nResearch Development Services\nSubawards in a Proposal\nFind Your Next Funding Opportunity\nDisclose Foreign Collaborations and Support\nProposal Development, Review, and Submission\nPlanning for Animals, Human Participants, r/sNA, Hazardous Materials, Radiation\nBudgets, Costs, and Rates\nCollaborate with Weill Cornell Medicine\nManage a Project\nClose\nAward Negotiation and Finalization\nTravel and International Activities\nProject Finances\nProject Modifications\nResearch Project Staffing\nGet Confidential Info, Data, Equipment, or Materials\nManaging Subawards\nAnimals, Human Participants, r/sNA, Hazardous Materials, Radiation\nClose a Project\nClose\nProject Closeout Financials\nProject Closeout\nEnd a Project Early\nCorporate Partnership & Innovation\nClose\nProtecting an Invention, Creation, Discovery\nEntrepreneurial and Startup Company Resources\nGateway to Partnership Program\nEngaging with Industry\nCompliance, Ethics, Safety\nClose\nResponsible Conduct of Research (RCR)\nExport Controls\nResearch with Human Participants\nResearch Security\nWork with Live Vertebrate Animals\nResearch Safety\nRegulated Biological Materials in Research\nFinancial Management\nConflicts of Interest\nBreadcrumb\nHome\nresources\nCOVID-19 Summit Speakers & Schedule\nRegister for the Summit\nRelated Pages:\nCOVID-19 Summit 11/4-5\nSchedule for the COVID-19 Summit, a 2-day event featuring researchers from across Cornell.\nDownload the complete schedule (PDF).\nNovember 4th\n9:00\n– 9:15  Welcome and Introduction\nPaula Cohen, Associate Vice Provost for Life Sciences, Cornell University\nAugustine Choi, Stephen and Suzanne Weiss Dean of Weill Cornell Medicine and Provost for Medical Affairs\nMike Kotlikoff, Provost, Cornell University\n9:15 – 11:11  SESSION 1: Clinical Science and Epidemiology\nChair: Doug Nixon\nRapporteur: TBD\n11:16 – 1:40  SESSION 2: Molecular Virology and Host Biology\nChair: Julie Blander\nRapporteur: Ted Clark\n2:10 – 4:24   SESSION 3: Vaccines, Anti-Virals, and other Therapeutics\nChair: Deborah Fowell\nRapporteur: Hector Aguilar-Carreno\n4:29 – 6:18   SESSION 4: The Materials/Biology/Virology interface: new tools and innovative strategies for understanding, diagnosing, and treating SARS-CoV-2\nChair: TBD\nRapporteur: TBD\nNovember 5 (note 8:30 start)\n8:30 Welcome\nPraveen Sethupathy, Co-Chair of the Organizing Committee, Director, Cornell Center for Vertebrate Genomics\n8:30 - 10:44   SESSION 5: One Health Perspectives\nChair: Alex Travis\nRapporteur: Daryl Van Nydam\n10:49 – 1:21  SESSION 6: Social Sciences and Modeling\nChair: Maria Fitzpatrick\nRapporteur: Peter Enns\n1:51 – 3:37    SESSION 7: Variations in response to SARS-CoV-2 and Disease Interactions\nChair: Praveen Sethupathy\nRapporteur: Cedric Feschotte\n3:45 – 5:45 Brainstorming & Discussion Forum\nNOTE: This session is open to current Cornell employees only (from any campus)\nChairs: Paula Cohen and Gary Koretzky\n5:45 Closing Remarks & End of Summit\nGary Koretzky, Vice Provost for Academic Integration\nSee overview information for the COVID-19 Summit\n.\n1\nResource\nCOVID-19 Summit 11/4-5\nQuick Reference\nOffices\nCALS Sponsored Research Office\nCOI - Conflict of Interest\nCTL - Center for Technology Licensing\nCVM Research Office\nCorporate Engagement\nEHS - Environmental Health & Safety & Risk Management\nExport Controls Office\nFAIM - Faculty Advancing Inclusive Mentoring\nIACUC - Institutional Animal Care and Use\nIBC - Institutional Biosafety Committee\nIRB - Institutional Review Board\nIT Security & Policy\nORIA - Office of Research Integrity and Assurance\nOSP - Office of Sponsored Programs & Research Development\nPRO - Pre-Award Research Operations\nR&I - Cornell Research & Innovation\nRAIS - Research Administration Information Services\nRCR - Responsible Conduct of Research\nRDBSC - Research Division Business Service Center\nResearch Development (ReD)\nResearch Division Human Resources\nResearch Security Office\nSFS - Sponsored Financial Services\nUniversity Policy Office\nWCM - Office of Sponsored Research Administration (OSRA)\nEssential Tools & Resources\nFind My GCO\nInstitutional Profile & DUNS\nRates and budgets\nJoin List Servs\nResearch Development (ReD) Services\nFind Your Next Funding Opportunity\nRegister for Federal and Non-Federal Systems\nDisclose Foreign Collaborations and Support\nWeb Financials (WebFin2)\nExternal\nPI Dashboard\nExternal\nResearch Financials (formerly RA Dashboard)\nExternal\nRASS\nExternal\nIACUC applications (Cayuse Animal Management System)\nIBC applications (RASS-IBC)\nIRB Applications (RASS-IRB)\nExternal\nReport external interests (RASS-COI)\nRASS Access Request Form\naskEHS\nExternal\nCornell Data Services\nExternal\nTravel Registry\nExternal\nInternational research activities\nExternal\nTraining\nResearch metrics and executive dashboards\nRates\nForms\nPolicies\nContacts\nTraining\nEvents\nNews & Announcements\nPart of\n© 2019 Cornell University\nWeb Accessibility Help\nWas this page helpful?\n×\n×\nStatus message\nSorry...This form is closed to new submissions.\nScroll"
}