{
    "URL location": "https://researchservices.cornell.edu/news/conflict-interest-system-launch-plan",
    "Last modification date": "2025-04-18T03:27Z",
    "Change frequency": "monthly",
    "Priority": "0.8",
    "Scraped Text": "Conflict of Interest System Launch Plan | Cornell Research Services\nSkip to main content\nFind guidance on funding and agency updates during the federal government transition\n(\nupdated 4/16/2025\n)\nResearch Services\nResearch Services\nEssential Tools\nClose\nFind My GCO\nRASS\nExternal\nInstitutional Profile & DUNS\nIACUC applications (Cayuse Animal Management)\nFind Your Next Funding Opportunity\nIBC Applications (RASS-IBC)\nResearch Development (ReD) Services\nIRB Applications (RASS-IRB)\nExternal\nRates and budgets\nReport external interests (RASS-COI)\nJoin List Servs\nRASS Access Request Form\nAsk EHS\nExternal\nWeb Financials (WebFin2)\nExternal\nCornell Data Services\nExternal\nPI Dashboard\nExternal\nTravel Registry\nExternal\nResearch Financials (formerly RA Dashboard)\nExternal\nInternational research activities\nExternal\nRegister for Federal and Non-Federal Systems\nDisclose Foreign Collaborations and Support\nResearch metrics & executive dashboards\nTraining\nSearch\nResearch Services\nSearch\nHome\nPrepare a Proposal\nClose\nResearch Development Services\nSubawards in a Proposal\nFind Your Next Funding Opportunity\nDisclose Foreign Collaborations and Support\nProposal Development, Review, and Submission\nPlanning for Animals, Human Participants, r/sNA, Hazardous Materials, Radiation\nBudgets, Costs, and Rates\nCollaborate with Weill Cornell Medicine\nManage a Project\nClose\nAward Negotiation and Finalization\nTravel and International Activities\nProject Finances\nProject Modifications\nResearch Project Staffing\nGet Confidential Info, Data, Equipment, or Materials\nManaging Subawards\nAnimals, Human Participants, r/sNA, Hazardous Materials, Radiation\nClose a Project\nClose\nProject Closeout Financials\nProject Closeout\nEnd a Project Early\nCorporate Partnership & Innovation\nClose\nProtecting an Invention, Creation, Discovery\nEntrepreneurial and Startup Company Resources\nGateway to Partnership Program\nEngaging with Industry\nCompliance, Ethics, Safety\nClose\nResponsible Conduct of Research (RCR)\nExport Controls\nResearch with Human Participants\nResearch Security\nWork with Live Vertebrate Animals\nResearch Safety\nRegulated Biological Materials in Research\nFinancial Management\nConflicts of Interest\nBreadcrumb\nHome\nNews & Announcements\nConflict of Interest System Launch Plan\nAs part of the campus-wide\nResearch Administration Support Systems (RASS)\nrollout, the current system for submitting Conflict of Interest reports will be replaced with Cornell’s new RASS-COI system. Departments will be brought into the new system on a rolling schedule beginning in December.\nMany researchers at Cornell have already been using RASS for sponsored projects and IRB protocols. The new COI reporting will look and feel similar.\nRASS-COI includes enhancements to reduce processing delays for sponsored awards and IRB protocols and to improve the reporting process for everyone involved.\nGo to:\nWhat to Do\n|\nSchedule\n|\nFor New Awards\n|\nProject Specific Disclosures\nUpdated: 11/18/22\nWh\nat do I need to do?\nBeginning in December, the new RASS-COI system will be rolled out to departments gradually. You will receive an email task notification from RASS-COI when you are required to complete a COI report.\nThese notifications will be sent incrementally, by department, rather than to the entire university at the same time.\nYou are not required to report until you receive the task notification from RASS-COI.\nFrom the date of that notification, you will have 45 days to complete your COI report before sanctions for non-compliance may apply to you.\nWe will be communicating with department leadership so they can share information about when your department will start using the new system. Refer\nto the project schedule below\nfor dates.\nNote\n: If you need assistance, the COI staff will have training available.\nPlanned Sch\nedule\nFor new s\nponsored awards or IRB protocols\nIf you are named on a new sponsored award or IRB protocol, you must complete your COI report before that award or IRB protocol can be processed.\nNote: This means that you could be asked to report before the date listed in the schedule above for your department to begin using the new system.\nIf you receive a task notification from RASS-COI to complete a COI report, please complete it as soon as possible; waiting will cause delays in releasing your sponsored award or processing your IRB protocol.\nNote\n: If you need assistance, the COI Office will have training available.\nReport only once per year\nIn the past, Cornell used an annual COI reporting cycle. Everyone completed a COI report at the same time. Even if you had updated your COI report that year, you were still required to report again during the annual cycle.\nCornell is now using a “rolling cycle.” This means that you only need to update your COI report once each year. If you update your COI report at any time throughout the year, the due date for your next report will be reset, and you won’t be required to report again for another year. For example: you complete a COI report in January and then update it in March, your next update is not required until the following March.\nProject specific disclosures reduce delays in processing research funds and IRB approvals\nIf you have\nboth\nsignificant financial interests (such as equity or compensation over $5K) and\neither\nsponsored awards or IRB protocols, you will now provide\nproject-specific answers\nfor a few questions to help Cornell understand whether there is a relationship that could present a COI issue. These disclosures will reduce delays in distributing your research funds and processing your IRB protocols.\nSystem communications provide clarity\nYou’ll receive notifications from the RASS-COI system when you have tasks to complete. These will be similar to the notifications you’re already receiving about sponsored projects or IRB protocols and may include:\nCOI reporting deadlines\nNotification of project-specific disclosures to complete\nMissed deadlines (which may result in sanctions)\nCOI staff questions or comments that require your response\nA note about COI reporting requirements and the regulatory landscape:\nThe regulatory landscape in which Cornell operates its research enterprise has significantly evolved and expanded in scope over the last few years. The COI staff and others in the administrative teams of the OVPRI are diligent in responding to this changing environment to protect the integrity of Cornell’s institutional reputation. The newly redesigned RASS-COI report will help to ensure adequate disclosures of “other” support, and management of possible COIs and export-controlled information.\nCOI Project-spec\nific disclosures: What are they, why do I need to complete them, and when?\nWhat is a project-specific disclosure?\nProject-specific disclosures are updates to your COI report in the form of a few short questions used to indicate relationships between your research and your financial interests. They only need to be completed if you have both significant financial interests (such as equity or compensation over $5K) and either sponsored awards or IRB protocols.\nWhen do I need to complete a project-specific disclosure?\nThe first time you complete a COI report in RASS-COI\n: If you are required to complete project-specific disclosures, you will receive an email from\ncoi@research.cornell.edu\nasking you to do so\nimmediately after you submit your first COI report\nin RASS-COI. At that time, you will need to log back into RASS-COI and complete a project-specific disclosure linking each of your significant financial interests with each or your sponsored awards and IRB protocols. For example, if you have two financial interests, two sponsored awards, and one IRB protocol, you will need to complete six project-specific disclosures.\nWhen you are named on a new IRB protocol or a sponsored award\n: At that time, you will receive an email from\ncoi@research.cornell.edu\n, asking you to complete a project-specific disclosure. If you do not have a current COI report on file at that time, you will need to complete one in addition to your project-specific disclosure. Until you do so, your IRB protocol or your sponsored award will be on hold, and the monies associated with your sponsored award will not be disbursed.\nWhen you report a new significant financial interest\n: Reporting certain types of financial interests, such as equity or compensation above $5K, will trigger the need for a project-specific disclosure. When you report such financial interests, you will receive an email from\ncoi@research.cornell.edu\nasking you to complete a project-specific disclosure linking that financial interest with each of your sponsored awards and IRB protocols.\nThis new process seems burdensome to me. Why do I need to do it?\nWe understand that the project-specific disclosure process may seem burdensome, especially for researchers with multiple significant financial interests, sponsored awards, or IRB protocols. However, project-specific disclosures are critical to identifying conflicts of interest related to your research so that we can help you manage them. This in turn improves the processes in place that protect researchers and the integrity of research at Cornell. Completion of project-specific disclosures will also lead to far fewer delays in processing your sponsored awards and IRB protocols, and will reduce interruptions to your research activities due to compliance screening processes.\nWe’re here help. Please reach out to us at\ncoi@cornell.edu\nif you need assistance completing your project-specific disclosures.\nI submitted my COI report and then immediately got an email telling me to complete a project-specific disclosure. Why?\nWhether or not project-specific disclosures are required of you depends on what types of financial interests you report. Until you submit your COI report, the RASS-COI system has no way to determine whether you’ve reported anything that requires the completion of a project-specific disclosure. When you submit a report in which you’ve disclosed things such as equity interests or compensation above $5K, you will receive an email from\ncoi@research.cornell.edu\nasking you to complete a project-specific disclosure if you are also named on sponsored awards or IRB protocols.\nOne research administration support system for Sponsored Research, IRB, and COI\nWhen RASS-COI is live, Cornell will be using one system for Sponsored Projects, IRB, and COI. One shared system increases transparency, reduces the time required to distribute your research funds and process your IRB protocols, improves compliance with federal regulations, and allows for research administration at Cornell to function more efficiently and effectively, while continuing to adjust to changing regulations and expectations from our partners.\nPublished on\n: Wednesday, September 28, 2022 - 1:39pm\nQuick Reference\nOffices\nCALS Sponsored Research Office\nCOI - Conflict of Interest\nCTL - Center for Technology Licensing\nCVM Research Office\nCorporate Engagement\nEHS - Environmental Health & Safety & Risk Management\nExport Controls Office\nFAIM - Faculty Advancing Inclusive Mentoring\nIACUC - Institutional Animal Care and Use\nIBC - Institutional Biosafety Committee\nIRB - Institutional Review Board\nIT Security & Policy\nORIA - Office of Research Integrity and Assurance\nOSP - Office of Sponsored Programs & Research Development\nPRO - Pre-Award Research Operations\nR&I - Cornell Research & Innovation\nRAIS - Research Administration Information Services\nRCR - Responsible Conduct of Research\nRDBSC - Research Division Business Service Center\nResearch Development (ReD)\nResearch Division Human Resources\nResearch Security Office\nSFS - Sponsored Financial Services\nUniversity Policy Office\nWCM - Office of Sponsored Research Administration (OSRA)\nEssential Tools & Resources\nFind My GCO\nInstitutional Profile & DUNS\nRates and budgets\nJoin List Servs\nResearch Development (ReD) Services\nFind Your Next Funding Opportunity\nRegister for Federal and Non-Federal Systems\nDisclose Foreign Collaborations and Support\nWeb Financials (WebFin2)\nExternal\nPI Dashboard\nExternal\nResearch Financials (formerly RA Dashboard)\nExternal\nRASS\nExternal\nIACUC applications (Cayuse Animal Management System)\nIBC applications (RASS-IBC)\nIRB Applications (RASS-IRB)\nExternal\nReport external interests (RASS-COI)\nRASS Access Request Form\naskEHS\nExternal\nCornell Data Services\nExternal\nTravel Registry\nExternal\nInternational research activities\nExternal\nTraining\nResearch metrics and executive dashboards\nRates\nForms\nPolicies\nContacts\nTraining\nEvents\nNews & Announcements\nPart of\n© 2019 Cornell University\nWeb Accessibility Help\nWas this page helpful?\n×\n×\nStatus message\nSorry...This form is closed to new submissions.\nScroll\n\nTable:\nDecember 2022 | January 2023 | February 2023\n--- | --- | ---\nResearch & Innovation Division | Cornell Tech | College of Agriculture and Life Sciences\nUniversity Library | Architecture, Art, and Planning | Bowers CIS\nLaw School | College of Arts & Sciences | Engineering\nCollege of Human Ecology | College of Veterinary Medicine | \nBrooks School of Public Policy |  | \nSC Johnson College of Business |  | \nILR School |  | \n"
}