{
    "URL location": "https://researchservices.cornell.edu/resources/federal-demonstration-partnership-fdp-expanded-clearinghouse-program",
    "Last modification date": "2025-04-18T03:27Z",
    "Change frequency": "monthly",
    "Priority": "0.8",
    "Scraped Text": "Federal Demonstration Partnership (FDP) Expanded Clearinghouse Program | Cornell Research Services\nSkip to main content\nFind guidance on funding and agency updates during the federal government transition\n(\nupdated 4/16/2025\n)\nResearch Services\nResearch Services\nEssential Tools\nClose\nFind My GCO\nRASS\nExternal\nInstitutional Profile & DUNS\nIACUC applications (Cayuse Animal Management)\nFind Your Next Funding Opportunity\nIBC Applications (RASS-IBC)\nResearch Development (ReD) Services\nIRB Applications (RASS-IRB)\nExternal\nRates and budgets\nReport external interests (RASS-COI)\nJoin List Servs\nRASS Access Request Form\nAsk EHS\nExternal\nWeb Financials (WebFin2)\nExternal\nCornell Data Services\nExternal\nPI Dashboard\nExternal\nTravel Registry\nExternal\nResearch Financials (formerly RA Dashboard)\nExternal\nInternational research activities\nExternal\nRegister for Federal and Non-Federal Systems\nDisclose Foreign Collaborations and Support\nResearch metrics & executive dashboards\nTraining\nSearch\nResearch Services\nSearch\nHome\nPrepare a Proposal\nClose\nResearch Development Services\nSubawards in a Proposal\nFind Your Next Funding Opportunity\nDisclose Foreign Collaborations and Support\nProposal Development, Review, and Submission\nPlanning for Animals, Human Participants, r/sNA, Hazardous Materials, Radiation\nBudgets, Costs, and Rates\nCollaborate with Weill Cornell Medicine\nManage a Project\nClose\nAward Negotiation and Finalization\nTravel and International Activities\nProject Finances\nProject Modifications\nResearch Project Staffing\nGet Confidential Info, Data, Equipment, or Materials\nManaging Subawards\nAnimals, Human Participants, r/sNA, Hazardous Materials, Radiation\nClose a Project\nClose\nProject Closeout Financials\nProject Closeout\nEnd a Project Early\nCorporate Partnership & Innovation\nClose\nProtecting an Invention, Creation, Discovery\nEntrepreneurial and Startup Company Resources\nGateway to Partnership Program\nEngaging with Industry\nCompliance, Ethics, Safety\nClose\nResponsible Conduct of Research (RCR)\nExport Controls\nResearch with Human Participants\nResearch Security\nWork with Live Vertebrate Animals\nResearch Safety\nRegulated Biological Materials in Research\nFinancial Management\nConflicts of Interest\nBreadcrumb\nHome\nresources\nFederal Demonstration Partnership (FDP) Expanded Clearinghouse Program\nFDP Clearinghouse Participant List\nSubcontractor Commitment Form\nThe\nExpanded Clearinghouse Program\n, hosted by the Federal Demonstration Partnership (FDP), makes institutional profiles publicly available through an online database to facilitate the quick exchange of standard organizational information required for subaward management.\nCornell University is participating in a nationwide program to streamline the exchange of institutional information collected from potential subrecipient institutions. As a result of Cornell’s participation in this program, the documentation required of potential subrecipient institutions included in Cornell proposals (Outgoing Subawards) and of Cornell when acting as a subrecipient on another institution’s proposal (Incoming Subawards), have changed as described in detail below.\nDocumentation Requirements for Subrecipients Included in Cornell Proposals (Outgoing Subawards)\nAs of October 2016, institutions participating in this program are no longer required to complete the\nCornell OSP Subcontractor Commitment Form\nwhen proposing to participate in a Cornell project as a subrecipient. Instead, participating institutions need only to provide project specific data (Subrecipient PI name, project period, total amount requested, cost share amount, authorized signature, compliances, etc.) via a Letter of Intent/Commitment (\nSample LOI Template\n). A list of participating program organizations can be found at the\nFDP Expanded Clearinghouse Program\nwebsite.\nPotential subrecipient institutions who are not part of the program are still required to complete the\nCornell OSP Subcontractor Commitment Form\nwhen participating in projects funded by NSF, all PHS agencies, or any other sponsor who has adopted PHS regulations for Financial Conflict of Interest (FCOI). When participating in projects funded by all other sponsors, institutions who are not part of the program can elect to complete the\nCornell OSP Subcontractor Commitment Form\nOR provide project specific data via a\nLetter of Commitment\n.\nUse the decision tree below to determine the documentation required of each potential subrecipient.\nFDP Expanded Clearinghouse Participant List\nPlease contact\nTammy Wildenstein\n, Subaward Officer with questions or for additional information.\nDocumentation Requirements when Cornell is a Subrecipient (Incoming Subawards)\nWhen participating as a subrecipient on a proposal submitted by a fellow participating institution, the documentation expectations are reciprocal. Those preparing Cornell’s subrecipient proposal should expect to provide the pass‐through sponsor the same level of documentation we would expect if the roles were reversed. Please note that institutions who are\nnot\npart of the program may require additional institutional information and documentation from Cornell.\nPlease contact your\nGrant & Contract Officer (GCO)\nwith any questions or for additional information.\n12\nContact\nTammy Wildenstein - Subaward Officer | Federal Team\nProcess\nSubawards in a Proposal\nProcess\nManaging Subawards\nResource\nSubaward FAQs\nResource\nProposing a Subaward\nResource\nSubawards: Roles and Responsibilities\nForm\nSubcontractor Commitment Form\nResource\nIssuing the Subaward Agreement\nResource\nSubawards: Risk Assessment\nResource\nPayments to Subrecipients on Sponsored Projects\nResource\nAmendment to Subaward Agreements\nSee All\nQuick Reference\nOffices\nCALS Sponsored Research Office\nCOI - Conflict of Interest\nCTL - Center for Technology Licensing\nCVM Research Office\nCorporate Engagement\nEHS - Environmental Health & Safety & Risk Management\nExport Controls Office\nFAIM - Faculty Advancing Inclusive Mentoring\nIACUC - Institutional Animal Care and Use\nIBC - Institutional Biosafety Committee\nIRB - Institutional Review Board\nIT Security & Policy\nORIA - Office of Research Integrity and Assurance\nOSP - Office of Sponsored Programs & Research Development\nPRO - Pre-Award Research Operations\nR&I - Cornell Research & Innovation\nRAIS - Research Administration Information Services\nRCR - Responsible Conduct of Research\nRDBSC - Research Division Business Service Center\nResearch Development (ReD)\nResearch Division Human Resources\nResearch Security Office\nSFS - Sponsored Financial Services\nUniversity Policy Office\nWCM - Office of Sponsored Research Administration (OSRA)\nEssential Tools & Resources\nFind My GCO\nInstitutional Profile & DUNS\nRates and budgets\nJoin List Servs\nResearch Development (ReD) Services\nFind Your Next Funding Opportunity\nRegister for Federal and Non-Federal Systems\nDisclose Foreign Collaborations and Support\nWeb Financials (WebFin2)\nExternal\nPI Dashboard\nExternal\nResearch Financials (formerly RA Dashboard)\nExternal\nRASS\nExternal\nIACUC applications (Cayuse Animal Management System)\nIBC applications (RASS-IBC)\nIRB Applications (RASS-IRB)\nExternal\nReport external interests (RASS-COI)\nRASS Access Request Form\naskEHS\nExternal\nCornell Data Services\nExternal\nTravel Registry\nExternal\nInternational research activities\nExternal\nTraining\nResearch metrics and executive dashboards\nRates\nForms\nPolicies\nContacts\nTraining\nEvents\nNews & Announcements\nPart of\n© 2019 Cornell University\nWeb Accessibility Help\nWas this page helpful?\n×\n×\nStatus message\nSorry...This form is closed to new submissions.\nScroll"
}