{
    "URL location": "https://researchservices.cornell.edu/news/rass-irb-launch-plan",
    "Last modification date": "2025-04-18T03:27Z",
    "Change frequency": "monthly",
    "Priority": "0.8",
    "Scraped Text": "RASS-IRB Launch Plan | Cornell Research Services\nSkip to main content\nFind guidance on funding and agency updates during the federal government transition\n(\nupdated 4/16/2025\n)\nResearch Services\nResearch Services\nEssential Tools\nClose\nFind My GCO\nRASS\nExternal\nInstitutional Profile & DUNS\nIACUC applications (Cayuse Animal Management)\nFind Your Next Funding Opportunity\nIBC Applications (RASS-IBC)\nResearch Development (ReD) Services\nIRB Applications (RASS-IRB)\nExternal\nRates and budgets\nReport external interests (RASS-COI)\nJoin List Servs\nRASS Access Request Form\nAsk EHS\nExternal\nWeb Financials (WebFin2)\nExternal\nCornell Data Services\nExternal\nPI Dashboard\nExternal\nTravel Registry\nExternal\nResearch Financials (formerly RA Dashboard)\nExternal\nInternational research activities\nExternal\nRegister for Federal and Non-Federal Systems\nDisclose Foreign Collaborations and Support\nResearch metrics & executive dashboards\nTraining\nSearch\nResearch Services\nSearch\nHome\nPrepare a Proposal\nClose\nResearch Development Services\nSubawards in a Proposal\nFind Your Next Funding Opportunity\nDisclose Foreign Collaborations and Support\nProposal Development, Review, and Submission\nPlanning for Animals, Human Participants, r/sNA, Hazardous Materials, Radiation\nBudgets, Costs, and Rates\nCollaborate with Weill Cornell Medicine\nManage a Project\nClose\nAward Negotiation and Finalization\nTravel and International Activities\nProject Finances\nProject Modifications\nResearch Project Staffing\nGet Confidential Info, Data, Equipment, or Materials\nManaging Subawards\nAnimals, Human Participants, r/sNA, Hazardous Materials, Radiation\nClose a Project\nClose\nProject Closeout Financials\nProject Closeout\nEnd a Project Early\nCorporate Partnership & Innovation\nClose\nProtecting an Invention, Creation, Discovery\nEntrepreneurial and Startup Company Resources\nGateway to Partnership Program\nEngaging with Industry\nCompliance, Ethics, Safety\nClose\nResponsible Conduct of Research (RCR)\nExport Controls\nResearch with Human Participants\nResearch Security\nWork with Live Vertebrate Animals\nResearch Safety\nRegulated Biological Materials in Research\nFinancial Management\nConflicts of Interest\nBreadcrumb\nHome\nNews & Announcements\nRASS-IRB Launch Plan\nUpdated May 19, 2022\nRASS-IRB Guidance, Support, Training\nRASS-IRB Log-in\nAmending Protocols in RASS-IRB\nAs part of the campus-wide\nResearch Administration Support Systems (RASS)\nrollout, the current process of submitting IRB protocol applications via email has been replaced with Cornell’s new online RASS-IRB protocol system.\nThe system launched Tuesday, February 1, 2022, at 10AM!\nRASS-IRB is now being used to support human participant research protocol creation, submission, review and approval functions for new studies, amendments, and continuing reviews.\nRASS-IRB now:\nReplaces the paper IRB protocol form and email-based review and approval process with an online protocol management system that provides visibility into the current status of your IRB protocol and review process.\nReplaces the email-based amendment process with version control to easily compare the current amended IRB protocol with the previous approved version.\nReminds you if your protocol requires a continuing review so that you can submit the renewal request prior to your protocol’s expiration.\nKeeps track of your IRB protocol details so that you can easily print or view your IRB approval letters, access important protocol documents such as consent forms and recruitment documents, and view previous versions including changes requested as part of IRB review.\nAllows you to connect your protocol to your sponsored proposal or award that is already in RASS Sponsored Projects.\nReplaces the paper form for reporting to the IRB protocol deviations or unexpected events that have taken place during the research.\nWhat Should I Do Now?\nT\nhe IRB office stopped accepting all emailed protocol submissions (including amendments for Expedited and Full Board protocols)\nat 5PM on Friday, January 21.\nNew submissions should now be created in RASS-IRB\n.\nHigh level data about current, active protocols from the current IRB system has been transferred to the new system. (Data about closed or abandoned IRB protocols, or protocols determined not to be human subjects research, will not be transferred to RASS.)\nThe first time you amend a protocol imported from the old IRB system, you will need to fill in portions of the protocol application in RASS-IRB\n. Please anticipate needing to spend at least an hour on that process. Most information requested in RASS-IRB can be copied from your previous protocol applications, but there are a few questions collecting new information. Learn more about this amendment requirement and the reasons behind it\nhere\n.\nIf you have trouble filling out the form, you can review how-to documentation on the\nRASS Guide Site\n, watch a recording of a Zoom training, or request a 1:1\nconsultation with RASS or IRB staff\n.\nWe will be happy to help you!\nFor those of you conducting active data or biospecimen collection,\nRASS-IRB requires that\nall informed consent/assent forms must be uploaded as PDFs\n. Please prepare your consent forms as PDFs the next time you create a new protocol or amend an existing protocol. The system will stamp IRB-approved consent/assent forms in the\nbottom right-hand corner\n, so please\nleave space there (\n1” from the bottom, 2” from the right edge).\nIf you have approved protocols that need to be closed or pending protocols or amendments that are no longer needed, please email\nirbhp@cornell.edu\nASAP.\nWhat Happens When RASS-IRB Launches?\nWe've launched! You should now use RASS-IRB to:\nCreate and submit all new IRB protocols (including protocols for which you intend to rely on another IRB, and requests for an IRB determination for a funding agency before the protocol is fully developed).\nAmend IRB protocols.\nNote 1:\nAs mentioned in the previous section, the first time you amend a protocol imported from the old IRB system you will need to fill in portions of the protocol in RASS-IRB, so anticipate needing to spend at least an hour on that process. Training and support will be made available (see information below). Learn more about this amendment requirement and the reasons behind it\nhere\n.\nNote 2:\nFor existing Exempt protocols imported from the old system, amendment requests will continue to be accepted via email for now. However,\nnew Exempt protocols created in RASS-IRB will need to be amended in that system\n. (FYI IRB SOP #2 on Exemption Requests is in the process of being revised, in part to better clarify the types of modifications that require an amendment to an Exempt protocol. Watch for that updated SOP in the coming months.)\nSubmit continuing review requests.\nReport adverse events and protocol deviations.\nProvide your attestation that you will act as faculty advisor for your student’s IRB protocols.\nTraining and Support\nRecordings of previously held\nZoom training sessions on RASS-IRB\nare available\nhere\n, and can be found linked from the\nRASS Guide Site\n.\nHow-to guidance documents\nare posted on the\nRASS Guide Site\nfor a number of different tasks researchers might conduct within the system\n.\nRASS and IRB staff are available for\nZoom consultations\n. Schedule via\nMicrosoft Bookings\n.\nQuestions?\nFor help, questions or feedback about the RASS-IRB system, contact the Research Administration Support Systems (RASS) team at:\nrass@research.cornell.edu\n.\nFor questions about the RASS project, contact: Carrie Susskind, RASS Product Manager at\ncms357@cornell.edu\n. For content-related questions on your IRB protocol or other IRB issues, email\nirbhp@cornell.edu\n.\nNotes on the RASS Project\nThe RASS project is a campus-wide, complete overhaul of the systems Cornell uses to support research administration. We have successfully implemented the Sponsored Projects portion of the project and will upgrade the IRB and IACUC (Institutional Animal Care and Use Committee) systems in early 2022. The next phases will bring upgrades to the systems used for IBC (Institutional Biosafety Committee) and COI (Conflicts of Interest).\nThe project timeline is maintained here:\n\n.\nThe RASS project has already simplified and improved many procedures involved in sponsored projects. When the project is complete, Cornell will have a set of modern, integrated, and simplified tools supporting our research enterprise.\nPublished on\n: Monday, January 03, 2022 - 3:19pm\nQuick Reference\nOffices\nCALS Sponsored Research Office\nCOI - Conflict of Interest\nCTL - Center for Technology Licensing\nCVM Research Office\nCorporate Engagement\nEHS - Environmental Health & Safety & Risk Management\nExport Controls Office\nFAIM - Faculty Advancing Inclusive Mentoring\nIACUC - Institutional Animal Care and Use\nIBC - Institutional Biosafety Committee\nIRB - Institutional Review Board\nIT Security & Policy\nORIA - Office of Research Integrity and Assurance\nOSP - Office of Sponsored Programs & Research Development\nPRO - Pre-Award Research Operations\nR&I - Cornell Research & Innovation\nRAIS - Research Administration Information Services\nRCR - Responsible Conduct of Research\nRDBSC - Research Division Business Service Center\nResearch Development (ReD)\nResearch Division Human Resources\nResearch Security Office\nSFS - Sponsored Financial Services\nUniversity Policy Office\nWCM - Office of Sponsored Research Administration (OSRA)\nEssential Tools & Resources\nFind My GCO\nInstitutional Profile & DUNS\nRates and budgets\nJoin List Servs\nResearch Development (ReD) Services\nFind Your Next Funding Opportunity\nRegister for Federal and Non-Federal Systems\nDisclose Foreign Collaborations and Support\nWeb Financials (WebFin2)\nExternal\nPI Dashboard\nExternal\nResearch Financials (formerly RA Dashboard)\nExternal\nRASS\nExternal\nIACUC applications (Cayuse Animal Management System)\nIBC applications (RASS-IBC)\nIRB Applications (RASS-IRB)\nExternal\nReport external interests (RASS-COI)\nRASS Access Request Form\naskEHS\nExternal\nCornell Data Services\nExternal\nTravel Registry\nExternal\nInternational research activities\nExternal\nTraining\nResearch metrics and executive dashboards\nRates\nForms\nPolicies\nContacts\nTraining\nEvents\nNews & Announcements\nPart of\n© 2019 Cornell University\nWeb Accessibility Help\nWas this page helpful?\n×\n×\nStatus message\nSorry...This form is closed to new submissions.\nScroll"
}