{
    "URL location": "https://researchservices.cornell.edu/gco",
    "Last modification date": "2025-04-18T03:27Z",
    "Change frequency": "monthly",
    "Priority": "0.8",
    "Scraped Text": "Find My GCO (Grant & Contract Officer) | Cornell Research Services\nSkip to main content\nFind guidance on funding and agency updates during the federal government transition\n(\nupdated 4/16/2025\n)\nResearch Services\nResearch Services\nEssential Tools\nClose\nFind My GCO\nRASS\nExternal\nInstitutional Profile & DUNS\nIACUC applications (Cayuse Animal Management)\nFind Your Next Funding Opportunity\nIBC Applications (RASS-IBC)\nResearch Development (ReD) Services\nIRB Applications (RASS-IRB)\nExternal\nRates and budgets\nReport external interests (RASS-COI)\nJoin List Servs\nRASS Access Request Form\nAsk EHS\nExternal\nWeb Financials (WebFin2)\nExternal\nCornell Data Services\nExternal\nPI Dashboard\nExternal\nTravel Registry\nExternal\nResearch Financials (formerly RA Dashboard)\nExternal\nInternational research activities\nExternal\nRegister for Federal and Non-Federal Systems\nDisclose Foreign Collaborations and Support\nResearch metrics & executive dashboards\nTraining\nSearch\nResearch Services\nSearch\nHome\nPrepare a Proposal\nClose\nResearch Development Services\nSubawards in a Proposal\nFind Your Next Funding Opportunity\nDisclose Foreign Collaborations and Support\nProposal Development, Review, and Submission\nPlanning for Animals, Human Participants, r/sNA, Hazardous Materials, Radiation\nBudgets, Costs, and Rates\nCollaborate with Weill Cornell Medicine\nManage a Project\nClose\nAward Negotiation and Finalization\nTravel and International Activities\nProject Finances\nProject Modifications\nResearch Project Staffing\nGet Confidential Info, Data, Equipment, or Materials\nManaging Subawards\nAnimals, Human Participants, r/sNA, Hazardous Materials, Radiation\nClose a Project\nClose\nProject Closeout Financials\nProject Closeout\nEnd a Project Early\nCorporate Partnership & Innovation\nClose\nProtecting an Invention, Creation, Discovery\nEntrepreneurial and Startup Company Resources\nGateway to Partnership Program\nEngaging with Industry\nCompliance, Ethics, Safety\nClose\nResponsible Conduct of Research (RCR)\nExport Controls\nResearch with Human Participants\nResearch Security\nWork with Live Vertebrate Animals\nResearch Safety\nRegulated Biological Materials in Research\nFinancial Management\nConflicts of Interest\nBreadcrumb\nHome\nFind My GCO (Grant & Contract Officer)\nRelated Pages:\nWho Can Help: Finance Staff\nInstitutional Profile, DUNS, and UEI Numbers\nGCOs provide research administration services, including review and submission of proposals, award negotiation, award management and award close out activities, to all researchers and departments funded by the Center Sponsors.\nThe Office of Sponsored Programs (OSP) is organized into three Centers of Expertise: Federal, State and Foundations, and Industry.\nGo to Federal Team\n|\nGo to States and Foundations Team\n|\nGo to Industry Team\nGrant & Contract Officers (GCOs) have an in-depth understanding of the requirements, business practices, and applicable regulatory considerations of the sponsor(s) with whom their assigned Center is aligned.\nNote: for multi-sponsored projects, contact the Grant & Contract Officer supporting the primary sponsor.\nFor help\n, contact OSP at 607-255-5014 or\nosp-help@cornell.edu\n.\nForeign Government\nproposals and awards are handled by the Industry Team\nOutgoing\nsubawards\n(i.e., a portion of the work related to your sponsored project is to be performed by another entity), contact\ncu_subawards@cornell.edu\n. This mailbox is monitored daily.\nIncoming\nMaterial Transfer Agreements (MTA)\ncontact\nosp_mta@cornell.edu\n.\nNon-Disclosure Agreements (NDA)\ncontact\nosp_nda@cornell.edu\n.\nData Use Agreements (DUA)\ncontact\nosp_dua@cornell.edu\nOSP Location\nEast Hill Plaza\n373 Pine Tree Road\nCornell University\nIthaca, NY 14850-2820\nFederal Sponsors\nGo to Federal Team\n|\nGo to Industry Team\nStates and Foundations Sponsors\nGo to New York State\n|\nGo to Foundations and Non-Profits\nGo to Other Foundations / Non-profit Organizations / New York City\nNew York State\nFoundations & Non-Profits\nOther Foundations / Non-profit Organizations / New York City\nGo to Federal Team\n|\nGo to States and Foundations Team\nIndustry Sponsors, Foreign Governments, and Non-Financial Aggreements (Non-Disclosure Agreements (NDAs), Material Transfer Agreements (MTAs), and Data Use Agreements (DUAs))\n16\nProcess\nProposal Development, Review, and Submission\nResource\nRegister for Federal and Non-Federal Systems\nResource\nPre-Award Research Operations (PRO)\nResource\nAdditional Things to Consider when Preparing a Proposal\nResource\nSample Proposal Library\nResource\nProposal Review Guidelines\nResource\nLimited Submissions Funding Opportunities\nPolicy\nPI Eligibility\nResource\nInstitutional Profile, DUNS, and UEI Numbers\nForm\nRASS\nForm\nNFA (Non-Financial Agreements)\nSee All\nQuick Reference\nOffices\nCALS Sponsored Research Office\nCOI - Conflict of Interest\nCTL - Center for Technology Licensing\nCVM Research Office\nCorporate Engagement\nEHS - Environmental Health & Safety & Risk Management\nExport Controls Office\nFAIM - Faculty Advancing Inclusive Mentoring\nIACUC - Institutional Animal Care and Use\nIBC - Institutional Biosafety Committee\nIRB - Institutional Review Board\nIT Security & Policy\nORIA - Office of Research Integrity and Assurance\nOSP - Office of Sponsored Programs & Research Development\nPRO - Pre-Award Research Operations\nR&I - Cornell Research & Innovation\nRAIS - Research Administration Information Services\nRCR - Responsible Conduct of Research\nRDBSC - Research Division Business Service Center\nResearch Development (ReD)\nResearch Division Human Resources\nResearch Security Office\nSFS - Sponsored Financial Services\nUniversity Policy Office\nWCM - Office of Sponsored Research Administration (OSRA)\nEssential Tools & Resources\nFind My GCO\nInstitutional Profile & DUNS\nRates and budgets\nJoin List Servs\nResearch Development (ReD) Services\nFind Your Next Funding Opportunity\nRegister for Federal and Non-Federal Systems\nDisclose Foreign Collaborations and Support\nWeb Financials (WebFin2)\nExternal\nPI Dashboard\nExternal\nResearch Financials (formerly RA Dashboard)\nExternal\nRASS\nExternal\nIACUC applications (Cayuse Animal Management System)\nIBC applications (RASS-IBC)\nIRB Applications (RASS-IRB)\nExternal\nReport external interests (RASS-COI)\nRASS Access Request Form\naskEHS\nExternal\nCornell Data Services\nExternal\nTravel Registry\nExternal\nInternational research activities\nExternal\nTraining\nResearch metrics and executive dashboards\nRates\nForms\nPolicies\nContacts\nTraining\nEvents\nNews & Announcements\nPart of\n© 2019 Cornell University\nWeb Accessibility Help\nWas this page helpful?\n×\n×\nStatus message\nSorry...This form is closed to new submissions.\nScroll\n\nTable:\nAgency | College / Dept. / Unit | GCO Contact\n--- | --- | ---\nAgency for International Development (USAID) | All Units | Columbia Warren\nCorporation for National & Community Service (CNCS) | All Units | Columbia Warren\nDepartment of Agriculture (USDA)Agricultural Marketing Service (AMS)Agricultural Research Service (ARS)Animal & Plant Health Inspection Service (APHIS)Center for Nutrition Policy & Promotion (CNPP)Economic Research Service (ERS)Farm Service Agency (FSA)Food & Nutrition Service (FNS)Food Safety & Inspection Service (FSIS)Foreign Agricultural Service (FAS)Forest Service (FS)Grain Inspection, Packers & Stockyards Administration (GIPSA)National Agricultural Library (NAL)National Agricultural Statistics Service (NASS)Natural Resources Conservation Service (NRCS)Risk Management Agency (RMA)Rural Development (RD) | All unitsexcept forthe following:College of Agriculture & Life Sciences | Tammy Custer\nDepartment of Agriculture (USDA)Agricultural Marketing Service (AMS)Agricultural Research Service (ARS)Animal & Plant Health Inspection Service (APHIS)Center for Nutrition Policy & Promotion (CNPP)Economic Research Service (ERS)Farm Service Agency (FSA)Food & Nutrition Service (FNS)Food Safety & Inspection Service (FSIS)Foreign Agricultural Service (FAS)Forest Service (FS)Grain Inspection, Packers & Stockyards Administration (GIPSA)National Agricultural Library (NAL)National Agricultural Statistics Service (NASS)Natural Resources Conservation Service (NRCS)Risk Management Agency (RMA)Rural Development (RD) | College of Agriculture & Life Sciences | Jeanne Kisacky\nDepartment of Agriculture (USDA)National Institute of Food & Agriculture (NIFA) | Arts & SciencesCALS Coop ExtensionCALS Horticulture (Ithaca and Geneva)CALS Plant Pathology (Ithaca and Geneva)Cornell TechEngineeringHuman EcologyVeterinary Medicine | Christine Demko Sislak\nDepartment of Agriculture (USDA)National Institute of Food & Agriculture (NIFA) | All unitsexcept forthe following:Arts & SciencesCALS Coop ExtensionCALS Horticulture (Ithaca and Geneva)CALS Plant Pathology (Ithaca and Geneva)Cornell TechEngineeringHuman EcologyVeterinary Medicine | Brenda Truesdail\nDepartment of Commerce (DOC)Bureau of Economic Analysis (BEA)Bureau of Industry & Security (BIS)Census Bureau (USCB)Economic Development Administration (EDA)Economics & Statistics Administration (ESA)International Trade Administration (ITA)Minority Business Development Agency (MBDA)National Institute of Standards & Technology (NIST)National Oceanic & Atmospheric Administration (NOAA)National Telecommunications & Information Administration (NTIA)National Technical Information Service (NTIS)U.S. Patent & Trademark Office (USPTO) | All Units | James Brooks\nDepartment of Defense (DOD)Air ForceArmyArmy Medical Research & Materiel Command (USAMRMC)Biometrics Identity Management Agency (BIMA)Business Transformation Agency (BTA)Central Intelligence Agency (CIA)Congressionally Directed Medical Research Programs (CDMRP)Defense Advanced Research Projects Agency (DARPA)Defense Commissary Agency (DeCA)Defense Contract Audit Agency (DCAA)Defense Contract Management Agency (DCMA)Defense Information Systems Agency (DISA)Defense Intelligence Agency (DIA)Defense Legal Services Agency (DLSA)Defense Logistics Agency (DLA)Defense Security Cooperation Agency (DSCA)Defense Counterintelligence & Security Agency (DCSA)Defense Technical Information Center (DTIC)Defense Threat Reduction Agency (DTRA)Missile Defense Agency (MDA)National Geospatial-Intelligence Agency (NGA)National Security Agency (NSA)NavyOffice of Naval Research (ONR)Pentagon Force Protection Agency (PFPA) | College of EngineeringCivil & Environmental EngineeringElectrical & Computer EngineeringMechanical & Aerospace Engineering | Shelby Montgomery\nDepartment of Defense (DOD)Air ForceArmyArmy Medical Research & Materiel Command (USAMRMC)Biometrics Identity Management Agency (BIMA)Business Transformation Agency (BTA)Central Intelligence Agency (CIA)Congressionally Directed Medical Research Programs (CDMRP)Defense Advanced Research Projects Agency (DARPA)Defense Commissary Agency (DeCA)Defense Contract Audit Agency (DCAA)Defense Contract Management Agency (DCMA)Defense Information Systems Agency (DISA)Defense Intelligence Agency (DIA)Defense Legal Services Agency (DLSA)Defense Logistics Agency (DLA)Defense Security Cooperation Agency (DSCA)Defense Counterintelligence & Security Agency (DCSA)Defense Technical Information Center (DTIC)Defense Threat Reduction Agency (DTRA)Missile Defense Agency (MDA)National Geospatial-Intelligence Agency (NGA)National Security Agency (NSA)NavyOffice of Naval Research (ONR)Pentagon Force Protection Agency (PFPA) | All unitsexcept forthe following:College of Engineering:Civil & Environmental EngineeringElectrical & Computer EngineeringMechanical & Aerospace Engineering | Columbia Warren\nDepartment of Education (ED) | All Units | Jeanne Kisacky\nDepartment of Energy (DOE) | All unitsexcept forthe following:College of Engineering:Civil & Environmental EngineeringElectrical & Computer Engineering | Shelby Montgomery\nDepartment of Energy (DOE) | College of Engineering:Civil & Environmental EngineeringElectrical & Computer Engineering | Kyle Stocks\nDepartment of Health & Human Services (DHHS)Administration for Children and Families (ACF)Agency for Healthcare Research & Quality (AHRQ)Agency for Toxic Substances & Disease Registry (ATSDR)Centers for Disease Control & Prevention (CDC)Centers for Medicare & Medicaid Services (CMS)Food & Drug Administration (FDA)Health Resources & Services Administration (HRSA)Indian Health Service (IHS)National Institutes of Health (NIH)Office of the Inspector General (OIG)Substance Abuse & Mental Health Services Administration (SAMSHA) | College of Arts & Sciences | James Brooks\nDepartment of Health & Human Services (DHHS)Administration for Children and Families (ACF)Agency for Healthcare Research & Quality (AHRQ)Agency for Toxic Substances & Disease Registry (ATSDR)Centers for Disease Control & Prevention (CDC)Centers for Medicare & Medicaid Services (CMS)Food & Drug Administration (FDA)Health Resources & Services Administration (HRSA)Indian Health Service (IHS)National Institutes of Health (NIH)Office of the Inspector General (OIG)Substance Abuse & Mental Health Services Administration (SAMSHA) | College of Engineering:Chemical & Biomolecular EngineeringCivil & Environmental EngineeringEarth & Atmospheric SciencesElectrical & Computer EngineeringMechanical & Aerospace EngineeringOperations Research & Info. EngineeringCornell NYC Tech CampusGraduate School | Tammy Custer\nDepartment of Health & Human Services (DHHS)Administration for Children and Families (ACF)Agency for Healthcare Research & Quality (AHRQ)Agency for Toxic Substances & Disease Registry (ATSDR)Centers for Disease Control & Prevention (CDC)Centers for Medicare & Medicaid Services (CMS)Food & Drug Administration (FDA)Health Resources & Services Administration (HRSA)Indian Health Service (IHS)National Institutes of Health (NIH)Office of the Inspector General (OIG)Substance Abuse & Mental Health Services Administration (SAMSHA) | College of Agriculture& Life Sciences (Includes SC Johnson School of Business projects that are under CALS)College of Architecture, Art, & PlanningCollege of Human Ecology | Jeanne Kisacky\nDepartment of Health & Human Services (DHHS)Administration for Children and Families (ACF)Agency for Healthcare Research & Quality (AHRQ)Agency for Toxic Substances & Disease Registry (ATSDR)Centers for Disease Control & Prevention (CDC)Centers for Medicare & Medicaid Services (CMS)Food & Drug Administration (FDA)Health Resources & Services Administration (HRSA)Indian Health Service (IHS)National Institutes of Health (NIH)Office of the Inspector General (OIG)Substance Abuse & Mental Health Services Administration (SAMSHA) | Bowers College of Computing & Information ScienceVeterinary Medicine | Christine Sislak\nDepartment of Health & Human Services (DHHS)Administration for Community Living (ACL)Advanced Research Projects Agency for Health (ARPA-H) | All Units | Jamie Sprague\nDepartment of Health & Human Services (DHHS)Administration for Children and Families (ACF)Agency for Healthcare Research & Quality (AHRQ)Agency for Toxic Substances & Disease Registry (ATSDR)Centers for Disease Control & Prevention (CDC)Centers for Medicare & Medicaid Services (CMS)Food & Drug Administration (FDA)Health Resources & Services Administration (HRSA)Indian Health Service (IHS)National Institutes of Health (NIH)Office of the Inspector General (OIG)Substance Abuse & Mental Health Services Administration (SAMSHA) | Brooks School of Public PolicyCollege of Engineering:Applied & Engineering PhysicsBiomedical EngineeringMaterials Science EngineeringSystems EngineeringLaw SchoolProvostSC Johnson College of Business (Excluding CALS projects) | Kyle Stocks\nDepartment of Health & Human Services (DHHS)Administration for Children and Families (ACF)Agency for Healthcare Research & Quality (AHRQ)Agency for Toxic Substances & Disease Registry (ATSDR)Centers for Disease Control & Prevention (CDC)Centers for Medicare & Medicaid Services (CMS)Food & Drug Administration (FDA)Health Resources & Services Administration (HRSA)Indian Health Service (IHS)National Institutes of Health (NIH)Office of the Inspector General (OIG)Substance Abuse & Mental Health Services Administration (SAMSHA) | Research Division,includingAffiliated Research CentersSchool of Industrial & Labor Relations | Brenda Truesdail\nDepartment of Homeland Security (DHS) | All Units | Columbia Warren\nDepartment of Interior (DOI)Bureau of Indian Affairs (BIA)Bureau of Land Management (BLM)Bureau of Ocean Energy Management, Regulation & Enforcement (BOEM)Bureau of Reclamation (RECLAMATION)Fish & Wildlife Service (FWS)National Park Service (NPS)Office of Surface Mining, Reclamation & Enforcement (OSMRE)U.S. Geological Survey (USGS) | All Units | Shelby Montgomery\nDepartment of Justice (DOJ) | All Units | Columbia Warren\nDepartment of Labor (DOL) | All Units | Columbia Warren\nDepartment of State (DOS) | All Units | Columbia Warren\nDepartment of Transportation (DOT) | All Units | Columbia Warren\nDepartment of the Treasury (USDT) | All Units | Columbia Warren\nDepartment of Veterans Affairs (VA) | All Units | Columbia Warren\nEnvironmental Protection Agency (EPA) | All Units | Columbia Warren\nHousing & Urban Development (HUD) | All Units | Columbia Warren\nInstitute of Museum & Library Services (IMLS) | All Units | Jeanne Kisacky\nNational Aeronautics & Space Administration (NASA) | All unitsexcept forthe following:Research Division,includingAffiliated Research Centers | James Brooks\nNational Aeronautics & Space Administration (NASA) | Research Division,includingAffiliated Research Centers | Brenda Truesdail\nNational Archives & Records Administration (NARA) | All Units | Columbia Warren\nNational Endowment for the Arts (NEA) | All Units | Jeanne Kisacky\nNational Endowment for the Humanities (NEH) | All Units | Jeanne Kisacky\nNational Labs (Federal & Non-Federal)Ames Laboratory (AMES)Argonne National Laboratory (ANL)Brookhaven National Laboratory (BNL)Fermi National Accelerator Laboratory (FNAL)Idaho National Laboratory (INL)Jet Propulsion Lab (JPL)Lawrence Berkeley National Laboratory (LBNL)Lawrence Livermore National Laboratory (LLNL)Los Alamos National Laboratory (LANL)National Energy Technology Laboratory (NETL)National Renewable Energy Laboratory (NREL)New Brunswick Laboratory (NBL)Oak Ridge Institute for Science & Education (ORISE)Oak Ridge National Laboratory (ORNL)Pacific Northwest National Laboratory (PNNL)Princeton Plasma Physics Laboratory (PPPL)Radiological & Environmental Sciences Laboratory (RESL)Sandia National Laboratory (SNL)Savannah River Ecology Laboratory (SREL)Savannah River National Laboratory (SRNL)Stanford Linear Accelerator Center (SLAC)Thomas Jefferson National Accelerator Facility (TJNAF) | All Units | Shelby Montgomery\nNational Science Foundation (NSF) | College of Arts & Sciences | James Brooks\nNational Science Foundation (NSF) | College of Engineering:Chemical & Biomolecular EngineeringCivil & Environmental EngineeringEarth & Atmospheric SciencesElectrical & Computer EngineeringMechanical & Aerospace EngineeringOperations Research & Info. EngineeringCornell NYC Tech CampusGraduate School | Tammy Custer\nNational Science Foundation (NSF) | College of Agriculture & Life Sciences (Includes SC Johnson School of Business projects that are under CALS) | Jeanne Kisacky\nNational Science Foundation (NSF) | Bowers College of Computing & Information ScienceVeterinary Medicine | Christine Sislak\nNational Science Foundation (NSF) | College of Architecture, Art, & PlanningCollege of Engineering:Applied & Engineering PhysicsBiomedical EngineeringMaterials Science EngineeringSystems EngineeringLaw SchoolProvostSC Johnson College of Business (Excluding CALS projects)University Library | Kyle Stocks\nNational Science Foundation (NSF) | Brooks School of Public PolicyCenter for Regional Economic AdvancementCollege of Human EcologyCornell Public Service CenterJohnson  Art MuseumResearch Division,includingAffiliated Research CentersSchool of Industrial & Labor Relations | Brenda Truesdail\nSmall Business Administration (SBA) | All Units | Columbia Warren\nSocial Security Administration (SSA) | All Units | Columbia Warren\nUniversity/College Sponsors | Proposals & awards will be managed by the GCO assigned to the prime source of funding if a Federal sponsor. If non-Federal prime sponsor, proposals & awards will be assigned to the GCOs listed to the right. | Proposals:James BrooksAwards:Columbia Warren\nWeill Cornell Medical College, including New York City & Qatar campuses | All Units | Corey Burger\n\n\nTable:\nSponsor | GCO Contact\n--- | ---\nCouncil on the Arts | Jeff Corbin\nCorporation for National & Community Service | Ellie Krumm-Powers\nDepartment of Agriculture & Markets | Hawi Fitch\nDepartment of Correctional Services | Hawi Fitch\nDepartment of Education | Tom Goodness\nDepartment of Environment & Conservation | Eric Van Ostenbridge\nDepartment of Health | Jeff Corbin\nDepartment of Labor | Tom Goodness\nDepartment of Motor Vehicles | Tom Goodness\nDepartment of Parks & Recreation | Jeff Corbin\nDepartment of Rural Education | Hawi Fitch\nDepartment of Transportation | Eric Van Ostenbridge\nDevelopmental Disabilities Planning Council | Hawi Fitch\nDivision of Criminal Justice Services | Ellie Krumm-Powers\nDormitory Authority | Hawi Fitch\nEconomic Development | Eric Van Ostenbridge\nEmpire State Development (ESD) | Eric Van Ostenbridge\nLibrary | Hawi Fitch\nNY Local Governments (excluding New York City) | Hawi Fitch\nNYS Energy Research & Development Authority | Jeff Corbin\nNYSTAR (ESD's Div. of Science, Technology, & Innovation) | Eric Van Ostenbridge\nOffice of the Aging | Tom Goodness\nOffice of the Attorney General | Tom Goodness\nOffice of Cannabis Management | Hawi Fitch\nOffice of Children & Family Services | Ellie Krumm-Powers\nOffice of Mental Health | Ellie Krumm-Powers\nOffice of Temporary & Disability Assistance | Ellie Krumm-Powers\n\n\nTable:\nSponsor | GCO Contact\n--- | ---\nAmerican Cancer Society | Tom Goodness\nAmerican Heart Association | Tom Goodness\nBinational Agricultural Research & Development Fund | Hawi Fitch\nBinational Science Foundation | Hawi Fitch\nDairy Management Inc. | Jeff Corbin\nGates Foundation | Ellie Krumm-Powers\nMorris Animal Foundation | Ellie Krumm-Powers\nNY Farm Viability Institute | Ellie Krumm-Powers\nNY Wine & Grape Foundation | Eric Van Ostenbridge\nSloan Foundation, Alfred P. | Jeff Corbin\n\n\nTable:\nCollege/Department/Unit | GCO Contact\n--- | ---\nAffiliated Research CentersCollege of Agriculture & Life Sciences:Biological & Environmental EngineeringFood ScienceNatural ResourcesHuman ResourcesSC Johnson College of BusinessDyson School of Applied Economics & Management(Only) | Jeff Corbin\nBrooks School of Public Policy(Proposals Only)College of Agriculture & Life Sciences:American Indian ProgramBiotechnologyCommunicationEntomologyNeurobiology & BehaviorNutritional SciencesCollege of Engineering(Proposals Only)College of Human Ecology(Proposals Only)Division of Facilities ServicesProvostEinaudi Center(Only)School of Industrial & Labor Relations(Proposals Only)University Libraries | Hawi Fitch\nBrooks School of Public Policy(Awards Only)College of Engineering(Awards Only)College of Human Ecology(Awards Only)Cornell NYC Tech CampusJohnson Art MuseumSC Johnson School of BusinessJohnson Graduate School of Management(Only)School of Industrial & Labor Relations(Awards Only) | Tom Goodness\nBowers College of Computing & Information ScienceBrooks School of Pubilc PolicyCCE - NYC(Only)College of Agriculture & Life Sciences:Global DevelopmentLab of OrnithologyMolecular Biology & GeneticsPlant BiologyPlant Breeding & GeneticsPlant Pathology & Plant-Microbe BiologySoil & Crop ScienceUndergraduate BiologyCollege of Art, Architecture & PlanningCollege of Human EcologyCCE - NYC(Only)College of Veterinary MedicineCU PressGraduate SchoolLaw SchoolProvostAll unitsexcept forthe  Einaudi CenterSC Johnson College of BusinessSchool of Hotel Administration(Only) | Ellie Krumm-Powers\nCollege of Agriculture & Life Sciences:Animal ScienceBiological Statistics & Computational BiologyCornell Cooperative Extension AdministrationCornell Institute for Food, Agriculture, & DevelopmentEarth & Atmospheric SciencesEcology & Evolutionary BiologyEconometricsGeneva AdministrationHorticultureLandscape ArchitectureMicrobiologyPlantationsSea Grant ProgramCollege of Arts & SciencesShoals Marine Lab | Eric Van Ostenbridge\n\n\nTable:\nCollege/Department/Unit | GCO Contact\n--- | ---\nAffiliated Research Centers | Mark Fetzko\nBowers College of Computing & Information Science | Emmanuel Pierce\nBrooks School of Public Policy | Robin Dollaway\nCollege of Agriculture & Life Science | Csilla Kajtar(Allexcept the CALS Department below)\nSchool of Integrative Plant Science | Mark Fetzko\nCollege of Art, Architecture & Planning | Kellie Eldred\nCollege of Arts & Sciences | Mark FetzkoAwards OnlyKellie Eldred-Proposals Only\nCollege of Engineering | Emmanuel Pierce\nCollege of Human Ecology | Robin Dollaway\nCollege of Veterinary Medicine | Robin DollawayKellie Eldred-MTAs\nCornell NYC Tech Campus | Emmanuel Pierce\nGraduate School | Kellie Eldred\nLaw School | Kellie Eldred\nOffice of the Provost | Kellie Eldred\nSC Johnson College of BusinessDyson School of Applied Economics & ManagementJohnson Graduate School of ManagementSchool of Hotel Administration | Mark Fetzko\nSchool of Industrial & Labor Relations | Robin Dollaway\nUniversity Libraries | Kellie Eldred\n"
}