{
    "URL location": "https://researchservices.cornell.edu/resources/subawards-risk-assessment",
    "Last modification date": "2025-04-18T03:27Z",
    "Change frequency": "monthly",
    "Priority": "0.8",
    "Scraped Text": "Subawards: Risk Assessment | Cornell Research Services\nSkip to main content\nFind guidance on funding and agency updates during the federal government transition\n(\nupdated 4/16/2025\n)\nResearch Services\nResearch Services\nEssential Tools\nClose\nFind My GCO\nRASS\nExternal\nInstitutional Profile & DUNS\nIACUC applications (Cayuse Animal Management)\nFind Your Next Funding Opportunity\nIBC Applications (RASS-IBC)\nResearch Development (ReD) Services\nIRB Applications (RASS-IRB)\nExternal\nRates and budgets\nReport external interests (RASS-COI)\nJoin List Servs\nRASS Access Request Form\nAsk EHS\nExternal\nWeb Financials (WebFin2)\nExternal\nCornell Data Services\nExternal\nPI Dashboard\nExternal\nTravel Registry\nExternal\nResearch Financials (formerly RA Dashboard)\nExternal\nInternational research activities\nExternal\nRegister for Federal and Non-Federal Systems\nDisclose Foreign Collaborations and Support\nResearch metrics & executive dashboards\nTraining\nSearch\nResearch Services\nSearch\nHome\nPrepare a Proposal\nClose\nResearch Development Services\nSubawards in a Proposal\nFind Your Next Funding Opportunity\nDisclose Foreign Collaborations and Support\nProposal Development, Review, and Submission\nPlanning for Animals, Human Participants, r/sNA, Hazardous Materials, Radiation\nBudgets, Costs, and Rates\nCollaborate with Weill Cornell Medicine\nManage a Project\nClose\nAward Negotiation and Finalization\nTravel and International Activities\nProject Finances\nProject Modifications\nResearch Project Staffing\nGet Confidential Info, Data, Equipment, or Materials\nManaging Subawards\nAnimals, Human Participants, r/sNA, Hazardous Materials, Radiation\nClose a Project\nClose\nProject Closeout Financials\nProject Closeout\nEnd a Project Early\nCorporate Partnership & Innovation\nClose\nProtecting an Invention, Creation, Discovery\nEntrepreneurial and Startup Company Resources\nGateway to Partnership Program\nEngaging with Industry\nCompliance, Ethics, Safety\nClose\nResponsible Conduct of Research (RCR)\nExport Controls\nResearch with Human Participants\nResearch Security\nWork with Live Vertebrate Animals\nResearch Safety\nRegulated Biological Materials in Research\nFinancial Management\nConflicts of Interest\nBreadcrumb\nHome\nresources\nSubawards: Risk Assessment\nIn preparing to issue a subaward, OSP gathers information about the subrecipient and creates a profile that provides information about the subrecipient’s financial status and internal controls.\nThe Subaward Officer reviews the prime award terms and conditions before drafting a subaward that flows down the appropriate clauses. Additional modifications are made to the subaward based on a\nrisk assessment of the subrecipient\nwhich includes but is not limited to a review of:\nSubrecipient financial status and internal controls\nAmount of subaward\nPercentage of award passed through to subrecipient\nProgram complexity\nIn some instances, a subrecipient may be designated as elevated risk. This means that based on an evaluation of many factors including the award, supporting financial documents, the institutional profile completed by the subrecipient, and prior history of working with the entity that there is an above-average likelihood of programmatic or financial concerns during the subaward period. Examples include:\nA small organization receives a very large subaward and may not have the business systems in place to account for the award in the manner prescribed by the prime sponsor.\nA university has a history of multiple audit findings.\nA company has a track record of failing to deliver on Cornell projects.\nA non-governmental organization is operating in a remote area of the world where communication and monitoring is difficult.\nOnce the subaward draft is complete, the Subaward Officer sends it unsigned to the subrecipient for review.\nThe subrecipient may want to negotiate changes or request clarification of the terms and conditions. The Subaward Officer negotiates the changes, coordinating requested changes with unit administrators and the PI, where appropriate.\nOnce negotiations are complete and the signed subaward is received, the Subaward Officer executes it on behalf of Cornell, returns the fully executed document to the subrecipient, and distributes the fully executed award to the PI, unit administrator, and Sponsored Financial Services. If a subrecipient is deemed to pose \"elevated risk,\"\nthe PI will be responsible for specific monitoring and approvals\n.\n15\nResource\nProposing a Subaward\nResource\nSubawards: Roles and Responsibilities\nResource\nIssuing the Subaward Agreement\nResource\nAmendment to Subaward Agreements\nResource\nSubaward Closeout\nResource\nPayments to Subrecipients on Sponsored Projects\nResource\nSubrecipient Monitoring: Financial and Technical\nResource\nFederal Demonstration Partnership (FDP) Expanded Clearinghouse Program\nForm\nSubcontractor Commitment Form\nProcess\nCollaborating with Weill Cornell Medicine\nSee All\nQuick Reference\nOffices\nCALS Sponsored Research Office\nCOI - Conflict of Interest\nCTL - Center for Technology Licensing\nCVM Research Office\nCorporate Engagement\nEHS - Environmental Health & Safety & Risk Management\nExport Controls Office\nFAIM - Faculty Advancing Inclusive Mentoring\nIACUC - Institutional Animal Care and Use\nIBC - Institutional Biosafety Committee\nIRB - Institutional Review Board\nIT Security & Policy\nORIA - Office of Research Integrity and Assurance\nOSP - Office of Sponsored Programs & Research Development\nPRO - Pre-Award Research Operations\nR&I - Cornell Research & Innovation\nRAIS - Research Administration Information Services\nRCR - Responsible Conduct of Research\nRDBSC - Research Division Business Service Center\nResearch Development (ReD)\nResearch Division Human Resources\nResearch Security Office\nSFS - Sponsored Financial Services\nUniversity Policy Office\nWCM - Office of Sponsored Research Administration (OSRA)\nEssential Tools & Resources\nFind My GCO\nInstitutional Profile & DUNS\nRates and budgets\nJoin List Servs\nResearch Development (ReD) Services\nFind Your Next Funding Opportunity\nRegister for Federal and Non-Federal Systems\nDisclose Foreign Collaborations and Support\nWeb Financials (WebFin2)\nExternal\nPI Dashboard\nExternal\nResearch Financials (formerly RA Dashboard)\nExternal\nRASS\nExternal\nIACUC applications (Cayuse Animal Management System)\nIBC applications (RASS-IBC)\nIRB Applications (RASS-IRB)\nExternal\nReport external interests (RASS-COI)\nRASS Access Request Form\naskEHS\nExternal\nCornell Data Services\nExternal\nTravel Registry\nExternal\nInternational research activities\nExternal\nTraining\nResearch metrics and executive dashboards\nRates\nForms\nPolicies\nContacts\nTraining\nEvents\nNews & Announcements\nPart of\n© 2019 Cornell University\nWeb Accessibility Help\nWas this page helpful?\n×\n×\nStatus message\nSorry...This form is closed to new submissions.\nScroll"
}