{
    "URL location": "https://researchservices.cornell.edu/resources/dod-funding-early-career-faculty",
    "Last modification date": "2025-04-18T03:27Z",
    "Change frequency": "monthly",
    "Priority": "0.8",
    "Scraped Text": "DoD Funding for Early Career Faculty | Cornell Research Services\nSkip to main content\nFind guidance on funding and agency updates during the federal government transition\n(\nupdated 4/16/2025\n)\nResearch Services\nResearch Services\nEssential Tools\nClose\nFind My GCO\nRASS\nExternal\nInstitutional Profile & DUNS\nIACUC applications (Cayuse Animal Management)\nFind Your Next Funding Opportunity\nIBC Applications (RASS-IBC)\nResearch Development (ReD) Services\nIRB Applications (RASS-IRB)\nExternal\nRates and budgets\nReport external interests (RASS-COI)\nJoin List Servs\nRASS Access Request Form\nAsk EHS\nExternal\nWeb Financials (WebFin2)\nExternal\nCornell Data Services\nExternal\nPI Dashboard\nExternal\nTravel Registry\nExternal\nResearch Financials (formerly RA Dashboard)\nExternal\nInternational research activities\nExternal\nRegister for Federal and Non-Federal Systems\nDisclose Foreign Collaborations and Support\nResearch metrics & executive dashboards\nTraining\nSearch\nResearch Services\nSearch\nHome\nPrepare a Proposal\nClose\nResearch Development Services\nSubawards in a Proposal\nFind Your Next Funding Opportunity\nDisclose Foreign Collaborations and Support\nProposal Development, Review, and Submission\nPlanning for Animals, Human Participants, r/sNA, Hazardous Materials, Radiation\nBudgets, Costs, and Rates\nCollaborate with Weill Cornell Medicine\nManage a Project\nClose\nAward Negotiation and Finalization\nTravel and International Activities\nProject Finances\nProject Modifications\nResearch Project Staffing\nGet Confidential Info, Data, Equipment, or Materials\nManaging Subawards\nAnimals, Human Participants, r/sNA, Hazardous Materials, Radiation\nClose a Project\nClose\nProject Closeout Financials\nProject Closeout\nEnd a Project Early\nCorporate Partnership & Innovation\nClose\nProtecting an Invention, Creation, Discovery\nEntrepreneurial and Startup Company Resources\nGateway to Partnership Program\nEngaging with Industry\nCompliance, Ethics, Safety\nClose\nResponsible Conduct of Research (RCR)\nExport Controls\nResearch with Human Participants\nResearch Security\nWork with Live Vertebrate Animals\nResearch Safety\nRegulated Biological Materials in Research\nFinancial Management\nConflicts of Interest\nBreadcrumb\nHome\nresources\nDoD Funding  for Early Career Faculty\nSponsored programs intended for new tenure-track researchers.\nRelated Pages:\nEarly Career Faculty Research Funding\nWorking with DoD\nLimited Submissions Funding Opportunities\nResearch Concierge Service\nResearch Development (ReD) Team\nThe Department of Defense (DoD) offers a number of research funding opportunities for early career faculty, with the long-term goal of developing the next generation of academic scientists, engineers and mathematicians in strategic disciplines whose research aligns with agency mission and priorities. For current opportunities, search\nGrants.gov\n.\nTo access recordings of our workshops on obtaining DOD funding, visit the\nWorking with DoD\nwebpage.\nNote:\nThe following information does not replace the sponsor's actual funding opportunity announcement. Always review the sponsor's full announcement to verify program guidelines, requirements, and deadlines. Search\nGrants.gov\nto find current funding opportunity announcement.\nExpand All\nDefense Advanced Research Projects Agency (DARPA) Young Faculty Award (YFA)\nDARPA's YFA program aims to identify and engage rising stars in junior research positions in academia and equivalent positions at non-profit research institutions, particularly those without prior DARPA funding, to expose them to Department of Defense (DoD) needs and DARPA’s mission to create and prevent technological surprise. The YFA program will provide high-impact funding to elite researchers early in their careers to develop innovative new research that enables transformative DoD capabilities. Ultimately, the YFA program is developing the next generations of researchers focused on national security issues.\nVisit\n\nfor current guidelines and eligibility requirements.\nDARPA solicits innovative research proposals in the areas of interest to its six technical offices: Biological Technologies Office (BTO), Defense Sciences Office (DSO), Information Innovation Office (I2O), Microsystems Technology Office (MTO), Strategic Technology Office (STO), and Tactical Technology Office (TTO).\nDARPA Program Managers are looking for applicants to address the\nHeilmeier Catechism questions\nin their proposals.\nAwards are typically up to $500,000 in a 24-month base period, and an additional 12-month option with a max funding of $500,000.\nProposers must current tenure-track Assistant/Associate Professors, or current tenured faculty within 3 years of their tenure date.\nParticipation is open to individuals who are U.S. Citizens, U.S. Permanent Residents, and Foreign Nationals.\nEstimated annual deadlines: December for Executive Summary. February for full proposals.\nAir Force Office of Scientific Research (AFOSR) Young Investigator Research Program (YIP)\nThe Air Force YIP supports individual early in career scientists and engineers who have received Ph.D. or equivalent degrees within the last seven years (check current solicitation for specific date), showing exceptional ability and promise for conducting basic research. The program objective is to foster creative basic research in science and engineering; enhance early career development of outstanding young investigators; and increase opportunities for the young investigator to recognize the Air Force and Space Force mission and related challenges in science and engineering.\nFor current information about the AFOSR YIP and eligibility, visit:\n\nMost awards are funded up to $150,00 per year for three years, for a total of $450,000.\nThe PI on the proposal must be a U.S. citizen, national, or permanent resident (at time of proposal submission), employed on a full-time basis and hold a permanent position.\nEstimated annual deadlines: April for White Paper. June for full proposal.\nArmy Research Office (ARO) Early Career Program (ECP) Award\nARO ECP awards are funded by the Army to support early career scientists and engineers who show exceptional ability and promise for conducting basic research. The objective of the ECP Award is to foster creative basic research in science and engineering; enhance development of outstanding early career investigators; and increase opportunities for early career investigators to pursue research in areas relevant to the Army.\nProposals are sought for research that supports the ARO research topics identified on the Army Research Laboratory (ARL) Broad Agency Announcement (BAA) topics website at\n\n.\nTypical awards are funded up to $120,000 per year for 3 years.\nOpen to U.S. citizens, U.S. Nationals, or Lawful Permanent Residents who have held a tenure-track position at a U.S. institution of higher education for fewer than five years at the time of application.\nProposals are accepted anytime while the BAA is open.\nOffice of Naval Research (ONR) Young Investigator Program (YIP)\nONR's YIP seeks to identify and support academic scientists and engineers who are in their first or second full-time tenure-track or tenure-track-equivalent academic appointment, who have received their PhD or equivalent degree within the last seven years (see the current solicitation for specific date), and who show exceptional promise for doing creative research. The objectives of this program are to attract outstanding faculty members of U.S. Institutions of Higher Education to the Department of the Navy's Science and Technology (S&T) research program, to support their research, and to encourage their teaching and research careers. Individuals who are holding U.S. non-profit equivalent positions are also encouraged to apply.\nFor current information about the ONR YIP and eligibility, visit:\n\nProposals addressing research areas (as described in the ONR Science and Technology Department section of ONR's website at\n\n) which are of interest to ONR Program Officers will be considered.\nTypical awards are $750,000 over a 36-month period of performance. Applicants may request up to $250,000 for each 12-month interval.\nThe PI of a proposal must be a U.S. citizen, national, or permanent resident (on the date proposals are due).\nEstimated annual proposal submission deadline: July.\nFor assistance developing DoD proposals, please contact\nResearch Development\n.\nJoin the CU-RES-ADMIN-L mailing list\nto learn about new funding opportunities and click on the additional resource pages listed below.\n11\nResource\nWorking with DoD\nResource\nLimited Submissions Funding Opportunities\nResource\nFoundation Funding\nProcess\nPrepare a Proposal\nProcess\nResearch Development (ReD) Team\nResource\nGrant Writing Resources at Cornell\nResource\nNSF CAREER Proposal Tool Kit\nResource\nNSF Broader Impacts Resources\nResource\nWorking with NIH\nResource\nWorking with NSF\nResource\nResearch Concierge Service\nQuick Reference\nOffices\nCALS Sponsored Research Office\nCOI - Conflict of Interest\nCTL - Center for Technology Licensing\nCVM Research Office\nCorporate Engagement\nEHS - Environmental Health & Safety & Risk Management\nExport Controls Office\nFAIM - Faculty Advancing Inclusive Mentoring\nIACUC - Institutional Animal Care and Use\nIBC - Institutional Biosafety Committee\nIRB - Institutional Review Board\nIT Security & Policy\nORIA - Office of Research Integrity and Assurance\nOSP - Office of Sponsored Programs & Research Development\nPRO - Pre-Award Research Operations\nR&I - Cornell Research & Innovation\nRAIS - Research Administration Information Services\nRCR - Responsible Conduct of Research\nRDBSC - Research Division Business Service Center\nResearch Development (ReD)\nResearch Division Human Resources\nResearch Security Office\nSFS - Sponsored Financial Services\nUniversity Policy Office\nWCM - Office of Sponsored Research Administration (OSRA)\nEssential Tools & Resources\nFind My GCO\nInstitutional Profile & DUNS\nRates and budgets\nJoin List Servs\nResearch Development (ReD) Services\nFind Your Next Funding Opportunity\nRegister for Federal and Non-Federal Systems\nDisclose Foreign Collaborations and Support\nWeb Financials (WebFin2)\nExternal\nPI Dashboard\nExternal\nResearch Financials (formerly RA Dashboard)\nExternal\nRASS\nExternal\nIACUC applications (Cayuse Animal Management System)\nIBC applications (RASS-IBC)\nIRB Applications (RASS-IRB)\nExternal\nReport external interests (RASS-COI)\nRASS Access Request Form\naskEHS\nExternal\nCornell Data Services\nExternal\nTravel Registry\nExternal\nInternational research activities\nExternal\nTraining\nResearch metrics and executive dashboards\nRates\nForms\nPolicies\nContacts\nTraining\nEvents\nNews & Announcements\nPart of\n© 2019 Cornell University\nWeb Accessibility Help\nWas this page helpful?\n×\n×\nStatus message\nSorry...This form is closed to new submissions.\nScroll"
}