{
    "URL location": "https://researchservices.cornell.edu/events/nsf-career-peer-peer-workshop-series",
    "Last modification date": "2025-04-18T03:27Z",
    "Change frequency": "monthly",
    "Priority": "0.8",
    "Scraped Text": "NSF CAREER Peer-to-Peer Workshop Series | Cornell Research Services\nSkip to main content\nFind guidance on funding and agency updates during the federal government transition\n(\nupdated 4/16/2025\n)\nResearch Services\nResearch Services\nEssential Tools\nClose\nFind My GCO\nRASS\nExternal\nInstitutional Profile & DUNS\nIACUC applications (Cayuse Animal Management)\nFind Your Next Funding Opportunity\nIBC Applications (RASS-IBC)\nResearch Development (ReD) Services\nIRB Applications (RASS-IRB)\nExternal\nRates and budgets\nReport external interests (RASS-COI)\nJoin List Servs\nRASS Access Request Form\nAsk EHS\nExternal\nWeb Financials (WebFin2)\nExternal\nCornell Data Services\nExternal\nPI Dashboard\nExternal\nTravel Registry\nExternal\nResearch Financials (formerly RA Dashboard)\nExternal\nInternational research activities\nExternal\nRegister for Federal and Non-Federal Systems\nDisclose Foreign Collaborations and Support\nResearch metrics & executive dashboards\nTraining\nSearch\nResearch Services\nSearch\nHome\nPrepare a Proposal\nClose\nResearch Development Services\nSubawards in a Proposal\nFind Your Next Funding Opportunity\nDisclose Foreign Collaborations and Support\nProposal Development, Review, and Submission\nPlanning for Animals, Human Participants, r/sNA, Hazardous Materials, Radiation\nBudgets, Costs, and Rates\nCollaborate with Weill Cornell Medicine\nManage a Project\nClose\nAward Negotiation and Finalization\nTravel and International Activities\nProject Finances\nProject Modifications\nResearch Project Staffing\nGet Confidential Info, Data, Equipment, or Materials\nManaging Subawards\nAnimals, Human Participants, r/sNA, Hazardous Materials, Radiation\nClose a Project\nClose\nProject Closeout Financials\nProject Closeout\nEnd a Project Early\nCorporate Partnership & Innovation\nClose\nProtecting an Invention, Creation, Discovery\nEntrepreneurial and Startup Company Resources\nGateway to Partnership Program\nEngaging with Industry\nCompliance, Ethics, Safety\nClose\nResponsible Conduct of Research (RCR)\nExport Controls\nResearch with Human Participants\nResearch Security\nWork with Live Vertebrate Animals\nResearch Safety\nRegulated Biological Materials in Research\nFinancial Management\nConflicts of Interest\nBreadcrumb\nHome\nEvents\nJune 20, 2023\n-\nJuly 11, 2023\nNSF CAREER Peer-to-Peer Workshop Series\nThese workshops are open to Cornell Assistant Professors submitting an NSF Faculty Early Career Development Program (CAREER) proposal in July 2023. Registration is required. All sessions will take place on Zoom. Sessions will not be recorded.\nVirtual\nRegistration link\nThe Office of Sponsored Programs and Research Development (OSP) is excited to host a new virtual NSF CAREER Peer-to-Peer Workshop Series.\nProgram Overview\nThe workshops are open to Cornell Assistant Professors who plan to submit an NSF CAREER proposal this July 2023. There will be three sessions, all taking place via Zoom. While attendance at all sessions is not required, we recommend attending the May session if you would like to participate in a June or July peer-to-peer session. You are welcome to join both the June and July peer-to-peer sessions or may attend only one.\nSession 1: Successful Proposal Writing Tactics\nclick here to be taken to session recording\nDuring this session, we will review a sample of successful CAREER proposals and discuss potential tactics to use in your proposal. While not required, attending the May session is recommended if you would like to participate in either the June or July sessions.\nSession 2: Peer-to-Peer Workshopping\nTuesday, June 20th, at 10:00-11:00 AM ET\nIn this session, you will exchange feedback with a faculty peer NSF CAREER applicant. You will be paired with one to two colleagues from a similar discipline (after submitting your draft by June 13th). During the workshop, pairs will discuss their feedback and brainstorm how to further strengthen their proposals. Toward the end of the hour, we will reconvene as a group and discuss any questions you might have. You can attend both June and July workshops or join only one.\nSession 3: Peer-to-Peer Workshopping\nTuesday, July 11th, at 2:00-3:00 PM ET\nIn this session, you will exchange feedback with a faculty peer NSF CAREER applicant. You will be paired with one to two colleagues from a similar discipline (after submitting your FINAL draft by July 5th). During the workshop, pairs will discuss their feedback and brainstorm how to further strengthen their proposals. Toward the end of the hour, we will reconvene as a group and discuss any questions you might have. You can attend both June and July workshops or join only one.\nTo request an accommodation or for inquiries about accessibility, please contact the Research Development team at\nresearch_development@cornell.edu\n.\n1\nResource\nNSF CAREER Proposal Tool Kit\nQuick Reference\nOffices\nCALS Sponsored Research Office\nCOI - Conflict of Interest\nCTL - Center for Technology Licensing\nCVM Research Office\nCorporate Engagement\nEHS - Environmental Health & Safety & Risk Management\nExport Controls Office\nFAIM - Faculty Advancing Inclusive Mentoring\nIACUC - Institutional Animal Care and Use\nIBC - Institutional Biosafety Committee\nIRB - Institutional Review Board\nIT Security & Policy\nORIA - Office of Research Integrity and Assurance\nOSP - Office of Sponsored Programs & Research Development\nPRO - Pre-Award Research Operations\nR&I - Cornell Research & Innovation\nRAIS - Research Administration Information Services\nRCR - Responsible Conduct of Research\nRDBSC - Research Division Business Service Center\nResearch Development (ReD)\nResearch Division Human Resources\nResearch Security Office\nSFS - Sponsored Financial Services\nUniversity Policy Office\nWCM - Office of Sponsored Research Administration (OSRA)\nEssential Tools & Resources\nFind My GCO\nInstitutional Profile & DUNS\nRates and budgets\nJoin List Servs\nResearch Development (ReD) Services\nFind Your Next Funding Opportunity\nRegister for Federal and Non-Federal Systems\nDisclose Foreign Collaborations and Support\nWeb Financials (WebFin2)\nExternal\nPI Dashboard\nExternal\nResearch Financials (formerly RA Dashboard)\nExternal\nRASS\nExternal\nIACUC applications (Cayuse Animal Management System)\nIBC applications (RASS-IBC)\nIRB Applications (RASS-IRB)\nExternal\nReport external interests (RASS-COI)\nRASS Access Request Form\naskEHS\nExternal\nCornell Data Services\nExternal\nTravel Registry\nExternal\nInternational research activities\nExternal\nTraining\nResearch metrics and executive dashboards\nRates\nForms\nPolicies\nContacts\nTraining\nEvents\nNews & Announcements\nPart of\n© 2019 Cornell University\nWeb Accessibility Help\nWas this page helpful?\n×\n×\nStatus message\nSorry...This form is closed to new submissions.\nScroll"
}