{
    "URL location": "https://researchservices.cornell.edu/rates/fa",
    "Last modification date": "2025-04-18T03:27Z",
    "Change frequency": "monthly",
    "Priority": "0.8",
    "Scraped Text": "Facilities & Administrative (F&A) Rates | Cornell Research Services\nSkip to main content\nFind guidance on funding and agency updates during the federal government transition\n(\nupdated 4/16/2025\n)\nResearch Services\nResearch Services\nEssential Tools\nClose\nFind My GCO\nRASS\nExternal\nInstitutional Profile & DUNS\nIACUC applications (Cayuse Animal Management)\nFind Your Next Funding Opportunity\nIBC Applications (RASS-IBC)\nResearch Development (ReD) Services\nIRB Applications (RASS-IRB)\nExternal\nRates and budgets\nReport external interests (RASS-COI)\nJoin List Servs\nRASS Access Request Form\nAsk EHS\nExternal\nWeb Financials (WebFin2)\nExternal\nCornell Data Services\nExternal\nPI Dashboard\nExternal\nTravel Registry\nExternal\nResearch Financials (formerly RA Dashboard)\nExternal\nInternational research activities\nExternal\nRegister for Federal and Non-Federal Systems\nDisclose Foreign Collaborations and Support\nResearch metrics & executive dashboards\nTraining\nSearch\nResearch Services\nSearch\nHome\nPrepare a Proposal\nClose\nResearch Development Services\nSubawards in a Proposal\nFind Your Next Funding Opportunity\nDisclose Foreign Collaborations and Support\nProposal Development, Review, and Submission\nPlanning for Animals, Human Participants, r/sNA, Hazardous Materials, Radiation\nBudgets, Costs, and Rates\nCollaborate with Weill Cornell Medicine\nManage a Project\nClose\nAward Negotiation and Finalization\nTravel and International Activities\nProject Finances\nProject Modifications\nResearch Project Staffing\nGet Confidential Info, Data, Equipment, or Materials\nManaging Subawards\nAnimals, Human Participants, r/sNA, Hazardous Materials, Radiation\nClose a Project\nClose\nProject Closeout Financials\nProject Closeout\nEnd a Project Early\nCorporate Partnership & Innovation\nClose\nProtecting an Invention, Creation, Discovery\nEntrepreneurial and Startup Company Resources\nGateway to Partnership Program\nEngaging with Industry\nCompliance, Ethics, Safety\nClose\nResponsible Conduct of Research (RCR)\nExport Controls\nResearch with Human Participants\nResearch Security\nWork with Live Vertebrate Animals\nResearch Safety\nRegulated Biological Materials in Research\nFinancial Management\nConflicts of Interest\nBreadcrumb\nHome\nRates\nFacilities & Administrative (F&A) Rates\nF&A Rate Matrix\nFederally Negotiated F&A Rate Agreement\nFacilities & Administrative (F&A) rates (sometimes referred to as indirect costs) for use in sponsored project proposal budgets.\nF&A rates used are determined by the award date rather than the project period of the award. (See\nUniform Guidance Appendix III Section C.7 below\n)\nF&A Rate Usage Guidelines\nProposals for new and competing renewal awards should use the latest set of rates in effect, while proposals for non-competing continuations (e.g., annual NIH continuations) should use the fixed rates that were in effect and frozen at the time of the initial award\n(per UG below)\n. In this context, \"competing\" refers to the amount of time originally proposed. For example, a five-year award will be subject to the rate schedule in effect at the time of the award, even when the funds are released annually. However, an award that has additional time added (excluding No Cost Extensions) will be subject to the then-current rates on the extended period. For both Endowed and Contract Colleges, F&A costs are calculated on modified total direct costs (MTDC), which equals the total direct costs less the following exclusions:\nCapital equipment items with a unit cost of $5,000 or more and a useful life of more than one year. ($500,000 threshold for computer software)\nCost in excess of $25,000 on each subcontract (F&A costs are charged on the first $25,000 of each subcontract).\nGRA exclusion (amount of GRA support equivalent to tuition and fees including Graduate Health Insurance).\nLeases of real property.\nParticipant support costs\nfor conferences, seminars and certain training programs.\nProvisional F&A Rates:\nProvisional rates may be in effect at the time of an award. Provisional rates are not negotiated rates and are used for interim budgeting and billing purposes in order to allow adequate time for F&A rate negotiations. The provisional rate is used in proposals and sponsor billings until such time as rates (fixed or predetermined) are negotiated. Once rates are negotiated individual awards are adjusted to reflect the negotiated rate.\nGuidelines for awards issued under prior rate agreements:\nUniform Guidance Appendix III Section C.7\nstates the following:\n\"Federal agencies must use the negotiated rates in effect at the time of the initial award throughout the life of the Federal award. Award levels for Federal awards may not be Except as provided in\nparagraph (c)(1) of § 200.414\n, Federal agencies must use the negotiated rates in effect at the time of the initial award throughout the life of the Federal award. Award levels for Federal awards may not be adjusted in future years as a result of changes in negotiated rates. “Negotiated rates” per the rate agreement include final, fixed, and predetermined rates and exclude provisional rates. “Life” for the purpose of this subsection means each competitive segment of a project. A competitive segment is a period of years approved by the Federal awarding agency at the time of the Federal award. If negotiated rate agreements do not extend through the life of the Federal award at the time of the initial award, then the negotiated rate for the last year of the Federal award must be extended through the end of the life of the Federal award.adjusted in future years as a result of changes in negotiated rates. “Negotiated rates” per the rate agreement include final, fixed, and predetermined rates and exclude provisional rates. “Life” for the purpose of this subsection means each competitive segment of a project. A competitive segment is a period of years approved by the Federal awarding agency at the time of the Federal award. If negotiated rate agreements do not extend through the life of the Federal award at the time of the initial award, then the negotiated rate for the last year of the Federal award must be extended through the end of the life of the Federal award.”\n13\nProcess\nBudget, Costs, and Rates\nResource\nOverview of Costs for Project Budgets (Budget and Costing Guide)\nResource\nBudget Templates and Budget Justification Templates\nRate\nEmployee Benefit (Fringe) Rates\nRate\nEscalation Rates\nRate\nPostdoctoral Associate Minimum Salary\nRate\nGrad Student Tuition, Health Benefits, and Stipend\nRate\nNIH Salary Cap\nRate\nPer Diem Rates for Travel\nRate\nWeill Cornell Medicine F&A and Benefits Rates\nResource\nProposing Cost Share\nSee All\nQuick Reference\nOffices\nCALS Sponsored Research Office\nCOI - Conflict of Interest\nCTL - Center for Technology Licensing\nCVM Research Office\nCorporate Engagement\nEHS - Environmental Health & Safety & Risk Management\nExport Controls Office\nFAIM - Faculty Advancing Inclusive Mentoring\nIACUC - Institutional Animal Care and Use\nIBC - Institutional Biosafety Committee\nIRB - Institutional Review Board\nIT Security & Policy\nORIA - Office of Research Integrity and Assurance\nOSP - Office of Sponsored Programs & Research Development\nPRO - Pre-Award Research Operations\nR&I - Cornell Research & Innovation\nRAIS - Research Administration Information Services\nRCR - Responsible Conduct of Research\nRDBSC - Research Division Business Service Center\nResearch Development (ReD)\nResearch Division Human Resources\nResearch Security Office\nSFS - Sponsored Financial Services\nUniversity Policy Office\nWCM - Office of Sponsored Research Administration (OSRA)\nEssential Tools & Resources\nFind My GCO\nInstitutional Profile & DUNS\nRates and budgets\nJoin List Servs\nResearch Development (ReD) Services\nFind Your Next Funding Opportunity\nRegister for Federal and Non-Federal Systems\nDisclose Foreign Collaborations and Support\nWeb Financials (WebFin2)\nExternal\nPI Dashboard\nExternal\nResearch Financials (formerly RA Dashboard)\nExternal\nRASS\nExternal\nIACUC applications (Cayuse Animal Management System)\nIBC applications (RASS-IBC)\nIRB Applications (RASS-IRB)\nExternal\nReport external interests (RASS-COI)\nRASS Access Request Form\naskEHS\nExternal\nCornell Data Services\nExternal\nTravel Registry\nExternal\nInternational research activities\nExternal\nTraining\nResearch metrics and executive dashboards\nRates\nForms\nPolicies\nContacts\nTraining\nEvents\nNews & Announcements\nPart of\n© 2019 Cornell University\nWeb Accessibility Help\nWas this page helpful?\n×\n×\nStatus message\nSorry...This form is closed to new submissions.\nScroll\n\nTable:\nIf the last competitive award segment was in Fiscal Year: | Then use the following rates:\n--- | ---\n | Endowed College | Contract College | Contract College ESA | Contract College OSA | F&A Rate Agreement Date\n2022 - 2026 | See Rate Matrix\n2017 - 2022 | 64.00% | 54.00% |  | 37.00% | 01/20/2017\n2012 - 2016 | 61.00% | 55.00% | 59.00% |  | 12/14/2011\n2010 - 2011 | 59.00% | 54.00% | 56.70% |  | 7/30/2009\n2006 - 2009 | 59.00% | 54.00% | 56.70% |  | 10/26/2005\n2004 - 2005 | 58.00% | 58.00% | 60.00% |  | 10/2/2003\n"
}