{
    "URL location": "https://researchservices.cornell.edu/resources/institutional-biosafety-committee-ibc",
    "Last modification date": "2025-04-18T03:27Z",
    "Change frequency": "monthly",
    "Priority": "0.8",
    "Scraped Text": "Institutional Biosafety Committee (IBC) | Cornell Research Services\nSkip to main content\nFind guidance on funding and agency updates during the federal government transition\n(\nupdated 4/16/2025\n)\nResearch Services\nResearch Services\nEssential Tools\nClose\nFind My GCO\nRASS\nExternal\nInstitutional Profile & DUNS\nIACUC applications (Cayuse Animal Management)\nFind Your Next Funding Opportunity\nIBC Applications (RASS-IBC)\nResearch Development (ReD) Services\nIRB Applications (RASS-IRB)\nExternal\nRates and budgets\nReport external interests (RASS-COI)\nJoin List Servs\nRASS Access Request Form\nAsk EHS\nExternal\nWeb Financials (WebFin2)\nExternal\nCornell Data Services\nExternal\nPI Dashboard\nExternal\nTravel Registry\nExternal\nResearch Financials (formerly RA Dashboard)\nExternal\nInternational research activities\nExternal\nRegister for Federal and Non-Federal Systems\nDisclose Foreign Collaborations and Support\nResearch metrics & executive dashboards\nTraining\nSearch\nResearch Services\nSearch\nHome\nPrepare a Proposal\nClose\nResearch Development Services\nSubawards in a Proposal\nFind Your Next Funding Opportunity\nDisclose Foreign Collaborations and Support\nProposal Development, Review, and Submission\nPlanning for Animals, Human Participants, r/sNA, Hazardous Materials, Radiation\nBudgets, Costs, and Rates\nCollaborate with Weill Cornell Medicine\nManage a Project\nClose\nAward Negotiation and Finalization\nTravel and International Activities\nProject Finances\nProject Modifications\nResearch Project Staffing\nGet Confidential Info, Data, Equipment, or Materials\nManaging Subawards\nAnimals, Human Participants, r/sNA, Hazardous Materials, Radiation\nClose a Project\nClose\nProject Closeout Financials\nProject Closeout\nEnd a Project Early\nCorporate Partnership & Innovation\nClose\nProtecting an Invention, Creation, Discovery\nEntrepreneurial and Startup Company Resources\nGateway to Partnership Program\nEngaging with Industry\nCompliance, Ethics, Safety\nClose\nResponsible Conduct of Research (RCR)\nExport Controls\nResearch with Human Participants\nResearch Security\nWork with Live Vertebrate Animals\nResearch Safety\nRegulated Biological Materials in Research\nFinancial Management\nConflicts of Interest\nBreadcrumb\nHome\nresources\nInstitutional Biosafety Committee (IBC)\nAbout the IBC\nAccess RASS-IBC\nRelated Pages:\nMUA Submission Deadline and IBC Meeting Dates\nThis document provides the charge of the Institutional Biosafety Committee (IBC) and information about the IBC regular meetings and the list of IBC voting members.\nGo to:\nPurpose\n|\nObjective\n|\nCommittee Membership\nPurpose\nFederal Guidelines established by the National Institute of Health, require that institutions conducting or sponsoring research using recombinant or synthetic nucleic acid molecules (r/sNA) covered by the\nNIH Guidelines\n, be responsible for ensuring that the research is conducted in full conformity with the provisions of the\nNIH Guidelines\n. In order to fulfill this responsibility Cornell University has established an Institutional Biosafety Committee (IBC), charged with oversight responsibilities for all research related activities involving recombinant or synthetic nucleic acid molecules and other biohazardous materials.\nObjectives\nThe IBC's primary objective is to safeguard protection of personnel, the general public, and the environment. To meet this goal, the IBC imposes requirements for safe laboratory and biological safety practices; reviews and approves policies, procedures, training, programs and facilities pursuant to the safe use of biological agents, other biological materials, and biotoxins.\nThe IBC is responsible for:\nReview and approval of the research activities involving r/sNA or other biohazardous materials on a regular and continuing basis.\nIndependently assess the containment levels of the work, as required by the\nNIH Guidelines\n, for all experiments, including those involving whole plants and/or animals, cell cultures, tissues, human-derived materials, biological toxins, infectious agents, and regulated pathogens and pests.\nAssess the facilities, procedures, practices, and training and expertise of personnel involved with r/sNA and biohazardous research.\nLower the containment levels for certain experiments in which DNA from Risk Group 2, 3, or 4 or Restricted Agents is cloned into nonpathogenic prokaryotic or lower eukaryotic host-vector systems.\nPerform periodic reviews or require modifications of recombinant or synthetic nucleic acid molecules or biohazardous research and research facilities at Cornell to ensure compliance with the\nNIH Guidelines\nand other government regulations.\nNotify the Principal Investigator of the results of the IBC's review and approval.\nAdopt emergency plans covering accidental spills and personnel contamination resulting from research using recombinant or synthetic nucleic acid molecules.\nReport significant problems with or violations of the\nNIH Guidelines\nand any significant research related accidents or illnesses to ORIA and the appropriate institutional official and when necessary to NIH/OBA.\nIn cooperation with ORIA, suspend or terminate approval of research that is not being conducted in accordance with the IBC's requirements.\nCommittee Membership\nFederal Regulations\n(NIH Guidelines for Research Involving Recombinant or Synthetic Nucleic Acid Molecules)\nrequire that membership of the IBC include at a minimum, five members, who collectively have experience in general issues of laboratory biosafety, use of infectious materials, and expertise in recombinant or synthetic nucleic acid molecule technology and the capability to assess the safety of such research and identify any potential risk to public health or the environment. The membership is composed of: at least one faculty member with expertise in plant, plant pathogen, or plant pest containment principles; one faculty member with expertise in animal containment principles, gene therapy in animals, viral pathogens and vectors, microbial pathogens, biotoxins and biotechnology; the Institutional Biological Safety Officer when research is conducted at BL3, BL4, or Large Scale (greater than 10 liters); one member of the laboratory technical staff; and two members not affiliated with the institution (apart from their membership on the committee).\nBecause Cornell is a large institution, additional members are included to provide adequate representation of the diverse research community. In order to ensure that the committee has expertise required to review and approve the wide range of research activities, ad hoc consultants will be used as deemed necessary.\nThe following individuals are voting members of the current IBC:\nJulie Siler, Research Technician, Public and Ecosystem Health\nEdward Koppel, Occupational Medicine Physician, ex-officio\nProfessor Georg Jander, Boyce Thompson Institute\nPaul Jennette, Biosafety Engineer, CVM Biosafety Program\nChristy Michaels, Non-affiliated member*\nCathy Moseley, Non-affiliated member*\nProfessor Colin Parrish, James A. Baker Institute for Animal Health, Chair\nProfessor Luis Schang, James A. Baker Institute for Animal Health\nBeth Bennett, DVM, Center for Animal Resources & Education, ex-officio\nProfessor Bryan Swingle, Plant Pathology & Plant-Microbe Biology\nJosh Turse, Ph.D., Biological Safety Officer, Environmental Health & Safety\nProfessor Ping Wang, Plant Pathology & Plant-Microbe Biology\nProfessor Laura Goodman, James A. Baker Institute for Animal Health\n* The nonaffiliated members represent general community interests including issues involving health and welfare of individuals involved in research and any environmental impact on the surrounding community. These members are not otherwise affiliated with the university, nor have an immediate family member who is affiliated with the university.\nMembers are appointed by the President, upon recommendation of the Dean of Faculty in consultation with the Vice President for Research and Innovation. Membership terms vary from one to three years (except for those who are ex officio with voting privileges). The committee chair is appointed from the faculty membership and will serve for a term of one to three years.\n11\nProcess\nRegulated Biological Materials in Research\nResource\nMUA Submission Deadline and IBC Meeting Dates\nResource\nRegulated Biological Materials Frequently Asked Questions\nEvent\nMay IBC Meeting\nResource\nIBC Application Submission, Review and Approval\nResource\nGet Started with Recombinant or Synthetic Nucleic Acid Molecules (r/sNA) or Other Biohazardous Agents\nResource\nHuman Embryonic Stem Cell Research Oversight Committee (ESCRO)\nResource\nReport an Incident or Exposure to Recombinant or Biohazardous Materials\nTraining\nWork with Bloodborne Pathogens and Training Requirements\nOffice\nInstitutional Biosafety Committee (IBC) Office\nResource\nPolicies, Permits, and Resources for the IBC\nQuick Reference\nOffices\nCALS Sponsored Research Office\nCOI - Conflict of Interest\nCTL - Center for Technology Licensing\nCVM Research Office\nCorporate Engagement\nEHS - Environmental Health & Safety & Risk Management\nExport Controls Office\nFAIM - Faculty Advancing Inclusive Mentoring\nIACUC - Institutional Animal Care and Use\nIBC - Institutional Biosafety Committee\nIRB - Institutional Review Board\nIT Security & Policy\nORIA - Office of Research Integrity and Assurance\nOSP - Office of Sponsored Programs & Research Development\nPRO - Pre-Award Research Operations\nR&I - Cornell Research & Innovation\nRAIS - Research Administration Information Services\nRCR - Responsible Conduct of Research\nRDBSC - Research Division Business Service Center\nResearch Development (ReD)\nResearch Division Human Resources\nResearch Security Office\nSFS - Sponsored Financial Services\nUniversity Policy Office\nWCM - Office of Sponsored Research Administration (OSRA)\nEssential Tools & Resources\nFind My GCO\nInstitutional Profile & DUNS\nRates and budgets\nJoin List Servs\nResearch Development (ReD) Services\nFind Your Next Funding Opportunity\nRegister for Federal and Non-Federal Systems\nDisclose Foreign Collaborations and Support\nWeb Financials (WebFin2)\nExternal\nPI Dashboard\nExternal\nResearch Financials (formerly RA Dashboard)\nExternal\nRASS\nExternal\nIACUC applications (Cayuse Animal Management System)\nIBC applications (RASS-IBC)\nIRB Applications (RASS-IRB)\nExternal\nReport external interests (RASS-COI)\nRASS Access Request Form\naskEHS\nExternal\nCornell Data Services\nExternal\nTravel Registry\nExternal\nInternational research activities\nExternal\nTraining\nResearch metrics and executive dashboards\nRates\nForms\nPolicies\nContacts\nTraining\nEvents\nNews & Announcements\nPart of\n© 2019 Cornell University\nWeb Accessibility Help\nWas this page helpful?\n×\n×\nStatus message\nSorry...This form is closed to new submissions.\nScroll"
}