{
    "URL location": "https://researchservices.cornell.edu/resources/mentoring-and-individual-development-plans-nsf",
    "Last modification date": "2025-04-18T03:27Z",
    "Change frequency": "monthly",
    "Priority": "0.8",
    "Scraped Text": "Mentoring and Individual Development Plans (NSF) | Cornell Research Services\nSkip to main content\nFind guidance on funding and agency updates during the federal government transition\n(\nupdated 4/16/2025\n)\nResearch Services\nResearch Services\nEssential Tools\nClose\nFind My GCO\nRASS\nExternal\nInstitutional Profile & DUNS\nIACUC applications (Cayuse Animal Management)\nFind Your Next Funding Opportunity\nIBC Applications (RASS-IBC)\nResearch Development (ReD) Services\nIRB Applications (RASS-IRB)\nExternal\nRates and budgets\nReport external interests (RASS-COI)\nJoin List Servs\nRASS Access Request Form\nAsk EHS\nExternal\nWeb Financials (WebFin2)\nExternal\nCornell Data Services\nExternal\nPI Dashboard\nExternal\nTravel Registry\nExternal\nResearch Financials (formerly RA Dashboard)\nExternal\nInternational research activities\nExternal\nRegister for Federal and Non-Federal Systems\nDisclose Foreign Collaborations and Support\nResearch metrics & executive dashboards\nTraining\nSearch\nResearch Services\nSearch\nHome\nPrepare a Proposal\nClose\nResearch Development Services\nSubawards in a Proposal\nFind Your Next Funding Opportunity\nDisclose Foreign Collaborations and Support\nProposal Development, Review, and Submission\nPlanning for Animals, Human Participants, r/sNA, Hazardous Materials, Radiation\nBudgets, Costs, and Rates\nCollaborate with Weill Cornell Medicine\nManage a Project\nClose\nAward Negotiation and Finalization\nTravel and International Activities\nProject Finances\nProject Modifications\nResearch Project Staffing\nGet Confidential Info, Data, Equipment, or Materials\nManaging Subawards\nAnimals, Human Participants, r/sNA, Hazardous Materials, Radiation\nClose a Project\nClose\nProject Closeout Financials\nProject Closeout\nEnd a Project Early\nCorporate Partnership & Innovation\nClose\nProtecting an Invention, Creation, Discovery\nEntrepreneurial and Startup Company Resources\nGateway to Partnership Program\nEngaging with Industry\nCompliance, Ethics, Safety\nClose\nResponsible Conduct of Research (RCR)\nExport Controls\nResearch with Human Participants\nResearch Security\nWork with Live Vertebrate Animals\nResearch Safety\nRegulated Biological Materials in Research\nFinancial Management\nConflicts of Interest\nBreadcrumb\nHome\nresources\nMentoring and Individual Development Plans (NSF)\nRelated Pages:\nResponsible Conduct of Research (RCR)\nWorking with NSF\nNSF requires mentoring and individual development plans for postdoctoral researchers and graduate students who are supported on projects. A one-page (maximum) mentoring plan must be included for each project proposal. PIs certify that the individual development plans are updated annually and in the final annual report. Cornell offers guidance and resources for writing and implementing these plans.\nSubmitted with the Proposal: NSF Mentoring Plan Requirements\nApplies to all proposals submitted on or after May 20, 2024\nMaximum one page length.\nDescribe mentoring provided to all postdoctoral scholars or graduate students supported by the project.\nSeparate plans not required for postdoctoral scholars and graduate students.\nSpecify how different components will be enacted for the two types of researchers.  Examples components include, but are not limited to:\nDevelop your career\nDesign rigorous and reproducible research\nFind funding\nExperiment, analysis, and data\nWrite and publish\nShare research findings and outcomes\nTeaching and mentoring\nCollaborating in diverse teams\nResponsible and ethical conduct of research\nCertify Annually and in the Final Annual Report: NSF Individual Development Plans\nAfter the project is awarded, faculty will use the mentoring plan submitted with the proposal to create individual development plans (IDPs)\nfor postdoctoral scholars and graduate students\nwho receive substantial NSF support\n.\nThese plans are required and faculty must certify annually that they have been updated. Requirements for IDPs include the following:\nMap the educational goals, career exploration, and professional development of each individual.\nPIs must certify that the plan has been updated annually in both annual and final annual reports.\nSubstantial NSF support defined:\n1 person-month per year.\n~1/2 semester at full support associated with 20 hours/week commitment.\n~1 semester at half support associated with 10 hours/week commitment.\nSupport may be provided in the form of a stipend and/or tuition.\nResources\nUse the following resources to craft mentoring plans and IDPs for NSF. Remember, the mentoring plan is one page maximum and covers all postdocs and grad students for all institutions involved with the project.\nAt Cornell\nThe\nCornell Faculty Advancing Inclusive Mentoring (FAIM) Resource Center\nis a collaboration of the\nCornell Graduate School\nand the\nProvost’s Office of Faculty Development and Diversity\n. FAIM provides a framework to support faculty in developing and advancing mentee-centered and equity-minded mentoring practices within graduate education and the professoriate.\nWithin FAIM,\ninclusive mentorship\nis defined as a co-constructed and reciprocal relationship between a mentor and mentee who take a strengths-based and identity-informed approach to working together to support their mutual growth, development, and success (\nNASEM, 2019\n; Windchief, 2019).\nReferences\nNSF (24-1) Proposal & Award Policies & Procedures Guide (PAPPG)\nChapter II.D.2.i(I), Mentoring Plan\nChapter VII.B.7, Individual Development Plans for Postdoctoral Scholars and Graduate Students\nIndividual Development Plans are Section\n10313 (42 U.S.C. § 18993) of the CHIPS and Science Act of 2022\n.\nChapter VII.D.1.b(iv), Annual and Final Annual Project Reports\n2 CFR § 200.4661 (Uniform Guidance)\nand institutional policies\nSection 7008(a) of the America COMPETES Act of 2022 (42 U.S.C. § 1862o-1. Responsible Conduct of Research)\nRCR Mentoring Requirements:\nSection 7009 of the America Creating Opportunities to Meaningfully Promote Excellence in Technology, Education, and Science (COMPETES) Act (42 USC 1862o–1).\n1\nOffice\nCornell Faculty Advancing Inclusive Mentoring (FAIM)\nQuick Reference\nOffices\nCALS Sponsored Research Office\nCOI - Conflict of Interest\nCTL - Center for Technology Licensing\nCVM Research Office\nCorporate Engagement\nEHS - Environmental Health & Safety & Risk Management\nExport Controls Office\nFAIM - Faculty Advancing Inclusive Mentoring\nIACUC - Institutional Animal Care and Use\nIBC - Institutional Biosafety Committee\nIRB - Institutional Review Board\nIT Security & Policy\nORIA - Office of Research Integrity and Assurance\nOSP - Office of Sponsored Programs & Research Development\nPRO - Pre-Award Research Operations\nR&I - Cornell Research & Innovation\nRAIS - Research Administration Information Services\nRCR - Responsible Conduct of Research\nRDBSC - Research Division Business Service Center\nResearch Development (ReD)\nResearch Division Human Resources\nResearch Security Office\nSFS - Sponsored Financial Services\nUniversity Policy Office\nWCM - Office of Sponsored Research Administration (OSRA)\nEssential Tools & Resources\nFind My GCO\nInstitutional Profile & DUNS\nRates and budgets\nJoin List Servs\nResearch Development (ReD) Services\nFind Your Next Funding Opportunity\nRegister for Federal and Non-Federal Systems\nDisclose Foreign Collaborations and Support\nWeb Financials (WebFin2)\nExternal\nPI Dashboard\nExternal\nResearch Financials (formerly RA Dashboard)\nExternal\nRASS\nExternal\nIACUC applications (Cayuse Animal Management System)\nIBC applications (RASS-IBC)\nIRB Applications (RASS-IRB)\nExternal\nReport external interests (RASS-COI)\nRASS Access Request Form\naskEHS\nExternal\nCornell Data Services\nExternal\nTravel Registry\nExternal\nInternational research activities\nExternal\nTraining\nResearch metrics and executive dashboards\nRates\nForms\nPolicies\nContacts\nTraining\nEvents\nNews & Announcements\nPart of\n© 2019 Cornell University\nWeb Accessibility Help\nWas this page helpful?\n×\n×\nStatus message\nSorry...This form is closed to new submissions.\nScroll\n\nTable:\nResource | Overview | Source\n--- | --- | ---\nFAIM Practical Toolkit for Mentoring in Graduate Education | Tools and resources to support mentor and mentee pairs as they collaboratively establish, communicate, and refine mutual expectations within their mentoring relationships. Includes a template Mentoring Expectations Agreement Plan. Also includes resources for creating an Individual Development Plan and a Mentor Network Map. | Cornell’s FAIM Resource Center\nWant NSF Funding? You'll need to submit a grad student mentoring plan | Article describing requirements for mentoring plans and IDPs. | AAAS Science\nWebinar(4/23/2024) | Overview of the mentoring plan and IDP requirements. Hosted by the Council of Graduate Schools (CGS) and NSF. | Council of Graduate Schoolsand NSF\nOnline, self-paced curriculum | The NCFDD is a national organization supporting faculty development. This core curriculum is offered to teach the 10 key skills necessary to thrive in the academy. | NCFDD\nToolkitAdditional Resources | Toolkit designed to engage mentors in deeper thinking about how mentoring relationships in graduate education can embody equity-mindedness. The exercises in the Equity-minded mentoring toolkit are designed to help establish shared understandings of mentoring expectations and facilitate conversations about equity in mentoring relationships. | Equity in Graduate Education Resource Center\nThe Science of Effective Mentoring in STEMM | Interactive guidance and tools to develop and maintain strong and effective mentorship. | The National Academy of Science, Engineering, and Medicine (NASEM)\n"
}