{
    "URL location": "https://researchservices.cornell.edu/resources/project-closeout-manage-data-research-records-and-materials",
    "Last modification date": "2025-04-18T03:27Z",
    "Change frequency": "monthly",
    "Priority": "0.8",
    "Scraped Text": "Project Closeout: Manage Data, Research Records and Materials | Cornell Research Services\nSkip to main content\nFind guidance on funding and agency updates during the federal government transition\n(\nupdated 4/16/2025\n)\nResearch Services\nResearch Services\nEssential Tools\nClose\nFind My GCO\nRASS\nExternal\nInstitutional Profile & DUNS\nIACUC applications (Cayuse Animal Management)\nFind Your Next Funding Opportunity\nIBC Applications (RASS-IBC)\nResearch Development (ReD) Services\nIRB Applications (RASS-IRB)\nExternal\nRates and budgets\nReport external interests (RASS-COI)\nJoin List Servs\nRASS Access Request Form\nAsk EHS\nExternal\nWeb Financials (WebFin2)\nExternal\nCornell Data Services\nExternal\nPI Dashboard\nExternal\nTravel Registry\nExternal\nResearch Financials (formerly RA Dashboard)\nExternal\nInternational research activities\nExternal\nRegister for Federal and Non-Federal Systems\nDisclose Foreign Collaborations and Support\nResearch metrics & executive dashboards\nTraining\nSearch\nResearch Services\nSearch\nHome\nPrepare a Proposal\nClose\nResearch Development Services\nSubawards in a Proposal\nFind Your Next Funding Opportunity\nDisclose Foreign Collaborations and Support\nProposal Development, Review, and Submission\nPlanning for Animals, Human Participants, r/sNA, Hazardous Materials, Radiation\nBudgets, Costs, and Rates\nCollaborate with Weill Cornell Medicine\nManage a Project\nClose\nAward Negotiation and Finalization\nTravel and International Activities\nProject Finances\nProject Modifications\nResearch Project Staffing\nGet Confidential Info, Data, Equipment, or Materials\nManaging Subawards\nAnimals, Human Participants, r/sNA, Hazardous Materials, Radiation\nClose a Project\nClose\nProject Closeout Financials\nProject Closeout\nEnd a Project Early\nCorporate Partnership & Innovation\nClose\nProtecting an Invention, Creation, Discovery\nEntrepreneurial and Startup Company Resources\nGateway to Partnership Program\nEngaging with Industry\nCompliance, Ethics, Safety\nClose\nResponsible Conduct of Research (RCR)\nExport Controls\nResearch with Human Participants\nResearch Security\nWork with Live Vertebrate Animals\nResearch Safety\nRegulated Biological Materials in Research\nFinancial Management\nConflicts of Interest\nBreadcrumb\nHome\nresources\nProject Closeout: Manage Data, Research Records and Materials\nOnce your research project is complete, you will likely have a number of files (hard copy and electronic), samples, or other physical materials to store or dispose of. Here we provide information about record retention requirements and Cornell resources to help you manage this process.\nRequirements for Data and Records Retention\nResearch records must be retained in university facilities, unless the Vice Provost for Research grants specific permission to do otherwise. Beyond any required period of retention, the destruction of research records is at the discretion of the PI, according to college or department policy, or the norms of their field.\nSponsored Projects\nUnder\nCornell University Policy 4.7, \"Retention of University Records\"\n,\ngrant and contract proposals, awards, agreements and supporting documentation must be retained for the following lengths of time:\nNew York State projects: 6 years after close of grant\nFederal projects: 3 years after close of grant\nIndustry, Foundation, and Non-Profit projects: retention lengths can vary, and are dictated by the terms of the specific agreement\nAnimal Research (IACUC)\nThe collection, retention, and sharing of data related to research involving vertebrate animals must comply with\nCornell University Policy 1.4, “Care and Use of Live Vertebrate Animals in Research and Teaching,”\nas well as all applicable federal, state, and local laws, regulations, policies, and guidelines. Contact the\nIACUC office\nfor more information.\nHuman Participant Research (IRB)\nCollection, retention, and sharing of research data involving human participants must comply with\nCornell Institutional Review Board (IRB) policies\n, as well as all applicable federal, state, and local laws, regulations, policies, and guidelines. Contact the\nIRB office\nfor more information.\nSpecial Circumstances\nAny of the following circumstances may justify longer periods of retention:\nIf the terms of a sponsored research agreement require a longer retention period;\nIf the\nCenter for Technology Licensing\ndeems retention is required to protect intellectual property;\nIf any allegations regarding the research arise, such as academic misconduct or conflict of interest. Research data must be retained until such allegations are fully resolved;\nIf a legal action, investigation, or official inquiry related to the research is ongoing, research data must be retained until such issues are fully resolved.\nDocument Management and Storage Resources at Cornell\nCornell Data Services\nData Storage Finder\nManaging restricted access data sets:\nCornell Restricted Access Data Center (CRADC)\nDisposal of Biological Materials and Lab Waste\nFor information about safe and compliant disposal, visit:\nCornell\nBiological Safety website\nCornell\nRegulated Medical Waste Program\n5\nResource\nUniversity Policy 4.7, Retention of University Records\nProcess\nProject Closeout\nResource\nSubaward Closeout\nResource\nEquipment Transfers\nResource\nComplete and Submit Invention Disclosure\nQuick Reference\nOffices\nCALS Sponsored Research Office\nCOI - Conflict of Interest\nCTL - Center for Technology Licensing\nCVM Research Office\nCorporate Engagement\nEHS - Environmental Health & Safety & Risk Management\nExport Controls Office\nFAIM - Faculty Advancing Inclusive Mentoring\nIACUC - Institutional Animal Care and Use\nIBC - Institutional Biosafety Committee\nIRB - Institutional Review Board\nIT Security & Policy\nORIA - Office of Research Integrity and Assurance\nOSP - Office of Sponsored Programs & Research Development\nPRO - Pre-Award Research Operations\nR&I - Cornell Research & Innovation\nRAIS - Research Administration Information Services\nRCR - Responsible Conduct of Research\nRDBSC - Research Division Business Service Center\nResearch Development (ReD)\nResearch Division Human Resources\nResearch Security Office\nSFS - Sponsored Financial Services\nUniversity Policy Office\nWCM - Office of Sponsored Research Administration (OSRA)\nEssential Tools & Resources\nFind My GCO\nInstitutional Profile & DUNS\nRates and budgets\nJoin List Servs\nResearch Development (ReD) Services\nFind Your Next Funding Opportunity\nRegister for Federal and Non-Federal Systems\nDisclose Foreign Collaborations and Support\nWeb Financials (WebFin2)\nExternal\nPI Dashboard\nExternal\nResearch Financials (formerly RA Dashboard)\nExternal\nRASS\nExternal\nIACUC applications (Cayuse Animal Management System)\nIBC applications (RASS-IBC)\nIRB Applications (RASS-IRB)\nExternal\nReport external interests (RASS-COI)\nRASS Access Request Form\naskEHS\nExternal\nCornell Data Services\nExternal\nTravel Registry\nExternal\nInternational research activities\nExternal\nTraining\nResearch metrics and executive dashboards\nRates\nForms\nPolicies\nContacts\nTraining\nEvents\nNews & Announcements\nPart of\n© 2019 Cornell University\nWeb Accessibility Help\nWas this page helpful?\n×\n×\nStatus message\nSorry...This form is closed to new submissions.\nScroll"
}