{
    "URL location": "https://researchservices.cornell.edu/policies/financial-management-sponsored-projects-policies-and-procedures",
    "Last modification date": "2025-04-18T03:27Z",
    "Change frequency": "monthly",
    "Priority": "0.8",
    "Scraped Text": "Financial Management of Sponsored Projects Policies and Procedures | Cornell Research Services\nSkip to main content\nFind guidance on funding and agency updates during the federal government transition\n(\nupdated 4/16/2025\n)\nResearch Services\nResearch Services\nEssential Tools\nClose\nFind My GCO\nRASS\nExternal\nInstitutional Profile & DUNS\nIACUC applications (Cayuse Animal Management)\nFind Your Next Funding Opportunity\nIBC Applications (RASS-IBC)\nResearch Development (ReD) Services\nIRB Applications (RASS-IRB)\nExternal\nRates and budgets\nReport external interests (RASS-COI)\nJoin List Servs\nRASS Access Request Form\nAsk EHS\nExternal\nWeb Financials (WebFin2)\nExternal\nCornell Data Services\nExternal\nPI Dashboard\nExternal\nTravel Registry\nExternal\nResearch Financials (formerly RA Dashboard)\nExternal\nInternational research activities\nExternal\nRegister for Federal and Non-Federal Systems\nDisclose Foreign Collaborations and Support\nResearch metrics & executive dashboards\nTraining\nSearch\nResearch Services\nSearch\nHome\nPrepare a Proposal\nClose\nResearch Development Services\nSubawards in a Proposal\nFind Your Next Funding Opportunity\nDisclose Foreign Collaborations and Support\nProposal Development, Review, and Submission\nPlanning for Animals, Human Participants, r/sNA, Hazardous Materials, Radiation\nBudgets, Costs, and Rates\nCollaborate with Weill Cornell Medicine\nManage a Project\nClose\nAward Negotiation and Finalization\nTravel and International Activities\nProject Finances\nProject Modifications\nResearch Project Staffing\nGet Confidential Info, Data, Equipment, or Materials\nManaging Subawards\nAnimals, Human Participants, r/sNA, Hazardous Materials, Radiation\nClose a Project\nClose\nProject Closeout Financials\nProject Closeout\nEnd a Project Early\nCorporate Partnership & Innovation\nClose\nProtecting an Invention, Creation, Discovery\nEntrepreneurial and Startup Company Resources\nGateway to Partnership Program\nEngaging with Industry\nCompliance, Ethics, Safety\nClose\nResponsible Conduct of Research (RCR)\nExport Controls\nResearch with Human Participants\nResearch Security\nWork with Live Vertebrate Animals\nResearch Safety\nRegulated Biological Materials in Research\nFinancial Management\nConflicts of Interest\nBreadcrumb\nHome\nPolicies\nFinancial Management of Sponsored Projects Policies and Procedures\nAll university personnel dealing with financial management of sponsored projects must be knowledgeable of all rules and regulations related to this responsibility. On this page, find links to university policies, regulations, documents and presentations.\nUniversity Policies\nUniversity Policy 1.1, Cost Sharing for Sponsored Agreements\nUniversity Policy 1.3, Graduate Student Assistantships\nUniversity Policy 3.8, Program Income from Sponsored Projects\nUniversity Policy 3.9, Capital Assets\nUniversity Policy 3.11, Effort Planning and Confirmation\nUniversity Policy 3.13, Graduate Tuition and Other Support\nUniversity Policy 3.18, Charging Directly to Sponsored Projects Costs that are Normally Considered Indirect\nUniversity Policy 3.20, Cost Transfers on Sponsored Agreements\nUniversity Policy 4.7, Retention of University Records\nProfessorial Summer Salary Appointments\nSummer Salary Process (PDF)\nSummer Salary Processing Form (XLSX)\nRegulations\nUniform Administrative Requirements, Cost Principles, and Audit Requirements for Federal Awards (2 CFR 200)\nis the regulation that replaces OMB Circulars A-21, A-110, and A-133, and became effective December 26, 2014.\nOMB Circular A-21\noutlines costs that are allowable and unallowable to federal grants and contracts. Cornell University follows these regulations on all federal grants and contracts. For costs to be allowable A-21 states that costs must be reasonable, allowable, allocable, treated consistently, and must conform to the specific cost guidelines in A-21 (section J).\nOMB Circular A-110\noutlines the proper grant management principles to be followed when managing federal grants. This circular covers regulations from preaward through the close of a grant.\nNSF Guidelines\n: The National Science Foundation\nSenior Personnel Salaries on NSF Awards (PDF)\nNIH/DHHS Guidelines\n: The National Institutes of Health/Department of Health and Human Services\nONR Guidelines\n: The Office of Naval Research\nJPL Guidelines\n: The Jet Propulsion Laboratory\nNew York State Travel Regulations\n: Some awards from the State of New York allow only expenses in compliance with the State Travel Manual in order be charged to the award. This document summarizes those rules.\nMore government and related links\n: Foundations and companies frequently have specific regulations stated in the award document as to allowable and unallowable costs.\nDocuments and Presentations\nDocuments\nFly America Act and Open Skies Agreements\nPresentations\nSFS Dialog: A guide to charging assistantships and fellowships to sponsored projects, July 19, 2023\nPresentation (PDF)\nVideo Recording (1 hr. 3 min.)\nSFS Dialog: Report on Promising Practices for NSF Award Management, Feb. 16, 2022\nPresentation (PDF)\nSplitting the Costs: Best Practices for Managing Matching Funds, Feb. 2, 2021\nPresentation (PDF)\nVideo Recording (45 min.)\nUpdate on Accountability, Requisition and Payment Review, and Budget Adjustments, Oct. 28, 2020\nPresentation (PDF)\nVideo Recording (1 hr., 17 min.)\nResearch Administration Forum, Nov. 20, 2019\nPresentation (PDF)\nVideo Recording (1 hr., 21 min.)\nDFA Conversations - Research Administration Forum, Oct. 18, 2017\nPresentation (PDF)\nVideo Recording (1 hr, 38 min.)\nResearch Administration Forum, Oct. 6, 2016\nPresentation (PDF)\nWebEx Recorded Version (MP4 Video, 20 MB)\nManaging Participant Support Costs Under the Uniform Guidance, June 15, 2016\nPresentation (PDF)\nNational Science Foundation FAQ on Participant Support Costs (PDF)\nResearch Administration Forum, March 28, 2016\nPresentation (PDF)\nWebEx Recorded Version (MP4 Video, 14 MB)\nResearch Administration Forum, Sept. 22, 2015\nPresentation (PDF)\nWebEx Recorded Version (MP4 Video, 23 MB)\nUnderstanding and Managing the NIH Salary Cap, April 23, 2015\nPresentation (PDF)\nWebEx Recorded Version (MP4 Video, 13 MB)\nResearch Administration Forum, Dec. 6, 2013\nPresentation (PDF)\nWebEx Recorded Version (MP4 Video, 25 MB)\nResearch Administration Forum, May 20, 2011\nPresentation (PDF)\nOthers\nEffort Certification, 2011 (PDF)\nHow We Get Our Funds (PDF)\n9\nProcess\nFinancial Management\nNews\nUkraine/Russia Transactions Guidance\nResource\nSalary Certification\nResource\nMonitoring Project Expenditures\nResource\nMonitoring Cost Sharing in a Project\nResource\nFinancial Reporting to Sponsors\nResource\nDirect and Indirect Cost Examples\nResource\nDiverse Suppliers Requirements\nResource\nUse of Foreign Airlines on Federal Funds\nQuick Reference\nOffices\nCALS Sponsored Research Office\nCOI - Conflict of Interest\nCTL - Center for Technology Licensing\nCVM Research Office\nCorporate Engagement\nEHS - Environmental Health & Safety & Risk Management\nExport Controls Office\nFAIM - Faculty Advancing Inclusive Mentoring\nIACUC - Institutional Animal Care and Use\nIBC - Institutional Biosafety Committee\nIRB - Institutional Review Board\nIT Security & Policy\nORIA - Office of Research Integrity and Assurance\nOSP - Office of Sponsored Programs & Research Development\nPRO - Pre-Award Research Operations\nR&I - Cornell Research & Innovation\nRAIS - Research Administration Information Services\nRCR - Responsible Conduct of Research\nRDBSC - Research Division Business Service Center\nResearch Development (ReD)\nResearch Division Human Resources\nResearch Security Office\nSFS - Sponsored Financial Services\nUniversity Policy Office\nWCM - Office of Sponsored Research Administration (OSRA)\nEssential Tools & Resources\nFind My GCO\nInstitutional Profile & DUNS\nRates and budgets\nJoin List Servs\nResearch Development (ReD) Services\nFind Your Next Funding Opportunity\nRegister for Federal and Non-Federal Systems\nDisclose Foreign Collaborations and Support\nWeb Financials (WebFin2)\nExternal\nPI Dashboard\nExternal\nResearch Financials (formerly RA Dashboard)\nExternal\nRASS\nExternal\nIACUC applications (Cayuse Animal Management System)\nIBC applications (RASS-IBC)\nIRB Applications (RASS-IRB)\nExternal\nReport external interests (RASS-COI)\nRASS Access Request Form\naskEHS\nExternal\nCornell Data Services\nExternal\nTravel Registry\nExternal\nInternational research activities\nExternal\nTraining\nResearch metrics and executive dashboards\nRates\nForms\nPolicies\nContacts\nTraining\nEvents\nNews & Announcements\nPart of\n© 2019 Cornell University\nWeb Accessibility Help\nWas this page helpful?\n×\n×\nStatus message\nSorry...This form is closed to new submissions.\nScroll"
}