{
    "URL location": "https://researchservices.cornell.edu/news/federal-agencies-coronavirus-updates",
    "Last modification date": "2025-04-18T03:27Z",
    "Change frequency": "monthly",
    "Priority": "0.8",
    "Scraped Text": "Federal Agencies - Coronavirus Updates | Cornell Research Services\nSkip to main content\nFind guidance on funding and agency updates during the federal government transition\n(\nupdated 4/16/2025\n)\nResearch Services\nResearch Services\nEssential Tools\nClose\nFind My GCO\nRASS\nExternal\nInstitutional Profile & DUNS\nIACUC applications (Cayuse Animal Management)\nFind Your Next Funding Opportunity\nIBC Applications (RASS-IBC)\nResearch Development (ReD) Services\nIRB Applications (RASS-IRB)\nExternal\nRates and budgets\nReport external interests (RASS-COI)\nJoin List Servs\nRASS Access Request Form\nAsk EHS\nExternal\nWeb Financials (WebFin2)\nExternal\nCornell Data Services\nExternal\nPI Dashboard\nExternal\nTravel Registry\nExternal\nResearch Financials (formerly RA Dashboard)\nExternal\nInternational research activities\nExternal\nRegister for Federal and Non-Federal Systems\nDisclose Foreign Collaborations and Support\nResearch metrics & executive dashboards\nTraining\nSearch\nResearch Services\nSearch\nHome\nPrepare a Proposal\nClose\nResearch Development Services\nSubawards in a Proposal\nFind Your Next Funding Opportunity\nDisclose Foreign Collaborations and Support\nProposal Development, Review, and Submission\nPlanning for Animals, Human Participants, r/sNA, Hazardous Materials, Radiation\nBudgets, Costs, and Rates\nCollaborate with Weill Cornell Medicine\nManage a Project\nClose\nAward Negotiation and Finalization\nTravel and International Activities\nProject Finances\nProject Modifications\nResearch Project Staffing\nGet Confidential Info, Data, Equipment, or Materials\nManaging Subawards\nAnimals, Human Participants, r/sNA, Hazardous Materials, Radiation\nClose a Project\nClose\nProject Closeout Financials\nProject Closeout\nEnd a Project Early\nCorporate Partnership & Innovation\nClose\nProtecting an Invention, Creation, Discovery\nEntrepreneurial and Startup Company Resources\nGateway to Partnership Program\nEngaging with Industry\nCompliance, Ethics, Safety\nClose\nResponsible Conduct of Research (RCR)\nExport Controls\nResearch with Human Participants\nResearch Security\nWork with Live Vertebrate Animals\nResearch Safety\nRegulated Biological Materials in Research\nFinancial Management\nConflicts of Interest\nBreadcrumb\nHome\nNews & Announcements\nFederal Agencies - Coronavirus Updates\nUpdates from federal agencies for researchers.\nNote: NEW or UPDATED = Added/Updated the week of 08/28/2022 - 09/03/2022\nCouncil on Governmental Relations (COGR)\nFAQ Addendum #1: NIH Specific FAQs\n6/12/2020\nFAQ Addendum #2: Costing and Financial Compliance FAQs V3\n5/28/2020\nFederal Agency Guidance Matrix\n5/27/2020 (XLXS)\nFAQ Addendum #4: Contract and Grants Administration FAQs V1\n5/8/2020\nFAQ Addendum #3: Research Ethics and Compliance Human Subjects FAQs V1\n5/4/2020\nFAQs Regarding COVID-19s Impact to Federal Awards V2.2\n4/8/2020\nDepartment of Commerce (DOC)\nNational Oceanic and Atmospheric Administration (NOAA) Guidance Regarding American Rescue Plan Disaster Relief Flexibilities to Reduce Burden for Financial Assistance\n5/20/2021\nNational Oceanic and Atmospheric Administration (NOAA) Health and Safety Information for Financial Assistance Applicants and Recipients during COVID-19\n6/30/2020\nDepartment of Defense (DOD)\nCoronavirus: DOD Response\nAir Force Office of Scientific Research (AFOSR) Guidance for Coronavirus Disease 2019 No Cost Extensions\n3/26/2020 (PDF)\nUSAMRAA's COVID-19 FAQs\n3/25/2020 (PDF)\nFAQ for DOD Research Proposers and Awardees Impacted by the Novel Coronavirus (COVID-19)\n3/24/2020\nFAQ about COVID-19 for DARPA Performers\n3/19/2020\nCDMRP Pre-Application Extension\n3/19/2020 (PDF)\nDepartment of Energy (DOE)\nMemorandum for Office of Science Applicants and Awardees\n10/1/2020 (DOC)\nImplementation of OMB Memorandum M-20-17\n4/14/2020 (PDF)\nARPA-E Actions Owing to the COVID-19 Public Health Emergency\n4/6/2020 (PDF)\nCOVID-19 Guidance for Financial Assistance Actions\n3/30/2020\nFinancial Assistance Guidance to Contracting Officers (Including for Cooperative Agreements)\n3/30/2020 (PDF)\nImplementation of OMB Memorandum M-20-17\n3/30/2020 (PDF)\nOffice of Energy Efficiency and Renewable Energy (EERE) COVID-19 Information\n3/26/2020 (PDF)\nAccommodating Interruptions from Coronavirus Disease 2019 (COVID-19)\n3/13/2020 (PDF)\nDepartment of Health and Human Services (DHHS)\nNew Flexibilities Guidance OMB Memorandum M-21-20\n3/19/2021\nCDC Flexibilities Available to Applicants and Recipients of Federal Financial Assistance Affected by COVID-19\n7/8/2020\nCenters for Disease Control and Prevention (CDC) COVID-19 Information for CDC Applicants and Recipients of CDC Funding\n4/17/2020\nAgency for Healthcare Research and Quality (AHRQ) Flexibilities Available to AHRQ Recipients and Applicants Directly Impacted by the Novel Coronavirus (COVID-19) Due to Loss of Operations (NOT-HS-20-010)\n4/6/2020\nAdministration for Children & Families (ACF) COVID-19 Update\n3/31/2020 (PDF)\nAdministration for Children & Families (ACF) Information Memorandum: IM-ACF-OA-2020-01\n3/31/2020\nDepartment of Justice (DOJ)\nOJP: Guidance to Award Recipients Impacted by COVID-19: Short Term Relief for Various Administrative, Financial Management, and Audit Requirements\n3/21/2020\nEnvironmental Protection Agency (EPA)\nPollution Prevention (P2) and Source Reduction Assistance (SRA) Deadline Extensions\n3/23/2020 (PDF)\nNational Aeronautics and Space Administration (NASA)\nNEW:\nUpdate to COVID-19 Safety Protocols for Federal Contractors and Grant and Cooperative Agreement Recipients -- Regarding COVID-19 Guidance on Vaccination Testing, Attestation, and Quarantining\n08/24/2022 (PDF)\nCoronavirus Response Information\nGrants and Research during the COVID-19 Epidemic (V 3.0)\n6/29/2020 (PDF)\nNASA Implementation of OMB Memorandum M-20-26\n6/23/2020 (PDF)\nNASA’s Implementation of OMB Memorandum M-20-17& M-20-20\n4/28/2020 (PDF)\nScience Mission Directorate FAQ on Grants and Research during the COVID-19 Epidemic, Version 4.4\n3/31/2020 (PDF)\nNASA Base Closures COVID-19\n3/30/2020 (PDF)\nNASA Global Contractor Community Memo\n3/24/2020 (PDF)\nNASA Administrator March 17 Statement on Agency Response to Coronavirus\n3/17/2020\nNational Institutes of Health (NIH)\nNIH releases new website on COVID-19 Research\n1/11/21\nNOT-OD-20-158: Temporary Extension of Eligibility for the NIH K99/R00 Pathway to Independence Award During the COVID-19 Pandemic\nNOT-OD-20-163: Extending the Special Exception to the NIH/AHRQ/NIOSH Post-Submission Material Policy During the COVID-19 Pandemic\nNIH-Wide Strategic Plan for COVID-19 Research\n7/16/2020\nNOT-OD-20-122: Guidance for Applicants Preparing Applications for the Fall 2020 Due Dates During the COVID-19 Pandemic\n7/8/2020\nCoronavirus Disease 2019 (COVID-19): Information for NIH Applicants and Recipients\nFAQ: COVID-19 Flexibilities for Applicants and Recipients\n7/2/2020\nNIH Implementation of OMB Memorandum M-20-26, “Extension of Administrative Relief for Recipients and Applicants of Federal Financial Assistance Directly Impacted by the Novel Coronavirus (COVID-19) due to Loss of Operations”\n6/25/2020\nNIH Late Application Policy for Institutional Training Grants to PA-20-142 and PA-20-162 Due to Public Health Emergency for United States Coronavirus Disease 2019 (COVID-19)\n5/11/2020\nCOVID-19 Publication Portfolio\n4/15/2020\nNOT-OD-20-091: UPDATE: NIH Late Application Policy Due to Public Health Emergency for United States for 2019 Novel Coronavirus (COVID-19)\n3/26/2020\nNOT-OD-20-087: Guidance for NIH-funded Clinical Trials and Human Subjects Studies Affected by COVID-19\n3/16/2020\nNOT-OD-20-086: Flexibilities Available to Applicants and Recipients of Federal Financial Assistance Affected by COVID-19\n3/12/2020\nNOT-OD-20-083: General Frequently Asked Questions (FAQs) - Proposal Submission and Award Management Related to COVID-19\n3/10/2020\nNOT-OD-20-082: NIH Late Application Policy Due to Public Health Emergency for United States for 2019 Novel Coronavirus (COVID-19)\n3/9/2020\nNational Science Foundation (NSF)\nNSF Implementation of OMB Memorandum M-21-20 03/19/2021\n(PDF)\nCoronavirus Information\nFrequently Asked Questions (FAQs) Relating to NSF’s Implementation of OMB Memorandum M-20-26 for NSF Proposers and Awardees\n7/20/2020\nNSF Implementation of OMB Memorandum M-20-26\n6/25/2020\nNSF Implementation of OMB Memorandum M-20-20\n4/10/2020\nNSF Implementation of OMB Memorandum M-20-17\n4/1/2020 (PDF)\nImportant Notice No. 146, NSF Letter to Community Regarding COVID-19\n3/23/2020\nImpact on Existing Deadline Dates\n3/20/2020 (PDF)\nFAQs COVID-19 for NSF Proposers and Awardees\n3/16/2020\nNSF Guidance for Major Facilities and Contracts Regarding COVID-19\n3/9/2020\nOffice of Management and Budget (OMB)\nM-20-26, Extension of Administrative Relief for Recipients and Applicants of Federal Financial Assistance Directly Impacted by the Novel Coronavirus (COVID-19) due to Loss of Operations\n6/18/2020\nRepurposing Existing Federal Financial Assistance Programs and Awards to Support the Emergency Response to the Novel Coronavirus (COVID-19)\n4/9/2020\nM-20-18: Managing Federal Contract Performance Issues Associated with the Novel Coronavirus\n3/20/2020 (PDF)\nRECINDED:\nM-20-17: Administrative Relief for Recipients and Applicants of Federal Financial Assistance Directly Impacted by the Novel Coronavirus (COVID-19) due to Loss of Operations\n3/19/2020 (PDF)\nSFS Response to Update to Federal Award Allowability of COVID-19 Salary Continuation\nM-20-11: Administrative Relief for Recipients and Applicants of Federal Financial Assistance Directly Impacted by the Novel Coronavirus (COVID-19)\n3/17/2020 (PDF)\nU.S. Agency for International Development (USAID)\nNovel Coronavirus (COVID-19) and Information from the Office of Acquisition and Assistance in the Bureau for Management of the U.S. Agency for International Development\nCOVID-19 Guidance to Implementing Partners\n3/12/2020 (PDF)\nU.S. Department of Agriculture (USDA)\nNational Institute of Food and Agriculture (NIFA) Coronavirus Resources For Partners\n5/1/2020\nUSDA Agricultural Marketing Service (AMS) COVID-19 Guidance\n3/26/2020 (PDF)\nNIFA Deadline Extensions due to COVID-19\n3/18/2020\nU.S. Department of Commerce (DOC)\nNIST COVID-19 Guidance\n3/25/2020 (PDF)\nU.S. Department of Education (US/ED)\nUS/ED Institute of Education Sciences (IES) FAQ About the Coronavirus Disease\n4/8/2020 (PDF)\nU.S. Department of the Interior (USDI)\nOffice of Grants Management Policy Advisory Notes, DOIPGM-PAN 005\n3/20/2020 (PDF)\nFor questions regarding federal agency statements, contact your\nGrant & Contract Officer\nin the\nOffice of Sponsored Programs (OSP)\n.\nFor questions regarding compliance issues, contact the\nOffice of Research Integrity and Assurance (ORIA)\nat\noria-help@cornell.edu\n.\nWe anticipate that reasonable, necessary, and allocable costs incurred due to coronavirus will be allowable on sponsored awards. Contact\nSponsored Financial Services (SFS)\nat\nsfs-help@cornell.edu\nif you have specific allowability questions.\nPublished on\n: Saturday, March 07, 2020 - 11:05am\nQuick Reference\nOffices\nCALS Sponsored Research Office\nCOI - Conflict of Interest\nCTL - Center for Technology Licensing\nCVM Research Office\nCorporate Engagement\nEHS - Environmental Health & Safety & Risk Management\nExport Controls Office\nFAIM - Faculty Advancing Inclusive Mentoring\nIACUC - Institutional Animal Care and Use\nIBC - Institutional Biosafety Committee\nIRB - Institutional Review Board\nIT Security & Policy\nORIA - Office of Research Integrity and Assurance\nOSP - Office of Sponsored Programs & Research Development\nPRO - Pre-Award Research Operations\nR&I - Cornell Research & Innovation\nRAIS - Research Administration Information Services\nRCR - Responsible Conduct of Research\nRDBSC - Research Division Business Service Center\nResearch Development (ReD)\nResearch Division Human Resources\nResearch Security Office\nSFS - Sponsored Financial Services\nUniversity Policy Office\nWCM - Office of Sponsored Research Administration (OSRA)\nEssential Tools & Resources\nFind My GCO\nInstitutional Profile & DUNS\nRates and budgets\nJoin List Servs\nResearch Development (ReD) Services\nFind Your Next Funding Opportunity\nRegister for Federal and Non-Federal Systems\nDisclose Foreign Collaborations and Support\nWeb Financials (WebFin2)\nExternal\nPI Dashboard\nExternal\nResearch Financials (formerly RA Dashboard)\nExternal\nRASS\nExternal\nIACUC applications (Cayuse Animal Management System)\nIBC applications (RASS-IBC)\nIRB Applications (RASS-IRB)\nExternal\nReport external interests (RASS-COI)\nRASS Access Request Form\naskEHS\nExternal\nCornell Data Services\nExternal\nTravel Registry\nExternal\nInternational research activities\nExternal\nTraining\nResearch metrics and executive dashboards\nRates\nForms\nPolicies\nContacts\nTraining\nEvents\nNews & Announcements\nPart of\n© 2019 Cornell University\nWeb Accessibility Help\nWas this page helpful?\n×\n×\nStatus message\nSorry...This form is closed to new submissions.\nScroll"
}