{
    "URL location": "https://researchservices.cornell.edu/events/nsf-research-infrastructure-mid-scale-ri-2-program-webinar",
    "Last modification date": "2025-04-18T03:27Z",
    "Change frequency": "monthly",
    "Priority": "0.8",
    "Scraped Text": "NSF Research Infrastructure (Mid-scale RI-2) Program Webinar | Cornell Research Services\nSkip to main content\nFind guidance on funding and agency updates during the federal government transition\n(\nupdated 4/16/2025\n)\nResearch Services\nResearch Services\nEssential Tools\nClose\nFind My GCO\nRASS\nExternal\nInstitutional Profile & DUNS\nIACUC applications (Cayuse Animal Management)\nFind Your Next Funding Opportunity\nIBC Applications (RASS-IBC)\nResearch Development (ReD) Services\nIRB Applications (RASS-IRB)\nExternal\nRates and budgets\nReport external interests (RASS-COI)\nJoin List Servs\nRASS Access Request Form\nAsk EHS\nExternal\nWeb Financials (WebFin2)\nExternal\nCornell Data Services\nExternal\nPI Dashboard\nExternal\nTravel Registry\nExternal\nResearch Financials (formerly RA Dashboard)\nExternal\nInternational research activities\nExternal\nRegister for Federal and Non-Federal Systems\nDisclose Foreign Collaborations and Support\nResearch metrics & executive dashboards\nTraining\nSearch\nResearch Services\nSearch\nHome\nPrepare a Proposal\nClose\nResearch Development Services\nSubawards in a Proposal\nFind Your Next Funding Opportunity\nDisclose Foreign Collaborations and Support\nProposal Development, Review, and Submission\nPlanning for Animals, Human Participants, r/sNA, Hazardous Materials, Radiation\nBudgets, Costs, and Rates\nCollaborate with Weill Cornell Medicine\nManage a Project\nClose\nAward Negotiation and Finalization\nTravel and International Activities\nProject Finances\nProject Modifications\nResearch Project Staffing\nGet Confidential Info, Data, Equipment, or Materials\nManaging Subawards\nAnimals, Human Participants, r/sNA, Hazardous Materials, Radiation\nClose a Project\nClose\nProject Closeout Financials\nProject Closeout\nEnd a Project Early\nCorporate Partnership & Innovation\nClose\nProtecting an Invention, Creation, Discovery\nEntrepreneurial and Startup Company Resources\nGateway to Partnership Program\nEngaging with Industry\nCompliance, Ethics, Safety\nClose\nResponsible Conduct of Research (RCR)\nExport Controls\nResearch with Human Participants\nResearch Security\nWork with Live Vertebrate Animals\nResearch Safety\nRegulated Biological Materials in Research\nFinancial Management\nConflicts of Interest\nBreadcrumb\nHome\nEvents\nJanuary 06, 2021\n-\nJanuary 07, 2021\nNSF Research Infrastructure (Mid-scale RI-2) Program Webinar\nOn Wednesday, January 6, 2021, and Thursday, January 7, 2021, NSF will host outreach webinars with information about the Mid-Scale Research Infrastructure (Mid-scale RI)-2 funding opportunity (NSF 21-537).\nLearn More\nThe National Science Foundation (NSF) Mid-scale Research Infrastructure (Mid-scale RI) Big Idea is intended to provide an agile,\nFoundation-wide\nprocess to fund experimental research capabilities in the mid-scale range ($6 million to $100 million), between the Major Research Instrumentation (MRI) and Major Facilities thresholds. Recently, solicitation\nNSF 21-537\nfor the\nMid-scale RI-2 program\n(total project cost of $20 million to under $100 million) was released. This is one of two NSF-wide funding opportunities that support NSF Mid-scale RI, the other being Solicitation\nNSF 21-505\nfor the Mid-scale RI-1 program.\nSolicitation NSF 21-537 for Mid-scale RI-2 has the following deadlines:\nLetters of Intent (required), February 3, 2021\nPreliminary Proposals, March 5, 2021\nFull Proposals (by invitation) September 20, 2021\nNSF will host outreach webinars with information about the Mid-scale RI-2 funding opportunity on\nWednesday, January 6 and Thursday, January 7, 2021.\nEach session will begin at 1:00 pm EST. A general Mid-scale RI-2 information session (1:00-1:40 pm EST) with Q&A will be followed by Directorate-specific breakouts (1:45-2:30 pm EST) where more technical questions will be addressed. Information on Day 1 will be repeated on Day 2, using the same Zoom meeting information.\nMid-Scale Research Infrastructure (Mid-scale RI-2): NSF 21-537 Q&A (main meeting)\nWednesday, January 6, 2021 from 1:00-1:40pm EST and repeated Thursday, January 7, 2021 from 1:00-1:40pm EST\nJoin ZoomGov Meeting\n\nWebinar ID: 161 297 6668\nPasscode: 2M3cLw\nJoin via phone:\n(669)254-5252 US (San Jose) or (646)828-7666 US (New York)\nWebinar ID:  161 297 6668\nYou will enter through a waiting room and be let in by an NSF staff member.\nQuestions:  Please submit questions via Chat during the webinar. There will be no participant audio-enabled questions or screen sharing.\nDirectorate Breakouts\nWednesday, January 6, 2021 from 1:45-2:30pm EST and Thursday, January 7, 2021 from 1:45-2:30pm EST\nYou will enter through a waiting room and be let into the breakout by an NSF staff member.\nPlease submit questions via Chat during the webinar. There will be no participant audio-enabled questions or screen sharing.\nMid-scale RI-2 BIO Breakout\nJoin ZoomGov Meeting\n\nMeeting ID: 160 185 6173\nPasscode: 6.myEg\nJoin via phone:\n(669)254-5252 US (San Jose) or (646)828-7666 US (New York)\nMeeting ID: 160 185 6173\nMid-scale RI-2: CISE Breakout\nJoin ZoomGov Meeting\n\nMeeting ID: 161 206 5490\nPasscode: 6.myEg\nJoin via phone:\n(669)254-5252 US (San Jose) or (646)828-7666 US (New York)\nMeeting ID: 161 206 5490\nMid-scale RI-2: EHR & SBE Breakout\nJoin ZoomGov Meeting\n\nMeeting ID: 160 826 5562\nPasscode: 6.myEg\nJoin via phone:\n(669)254-5252 US (San Jose) or (646)828-7666 US (New York)\nMeeting ID: 160 826 5562\nMid-scale RI-2 ENG Breakout\nJoin ZoomGov Meeting\n\nMeeting ID: 161 337 6982\nPasscode: 6.myEg\nJoin via phone:\n(669)254-5252 US (San Jose) or (646)828-7666 US (New York)\nMeeting ID: 161 337 6982\nMid-scale RI-2 GEO Breakout\nJoin ZoomGov Meeting\n\nMeeting ID: 161 901 7154\nPasscode: 6.myEg\nJoin via phone:\n(669)254-5252 US (San Jose) or (646)828-7666 US (New York)\nMeeting ID: 161 901 7154\nMid-scale RI-2 MPS Breakout\nJoin ZoomGov Meeting\n\nMeeting ID: 161 858 1638\nPasscode: 6.myEg\nJoin via phone:\n(669)254-5252 US (San Jose) or (646)828-7666 US (New York)\nMeeting ID: 161 858 1638\n2\nProcess\nResearch Development (ReD) Team\nProcess\nFind Your Next Funding Opportunity\nFeatured\n1\nWorking with NSF\nOSP - Office of Sponsored Programs & Research Development, Research Development (ReD) Team, FAIM - Faculty Advancing Inclusive Mentoring\nNSF is the only federal agency whose mission includes support for all\nfundamental science and engineering fields\n, except for medical sciences. In addition to funding basic research through its core disciplinary programs, the NSF also provides support for facilities, equipment, instrumentation...\nRead more >\nQuick Reference\nOffices\nCALS Sponsored Research Office\nCOI - Conflict of Interest\nCTL - Center for Technology Licensing\nCVM Research Office\nCorporate Engagement\nEHS - Environmental Health & Safety & Risk Management\nExport Controls Office\nFAIM - Faculty Advancing Inclusive Mentoring\nIACUC - Institutional Animal Care and Use\nIBC - Institutional Biosafety Committee\nIRB - Institutional Review Board\nIT Security & Policy\nORIA - Office of Research Integrity and Assurance\nOSP - Office of Sponsored Programs & Research Development\nPRO - Pre-Award Research Operations\nR&I - Cornell Research & Innovation\nRAIS - Research Administration Information Services\nRCR - Responsible Conduct of Research\nRDBSC - Research Division Business Service Center\nResearch Development (ReD)\nResearch Division Human Resources\nResearch Security Office\nSFS - Sponsored Financial Services\nUniversity Policy Office\nWCM - Office of Sponsored Research Administration (OSRA)\nEssential Tools & Resources\nFind My GCO\nInstitutional Profile & DUNS\nRates and budgets\nJoin List Servs\nResearch Development (ReD) Services\nFind Your Next Funding Opportunity\nRegister for Federal and Non-Federal Systems\nDisclose Foreign Collaborations and Support\nWeb Financials (WebFin2)\nExternal\nPI Dashboard\nExternal\nResearch Financials (formerly RA Dashboard)\nExternal\nRASS\nExternal\nIACUC applications (Cayuse Animal Management System)\nIBC applications (RASS-IBC)\nIRB Applications (RASS-IRB)\nExternal\nReport external interests (RASS-COI)\nRASS Access Request Form\naskEHS\nExternal\nCornell Data Services\nExternal\nTravel Registry\nExternal\nInternational research activities\nExternal\nTraining\nResearch metrics and executive dashboards\nRates\nForms\nPolicies\nContacts\nTraining\nEvents\nNews & Announcements\nPart of\n© 2019 Cornell University\nWeb Accessibility Help\nWas this page helpful?\n×\n×\nStatus message\nSorry...This form is closed to new submissions.\nScroll"
}