{
    "URL location": "https://researchservices.cornell.edu/resources/ovpr-sars-cov-2-seed-grants",
    "Last modification date": "2025-04-18T03:27Z",
    "Change frequency": "monthly",
    "Priority": "0.8",
    "Scraped Text": "OVPR SARS-CoV-2 Seed Grants | Cornell Research Services\nSkip to main content\nFind guidance on funding and agency updates during the federal government transition\n(\nupdated 4/16/2025\n)\nResearch Services\nResearch Services\nEssential Tools\nClose\nFind My GCO\nRASS\nExternal\nInstitutional Profile & DUNS\nIACUC applications (Cayuse Animal Management)\nFind Your Next Funding Opportunity\nIBC Applications (RASS-IBC)\nResearch Development (ReD) Services\nIRB Applications (RASS-IRB)\nExternal\nRates and budgets\nReport external interests (RASS-COI)\nJoin List Servs\nRASS Access Request Form\nAsk EHS\nExternal\nWeb Financials (WebFin2)\nExternal\nCornell Data Services\nExternal\nPI Dashboard\nExternal\nTravel Registry\nExternal\nResearch Financials (formerly RA Dashboard)\nExternal\nInternational research activities\nExternal\nRegister for Federal and Non-Federal Systems\nDisclose Foreign Collaborations and Support\nResearch metrics & executive dashboards\nTraining\nSearch\nResearch Services\nSearch\nHome\nPrepare a Proposal\nClose\nResearch Development Services\nSubawards in a Proposal\nFind Your Next Funding Opportunity\nDisclose Foreign Collaborations and Support\nProposal Development, Review, and Submission\nPlanning for Animals, Human Participants, r/sNA, Hazardous Materials, Radiation\nBudgets, Costs, and Rates\nCollaborate with Weill Cornell Medicine\nManage a Project\nClose\nAward Negotiation and Finalization\nTravel and International Activities\nProject Finances\nProject Modifications\nResearch Project Staffing\nGet Confidential Info, Data, Equipment, or Materials\nManaging Subawards\nAnimals, Human Participants, r/sNA, Hazardous Materials, Radiation\nClose a Project\nClose\nProject Closeout Financials\nProject Closeout\nEnd a Project Early\nCorporate Partnership & Innovation\nClose\nProtecting an Invention, Creation, Discovery\nEntrepreneurial and Startup Company Resources\nGateway to Partnership Program\nEngaging with Industry\nCompliance, Ethics, Safety\nClose\nResponsible Conduct of Research (RCR)\nExport Controls\nResearch with Human Participants\nResearch Security\nWork with Live Vertebrate Animals\nResearch Safety\nRegulated Biological Materials in Research\nFinancial Management\nConflicts of Interest\nBreadcrumb\nHome\nresources\nOVPR SARS-CoV-2 Seed Grants\nCornell Rapid Research Response to SARS-CoV-2. Seed Grant Request for Applications.\nThe closing date for applications has passed.\nRationale and Scope:\nThe current COVID-19 pandemic crisis relating to the SARS-CoV-2 virus requires research institutions such as Cornell to play a leading role in finding effective solutions to understanding the fundamental biology of this virus, combating the disease and reducing the burden on our medical (and other) establishments. To this end, the\nOffice of the Vice President for Research and Innovation\n, the\nCenter for Vertebrate Genomics\n, the\nCenter for Immunology\n, and the\nOffice of Academic Integration\nhave joined forces to provide seed funding to invest in innovative research ideas that address this critical global need. The intent of this program is to generate preliminary data for future applications for extramural support. Topics may include, but are not limited, to the following:\nAnimal models (mouse, ferret, cat, other)\nEvolution and ecology of SARS-CoV-2\nTherapeutics\nSmall molecule screens\nVaccine development\nAnti-viral drug discovery and development\nDiagnostics for humans and animals\nPathogenesis (including both viral and immune-mediated components of disease) of SARS-CoV-2\nCryo-EM and structural analysis of the virus and viral proteins\nPopulation genetics – susceptibility of different patient cohorts, predictive modeling of resistance and susceptibility\nEconomic and health impact at state, domestic, and global levels (includes health communication)\nPlease note that separate but related seed grant programs are being implemented by the\nCornell Center for Social Sciences (CCSS)\nand by the\nAtkinson Center for Sustainability\n. Applications that are suitable for those seed grant programs should proceed via their submission processes. Once reviewed, all participating units will collaborate to cross-fund the strongest proposals. Similarly, we encourage proposals that include collaborations with investigators and clinicians at Weill Cornell Medicine. In general, we strongly encourage applications from collaborative teams that leverage multi-disciplinary approaches and utilize state-of-the-art technologies that are available on the Cornell Campus. We will prioritize applications that articulate creative, innovative ideas and leverage the unique strengths and capabilities of your laboratory, work of your Cornell colleagues, and the resources available at Cornell. This seed grant program is not intended for the development of biomedical equipment and testing methods for immediate use in the community, but is aimed at basic research strategies to address the aforementioned subject areas.\nApplication Process:\nThe review will be carried out in two phases, with a rolling acceptance policy, subject to the availability of funds. In Phase I, applicants will provide a one-page research project description that addresses the following:\nThe Big Idea\nProject Rationale and Methodology\nThe Team: why are you uniquely positioned to do this?\nCollaborations and Roles of Collaborators\nPhase I Budget Outline (plus Phase II amount to be requested)\nExpected/projected target for extramural grant applications resulting from these seed grant efforts. Include link to RFA and deadline dates.\nBudget Restrictions:\nWith our limited budget, our aim is to fund as many exciting proposals as possible, so please be reasonable with your budget request. We expect most proposals to be in the range of $10,000 - $30,000 (including both Phase I and Phase II budgets). In Phase I, applicants can apply for up to $10,000, with the remaining amount to be requested in the Phase II application. These resources are intended to support experiments that provide preliminary data for extramural applications, however limited salary support for staff can be provided, up to 50% of the full (Phase I and II combined). Faculty salary, stipends and travel are not eligible expenses, and no indirect costs can be recovered. Please note that Phase II funds will not be released to the applicant until a successful Phase II application has been awarded.\nReview Process for Phase I:\nApplications will be reviewed by a multi-disciplinary committee that has been specially convened for this purpose. We aim to review the applications within one week. Due to the volume of applications anticipated, we will not be able to provide review summaries to applicants. We hope to provide applicants a\nyes\nor\nno\nresponse and an approved budget allocation within one week of applying. No revised applications will be accepted for review.\nNote\n: Phase I applications will be reviewed every 2 weeks. While we are eager to fund excellent projects in a timely fashion, we anticipate that we will have funds to support proposals over the next few months.  Hence, we urge applicants to take the time necessary to hone their proposals before submitting.\nCompliance Requirements:\nAll SARS-CoV-2 research requires approval from the SARS-CoV-2 Essential Research Approval Committee (SERAC) and from your College-specific approval committee. SERAC review, if not already obtained, can be requested concurrent with submission of your proposal but must be submitted through the\nSERAC rapid research approval process\n. Additionally, you are required to fulfill any compliance obligations such as approval for your research activities through IACUC, IBC, IRB, etc., prior to allocation of funds. All research performed under this seed proposal mechanism is subject to all university policies pertaining to COVID-19.\nPhase II Process:\nIn order to be considered for Phase II funding, Phase I awardees will be required to submit a Progress Report and Phase II application within 6 weeks from the commencement of the research. This time frame can be negotiated through direct communication with the Review Committee Chair, especially if the proposed activities are expected to require more time to achieve initial goals, or if time is needed to obtain the necessary approvals. If a Phase II application is approved, remaining funds approved in the Phase I application will be dispersed. If rejected, the committed funds will go back into the pool. Phase II applications will consist of a single document, instructions for which will be issued later. All funds must be used within 6 months of the initial award, with extramural grant applications submitted within one year.\nFor questions and comments\n, please email\nCarmel Lee\nor\nPaula Cohen\n.\nNote: External funding related to COVID is being posted on the\nSARS-COV-2 COVID-19 Funding Opportunities and Agency Guidance\npage.\n3\nProcess\nSARS-CoV-2/COVID-19 Rapid Research Response\nResource\nSARS-CoV-2/COVID-19: Funding Opportunities & Agency Guidance\nResource\nSERAC (Now Closed)\nQuick Reference\nOffices\nCALS Sponsored Research Office\nCOI - Conflict of Interest\nCTL - Center for Technology Licensing\nCVM Research Office\nCorporate Engagement\nEHS - Environmental Health & Safety & Risk Management\nExport Controls Office\nFAIM - Faculty Advancing Inclusive Mentoring\nIACUC - Institutional Animal Care and Use\nIBC - Institutional Biosafety Committee\nIRB - Institutional Review Board\nIT Security & Policy\nORIA - Office of Research Integrity and Assurance\nOSP - Office of Sponsored Programs & Research Development\nPRO - Pre-Award Research Operations\nR&I - Cornell Research & Innovation\nRAIS - Research Administration Information Services\nRCR - Responsible Conduct of Research\nRDBSC - Research Division Business Service Center\nResearch Development (ReD)\nResearch Division Human Resources\nResearch Security Office\nSFS - Sponsored Financial Services\nUniversity Policy Office\nWCM - Office of Sponsored Research Administration (OSRA)\nEssential Tools & Resources\nFind My GCO\nInstitutional Profile & DUNS\nRates and budgets\nJoin List Servs\nResearch Development (ReD) Services\nFind Your Next Funding Opportunity\nRegister for Federal and Non-Federal Systems\nDisclose Foreign Collaborations and Support\nWeb Financials (WebFin2)\nExternal\nPI Dashboard\nExternal\nResearch Financials (formerly RA Dashboard)\nExternal\nRASS\nExternal\nIACUC applications (Cayuse Animal Management System)\nIBC applications (RASS-IBC)\nIRB Applications (RASS-IRB)\nExternal\nReport external interests (RASS-COI)\nRASS Access Request Form\naskEHS\nExternal\nCornell Data Services\nExternal\nTravel Registry\nExternal\nInternational research activities\nExternal\nTraining\nResearch metrics and executive dashboards\nRates\nForms\nPolicies\nContacts\nTraining\nEvents\nNews & Announcements\nPart of\n© 2019 Cornell University\nWeb Accessibility Help\nWas this page helpful?\n×\n×\nStatus message\nSorry...This form is closed to new submissions.\nScroll"
}