{
    "URL location": "https://researchservices.cornell.edu/events/nsf-webinar-understanding-rules-life-emerging-networks-urolen-solicitation",
    "Last modification date": "2025-04-18T03:27Z",
    "Change frequency": "monthly",
    "Priority": "0.8",
    "Scraped Text": "NSF Webinar: Understanding the Rules of Life: Emerging Networks (URoL:EN) Solicitation | Cornell Research Services\nSkip to main content\nFind guidance on funding and agency updates during the federal government transition\n(\nupdated 4/16/2025\n)\nResearch Services\nResearch Services\nEssential Tools\nClose\nFind My GCO\nRASS\nExternal\nInstitutional Profile & DUNS\nIACUC applications (Cayuse Animal Management)\nFind Your Next Funding Opportunity\nIBC Applications (RASS-IBC)\nResearch Development (ReD) Services\nIRB Applications (RASS-IRB)\nExternal\nRates and budgets\nReport external interests (RASS-COI)\nJoin List Servs\nRASS Access Request Form\nAsk EHS\nExternal\nWeb Financials (WebFin2)\nExternal\nCornell Data Services\nExternal\nPI Dashboard\nExternal\nTravel Registry\nExternal\nResearch Financials (formerly RA Dashboard)\nExternal\nInternational research activities\nExternal\nRegister for Federal and Non-Federal Systems\nDisclose Foreign Collaborations and Support\nResearch metrics & executive dashboards\nTraining\nSearch\nResearch Services\nSearch\nHome\nPrepare a Proposal\nClose\nResearch Development Services\nSubawards in a Proposal\nFind Your Next Funding Opportunity\nDisclose Foreign Collaborations and Support\nProposal Development, Review, and Submission\nPlanning for Animals, Human Participants, r/sNA, Hazardous Materials, Radiation\nBudgets, Costs, and Rates\nCollaborate with Weill Cornell Medicine\nManage a Project\nClose\nAward Negotiation and Finalization\nTravel and International Activities\nProject Finances\nProject Modifications\nResearch Project Staffing\nGet Confidential Info, Data, Equipment, or Materials\nManaging Subawards\nAnimals, Human Participants, r/sNA, Hazardous Materials, Radiation\nClose a Project\nClose\nProject Closeout Financials\nProject Closeout\nEnd a Project Early\nCorporate Partnership & Innovation\nClose\nProtecting an Invention, Creation, Discovery\nEntrepreneurial and Startup Company Resources\nGateway to Partnership Program\nEngaging with Industry\nCompliance, Ethics, Safety\nClose\nResponsible Conduct of Research (RCR)\nExport Controls\nResearch with Human Participants\nResearch Security\nWork with Live Vertebrate Animals\nResearch Safety\nRegulated Biological Materials in Research\nFinancial Management\nConflicts of Interest\nBreadcrumb\nHome\nEvents\nMarch 11, 2021\n2:00 pm\n-\n3:00 pm\nNSF Webinar: Understanding the Rules of Life: Emerging Networks (URoL:EN) Solicitation\nJoin NSF leaders on Thursday, March 11th from 2pm-3pm EST for a webinar on the new solicitation, Understanding the Rules of Life: Emerging Networks (URoL:EN, NSF 21-560). Program Officers will provide an introduction to the new cross-Directorate solicitation and representatives from the program will be available for questions.\nVirtual\nRegister here\nAs part of the\nUnderstanding the Rules of Life: Predicting Phenotype\n, one of ten “\nBig Ideas\n” NSF-wide, this new solicitation builds on previous URoL programs to help increase knowledge and the ability to predict an organism’s observable characteristics—its phenotype—from its genotype. Understanding the mechanisms at play in the interconnections between living organisms and their environments, across every biological scale, will provide vital insight into grand biological challenges, help advance biotechnology to spur the US bioeconomy, and aid in solving some of society’s issues, including the growing impacts of infectious disease and climate change. Investigators from across the biological sciences are encouraged to submit proposals in concert with researchers in other disciplines, including the mathematical and physical sciences, geosciences, computer and information sciences, engineering, and behavioral and social sciences.\nThis solicitation invites submission of convergent, cross-disciplinary research – including the biological sciences – to examine such rules, the outcomes of these interactions, and to aid in the prediction of emergent properties. The program also seeks to train STEM practitioners to contribute to this area of convergent research. Proposals under the solicitation should be submitted by May 10, 2021.\n1\nProcess\nResearch Development (ReD) Team\nFeatured\n1\nWorking with NSF\nOSP - Office of Sponsored Programs & Research Development, Research Development (ReD) Team, FAIM - Faculty Advancing Inclusive Mentoring\nNSF is the only federal agency whose mission includes support for all\nfundamental science and engineering fields\n, except for medical sciences. In addition to funding basic research through its core disciplinary programs, the NSF also provides support for facilities, equipment, instrumentation...\nRead more >\nQuick Reference\nOffices\nCALS Sponsored Research Office\nCOI - Conflict of Interest\nCTL - Center for Technology Licensing\nCVM Research Office\nCorporate Engagement\nEHS - Environmental Health & Safety & Risk Management\nExport Controls Office\nFAIM - Faculty Advancing Inclusive Mentoring\nIACUC - Institutional Animal Care and Use\nIBC - Institutional Biosafety Committee\nIRB - Institutional Review Board\nIT Security & Policy\nORIA - Office of Research Integrity and Assurance\nOSP - Office of Sponsored Programs & Research Development\nPRO - Pre-Award Research Operations\nR&I - Cornell Research & Innovation\nRAIS - Research Administration Information Services\nRCR - Responsible Conduct of Research\nRDBSC - Research Division Business Service Center\nResearch Development (ReD)\nResearch Division Human Resources\nResearch Security Office\nSFS - Sponsored Financial Services\nUniversity Policy Office\nWCM - Office of Sponsored Research Administration (OSRA)\nEssential Tools & Resources\nFind My GCO\nInstitutional Profile & DUNS\nRates and budgets\nJoin List Servs\nResearch Development (ReD) Services\nFind Your Next Funding Opportunity\nRegister for Federal and Non-Federal Systems\nDisclose Foreign Collaborations and Support\nWeb Financials (WebFin2)\nExternal\nPI Dashboard\nExternal\nResearch Financials (formerly RA Dashboard)\nExternal\nRASS\nExternal\nIACUC applications (Cayuse Animal Management System)\nIBC applications (RASS-IBC)\nIRB Applications (RASS-IRB)\nExternal\nReport external interests (RASS-COI)\nRASS Access Request Form\naskEHS\nExternal\nCornell Data Services\nExternal\nTravel Registry\nExternal\nInternational research activities\nExternal\nTraining\nResearch metrics and executive dashboards\nRates\nForms\nPolicies\nContacts\nTraining\nEvents\nNews & Announcements\nPart of\n© 2019 Cornell University\nWeb Accessibility Help\nWas this page helpful?\n×\n×\nStatus message\nSorry...This form is closed to new submissions.\nScroll"
}