{
    "URL location": "https://researchservices.cornell.edu/compliance/live-vertebrate-animal-research",
    "Last modification date": "2025-04-18T03:27Z",
    "Change frequency": "monthly",
    "Priority": "0.8",
    "Scraped Text": "Work with Live Vertebrate Animals | Cornell Research Services\nSkip to main content\nFind guidance on funding and agency updates during the federal government transition\n(\nupdated 4/16/2025\n)\nResearch Services\nResearch Services\nEssential Tools\nClose\nFind My GCO\nRASS\nExternal\nInstitutional Profile & DUNS\nIACUC applications (Cayuse Animal Management)\nFind Your Next Funding Opportunity\nIBC Applications (RASS-IBC)\nResearch Development (ReD) Services\nIRB Applications (RASS-IRB)\nExternal\nRates and budgets\nReport external interests (RASS-COI)\nJoin List Servs\nRASS Access Request Form\nAsk EHS\nExternal\nWeb Financials (WebFin2)\nExternal\nCornell Data Services\nExternal\nPI Dashboard\nExternal\nTravel Registry\nExternal\nResearch Financials (formerly RA Dashboard)\nExternal\nInternational research activities\nExternal\nRegister for Federal and Non-Federal Systems\nDisclose Foreign Collaborations and Support\nResearch metrics & executive dashboards\nTraining\nSearch\nResearch Services\nSearch\nHome\nPrepare a Proposal\nClose\nResearch Development Services\nSubawards in a Proposal\nFind Your Next Funding Opportunity\nDisclose Foreign Collaborations and Support\nProposal Development, Review, and Submission\nPlanning for Animals, Human Participants, r/sNA, Hazardous Materials, Radiation\nBudgets, Costs, and Rates\nCollaborate with Weill Cornell Medicine\nManage a Project\nClose\nAward Negotiation and Finalization\nTravel and International Activities\nProject Finances\nProject Modifications\nResearch Project Staffing\nGet Confidential Info, Data, Equipment, or Materials\nManaging Subawards\nAnimals, Human Participants, r/sNA, Hazardous Materials, Radiation\nClose a Project\nClose\nProject Closeout Financials\nProject Closeout\nEnd a Project Early\nCorporate Partnership & Innovation\nClose\nProtecting an Invention, Creation, Discovery\nEntrepreneurial and Startup Company Resources\nGateway to Partnership Program\nEngaging with Industry\nCompliance, Ethics, Safety\nClose\nResponsible Conduct of Research (RCR)\nExport Controls\nResearch with Human Participants\nResearch Security\nWork with Live Vertebrate Animals\nResearch Safety\nRegulated Biological Materials in Research\nFinancial Management\nConflicts of Interest\nBreadcrumb\nHome\nCompliance, Ethics, Safety\nWork with Live Vertebrate Animals\nIACUC System Login\nIACUC System Documentation and Support\nACUPS, Policies, Guidance\nContact the IACUC\nAnimal research at Cornell University is managed by the\nIACUC Office\n,\nCARE\n, and collaborating units.\nBefore purchasing animals or using animals for research, teaching or testing,\nyou must have an approved IACUC protocol.\nBefore your protocol can be approved,\nyou (and personnel working with you) must complete\nrequired training\n. Access the\nAALAS training\nwebsite.\nWho can Help?\nInstitutional Animal Care and Use Committee (IACUC)\n. The Cornell University IACUC reviews protocol applications and ensures compliance with the Animal Welfare Act and other regulatory bodies involving use of animals in research and in teaching.\nCenter for Animal Resources and Education (CARE)\n. CARE provides high quality animal care and veterinary services, and advises and educates researchers, staff and students on animal experimentation issues while promoting best practices for the responsible use of animals.\nProcedures and Policies\nBEFORE you get started\n, review the\nGetting Started with Live Vertebrate Animals page\n.\nAnimal Care and Use Procedures (ACUPs) and IACUC policies\nare your standard operating procedures. Cornell faculty, researchers and their staff, animal facility personnel, and students must comply with these procedures.\nRelated University Policies and Programs\nUniversity Policy 1.4, Care and Use of Live Vertebrate Animals in Research and Teaching\nUniversity Policy 8.6, Environment, Health, and Safety\nAnimal Users Health and Safety Program (AUHSP)\nhelps to identify health risks for you and your staff when using animals in research, teaching or testing. All animal users are automatically enrolled in AUHSP and need to complete AUHSP requirements before access to facilities and animals is granted.\n20\nOffice\nInstitutional Animal Care and Use Committee (IACUC) Office\nOffice\nCenter for Animal Resources and Education (CARE)\nProcess\nCompliance, Ethics, Safety\nTraining\nCARE Training and Education Services\nResource\nGet Started with Live Vertebrate Animals\nResource\nSubmit a New IACUC Protocol\nResource\nSubmit a third year renewal for existing IACUC protocol\nResource\nComplete your IACUC Annual Review\nResource\nAmend your IACUC Protocol\nResource\nAdd Personnel to an Approved IACUC Protocol\nResource\nReport an Animal Welfare Concern\nSee All\nQuick Reference\nOffices\nCALS Sponsored Research Office\nCOI - Conflict of Interest\nCTL - Center for Technology Licensing\nCVM Research Office\nCorporate Engagement\nEHS - Environmental Health & Safety & Risk Management\nExport Controls Office\nFAIM - Faculty Advancing Inclusive Mentoring\nIACUC - Institutional Animal Care and Use\nIBC - Institutional Biosafety Committee\nIRB - Institutional Review Board\nIT Security & Policy\nORIA - Office of Research Integrity and Assurance\nOSP - Office of Sponsored Programs & Research Development\nPRO - Pre-Award Research Operations\nR&I - Cornell Research & Innovation\nRAIS - Research Administration Information Services\nRCR - Responsible Conduct of Research\nRDBSC - Research Division Business Service Center\nResearch Development (ReD)\nResearch Division Human Resources\nResearch Security Office\nSFS - Sponsored Financial Services\nUniversity Policy Office\nWCM - Office of Sponsored Research Administration (OSRA)\nEssential Tools & Resources\nFind My GCO\nInstitutional Profile & DUNS\nRates and budgets\nJoin List Servs\nResearch Development (ReD) Services\nFind Your Next Funding Opportunity\nRegister for Federal and Non-Federal Systems\nDisclose Foreign Collaborations and Support\nWeb Financials (WebFin2)\nExternal\nPI Dashboard\nExternal\nResearch Financials (formerly RA Dashboard)\nExternal\nRASS\nExternal\nIACUC applications (Cayuse Animal Management System)\nIBC applications (RASS-IBC)\nIRB Applications (RASS-IRB)\nExternal\nReport external interests (RASS-COI)\nRASS Access Request Form\naskEHS\nExternal\nCornell Data Services\nExternal\nTravel Registry\nExternal\nInternational research activities\nExternal\nTraining\nResearch metrics and executive dashboards\nRates\nForms\nPolicies\nContacts\nTraining\nEvents\nNews & Announcements\nPart of\n© 2019 Cornell University\nWeb Accessibility Help\nWas this page helpful?\n×\n×\nStatus message\nSorry...This form is closed to new submissions.\nScroll"
}