{
    "URL location": "https://researchservices.cornell.edu/resources/amendment-subaward-agreements",
    "Last modification date": "2025-04-18T03:27Z",
    "Change frequency": "monthly",
    "Priority": "0.8",
    "Scraped Text": "Amendment to Subaward Agreements | Cornell Research Services\nSkip to main content\nFind guidance on funding and agency updates during the federal government transition\n(\nupdated 4/16/2025\n)\nResearch Services\nResearch Services\nEssential Tools\nClose\nFind My GCO\nRASS\nExternal\nInstitutional Profile & DUNS\nIACUC applications (Cayuse Animal Management)\nFind Your Next Funding Opportunity\nIBC Applications (RASS-IBC)\nResearch Development (ReD) Services\nIRB Applications (RASS-IRB)\nExternal\nRates and budgets\nReport external interests (RASS-COI)\nJoin List Servs\nRASS Access Request Form\nAsk EHS\nExternal\nWeb Financials (WebFin2)\nExternal\nCornell Data Services\nExternal\nPI Dashboard\nExternal\nTravel Registry\nExternal\nResearch Financials (formerly RA Dashboard)\nExternal\nInternational research activities\nExternal\nRegister for Federal and Non-Federal Systems\nDisclose Foreign Collaborations and Support\nResearch metrics & executive dashboards\nTraining\nSearch\nResearch Services\nSearch\nHome\nPrepare a Proposal\nClose\nResearch Development Services\nSubawards in a Proposal\nFind Your Next Funding Opportunity\nDisclose Foreign Collaborations and Support\nProposal Development, Review, and Submission\nPlanning for Animals, Human Participants, r/sNA, Hazardous Materials, Radiation\nBudgets, Costs, and Rates\nCollaborate with Weill Cornell Medicine\nManage a Project\nClose\nAward Negotiation and Finalization\nTravel and International Activities\nProject Finances\nProject Modifications\nResearch Project Staffing\nGet Confidential Info, Data, Equipment, or Materials\nManaging Subawards\nAnimals, Human Participants, r/sNA, Hazardous Materials, Radiation\nClose a Project\nClose\nProject Closeout Financials\nProject Closeout\nEnd a Project Early\nCorporate Partnership & Innovation\nClose\nProtecting an Invention, Creation, Discovery\nEntrepreneurial and Startup Company Resources\nGateway to Partnership Program\nEngaging with Industry\nCompliance, Ethics, Safety\nClose\nResponsible Conduct of Research (RCR)\nExport Controls\nResearch with Human Participants\nResearch Security\nWork with Live Vertebrate Animals\nResearch Safety\nRegulated Biological Materials in Research\nFinancial Management\nConflicts of Interest\nBreadcrumb\nHome\nresources\nAmendment to Subaward Agreements\nRelated Pages:\nManaging Subawards\nIn most cases, the terms and conditions of a subaward will remain unchanged for the duration of the subaward. However, during the term of a subaward, it may be necessary to change or modify one or more of the terms and conditions of the subaward.\nAmendments to the subaward, such as time extensions, rebudgeting or fund changes are accomplished by an amendment to the subaward.\nSome changes, such as scope of work or PI may require sponsor approval before an amendment can be issued.\nRequests for changes should be submitted by the subrecipient's authorized official to the unit administrator, have the approval of the Cornell PI, and where appropriate, the prior approval of the prime sponsor.\nIf prime sponsor prior approval is required, the unit submits a modification request on the prime award in RASS and the GCO will request sponsor approval for the change.\nThe request to change the subaward is submitted by the unit to OSP via RASS.\nNote\n: If there is a change in the total estimated cost, a revised budget must be incorporated with the amendment.\nThe Subaward Team review\ns\nthe subaward modification request for accuracy and completeness and approve\ns\nthe request or\nreturn\ns\nit\nto the unit for\nmodification\n.\nOnce the modification request is approved, the Subaward Team\n:\nD\netermines the appropriate subaward amendment template,\nR\neviews the prime award and prime sponsor guidelines\nand regulations\nto determine if\nany\nchange\ns\nimpact the subaward\n.\nReviews the subrecipient monitoring information currently on file and obtains and reviews any updated information as needed, including, but not limited to, the most recent audit, subrecipient profile, and/or federally negotiated rate agreement.\nDetermines if any current subrecipient monitoring information impacts the risk rating of the subrecipient and updates Cornell’s records accordingly.\nI\nncorporate\nany\nchanges into the subagreement amendment document.\nD\nraft\ns\nthe amendment\nand negotiates terms, if necessary.\nExecutes and distributes the amendment\n.\n19\nResource\nProposing a Subaward\nResource\nSubawards: Roles and Responsibilities\nResource\nIssuing the Subaward Agreement\nResource\nSubaward Closeout\nResource\nPayments to Subrecipients on Sponsored Projects\nResource\nSubawards: Risk Assessment\nResource\nSubrecipient Monitoring: Financial and Technical\nResource\nFederal Demonstration Partnership (FDP) Expanded Clearinghouse Program\nForm\nSubcontractor Commitment Form\nProcess\nCollaborating with Weill Cornell Medicine\nSee All\nQuick Reference\nOffices\nCALS Sponsored Research Office\nCOI - Conflict of Interest\nCTL - Center for Technology Licensing\nCVM Research Office\nCorporate Engagement\nEHS - Environmental Health & Safety & Risk Management\nExport Controls Office\nFAIM - Faculty Advancing Inclusive Mentoring\nIACUC - Institutional Animal Care and Use\nIBC - Institutional Biosafety Committee\nIRB - Institutional Review Board\nIT Security & Policy\nORIA - Office of Research Integrity and Assurance\nOSP - Office of Sponsored Programs & Research Development\nPRO - Pre-Award Research Operations\nR&I - Cornell Research & Innovation\nRAIS - Research Administration Information Services\nRCR - Responsible Conduct of Research\nRDBSC - Research Division Business Service Center\nResearch Development (ReD)\nResearch Division Human Resources\nResearch Security Office\nSFS - Sponsored Financial Services\nUniversity Policy Office\nWCM - Office of Sponsored Research Administration (OSRA)\nEssential Tools & Resources\nFind My GCO\nInstitutional Profile & DUNS\nRates and budgets\nJoin List Servs\nResearch Development (ReD) Services\nFind Your Next Funding Opportunity\nRegister for Federal and Non-Federal Systems\nDisclose Foreign Collaborations and Support\nWeb Financials (WebFin2)\nExternal\nPI Dashboard\nExternal\nResearch Financials (formerly RA Dashboard)\nExternal\nRASS\nExternal\nIACUC applications (Cayuse Animal Management System)\nIBC applications (RASS-IBC)\nIRB Applications (RASS-IRB)\nExternal\nReport external interests (RASS-COI)\nRASS Access Request Form\naskEHS\nExternal\nCornell Data Services\nExternal\nTravel Registry\nExternal\nInternational research activities\nExternal\nTraining\nResearch metrics and executive dashboards\nRates\nForms\nPolicies\nContacts\nTraining\nEvents\nNews & Announcements\nPart of\n© 2019 Cornell University\nWeb Accessibility Help\nWas this page helpful?\n×\n×\nStatus message\nSorry...This form is closed to new submissions.\nScroll"
}