{
    "URL location": "https://researchservices.cornell.edu/training/attestation-policy-421-research-data-retention-and-policy-422-export-and-import-control",
    "Last modification date": "2025-04-18T03:27Z",
    "Change frequency": "monthly",
    "Priority": "0.8",
    "Scraped Text": "Attestation for Policy 4.21 Research Data Retention and Policy 4.22 Export and Import Control Compliance | Cornell Research Services\nSkip to main content\nFind guidance on funding and agency updates during the federal government transition\n(\nupdated 4/16/2025\n)\nResearch Services\nResearch Services\nEssential Tools\nClose\nFind My GCO\nRASS\nExternal\nInstitutional Profile & DUNS\nIACUC applications (Cayuse Animal Management)\nFind Your Next Funding Opportunity\nIBC Applications (RASS-IBC)\nResearch Development (ReD) Services\nIRB Applications (RASS-IRB)\nExternal\nRates and budgets\nReport external interests (RASS-COI)\nJoin List Servs\nRASS Access Request Form\nAsk EHS\nExternal\nWeb Financials (WebFin2)\nExternal\nCornell Data Services\nExternal\nPI Dashboard\nExternal\nTravel Registry\nExternal\nResearch Financials (formerly RA Dashboard)\nExternal\nInternational research activities\nExternal\nRegister for Federal and Non-Federal Systems\nDisclose Foreign Collaborations and Support\nResearch metrics & executive dashboards\nTraining\nSearch\nResearch Services\nSearch\nHome\nPrepare a Proposal\nClose\nResearch Development Services\nSubawards in a Proposal\nFind Your Next Funding Opportunity\nDisclose Foreign Collaborations and Support\nProposal Development, Review, and Submission\nPlanning for Animals, Human Participants, r/sNA, Hazardous Materials, Radiation\nBudgets, Costs, and Rates\nCollaborate with Weill Cornell Medicine\nManage a Project\nClose\nAward Negotiation and Finalization\nTravel and International Activities\nProject Finances\nProject Modifications\nResearch Project Staffing\nGet Confidential Info, Data, Equipment, or Materials\nManaging Subawards\nAnimals, Human Participants, r/sNA, Hazardous Materials, Radiation\nClose a Project\nClose\nProject Closeout Financials\nProject Closeout\nEnd a Project Early\nCorporate Partnership & Innovation\nClose\nProtecting an Invention, Creation, Discovery\nEntrepreneurial and Startup Company Resources\nGateway to Partnership Program\nEngaging with Industry\nCompliance, Ethics, Safety\nClose\nResponsible Conduct of Research (RCR)\nExport Controls\nResearch with Human Participants\nResearch Security\nWork with Live Vertebrate Animals\nResearch Safety\nRegulated Biological Materials in Research\nFinancial Management\nConflicts of Interest\nBreadcrumb\nHome\nTraining\nAttestation for Policy 4.21 Research Data Retention and Policy 4.22 Export and Import Control Compliance\nPolicy 4.22 Export and Import Control Compliance\nPolicy 4.21 Research Data Retention\nTo fulfill the attestation requirements, complete Workday courses, RSRCH-OVPRI-Policy 4.21 Research Data Retention, and RSRCH-OVPRI Policy 4.22, Export and Import Control Compliance. These courses will take about 5 minutes each.\nInstructions for launching the course:  There are several different ways to launch the courses and complete your attestations for each course:\n1. Click the links:\nRSRCH-OVPRI-Policy 4.21, Research Data Retention\nRSRCH-OVPRI-Policy 4.22, Export and Import Control Compliance\n2. Copy and paste the course links above into your browser\nThe University is committed to supporting, fostering, and providing the required infrastructure to develop and sustain high-quality research. As described in Policies 4.21 and 4.22, there are several Cornell resources available to help you, they are listed here for as a reminder. It is not necessary to review any of these resources in order to take the courses and make the attestations.\nResearch Data Management Service Group\nprovides expertise in all facets of data retention, from developing data management plans, to providing guidance on storage, sharing, archival and disposition of data.\nExport Controls Office\nsupports the University community in understanding and complying with export control laws and regulations.\nResponsible Conduct of Research Office\nprovides guidance on educational training to promote and support the ethical and responsible conduct of research across all disciplines.\nOffice of Research Integrity and Assurance\nprovides administrative support to multiple compliance functions (Institutional Animal Care and Use Committee, Institutional Biosafety Committee, Institutional Review Board for Human Participants, Conflicts of Interest, Responsible Conduct of Research, and Export Controls).\nThe Office of Sponsored Programs\nprovides expertise in assuring collaborative agreements comply with requirements directed by sponsored funds and the needs of the investigators.\nThe Office of General Counsel\nprovides guidance and advice on developing agreements between researchers and external organizations to assure researchers’ interests are addressed and comply with Cornell policy.\nCenter for Technology Licensing\nprovides expertise and vast experience regarding technology transfer agreements and works closely with the Export Controls Office for export control matters.\nEnvironment, Health and Safety\nprovides technical assistance on import permits and assists the Export Controls Office in identifying licensable international shipments and obtaining required paperwork.\nOffice of the Vice Provost for International Affairs\nis responsible for maintaining and administering the Cornell International Travel Registry, non-sponsored international collaborative agreements, requests for travel to Cuba, and other international support services.\nThank you for your commitment and awareness to these important issues. If you have any questions or need guidance, please email:\ncrco_compliance@cornell.edu\n.\nQuick Reference\nOffices\nCALS Sponsored Research Office\nCOI - Conflict of Interest\nCTL - Center for Technology Licensing\nCVM Research Office\nCorporate Engagement\nEHS - Environmental Health & Safety & Risk Management\nExport Controls Office\nFAIM - Faculty Advancing Inclusive Mentoring\nIACUC - Institutional Animal Care and Use\nIBC - Institutional Biosafety Committee\nIRB - Institutional Review Board\nIT Security & Policy\nORIA - Office of Research Integrity and Assurance\nOSP - Office of Sponsored Programs & Research Development\nPRO - Pre-Award Research Operations\nR&I - Cornell Research & Innovation\nRAIS - Research Administration Information Services\nRCR - Responsible Conduct of Research\nRDBSC - Research Division Business Service Center\nResearch Development (ReD)\nResearch Division Human Resources\nResearch Security Office\nSFS - Sponsored Financial Services\nUniversity Policy Office\nWCM - Office of Sponsored Research Administration (OSRA)\nEssential Tools & Resources\nFind My GCO\nInstitutional Profile & DUNS\nRates and budgets\nJoin List Servs\nResearch Development (ReD) Services\nFind Your Next Funding Opportunity\nRegister for Federal and Non-Federal Systems\nDisclose Foreign Collaborations and Support\nWeb Financials (WebFin2)\nExternal\nPI Dashboard\nExternal\nResearch Financials (formerly RA Dashboard)\nExternal\nRASS\nExternal\nIACUC applications (Cayuse Animal Management System)\nIBC applications (RASS-IBC)\nIRB Applications (RASS-IRB)\nExternal\nReport external interests (RASS-COI)\nRASS Access Request Form\naskEHS\nExternal\nCornell Data Services\nExternal\nTravel Registry\nExternal\nInternational research activities\nExternal\nTraining\nResearch metrics and executive dashboards\nRates\nForms\nPolicies\nContacts\nTraining\nEvents\nNews & Announcements\nPart of\n© 2019 Cornell University\nWeb Accessibility Help\nWas this page helpful?\n×\n×\nStatus message\nSorry...This form is closed to new submissions.\nScroll"
}