{
    "URL location": "https://researchservices.cornell.edu/resources/irb-newsletter-fall-2021",
    "Last modification date": "2025-04-18T03:27Z",
    "Change frequency": "monthly",
    "Priority": "0.8",
    "Scraped Text": "IRB Newsletter Fall 2021 | Cornell Research Services\nSkip to main content\nFind guidance on funding and agency updates during the federal government transition\n(\nupdated 4/16/2025\n)\nResearch Services\nResearch Services\nEssential Tools\nClose\nFind My GCO\nRASS\nExternal\nInstitutional Profile & DUNS\nIACUC applications (Cayuse Animal Management)\nFind Your Next Funding Opportunity\nIBC Applications (RASS-IBC)\nResearch Development (ReD) Services\nIRB Applications (RASS-IRB)\nExternal\nRates and budgets\nReport external interests (RASS-COI)\nJoin List Servs\nRASS Access Request Form\nAsk EHS\nExternal\nWeb Financials (WebFin2)\nExternal\nCornell Data Services\nExternal\nPI Dashboard\nExternal\nTravel Registry\nExternal\nResearch Financials (formerly RA Dashboard)\nExternal\nInternational research activities\nExternal\nRegister for Federal and Non-Federal Systems\nDisclose Foreign Collaborations and Support\nResearch metrics & executive dashboards\nTraining\nSearch\nResearch Services\nSearch\nHome\nPrepare a Proposal\nClose\nResearch Development Services\nSubawards in a Proposal\nFind Your Next Funding Opportunity\nDisclose Foreign Collaborations and Support\nProposal Development, Review, and Submission\nPlanning for Animals, Human Participants, r/sNA, Hazardous Materials, Radiation\nBudgets, Costs, and Rates\nCollaborate with Weill Cornell Medicine\nManage a Project\nClose\nAward Negotiation and Finalization\nTravel and International Activities\nProject Finances\nProject Modifications\nResearch Project Staffing\nGet Confidential Info, Data, Equipment, or Materials\nManaging Subawards\nAnimals, Human Participants, r/sNA, Hazardous Materials, Radiation\nClose a Project\nClose\nProject Closeout Financials\nProject Closeout\nEnd a Project Early\nCorporate Partnership & Innovation\nClose\nProtecting an Invention, Creation, Discovery\nEntrepreneurial and Startup Company Resources\nGateway to Partnership Program\nEngaging with Industry\nCompliance, Ethics, Safety\nClose\nResponsible Conduct of Research (RCR)\nExport Controls\nResearch with Human Participants\nResearch Security\nWork with Live Vertebrate Animals\nResearch Safety\nRegulated Biological Materials in Research\nFinancial Management\nConflicts of Interest\nBreadcrumb\nHome\nresources\nIRB Newsletter Fall 2021\nPublished 10/28/2021\nGreetings, Cornell research community! We hope your semester is off to a promising start. As we move further into fall, we want to inform you about some updates regarding in-person human research studies and other things going on in the Cornell IRB world.\nCONTENTS\n1. Updated IRB guidance on research during the COVID-19 pandemic\n2. New online IRB system in development\n3. Tips on submitting a new protocol application\n1. Updated IRB guidance on research during the COVID-19 pandemic\nWe recently updated our\nguidance for researchers conducting on-campus human participant research during the COVID-19 pandemic\n. This guidance is a living document and will continue to be updated periodically as New York State and Cornell University public health restrictions change. We encourage all researchers to review the document, as well as the\nIRB COVID-19 FAQs webpage\n. Below are some changes we want to highlight:\nResearchers and study participants generally must adhere to the same campus-wide public health requirements as other Cornell community members and visitors to campus. Learn about Cornell’s current face masking and physical distancing requirements on the main\nCornell COVID-19 Response website\n.\nIf your human participant research project involves procedures that don't meet the campus public health requirements, then the protocol will need additional review from EHS (Environment, Health and Safety). Please reach out to the IRB team, and we will help facilitate this review.\nAs part of revising IRB guidance for research during the pandemic, the\nSample Study Participant COVID-19 Information Sheet\nand the\nStudy Participant Self-Screening Attestation\nhave been updated. They can also be found at the bottom of the\nIRB COVID-19 guidance webpage\n.\n2. New online IRB system in development\nWe are very excited to announce that a new online IRB protocol management system is being developed! It is being built on the same platform as the Sponsored Research system (called the\nResearch Administration Support System\n, aka RASS). We anticipate transitioning to the new system in 2022. The new system will help streamline many of the IRB submission and review processes, making it easier to keep track of your protocols and communications with the IRB administrative team, and hopefully shorten review times, as well.\nThere is still a lot of work to be done prior to launching the new system, and we will be in touch with the research community more often in the coming months. Please keep an eye out for updates. If you are interested in helping us test the new system, please email us at\nirbhp@cornell.edu\n. We have also been working hard to clean up the protocol records in our current system in order to prepare to migrate the data to the new system; some of you may have already heard about this project over the summer, when we were emailing investigators about closing older protocols. If you have any other protocol that can be closed*, please email\nirbhp@cornell.edu\nto let us know. The fewer protocols we migrate to the new system, the easier the migration and data validation process will be. Thank you for your support and assistance!\n*IRB Protocols can be closed if they meet the following criteria:\n1. Any enrollment of participants is permanently closed;\n2. All participant interventions and interactions are complete, including collection of long-term follow-up data/samples;\n3. No additional identifiable private information will be obtained; and\n4. Any analysis of identifiable private information is complete.\nNote: Once an IRB protocol has been closed, investigators may continue to perform data analysis, manuscript preparation, and publication activities, as long as identifiable information is NOT being accessed. Data and samples—including identifiable private information—may be kept after a protocol has been closed, in accordance with the IRB-approved research plan and informed consent documents. If you plan to use those identifiable data/samples for future research, you must obtain IRB approval prior to beginning the new research project.\n3. Tips on submitting a new protocol application\nWhether you are new to human subjects research or have past experience with the IRB, we hope these tips will help to guide you through the IRB application process:\nThe Forms\n– We are currently using a paper-based process, so all application forms are available for download on our website. The forms can be digitally filled out, and then attached in an email sent to\nirbhp@cornell.edu\n. You can find the\nnew protocol application form\nhere\n(which should be used for all protocol review types, including those that may be exempt), and the\namendment request form\nhere\n.\nDecision Tree\n– When preparing a new project, consult the\nHuman Subjects Decision Tree\nto determine whether your project requires any sort of IRB review. This tree is designed to give you better understanding of how Human Research Protection Program staff determine whether projects meet the regulatory definition of human subjects research. As always, check with the IRB team (\nirbhp@cornell.edu\n) if you have questions or if you need an official determination.\nReview/Approval Times\n– Please expect,\nat minimum\n, 2-3 weeks for exempt reviews, 3-4 weeks for expedited reviews, 2-3 weeks for exempt or expedited amendments, and 4-6 weeks for all full board reviews. We are a small team that handles 125 submissions, on average, each month. We appreciate your continued patience.\nTraining\n– Have all members of your research team complete the online\nhuman subjects research ethics\ntraining\n, ideally prior to submission of your application.\nNote: while the training is currently not required for exempt research, we always strongly recommend it, regardless of review level\n.\nFor students,\nconsult your faculty advisor\nin designing your study, as well as for review and sign-off on the final IRB protocol application and research materials. You must include your advisor’s signature on the application form, or their attestation via email, when submitting a new protocol, amendment, or request for continuing review.\nConsult the\nIRB FAQs\nto inform your study design and materials. Consult the\nIRB COVID-19 FAQs\nto inform your research activities during the COVID-19 pandemic.\nWhat to submit with your IRB application:\nA completed application form with a clear description of your research and procedures\nInformed consent form/script (translations as needed)\nResearch instruments (surveys, questionnaires, interview scripts, SOPs)\nRecruitment materials (flyers, posters, emails, online messages, verbal scripts)\nDocumentation of approval/support for research being conducted at other locations (e.g., in high schools, at a library, etc.)\nAs always, reach out to the IRB Team (\nirbhp@cornell.edu\n) if you have any questions or concerns related to the application process or your project.\n2\nProcess\nResearch with Human Participants\nOffice\nInstitutional Review Board for Human Participant Research (IRB) Office\nQuick Reference\nOffices\nCALS Sponsored Research Office\nCOI - Conflict of Interest\nCTL - Center for Technology Licensing\nCVM Research Office\nCorporate Engagement\nEHS - Environmental Health & Safety & Risk Management\nExport Controls Office\nFAIM - Faculty Advancing Inclusive Mentoring\nIACUC - Institutional Animal Care and Use\nIBC - Institutional Biosafety Committee\nIRB - Institutional Review Board\nIT Security & Policy\nORIA - Office of Research Integrity and Assurance\nOSP - Office of Sponsored Programs & Research Development\nPRO - Pre-Award Research Operations\nR&I - Cornell Research & Innovation\nRAIS - Research Administration Information Services\nRCR - Responsible Conduct of Research\nRDBSC - Research Division Business Service Center\nResearch Development (ReD)\nResearch Division Human Resources\nResearch Security Office\nSFS - Sponsored Financial Services\nUniversity Policy Office\nWCM - Office of Sponsored Research Administration (OSRA)\nEssential Tools & Resources\nFind My GCO\nInstitutional Profile & DUNS\nRates and budgets\nJoin List Servs\nResearch Development (ReD) Services\nFind Your Next Funding Opportunity\nRegister for Federal and Non-Federal Systems\nDisclose Foreign Collaborations and Support\nWeb Financials (WebFin2)\nExternal\nPI Dashboard\nExternal\nResearch Financials (formerly RA Dashboard)\nExternal\nRASS\nExternal\nIACUC applications (Cayuse Animal Management System)\nIBC applications (RASS-IBC)\nIRB Applications (RASS-IRB)\nExternal\nReport external interests (RASS-COI)\nRASS Access Request Form\naskEHS\nExternal\nCornell Data Services\nExternal\nTravel Registry\nExternal\nInternational research activities\nExternal\nTraining\nResearch metrics and executive dashboards\nRates\nForms\nPolicies\nContacts\nTraining\nEvents\nNews & Announcements\nPart of\n© 2019 Cornell University\nWeb Accessibility Help\nWas this page helpful?\n×\n×\nStatus message\nSorry...This form is closed to new submissions.\nScroll"
}