{
    "URL location": "https://researchservices.cornell.edu/research-development",
    "Last modification date": "2025-04-18T03:27Z",
    "Change frequency": "monthly",
    "Priority": "0.8",
    "Scraped Text": "Research Development (ReD) Team | Cornell Research Services\nSkip to main content\nFind guidance on funding and agency updates during the federal government transition\n(\nupdated 4/16/2025\n)\nResearch Services\nResearch Services\nEssential Tools\nClose\nFind My GCO\nRASS\nExternal\nInstitutional Profile & DUNS\nIACUC applications (Cayuse Animal Management)\nFind Your Next Funding Opportunity\nIBC Applications (RASS-IBC)\nResearch Development (ReD) Services\nIRB Applications (RASS-IRB)\nExternal\nRates and budgets\nReport external interests (RASS-COI)\nJoin List Servs\nRASS Access Request Form\nAsk EHS\nExternal\nWeb Financials (WebFin2)\nExternal\nCornell Data Services\nExternal\nPI Dashboard\nExternal\nTravel Registry\nExternal\nResearch Financials (formerly RA Dashboard)\nExternal\nInternational research activities\nExternal\nRegister for Federal and Non-Federal Systems\nDisclose Foreign Collaborations and Support\nResearch metrics & executive dashboards\nTraining\nSearch\nResearch Services\nSearch\nHome\nPrepare a Proposal\nClose\nResearch Development Services\nSubawards in a Proposal\nFind Your Next Funding Opportunity\nDisclose Foreign Collaborations and Support\nProposal Development, Review, and Submission\nPlanning for Animals, Human Participants, r/sNA, Hazardous Materials, Radiation\nBudgets, Costs, and Rates\nCollaborate with Weill Cornell Medicine\nManage a Project\nClose\nAward Negotiation and Finalization\nTravel and International Activities\nProject Finances\nProject Modifications\nResearch Project Staffing\nGet Confidential Info, Data, Equipment, or Materials\nManaging Subawards\nAnimals, Human Participants, r/sNA, Hazardous Materials, Radiation\nClose a Project\nClose\nProject Closeout Financials\nProject Closeout\nEnd a Project Early\nCorporate Partnership & Innovation\nClose\nProtecting an Invention, Creation, Discovery\nEntrepreneurial and Startup Company Resources\nGateway to Partnership Program\nEngaging with Industry\nCompliance, Ethics, Safety\nClose\nResponsible Conduct of Research (RCR)\nExport Controls\nResearch with Human Participants\nResearch Security\nWork with Live Vertebrate Animals\nResearch Safety\nRegulated Biological Materials in Research\nFinancial Management\nConflicts of Interest\nBreadcrumb\nHome\nPrepare a Proposal\nLimited Submissions\nFind Your Next Funding Opportunity\nResearch Concierge Service\nEarly Career Faculty Research Funding\nGrant Writing Training and Resources\nPrevious\nNext\nRelated Pages:\nNSF Broader Impacts Resources\nEarly Career Faculty Research Funding\nEarly Career Faculty Research Funding\nCornell's Research Development (ReD) Team promotes and facilitates research and innovation across the Ithaca campus, AgriTech, Cornell Tech, and Weill Cornell Medicine. We provide a range of services to help researchers enhance their skills as effective communicators, as grant proposal writers, and as advocates for their research.\nServices\nCornell's ReD Team plays a crucial role in supporting and advancing research activities among Cornell's faculty, particularly in developing compelling grant proposals to fund research programs and projects. The team works collaboratively with other college-based research development staff. It operates under the direction of the Office of the Vice President for Research & Innovation.\nOur key elements supporting Cornell's research and translation community include:\nProposal Development Services*\nHelp research faculty develop funding priorities and identify potential sponsors\nFacilitate collaborations\nProvide assistance with proposal strategy and grantsmanship\nAssist with the development of Broader Impacts plans and community partnerships\nCoordinate letters of support and other ancillary documents for proposal submissions\nReview and edit grant proposal narratives\nHelp faculty navigate the grant proposal submission process in coordination with their Research Administrator and Grant & Contract Officer\nProvide project management services for large, complex grants with budgets of $2M/yr (coordinating milestones, internal deadlines, meetings, e-mail reminders, etc.). Note that the proposed budget is an imperfect correlate with the proposal complexity and proposed program complexity that varies among research fields; this filter is used with appropriate discretion by ReD Team.\nStrategic Research Advancement\nCollaborate with leadership to identify areas of faculty-driven research benefiting from a focus on external sponsorship or partnership\nManage the Limited Submissions Program, important when sponsors choose to limit the number of submissions from Cornell\nResearch Development Outreach\nDisseminate funding and engagement opportunities\nPromote activities to foster interdisciplinary research within and across Cornell campuses\nProvide specialized training, such as workshops for early career faculty and agency-specific trainings (e.g., NSF CAREER, DOD, NIH, and Foundations)\n*Proposal development services are primarily for research faculty/teams submitting complex multidisciplinary proposals (e.g., center and training grants). In addition, we work with early career faculty submitting to external funding opportunities. As time permits, we also support individual researchers submitting single PI or more narrowly scoped research proposals.\nAttention Faculty Members: Need help with your research proposal? Book a consultation to discuss funding opportunities, research partnerships, and proposal development strategies. This service is exclusively for university faculty.\nTo discuss your research development needs or to inquire about our services, please email us at\nresearch_development@cornell.edu\n.\nJoin the CU-RES-ADMIN mailing list\nto receive funding opportunities and other research related announcements.\nExpand All\nAbout Research Development Services\nAn initiative launched in 2016 by the Office of Vice President for Research and Innovation (OVPRI) and the Office of Sponsored Programs (OSP), Research Development Services (RD) was established to provide dedicated services to help faculty pursue large, collaborative, team science-focused awards. RD catalyzes capacity-building activities, research collaboration, diversity, and pipeline growth, which complements the administrative management of proposals by grant administrators.\n11\nResource\nGrant Writing Resources at Cornell\nResource\nLimited Submissions Funding Opportunities\nResource\nWorking with DoD\nResource\nWorking with NSF\nResource\nWorking with NIH\nResource\nFoundation Funding\nResource\nNSF CAREER Proposal Tool Kit\nProcess\nPrepare a Proposal\nResource\nDoD Funding for Early Career Faculty\nResource\nNSF Broader Impacts Resources\nResource\nResearch Concierge Service\nFeatured\n1\n2025 NSF CAREER Workshop and Faculty Panel\nApril 10\n2:00 PM  - 3:30 PM\nHosted by Cornell Research & Innovation's Research Development (ReD) and the Office of Faculty Development and Diversity (OFDD)This workshop is intended for assistant professors who plan to submit a new or resubmission proposal to the NSF Faculty Early Career Development Program (CAREER) in July...\nRead more >\nQuick Reference\nOffices\nCALS Sponsored Research Office\nCOI - Conflict of Interest\nCTL - Center for Technology Licensing\nCVM Research Office\nCorporate Engagement\nEHS - Environmental Health & Safety & Risk Management\nExport Controls Office\nFAIM - Faculty Advancing Inclusive Mentoring\nIACUC - Institutional Animal Care and Use\nIBC - Institutional Biosafety Committee\nIRB - Institutional Review Board\nIT Security & Policy\nORIA - Office of Research Integrity and Assurance\nOSP - Office of Sponsored Programs & Research Development\nPRO - Pre-Award Research Operations\nR&I - Cornell Research & Innovation\nRAIS - Research Administration Information Services\nRCR - Responsible Conduct of Research\nRDBSC - Research Division Business Service Center\nResearch Development (ReD)\nResearch Division Human Resources\nResearch Security Office\nSFS - Sponsored Financial Services\nUniversity Policy Office\nWCM - Office of Sponsored Research Administration (OSRA)\nEssential Tools & Resources\nFind My GCO\nInstitutional Profile & DUNS\nRates and budgets\nJoin List Servs\nResearch Development (ReD) Services\nFind Your Next Funding Opportunity\nRegister for Federal and Non-Federal Systems\nDisclose Foreign Collaborations and Support\nWeb Financials (WebFin2)\nExternal\nPI Dashboard\nExternal\nResearch Financials (formerly RA Dashboard)\nExternal\nRASS\nExternal\nIACUC applications (Cayuse Animal Management System)\nIBC applications (RASS-IBC)\nIRB Applications (RASS-IRB)\nExternal\nReport external interests (RASS-COI)\nRASS Access Request Form\naskEHS\nExternal\nCornell Data Services\nExternal\nTravel Registry\nExternal\nInternational research activities\nExternal\nTraining\nResearch metrics and executive dashboards\nRates\nForms\nPolicies\nContacts\nTraining\nEvents\nNews & Announcements\nPart of\n© 2019 Cornell University\nWeb Accessibility Help\nWas this page helpful?\n×\n×\nStatus message\nSorry...This form is closed to new submissions.\nScroll\n\nTable:\n | \n--- | ---\nGayle FaganAssociate Director, Research Development (ReD)T: 607-255-6841 E:gcf37@cornell.edu | Liz DiazSenior Research Development Specialist & Limited Submissions ManagerT: 607-255-4895 E:emd239@cornell.edu\nTiffany FlemingCALS Research DevelopmentT:(607) 255-1890E:tfleming@cornell.edu | Molly TowneCVM Research DevelopmentE:mas357@cornell.edu>\n"
}