{
    "URL location": "https://researchservices.cornell.edu/resources/policies-permits-and-resources-ibc",
    "Last modification date": "2025-04-18T03:27Z",
    "Change frequency": "monthly",
    "Priority": "0.8",
    "Scraped Text": "Policies, Permits, and Resources for the IBC | Cornell Research Services\nSkip to main content\nFind guidance on funding and agency updates during the federal government transition\n(\nupdated 4/16/2025\n)\nResearch Services\nResearch Services\nEssential Tools\nClose\nFind My GCO\nRASS\nExternal\nInstitutional Profile & DUNS\nIACUC applications (Cayuse Animal Management)\nFind Your Next Funding Opportunity\nIBC Applications (RASS-IBC)\nResearch Development (ReD) Services\nIRB Applications (RASS-IRB)\nExternal\nRates and budgets\nReport external interests (RASS-COI)\nJoin List Servs\nRASS Access Request Form\nAsk EHS\nExternal\nWeb Financials (WebFin2)\nExternal\nCornell Data Services\nExternal\nPI Dashboard\nExternal\nTravel Registry\nExternal\nResearch Financials (formerly RA Dashboard)\nExternal\nInternational research activities\nExternal\nRegister for Federal and Non-Federal Systems\nDisclose Foreign Collaborations and Support\nResearch metrics & executive dashboards\nTraining\nSearch\nResearch Services\nSearch\nHome\nPrepare a Proposal\nClose\nResearch Development Services\nSubawards in a Proposal\nFind Your Next Funding Opportunity\nDisclose Foreign Collaborations and Support\nProposal Development, Review, and Submission\nPlanning for Animals, Human Participants, r/sNA, Hazardous Materials, Radiation\nBudgets, Costs, and Rates\nCollaborate with Weill Cornell Medicine\nManage a Project\nClose\nAward Negotiation and Finalization\nTravel and International Activities\nProject Finances\nProject Modifications\nResearch Project Staffing\nGet Confidential Info, Data, Equipment, or Materials\nManaging Subawards\nAnimals, Human Participants, r/sNA, Hazardous Materials, Radiation\nClose a Project\nClose\nProject Closeout Financials\nProject Closeout\nEnd a Project Early\nCorporate Partnership & Innovation\nClose\nProtecting an Invention, Creation, Discovery\nEntrepreneurial and Startup Company Resources\nGateway to Partnership Program\nEngaging with Industry\nCompliance, Ethics, Safety\nClose\nResponsible Conduct of Research (RCR)\nExport Controls\nResearch with Human Participants\nResearch Security\nWork with Live Vertebrate Animals\nResearch Safety\nRegulated Biological Materials in Research\nFinancial Management\nConflicts of Interest\nBreadcrumb\nHome\nresources\nPolicies, Permits, and Resources for the IBC\nAccess RASS-IBC\nThis page provides quick links to federal policies, guidelines, and biosafety resources.\nGo to:\nNIH\n|\nC\nDC\n|\nUSDA APHIS\n|\nOccupational Safety and Health Administration\n|\nCornell Policy\n|\nCornell Occupational Medicine Exposure Control Plans\n|\nIBC Policy and Resources\n|\nLaboratory Resources\n|\nArthropod Resources\n|\nGreenhouse and Growth Room Resources\nNational Institutes of Health Office of Science Policy\nNIH Guidelines for Research Involving  Recombinant or Synthetic Nucleic Acid Molecules\nThe Major Actions under the NIH Guidelines\nInvestigator Responsibilities under the NIH Guidelines\nRelease of Client-owned Animals Covered by the NIH Guidelines\nNIH FAQ's on Incident reporting\nToxin Experiments\nDual Use Research of Concern (DURC)\nCornell University Dual Use Research of Concern (DURC) Policy\nGain of Function Research\nNIH Stem Cell Information Website\nCenter for Disease Control\nCDC Homepage\nBiosafety in Microbiological and Biomedical Laboratories (BMBL 6th Ed.)\nBiosafety Resources and Tools\nImport Permit Program\nDo I need an import permit?\nSelect Agent Program\nMandated by Congress, the Federal Select Agent Program (FSAP) regulates the possession, use, and transfer of biological select agents and toxins that have the potential to pose a severe threat to public, animal or plant health, or to animal or plant products.\nThe program is managed jointly by the Centers for Disease Control and Prevention (part of the U.S. Department of Health and Human Services) and the Animal and Plant Health Inspection Service (part of the U.S. Department of Agriculture).\neFSAP Resource Center\n- Everything you need to gain access to and use the new electronic Federal Select Agent Program portal, eFSAP.\nSelect Agents and Toxins List\nCornell University Federal Select Agent Program\nis managed by EHS Biosafety\nU.S. Department of Agriculture (USDA APHIS)\nBiotechnology Regulation Services (BRS)\nPermitting Guidance\nRegulatory Exemptions and Confirmations\nOnline APHIS efile\nPlant Protection Quarantine (PPQ)\nImport Permits (PPQ)\nPlant Pest Information\nPlant Pest Look Up\nAnimal Health\nAnimal and Plant Health Inspection Service Framework for the Regulation of Genetically Engineered Animals and Insects Pursuant to the Animal Health Protection Act\nVeterinary Biologics\nOccupational Safety and Health Administration\nBloodborne Pathogen Standard (OSHA)\nBloodborne Pathogens and Needlestick Prevention\nLetter of Interpretation on Established Human Cell Lines\nCornell Policy\nCornell University Charge to the Institutional Biosafety Committee\nEnvironment, Health, and Safety Policy Number 8.6\nCornell Dual Use Research of Concern (DURC)\nCornell Occupational Medicine Exposure Control Plans\nZika Virus Occupational Medicine Exposure Control Plan\nIBC Policy and Resources\nCornell University IBC Policy and Procedures on Use of Vaccinia Virus in Research Applications\nIBC Guidance document for reporting Incidents involving r/sNA materials\nIBC Meeting Minutes Policy\nIBC Redaction Policy\nBL2-P Findings on Requirement that all transgenic plant work or transgenic microbes or viruses associated with plants requires BL2-P containment in the greenhouse or growth chamber\nLaboratory Resources\nBiosafety in Microbiological and Biomedical Laboratories (BMBL 6th Edition)\nCornell Research Biosafety Manual and Reference Documents\nCornell EHS Biological Agent Reference Sheet (BARS)\nCanadian Pathogen Safety Data Sheets and Risk Assessment\nABSA Risk Group Database\nArthropod Resources\nArthropod Containment Guidelines, Version 3.2\nGreenhouse and Growth Room Resources\nBL2-P Signage for Plant work\nGreenhouse / Growth Chamber Manual\nCUAES Plant Growth Facilities Greenhouse Chamber Policy\nA Practical Guide to Plant Containment\nGreenhouse Resources and Policies\nGreenhouse Best Practices\n11\nProcess\nRegulated Biological Materials in Research\nResource\nMUA Submission Deadline and IBC Meeting Dates\nResource\nRegulated Biological Materials Frequently Asked Questions\nEvent\nMay IBC Meeting\nResource\nIBC Application Submission, Review and Approval\nResource\nGet Started with Recombinant or Synthetic Nucleic Acid Molecules (r/sNA) or Other Biohazardous Agents\nResource\nHuman Embryonic Stem Cell Research Oversight Committee (ESCRO)\nResource\nReport an Incident or Exposure to Recombinant or Biohazardous Materials\nTraining\nWork with Bloodborne Pathogens and Training Requirements\nResource\nInstitutional Biosafety Committee (IBC)\nOffice\nInstitutional Biosafety Committee (IBC) Office\nFeatured\n1\nInstitutional Biosafety Committee (IBC)\nIBC - Institutional Biosafety Committee\nThis document provides the charge of the Institutional Biosafety Committee (IBC) and information about the IBC regular meetings and the list of IBC voting members.\nRead more >\nQuick Reference\nOffices\nCALS Sponsored Research Office\nCOI - Conflict of Interest\nCTL - Center for Technology Licensing\nCVM Research Office\nCorporate Engagement\nEHS - Environmental Health & Safety & Risk Management\nExport Controls Office\nFAIM - Faculty Advancing Inclusive Mentoring\nIACUC - Institutional Animal Care and Use\nIBC - Institutional Biosafety Committee\nIRB - Institutional Review Board\nIT Security & Policy\nORIA - Office of Research Integrity and Assurance\nOSP - Office of Sponsored Programs & Research Development\nPRO - Pre-Award Research Operations\nR&I - Cornell Research & Innovation\nRAIS - Research Administration Information Services\nRCR - Responsible Conduct of Research\nRDBSC - Research Division Business Service Center\nResearch Development (ReD)\nResearch Division Human Resources\nResearch Security Office\nSFS - Sponsored Financial Services\nUniversity Policy Office\nWCM - Office of Sponsored Research Administration (OSRA)\nEssential Tools & Resources\nFind My GCO\nInstitutional Profile & DUNS\nRates and budgets\nJoin List Servs\nResearch Development (ReD) Services\nFind Your Next Funding Opportunity\nRegister for Federal and Non-Federal Systems\nDisclose Foreign Collaborations and Support\nWeb Financials (WebFin2)\nExternal\nPI Dashboard\nExternal\nResearch Financials (formerly RA Dashboard)\nExternal\nRASS\nExternal\nIACUC applications (Cayuse Animal Management System)\nIBC applications (RASS-IBC)\nIRB Applications (RASS-IRB)\nExternal\nReport external interests (RASS-COI)\nRASS Access Request Form\naskEHS\nExternal\nCornell Data Services\nExternal\nTravel Registry\nExternal\nInternational research activities\nExternal\nTraining\nResearch metrics and executive dashboards\nRates\nForms\nPolicies\nContacts\nTraining\nEvents\nNews & Announcements\nPart of\n© 2019 Cornell University\nWeb Accessibility Help\nWas this page helpful?\n×\n×\nStatus message\nSorry...This form is closed to new submissions.\nScroll"
}