{
    "URL location": "https://researchservices.cornell.edu/resources/get-started-with-rsna-biohazardous-agents",
    "Last modification date": "2025-04-18T03:27Z",
    "Change frequency": "monthly",
    "Priority": "0.8",
    "Scraped Text": "Get Started with Recombinant or Synthetic Nucleic Acid Molecules (r/sNA) or Other Biohazardous Agents | Cornell Research Services\nSkip to main content\nFind guidance on funding and agency updates during the federal government transition\n(\nupdated 4/16/2025\n)\nResearch Services\nResearch Services\nEssential Tools\nClose\nFind My GCO\nRASS\nExternal\nInstitutional Profile & DUNS\nIACUC applications (Cayuse Animal Management)\nFind Your Next Funding Opportunity\nIBC Applications (RASS-IBC)\nResearch Development (ReD) Services\nIRB Applications (RASS-IRB)\nExternal\nRates and budgets\nReport external interests (RASS-COI)\nJoin List Servs\nRASS Access Request Form\nAsk EHS\nExternal\nWeb Financials (WebFin2)\nExternal\nCornell Data Services\nExternal\nPI Dashboard\nExternal\nTravel Registry\nExternal\nResearch Financials (formerly RA Dashboard)\nExternal\nInternational research activities\nExternal\nRegister for Federal and Non-Federal Systems\nDisclose Foreign Collaborations and Support\nResearch metrics & executive dashboards\nTraining\nSearch\nResearch Services\nSearch\nHome\nPrepare a Proposal\nClose\nResearch Development Services\nSubawards in a Proposal\nFind Your Next Funding Opportunity\nDisclose Foreign Collaborations and Support\nProposal Development, Review, and Submission\nPlanning for Animals, Human Participants, r/sNA, Hazardous Materials, Radiation\nBudgets, Costs, and Rates\nCollaborate with Weill Cornell Medicine\nManage a Project\nClose\nAward Negotiation and Finalization\nTravel and International Activities\nProject Finances\nProject Modifications\nResearch Project Staffing\nGet Confidential Info, Data, Equipment, or Materials\nManaging Subawards\nAnimals, Human Participants, r/sNA, Hazardous Materials, Radiation\nClose a Project\nClose\nProject Closeout Financials\nProject Closeout\nEnd a Project Early\nCorporate Partnership & Innovation\nClose\nProtecting an Invention, Creation, Discovery\nEntrepreneurial and Startup Company Resources\nGateway to Partnership Program\nEngaging with Industry\nCompliance, Ethics, Safety\nClose\nResponsible Conduct of Research (RCR)\nExport Controls\nResearch with Human Participants\nResearch Security\nWork with Live Vertebrate Animals\nResearch Safety\nRegulated Biological Materials in Research\nFinancial Management\nConflicts of Interest\nBreadcrumb\nHome\nresources\nGet Started with Recombinant or Synthetic Nucleic Acid Molecules (r/sNA) or Other Biohazardous Agents\nPI eligibility and research requiring review by the IBC\nLogin to RASS-IBC\nAll researchers must secure IBC approval for their research activities involving recombinant or synthetic nucleic acid molecules (r/sNA) or biohazardous materials by submitting a\nMemorandum of Understanding and Agreement (MUA) with the IBC\n.\nThe MUA is filed through an electronic submission site (e-MUA) and covers r/sNA or biohazardous materials.\nThe MUA is overarching of all work in the PI's lab with r/sNA or other biohazardous materials and in most cases each PI will only submit one MUA.\nResearch at Biosafety Level -3\ndoes\nrequire a separate application.\nThe MUA is approved for 3 years with the requirement for an annual review.\nAfter three years, the application must be resubmitted and reviewed by the full committee.\nExpand All\nPI Eligibility\nFull time members of the Faculty may serve as Principal Investigators/Project Directors on IBC MUAs. Individuals with certain other titles may serve under special circumstances with the approval of the Office of the Vice President for Research and Innovation. Research Associates, Extension Associates, Lecturers, or Senior Assistant Librarians may be approved to serve as principal investigators for a specific project and its duration. For more information, see the\nPrincipal Investigator Eligibility Policy\n.\nInvestigator Responsibilities Under the NIH Guidelines for Research Involving Recombinant or Synthetic Nucleic Acid Molecules\nInformation on reporting of incidents involving recombinant DNA\nTraining\nAll personnel listed on the MUA must complete all training required by the IBC before they can be approved to work with the biohazardous materials.\nBloodborne pathogen training is required for those individuals who are working with human and non-human primate blood, tissues, fluids, and other potentially infectious materials (including cell lines). Individuals must complete Bloodborne pathogen training prior to working with the material. This training has an annual renewal requirement.\nRegister for\nBloodborne Pathogen Training\nLog in\nUpper right hand select the Magnifying Glass icon\nSearch for the 1070 Blood borne pathogen certification\nIf taking for the first time - Select EHS 1074-Blood borne pathogens and sign up for a training time or web based learning.\nIf renewing - Select EHS 1875 and launch the web based training\nWhat needs IBC approval?\nResearch involving the following require IBC approval:\nRecombinant/synthetic nucleic acid molecules, as covered by NIH Guidelines\nInfectious agents (viruses, bacteria, fungi, parasites, prions, etc.) that can cause disease in healthy humans and/or significant environmental or agricultural impacts, as covered by the Biosafety in Microbiological and Biomedical Laboratories (BMBL) guidelines\nSelect agents and select toxins, as covered by the Federal Select Agent regulations\nHuman materials (including all fluids, tissues, excretions, secretions, or cell lines) as covered by the U.S. Occupational Safety and Health Administration (OSHA) Bloodborne pathogens Standard\nNonhuman primate materials (including live animals, all fluids, tissues, excretions, secretions, or cell lines) as covered by the BMBL and OSHA Bloodborne Pathogen Standard\nGenetically modified animals and whole plants as covered by NIH guidelines\nRegulated Plant Pest of Pathogens as covered by USDA-APHIS\nMicroorganisms that are Risk Group 2 and 3\nUnder the NIH Guidelines, agents are classified into four Risk Groups (RGs) according to their relative pathogenicity for healthy adult humans by the following criteria:\nRG1 –\nAre not associated\nwith disease in healthy adult humans or animals\nRG2 –\nAre associated\nwith disease which is rarely serious and for which preventative or therapeutics is often available\nRG3 –\nAre associated\nwith serious or lethal human disease for which preventative or therapeutics may be available\nRG4 –\nAre associated\nwith lethal human disease for which preventative or therapeutics are not readily available\nMicroorganisms and their associate RG designation can be found at\nABSA website\nFactors to be considered in determining the level of containment include agent factors such as:\nVirulence, pathogenicity  and infectious dose of the organism\nMode of transmission and host range\nAvailability of effective preventive measures (e.g., vaccines)\nAvailability of effective treatment (e.g., antibiotics)\nOther factors\nHuman Derived Materials including blood, blood components, fluids, unfixed organs, tissues and cell lines (primary and established)\nAll cell and organ cultures of human and non-human primate origin, including well established cell lines, shall be handled in accordance with the OSHA Bloodborne Pathogens Standard and under BSL-2 containment.\nBloodborne Pathogen training is required as defined by OSHA 929 CFR 1910.1030. Annual refresher training is required.\nFor more information go to the\nEHS\nWeb site\nResearch Lab Exposure Control Plan\nMaterials that DO NOT require registration with the IBC\nUse of commercially available deregulated transgenic crops\nActivities involving only the in vitro use of nucleic acids (i.e., PCR, synthetic double stranded RNA) and does not involve the cloning and propagation of recombinant or synthetic nucleic acid molecules in cells, organisms or viruses.\nNew Application\nComplete all IBC applications online through\nRASS-IBC\nFor detailed instructions on how to use the RASS-IBC system please see the\nRASS-IBC guide site\n.\nChanges Requiring an Amendment\nPIs must submit to the IBC for review and approval of any changes to their MUA. Unless specified otherwise, the proposed changes must not be implemented until the PI receives an electronic approval notice from the IBC. The types of changes that require an amendment to the MUA are:\nAddition or deletion of individuals on the MUA\nChange in facility or use of facility\nAdditional objectives to the research\nNew sources of nucleic acids (including RNA and DNA)\nNew vectors\nAddition of gene editing techniques (CRISPR)\nRecipient organisms\nNew biohazardous materials (ex. biotoxins, viral vectors, etc.)\nChange in procedures or use of biohazardous materials\nTo Submit an Amendment\nPlease see the\nRASS-IBC Guide site\nfor instructions on how to complete an amendment.\nTo Submit an Annual Review\nPlease see the\nRASS-IBC guide site\nfor instructions on how to complete the an annual review.\nTo Submit a Three Year Renewal\nPIs need to update their MUA and submit it for IBC review and approval before the three year approval lapses, in order to maintain continuity of approval. The IBC office will contact the PI to remind them of the upcoming expiration date and provide a link to the e-MUA application to start work on the renewal. This renewal will require review by the full IBC.\nFor instructions on how to complete a 3rd year renewal please see the\nRASS-IBC guide site\n.\nTerminate MUA\nWhen you research activities no longer require the use of r/sNA or biohazards or you are leaving the university, you can request a closure of your IBC MUA application. To do this see the\nRASS-IBC guide site\nfor instructions.\n11\nProcess\nRegulated Biological Materials in Research\nResource\nMUA Submission Deadline and IBC Meeting Dates\nResource\nRegulated Biological Materials Frequently Asked Questions\nEvent\nMay IBC Meeting\nResource\nIBC Application Submission, Review and Approval\nResource\nHuman Embryonic Stem Cell Research Oversight Committee (ESCRO)\nResource\nReport an Incident or Exposure to Recombinant or Biohazardous Materials\nTraining\nWork with Bloodborne Pathogens and Training Requirements\nResource\nInstitutional Biosafety Committee (IBC)\nOffice\nInstitutional Biosafety Committee (IBC) Office\nResource\nPolicies, Permits, and Resources for the IBC\nQuick Reference\nOffices\nCALS Sponsored Research Office\nCOI - Conflict of Interest\nCTL - Center for Technology Licensing\nCVM Research Office\nCorporate Engagement\nEHS - Environmental Health & Safety & Risk Management\nExport Controls Office\nFAIM - Faculty Advancing Inclusive Mentoring\nIACUC - Institutional Animal Care and Use\nIBC - Institutional Biosafety Committee\nIRB - Institutional Review Board\nIT Security & Policy\nORIA - Office of Research Integrity and Assurance\nOSP - Office of Sponsored Programs & Research Development\nPRO - Pre-Award Research Operations\nR&I - Cornell Research & Innovation\nRAIS - Research Administration Information Services\nRCR - Responsible Conduct of Research\nRDBSC - Research Division Business Service Center\nResearch Development (ReD)\nResearch Division Human Resources\nResearch Security Office\nSFS - Sponsored Financial Services\nUniversity Policy Office\nWCM - Office of Sponsored Research Administration (OSRA)\nEssential Tools & Resources\nFind My GCO\nInstitutional Profile & DUNS\nRates and budgets\nJoin List Servs\nResearch Development (ReD) Services\nFind Your Next Funding Opportunity\nRegister for Federal and Non-Federal Systems\nDisclose Foreign Collaborations and Support\nWeb Financials (WebFin2)\nExternal\nPI Dashboard\nExternal\nResearch Financials (formerly RA Dashboard)\nExternal\nRASS\nExternal\nIACUC applications (Cayuse Animal Management System)\nIBC applications (RASS-IBC)\nIRB Applications (RASS-IRB)\nExternal\nReport external interests (RASS-COI)\nRASS Access Request Form\naskEHS\nExternal\nCornell Data Services\nExternal\nTravel Registry\nExternal\nInternational research activities\nExternal\nTraining\nResearch metrics and executive dashboards\nRates\nForms\nPolicies\nContacts\nTraining\nEvents\nNews & Announcements\nPart of\n© 2019 Cornell University\nWeb Accessibility Help\nWas this page helpful?\n×\n×\nStatus message\nSorry...This form is closed to new submissions.\nScroll"
}