{
    "URL location": "https://researchservices.cornell.edu/proposal/develop",
    "Last modification date": "2025-04-18T03:27Z",
    "Change frequency": "monthly",
    "Priority": "0.8",
    "Scraped Text": "Proposal Development, Review, and Submission | Cornell Research Services\nSkip to main content\nFind guidance on funding and agency updates during the federal government transition\n(\nupdated 4/16/2025\n)\nResearch Services\nResearch Services\nEssential Tools\nClose\nFind My GCO\nRASS\nExternal\nInstitutional Profile & DUNS\nIACUC applications (Cayuse Animal Management)\nFind Your Next Funding Opportunity\nIBC Applications (RASS-IBC)\nResearch Development (ReD) Services\nIRB Applications (RASS-IRB)\nExternal\nRates and budgets\nReport external interests (RASS-COI)\nJoin List Servs\nRASS Access Request Form\nAsk EHS\nExternal\nWeb Financials (WebFin2)\nExternal\nCornell Data Services\nExternal\nPI Dashboard\nExternal\nTravel Registry\nExternal\nResearch Financials (formerly RA Dashboard)\nExternal\nInternational research activities\nExternal\nRegister for Federal and Non-Federal Systems\nDisclose Foreign Collaborations and Support\nResearch metrics & executive dashboards\nTraining\nSearch\nResearch Services\nSearch\nHome\nPrepare a Proposal\nClose\nResearch Development Services\nSubawards in a Proposal\nFind Your Next Funding Opportunity\nDisclose Foreign Collaborations and Support\nProposal Development, Review, and Submission\nPlanning for Animals, Human Participants, r/sNA, Hazardous Materials, Radiation\nBudgets, Costs, and Rates\nCollaborate with Weill Cornell Medicine\nManage a Project\nClose\nAward Negotiation and Finalization\nTravel and International Activities\nProject Finances\nProject Modifications\nResearch Project Staffing\nGet Confidential Info, Data, Equipment, or Materials\nManaging Subawards\nAnimals, Human Participants, r/sNA, Hazardous Materials, Radiation\nClose a Project\nClose\nProject Closeout Financials\nProject Closeout\nEnd a Project Early\nCorporate Partnership & Innovation\nClose\nProtecting an Invention, Creation, Discovery\nEntrepreneurial and Startup Company Resources\nGateway to Partnership Program\nEngaging with Industry\nCompliance, Ethics, Safety\nClose\nResponsible Conduct of Research (RCR)\nExport Controls\nResearch with Human Participants\nResearch Security\nWork with Live Vertebrate Animals\nResearch Safety\nRegulated Biological Materials in Research\nFinancial Management\nConflicts of Interest\nBreadcrumb\nHome\nPrepare a Proposal\nProposal Development, Review, and Submission\nUse RASS to Submit a Proposal to OSP\nRelated Pages:\nResearch Development (ReD) Team\nExport Controls\nProposal Preparation and Processing Responsibilities\nAdditional Things to Consider when Preparing a Proposal\nPRO - Pre-Award Research Operations\nYour College\nDepartment or unit research administrators can provide the appropriate forms and resources\nrequired to assemble and route your proposal for review and approval. They can help you with budget development, completing forms, compiling current and pending funding tables, and collecting biographical sketches.\nArchitecture Art and Planning, Bowers Computing and Information Sciences, Brooks School of Public Policy, College of Arts & Sciences, College of Engineering, Cornell Law School, Cornell Tech, CLASSE, and LASSP\nresearchers are supported through the\nPre-Award Research Operations (PRO) team\n. Proposal notifications can be submitted\nhere\n.\nCALS\nand\nCVM\nhave specialized support offices to assist you.\nAll others:\ncontact your department or college to learn about the research administrative support services available.\nCentral Research Development Services\nThe\nResearch Development team\nworks with Cornell's research faculty and staff to submit highly competitive proposals. Our goal is to improve funding successes for large, extramural, multi-investigator grants and contracts, including multidisciplinary center and facility proposals, training grants, early career awards, and other major awards.\nNote\n: even if your project does not fit the criteria, a consultation with research development staff at the\nOffice of Sponsored Programs and Research Development\nor\nCALS Office of Sponsored Research\ncan be beneficial to you.\nIf You're New to Cornell\nCornell Research Concierge Service\nprovides research-related assistance and resources for faculty new to Cornell University.\nSubmission\nCALS\nand\nCVM\nhave offices to assist with submission. If you're in one of these colleges, contact the appropriate office.\nFor other units and departments, the Office of Sponsored Programs submits sponsored research proposals on behalf of Cornell.\nGrant and Contract Officers (GCOs)\noffer assistance, including clarifying sponsors' submission procedures and interpreting university policy.\nFor collaborations with Weill Cornell Medicine, a unified process includes a special form to use with submission and considerations for preparing the budget correctly.\nSee the Academic Integration site for details\n.\nTip\n: Your science/technical content does not have to be complete when you submit your proposal to OSP. You can keep working while OSP reviews the rest of the proposal.\nTools\nRigor and reproducibility\n. Review Cornell's resources to help you address the\ntopic of rigor and reproducibility (R&R) in research\nas you prepare your proposal.\nProposal submission systems\n. Use the following systems for the development and submission of a sponsored project proposal. You may choose the system, but in some cases an particular option is mandated by the sponsor.\nYour GCO\ncan help choose the system, if you're unsure.\nRASS Cornell's Research Administration and Support System\nGrants.gov\n(use for Department of Defense and Department of Energy)\nRegister for a Grants.gov Workspace Account\nNational Science Foundation\n(NSF)\nRegister for an NSF FastLane/Research.gov Account\nNSF Research.gov Home Page\nNSF FastLane Home Page\nPlease Note:\nResearch.gov will replace FastLane for all proposal submissions by January 2023. PIs are encouraged to use Research.gov for all proposal submissions where such functionality is present.\nNational Institutes of Health\n(NIH)\nRegister for an NIH eRA Commons/ASSIST Account\nNASA\nRegister for an NSPIRES account\nConflicts of Interest\nBefore a proposal can be submitted,\neach person listed as PI, Co-PI or Key Personnel on the proposal must have a current, active COI report on file in the\neCOI system\n. See more on the\nCOI Considerations for Proposals and Awards\npage.\nMaking your Budget\nThe\nBudget Costs and Rates section\nincludes rate information for Cornell and Weill Medical faculty, staff, and students and other information you can use for your proposal budget.\nFor collaborations with Weill Cornell Medicine, see the Academic Integration site\nfor budget preparation considerations.\nForeign Activities\nIf your project includes foreign activities, including travel, collaboration with consultants or subcontractors (here or abroad), or overseas shipments,\ncontact your GCO or the Export Controls Officer\nas early as possible. They'll help determine if additional steps need to be taken to ensure that the project is carried out as seamlessly as possible.\nMore information is available in the Export Controls section\n.\nData Planning\nData management plans can have specific requirements from the funder or a research compliance committee such as the IRB. Plans may cover data types and sources, dissemination methods, public access and re-use, and more.\nCornell Data Services\ncan help you plan.\nFor questions about a specific funder's requirements,\ncontact your GCO\n.\nHere is a\ncondensed reference you can print about the proposal review and approval process\n.\n17\nProcess\nPrepare a Proposal\nResource\nRegister for Federal and Non-Federal Systems\nResource\nPre-Award Research Operations (PRO)\nResource\nAdditional Things to Consider when Preparing a Proposal\nResource\nFind My GCO (Grant & Contract Officer)\nResource\nSample Proposal Library\nResource\nProposal Review Guidelines\nResource\nLimited Submissions Funding Opportunities\nPolicy\nPI Eligibility\nResource\nInstitutional Profile, DUNS, and UEI Numbers\nForm\nRASS\nSee All\nQuick Reference\nOffices\nCALS Sponsored Research Office\nCOI - Conflict of Interest\nCTL - Center for Technology Licensing\nCVM Research Office\nCorporate Engagement\nEHS - Environmental Health & Safety & Risk Management\nExport Controls Office\nFAIM - Faculty Advancing Inclusive Mentoring\nIACUC - Institutional Animal Care and Use\nIBC - Institutional Biosafety Committee\nIRB - Institutional Review Board\nIT Security & Policy\nORIA - Office of Research Integrity and Assurance\nOSP - Office of Sponsored Programs & Research Development\nPRO - Pre-Award Research Operations\nR&I - Cornell Research & Innovation\nRAIS - Research Administration Information Services\nRCR - Responsible Conduct of Research\nRDBSC - Research Division Business Service Center\nResearch Development (ReD)\nResearch Division Human Resources\nResearch Security Office\nSFS - Sponsored Financial Services\nUniversity Policy Office\nWCM - Office of Sponsored Research Administration (OSRA)\nEssential Tools & Resources\nFind My GCO\nInstitutional Profile & DUNS\nRates and budgets\nJoin List Servs\nResearch Development (ReD) Services\nFind Your Next Funding Opportunity\nRegister for Federal and Non-Federal Systems\nDisclose Foreign Collaborations and Support\nWeb Financials (WebFin2)\nExternal\nPI Dashboard\nExternal\nResearch Financials (formerly RA Dashboard)\nExternal\nRASS\nExternal\nIACUC applications (Cayuse Animal Management System)\nIBC applications (RASS-IBC)\nIRB Applications (RASS-IRB)\nExternal\nReport external interests (RASS-COI)\nRASS Access Request Form\naskEHS\nExternal\nCornell Data Services\nExternal\nTravel Registry\nExternal\nInternational research activities\nExternal\nTraining\nResearch metrics and executive dashboards\nRates\nForms\nPolicies\nContacts\nTraining\nEvents\nNews & Announcements\nPart of\n© 2019 Cornell University\nWeb Accessibility Help\nWas this page helpful?\n×\n×\nStatus message\nSorry...This form is closed to new submissions.\nScroll"
}