{
    "URL location": "https://researchservices.cornell.edu/events/september-roundtable-disclosing-foreign-relationships-and-activities",
    "Last modification date": "2025-04-18T03:27Z",
    "Change frequency": "monthly",
    "Priority": "0.8",
    "Scraped Text": "September Roundtable - Disclosing Foreign Relationships and Activities | Cornell Research Services\nSkip to main content\nFind guidance on funding and agency updates during the federal government transition\n(\nupdated 4/16/2025\n)\nResearch Services\nResearch Services\nEssential Tools\nClose\nFind My GCO\nRASS\nExternal\nInstitutional Profile & DUNS\nIACUC applications (Cayuse Animal Management)\nFind Your Next Funding Opportunity\nIBC Applications (RASS-IBC)\nResearch Development (ReD) Services\nIRB Applications (RASS-IRB)\nExternal\nRates and budgets\nReport external interests (RASS-COI)\nJoin List Servs\nRASS Access Request Form\nAsk EHS\nExternal\nWeb Financials (WebFin2)\nExternal\nCornell Data Services\nExternal\nPI Dashboard\nExternal\nTravel Registry\nExternal\nResearch Financials (formerly RA Dashboard)\nExternal\nInternational research activities\nExternal\nRegister for Federal and Non-Federal Systems\nDisclose Foreign Collaborations and Support\nResearch metrics & executive dashboards\nTraining\nSearch\nResearch Services\nSearch\nHome\nPrepare a Proposal\nClose\nResearch Development Services\nSubawards in a Proposal\nFind Your Next Funding Opportunity\nDisclose Foreign Collaborations and Support\nProposal Development, Review, and Submission\nPlanning for Animals, Human Participants, r/sNA, Hazardous Materials, Radiation\nBudgets, Costs, and Rates\nCollaborate with Weill Cornell Medicine\nManage a Project\nClose\nAward Negotiation and Finalization\nTravel and International Activities\nProject Finances\nProject Modifications\nResearch Project Staffing\nGet Confidential Info, Data, Equipment, or Materials\nManaging Subawards\nAnimals, Human Participants, r/sNA, Hazardous Materials, Radiation\nClose a Project\nClose\nProject Closeout Financials\nProject Closeout\nEnd a Project Early\nCorporate Partnership & Innovation\nClose\nProtecting an Invention, Creation, Discovery\nEntrepreneurial and Startup Company Resources\nGateway to Partnership Program\nEngaging with Industry\nCompliance, Ethics, Safety\nClose\nResponsible Conduct of Research (RCR)\nExport Controls\nResearch with Human Participants\nResearch Security\nWork with Live Vertebrate Animals\nResearch Safety\nRegulated Biological Materials in Research\nFinancial Management\nConflicts of Interest\nBreadcrumb\nHome\nEvents\nSeptember Roundtable  - Disclosing Foreign Relationships and Activities\nSeptember 17, 2020\n-\nSeptember 17, 2020\n9:30 a.m.\n-\n11:00 a.m.\nSeptember Roundtable  - Disclosing Foreign Relationships and Activities\nSince late 2018, the federal government has expressed growing concerns about the effect of\r\nforeign influence on the integrity of research conducted in or for U.S. institutions. As a result of\r\nincreased scrutiny, federal funding agencies have issued new requirements and guidance, federal law enforcement agencies have increased activity, and there is renewed attention on export control compliance within the academic research community.\nRemote\nJoin us for an interactive discussion of the impacts of this evolving landscape on research\nactivities at Cornell. Attendees will learn about Cornell’s commitment to:\n• Global engagement\n• New proposal and award requirements from several federal sponsors\n• Best practices for proper disclosure to federal sponsors and to Cornell\nIn addition, we will review how researchers and research administrators can maintain\ncompliance with federal export control laws through the discussion of how to:\n• Handle proprietary information\n• Ensure the proper screening of visitors\n• Responsibly engage in international travel\nPresenters:\nMary-Margaret Klempa , Director, Office of Sponsored Programs and Research Development (OSP)\nJamie Sprague, Sr. Grant & Contract Officer/Federal, Subaward, PRO Team Lead, OSP\nSarah Schlagter, Sr. Grant & Contract Officer/Export Controls Officer, OSP\nZoom Info:\n\nMeeting ID: 304 282 6417\nPasscode: 2020\nFor information related to OSP Roundtables, please contact\nOSP_RD_EVENTS@CORNELL.EDU\n.\n1\nTraining\nOSP Roundtables\nFeatured\n1\nOffice of Sponsored Programs (OSP) & Research Development\nOSP - Office of Sponsored Programs & Research Development\n373 Pine Tree Road\nContact Info: 607-255-5014 (p) | 607-255-5058 (f) |\nosp-help@cornell.edu\nWelcome\nOSP oversees the administration of sponsored programs at Cornell University including sponsored research, instruction, and extension. OSP operates through delegation of authority from the University Board of Trustees...\nRead more >\nQuick Reference\nOffices\nCALS Sponsored Research Office\nCOI - Conflict of Interest\nCTL - Center for Technology Licensing\nCVM Research Office\nCorporate Engagement\nEHS - Environmental Health & Safety & Risk Management\nExport Controls Office\nFAIM - Faculty Advancing Inclusive Mentoring\nIACUC - Institutional Animal Care and Use\nIBC - Institutional Biosafety Committee\nIRB - Institutional Review Board\nIT Security & Policy\nORIA - Office of Research Integrity and Assurance\nOSP - Office of Sponsored Programs & Research Development\nPRO - Pre-Award Research Operations\nR&I - Cornell Research & Innovation\nRAIS - Research Administration Information Services\nRCR - Responsible Conduct of Research\nRDBSC - Research Division Business Service Center\nResearch Development (ReD)\nResearch Division Human Resources\nResearch Security Office\nSFS - Sponsored Financial Services\nUniversity Policy Office\nWCM - Office of Sponsored Research Administration (OSRA)\nEssential Tools & Resources\nFind My GCO\nInstitutional Profile & DUNS\nRates and budgets\nJoin List Servs\nResearch Development (ReD) Services\nFind Your Next Funding Opportunity\nRegister for Federal and Non-Federal Systems\nDisclose Foreign Collaborations and Support\nWeb Financials (WebFin2)\nExternal\nPI Dashboard\nExternal\nResearch Financials (formerly RA Dashboard)\nExternal\nRASS\nExternal\nIACUC applications (Cayuse Animal Management System)\nIBC applications (RASS-IBC)\nIRB Applications (RASS-IRB)\nExternal\nReport external interests (RASS-COI)\nRASS Access Request Form\naskEHS\nExternal\nCornell Data Services\nExternal\nTravel Registry\nExternal\nInternational research activities\nExternal\nTraining\nResearch metrics and executive dashboards\nRates\nForms\nPolicies\nContacts\nTraining\nEvents\nNews & Announcements\nPart of\n© 2019 Cornell University\nWeb Accessibility Help\nWas this page helpful?\n×\n×\nStatus message\nSorry...This form is closed to new submissions.\nScroll\n\nTable:\n | \n--- | ---\n"
}