{
    "URL location": "https://researchservices.cornell.edu/resources/proposing-subaward",
    "Last modification date": "2025-04-18T03:27Z",
    "Change frequency": "monthly",
    "Priority": "0.8",
    "Scraped Text": "Proposing a Subaward | Cornell Research Services\nSkip to main content\nFind guidance on funding and agency updates during the federal government transition\n(\nupdated 4/16/2025\n)\nResearch Services\nResearch Services\nEssential Tools\nClose\nFind My GCO\nRASS\nExternal\nInstitutional Profile & DUNS\nIACUC applications (Cayuse Animal Management)\nFind Your Next Funding Opportunity\nIBC Applications (RASS-IBC)\nResearch Development (ReD) Services\nIRB Applications (RASS-IRB)\nExternal\nRates and budgets\nReport external interests (RASS-COI)\nJoin List Servs\nRASS Access Request Form\nAsk EHS\nExternal\nWeb Financials (WebFin2)\nExternal\nCornell Data Services\nExternal\nPI Dashboard\nExternal\nTravel Registry\nExternal\nResearch Financials (formerly RA Dashboard)\nExternal\nInternational research activities\nExternal\nRegister for Federal and Non-Federal Systems\nDisclose Foreign Collaborations and Support\nResearch metrics & executive dashboards\nTraining\nSearch\nResearch Services\nSearch\nHome\nPrepare a Proposal\nClose\nResearch Development Services\nSubawards in a Proposal\nFind Your Next Funding Opportunity\nDisclose Foreign Collaborations and Support\nProposal Development, Review, and Submission\nPlanning for Animals, Human Participants, r/sNA, Hazardous Materials, Radiation\nBudgets, Costs, and Rates\nCollaborate with Weill Cornell Medicine\nManage a Project\nClose\nAward Negotiation and Finalization\nTravel and International Activities\nProject Finances\nProject Modifications\nResearch Project Staffing\nGet Confidential Info, Data, Equipment, or Materials\nManaging Subawards\nAnimals, Human Participants, r/sNA, Hazardous Materials, Radiation\nClose a Project\nClose\nProject Closeout Financials\nProject Closeout\nEnd a Project Early\nCorporate Partnership & Innovation\nClose\nProtecting an Invention, Creation, Discovery\nEntrepreneurial and Startup Company Resources\nGateway to Partnership Program\nEngaging with Industry\nCompliance, Ethics, Safety\nClose\nResponsible Conduct of Research (RCR)\nExport Controls\nResearch with Human Participants\nResearch Security\nWork with Live Vertebrate Animals\nResearch Safety\nRegulated Biological Materials in Research\nFinancial Management\nConflicts of Interest\nBreadcrumb\nHome\nresources\nProposing a Subaward\nOverview information about subawards including details of choosing a subrecipient and what should be included in the proposal and budget.\nSponsored awards made to Cornell are usually conducted within the physical boundaries of the university. On occasion, a portion of the required effort may be provided by one or more other institutions or companies (third parties) who are made responsible for a discrete part of the project. When the portion of effort to be performed by a third party constitutes a substantive component of the “science” of the sponsored award, the third party is required to provide the resources and personnel necessary to conduct that portion of the work as an independent entity.\nCosts normally associated with third-party efforts could include any or all of the following:\nLabor\nEmployee benefits\nMaterials and supplies\nTravel\nEquipment\nConsultants\nOther direct costs\nFacilities and administrative costs (indirect costs)\nNote\n: In the for-profit sector, it is common to include costs such as labor overhead, material overhead, general and administrative (G&A) expense, and a profit or fee.\nIf a sponsored award involves issuing subawards for physical construction of facilities or renovation of existing facilities, the Facilities Services Division, Facilities Contracts Department (607) 255-3982 must be contacted prior to submission of the proposal to ensure compliance with the Board of Trustees and university administrative procedures and to ensure that necessary approvals are obtained.\nThe Office of Sponsored Programs (OSP) is available to assist departments in these procedures and would be involved in assisting Facilities Contracts in the preparation of any subaward.\nContact your GCO\nif you have questions or need assistance related to the inclusion of a subaward in your proposal.\nSubaward Relationship\nSubaward agreement\n: The document that OSP generates to formalize a third-party relationship with another organization to perform substantive work based upon an award made to Cornell.\nSubrecipient\n: The third party performing the effort under a subaward agreement.\nWhat is NOT a Subaward\nActivities performed by a third party that do not constitute a substantive portion of the work effort of the project, are not unique or may be obtained competitively in a commercial environment, or are not performed independently and with decisions making authority are not obtained using a subaward and should be contracted for using either a consulting agreement or a purchase order.\nWhen such activities are performed by an individual under a sponsored award, they are administered through a consulting agreement issued by Supply Management Services. A purchase order must be used when purchased services may involve an organizational entity. For example, a purchase order would be appropriate for the performance of repetitive tests or activities requiring little or no discretionary judgment on the part of the provider. In these instances, a consulting agreement or a purchase order may be issued through the normal Cornell Procurement process.\nFor help in determining if you are working with a Subrecipient or a Contractor, this document can be utilized:\nSubrecipient vs Contractor Checklist\nSubrecipient Selection\nSponsor or peer-reviewed.\nIf the subrecipient is specified in the proposal and the collaboration is funded, it is not necessary to comply with the procurement requirements for competitive bidding or sole source justification because the sponsor or peer review process already approved the selection.\nNon-sponsor or non-peer reviewed.\nIt is the responsibility of the Cornell Principal Investigator (PI), along with OSP, to comply with procurement requirements of the sponsor in selecting a subrecipient. There are two methods of selecting a subrecipient: competitive bidding or sole source procurement. Competitive bidding is the preferred method of subrecipient selection. This method requires OSP, in conjunction with the PI, to solicit proposals from a number of sources and make a final selection of a subrecipient from those responding based on technical merit and cost objectives, normally the lowest price from a technically qualified respondent.\nSole source justification.\nWhen the procurement requires performance from a specific entity because services or expertise are unique or not available from other sources, the PI is required to provide sole source justification, identifying the need for the services and why the selected subrecipient is the only source available for the needed services.\nSole source selection is not justified simply by the fact that there has been an ongoing collaboration between the researchers and the potential subrecipient. It must be further justified with reasons for the unavailability of the services or expertise from other sources.\nSubaward Proposal\nIf a Cornell PI plans to include another institution in an upcoming proposal where such institution will be expected to perform a substantive portion of the effort, a number of documents must be obtained from the proposed subrecipient prior to submission of the proposal to the sponsor:\nA\nSubrecipient Commitment Form\nor (for FDP Partner entities) an\nFDP Institutional Letter of Commitment (ILOC)\nsigned by the Subrecipient’s Authorized Organizational Official confirming the organization’s commitment to participate in the project, commit resources, and abide by the prime sponsor’s associated terms and conditions\nStatement of work\nBudget\nBudget Justification – Optional, but highly recommended. This allows Cornell to determine if the budgeted expenses are justified for the work the subrecipient will complete.\nA copy of the subrecipient’s most recent negotiated indirect cost rate agreement (NICRA) for non-FDP subrecipients. For FDP subrecipients, the NICRA is obtained from the\nFDP Expanded Clearinghouse\n.\nAny other documents required by the prime sponsor (ex. Biographical sketches, equipment, facilities, current and pending, conflict of interest forms, etc.)\nThere must be adequate time provided between the receipt of a subrecipient's proposal and the sponsor's proposal due date, to allow Cornell's PI sufficient time to discuss and negotiate the statement of work, the unit administrator to review the subrecipient’s budget and letter of commitment and for the OSP to review the subrecipient’s documents.\nIncluding a Subaward in a Proposal Budget\nThe budget should be itemized by major budget category, such as salaries and wages, employee benefits, supplies, equipment, travel, consultants, other direct costs, and facilities and administrative (F&A) costs in a fashion similar to that required by the prime sponsor.\nMore specific itemization of budget categories may be needed if required by the sponsor.\nThe subrecipient's budget is included in Cornell's budget as a direct cost. When calculating Cornell's F&A costs, the amount that exceeds $25,000 of each subaward should be excluded from the calculation, in accordance with\n2 CFR 200 Uniform Guidance (UG)\n. F&A costs on the first $25,000 is calculated using the on-campus rate applicable to the award.\n8\nProcess\nSubawards in a Proposal\nResource\nSubawards: Roles and Responsibilities\nForm\nSubcontractor Commitment Form\nResource\nFederal Demonstration Partnership (FDP) Expanded Clearinghouse Program\nResource\nSubawards: Risk Assessment\nResource\nPayments to Subrecipients on Sponsored Projects\nResource\nAmendment to Subaward Agreements\nResource\nSubrecipient Monitoring: Financial and Technical\nQuick Reference\nOffices\nCALS Sponsored Research Office\nCOI - Conflict of Interest\nCTL - Center for Technology Licensing\nCVM Research Office\nCorporate Engagement\nEHS - Environmental Health & Safety & Risk Management\nExport Controls Office\nFAIM - Faculty Advancing Inclusive Mentoring\nIACUC - Institutional Animal Care and Use\nIBC - Institutional Biosafety Committee\nIRB - Institutional Review Board\nIT Security & Policy\nORIA - Office of Research Integrity and Assurance\nOSP - Office of Sponsored Programs & Research Development\nPRO - Pre-Award Research Operations\nR&I - Cornell Research & Innovation\nRAIS - Research Administration Information Services\nRCR - Responsible Conduct of Research\nRDBSC - Research Division Business Service Center\nResearch Development (ReD)\nResearch Division Human Resources\nResearch Security Office\nSFS - Sponsored Financial Services\nUniversity Policy Office\nWCM - Office of Sponsored Research Administration (OSRA)\nEssential Tools & Resources\nFind My GCO\nInstitutional Profile & DUNS\nRates and budgets\nJoin List Servs\nResearch Development (ReD) Services\nFind Your Next Funding Opportunity\nRegister for Federal and Non-Federal Systems\nDisclose Foreign Collaborations and Support\nWeb Financials (WebFin2)\nExternal\nPI Dashboard\nExternal\nResearch Financials (formerly RA Dashboard)\nExternal\nRASS\nExternal\nIACUC applications (Cayuse Animal Management System)\nIBC applications (RASS-IBC)\nIRB Applications (RASS-IRB)\nExternal\nReport external interests (RASS-COI)\nRASS Access Request Form\naskEHS\nExternal\nCornell Data Services\nExternal\nTravel Registry\nExternal\nInternational research activities\nExternal\nTraining\nResearch metrics and executive dashboards\nRates\nForms\nPolicies\nContacts\nTraining\nEvents\nNews & Announcements\nPart of\n© 2019 Cornell University\nWeb Accessibility Help\nWas this page helpful?\n×\n×\nStatus message\nSorry...This form is closed to new submissions.\nScroll"
}