{
    "URL location": "https://researchservices.cornell.edu/resources/foundation-funding",
    "Last modification date": "2025-04-18T03:27Z",
    "Change frequency": "monthly",
    "Priority": "0.8",
    "Scraped Text": "Foundation Funding | Cornell Research Services\nSkip to main content\nFind guidance on funding and agency updates during the federal government transition\n(\nupdated 4/16/2025\n)\nResearch Services\nResearch Services\nEssential Tools\nClose\nFind My GCO\nRASS\nExternal\nInstitutional Profile & DUNS\nIACUC applications (Cayuse Animal Management)\nFind Your Next Funding Opportunity\nIBC Applications (RASS-IBC)\nResearch Development (ReD) Services\nIRB Applications (RASS-IRB)\nExternal\nRates and budgets\nReport external interests (RASS-COI)\nJoin List Servs\nRASS Access Request Form\nAsk EHS\nExternal\nWeb Financials (WebFin2)\nExternal\nCornell Data Services\nExternal\nPI Dashboard\nExternal\nTravel Registry\nExternal\nResearch Financials (formerly RA Dashboard)\nExternal\nInternational research activities\nExternal\nRegister for Federal and Non-Federal Systems\nDisclose Foreign Collaborations and Support\nResearch metrics & executive dashboards\nTraining\nSearch\nResearch Services\nSearch\nHome\nPrepare a Proposal\nClose\nResearch Development Services\nSubawards in a Proposal\nFind Your Next Funding Opportunity\nDisclose Foreign Collaborations and Support\nProposal Development, Review, and Submission\nPlanning for Animals, Human Participants, r/sNA, Hazardous Materials, Radiation\nBudgets, Costs, and Rates\nCollaborate with Weill Cornell Medicine\nManage a Project\nClose\nAward Negotiation and Finalization\nTravel and International Activities\nProject Finances\nProject Modifications\nResearch Project Staffing\nGet Confidential Info, Data, Equipment, or Materials\nManaging Subawards\nAnimals, Human Participants, r/sNA, Hazardous Materials, Radiation\nClose a Project\nClose\nProject Closeout Financials\nProject Closeout\nEnd a Project Early\nCorporate Partnership & Innovation\nClose\nProtecting an Invention, Creation, Discovery\nEntrepreneurial and Startup Company Resources\nGateway to Partnership Program\nEngaging with Industry\nCompliance, Ethics, Safety\nClose\nResponsible Conduct of Research (RCR)\nExport Controls\nResearch with Human Participants\nResearch Security\nWork with Live Vertebrate Animals\nResearch Safety\nRegulated Biological Materials in Research\nFinancial Management\nConflicts of Interest\nBreadcrumb\nHome\nresources\nFoundation Funding\nRelated Pages:\nResearch Development (ReD)\nFind Your Next Funding Opportunity\nInternal Funding for Faculty, Postdocs & Students\nLimited Submissions Funding Opportunities\nPrivate foundations are an important source of support for academic research. Below are some resources to help you find funding opportunities from foundations.\nFoundation Search Tools\nFoundation Directory\n: The Directory provides information about U.S. private and public foundations, including organization profiles, links to foundation websites, and funding opportunities. Users can subscribe to the \"Philanthropy News Digest\" to receive timely updates about new funding opportunities. Access to the Foundation Directory is provided by the Cornell University Library.\nGrant Forward\n: A searchable\ndatabase of grants from over 14,000 sponsors, including foundations. Search by keywords and advanced filters. Save your favorite searches to receive alerts about new grants, and save your favorite grants to keep track of them. GrantForward also recommends grants to you based on your CV, past publications, and research interests.\nCornell University subscribes to GrantForward.\nFaculty, students and staff with a Cornell netID have free full access.\nSign up here\nusing your cornell.edu email.\nUpdated daily with new funding opportunities from diverse disciplines, including\nin the Life and Physical Sciences, Social Sciences, and Arts and Humanities.\nLearn how to make GrantForward work for you\n:\nClick here\nto access the March 2024 webinar \"Using GrantForward as a Grant Seeker\". Review\nQuickTips\nand the\nResearcher Welcome Guide\n.\nThe\nScience\nPhilanthropy Alliance\nprovides overviews of areas of interest, approaches, and funding opportunities from several of its member organizations (such as the Sloan Foundation,\nBurroughs Wellcome Fund, and more).\nVisit the Alliance Member Priorities webpage\n.\nIf you plan to apply to a foundation for funding, contact your\nGrant and Contract Officer\nand ask if the foundation's terms and conditions conform to Cornell's policies.\nTop Foundation Funders at Cornell\nAmerican Cancer Society\nAmerican Chemical Society\nAmerican Heart Association\nAmerican Kennel Club\n- Canine health\nFord Foundation\nGates Foundation\nGrand Challenges\nand\nGeneral Grant Opportunities\nJacobs Foundation Fellowships\n- Child and youth development\nMacArthur Foundation\nMorris Animal Foundation (\nGrants\nand\nVeterinarians & Students\n) – Veterinary Medicine\nRobert Wood Johnson Foundation\n- Building a culture of health\nRussell Sage Foundation\n- Social Science research\nSimons Foundation\n- Basic Science and Mathematics\nSloan Foundation\n- Research and education in STEM and economics\nSpencer Foundation\n- Improving education around the world\nWinn Foundation\n- Feline health\nWilliam T. Grant Foundation\n- Improving the lives of young people in the U.S.\nExpand All\nTips for Writing Proposals for Foundation Grants\nResearch and make the right fit.\nOne of the most common reasons applications are rejected is not fitting with the funder's interests, goals, and priorities.\nTailor your proposal to the specific funder's guidelines and interests.\nFunders really want to know:\nHow will they benefit from investing in your research program? How will it help them achieve their goals?\nWhy should they care? (The \"so what?\" factor.)\nWhy are you the best one to do the work?\nHow will you sustain the work after the funds are gone?\nWrite an Executive Summary.\nEven if it's not required by a funder, an Executive Summary is good to have on-hand to share with potential funders and program managers. It should be clear and concise, and grab the reader's attention immediately.\n11\nProcess\nFind Your Next Funding Opportunity\nResource\nUpstate New York Energy Storage Engine\nResource\nFunding Opportunity: Bezos Earth Fund Grand Challenge\nResource\nCornell Postdoc Parental Leave Support (PD PaLS) Program\nResource\nLimited Submissions Funding Opportunities\nResource\nFaculty Recognition Prizes and Awards\nResource\nInternal Funding for Faculty, Postdocs & Students\nResource\nEarly Career Faculty Research Funding\nResource\nExternal Funding for Postdoctoral Fellows\nResource\nExternal Funding for Graduate Students\nResource\nEquipment and Instrumentation Grants\nQuick Reference\nOffices\nCALS Sponsored Research Office\nCOI - Conflict of Interest\nCTL - Center for Technology Licensing\nCVM Research Office\nCorporate Engagement\nEHS - Environmental Health & Safety & Risk Management\nExport Controls Office\nFAIM - Faculty Advancing Inclusive Mentoring\nIACUC - Institutional Animal Care and Use\nIBC - Institutional Biosafety Committee\nIRB - Institutional Review Board\nIT Security & Policy\nORIA - Office of Research Integrity and Assurance\nOSP - Office of Sponsored Programs & Research Development\nPRO - Pre-Award Research Operations\nR&I - Cornell Research & Innovation\nRAIS - Research Administration Information Services\nRCR - Responsible Conduct of Research\nRDBSC - Research Division Business Service Center\nResearch Development (ReD)\nResearch Division Human Resources\nResearch Security Office\nSFS - Sponsored Financial Services\nUniversity Policy Office\nWCM - Office of Sponsored Research Administration (OSRA)\nEssential Tools & Resources\nFind My GCO\nInstitutional Profile & DUNS\nRates and budgets\nJoin List Servs\nResearch Development (ReD) Services\nFind Your Next Funding Opportunity\nRegister for Federal and Non-Federal Systems\nDisclose Foreign Collaborations and Support\nWeb Financials (WebFin2)\nExternal\nPI Dashboard\nExternal\nResearch Financials (formerly RA Dashboard)\nExternal\nRASS\nExternal\nIACUC applications (Cayuse Animal Management System)\nIBC applications (RASS-IBC)\nIRB Applications (RASS-IRB)\nExternal\nReport external interests (RASS-COI)\nRASS Access Request Form\naskEHS\nExternal\nCornell Data Services\nExternal\nTravel Registry\nExternal\nInternational research activities\nExternal\nTraining\nResearch metrics and executive dashboards\nRates\nForms\nPolicies\nContacts\nTraining\nEvents\nNews & Announcements\nPart of\n© 2019 Cornell University\nWeb Accessibility Help\nWas this page helpful?\n×\n×\nStatus message\nSorry...This form is closed to new submissions.\nScroll"
}