{
    "URL location": "https://researchservices.cornell.edu/resources/proposal-review-guidelines",
    "Last modification date": "2025-04-18T03:27Z",
    "Change frequency": "monthly",
    "Priority": "0.8",
    "Scraped Text": "Proposal Review Guidelines | Cornell Research Services\nSkip to main content\nFind guidance on funding and agency updates during the federal government transition\n(\nupdated 4/16/2025\n)\nResearch Services\nResearch Services\nEssential Tools\nClose\nFind My GCO\nRASS\nExternal\nInstitutional Profile & DUNS\nIACUC applications (Cayuse Animal Management)\nFind Your Next Funding Opportunity\nIBC Applications (RASS-IBC)\nResearch Development (ReD) Services\nIRB Applications (RASS-IRB)\nExternal\nRates and budgets\nReport external interests (RASS-COI)\nJoin List Servs\nRASS Access Request Form\nAsk EHS\nExternal\nWeb Financials (WebFin2)\nExternal\nCornell Data Services\nExternal\nPI Dashboard\nExternal\nTravel Registry\nExternal\nResearch Financials (formerly RA Dashboard)\nExternal\nInternational research activities\nExternal\nRegister for Federal and Non-Federal Systems\nDisclose Foreign Collaborations and Support\nResearch metrics & executive dashboards\nTraining\nSearch\nResearch Services\nSearch\nHome\nPrepare a Proposal\nClose\nResearch Development Services\nSubawards in a Proposal\nFind Your Next Funding Opportunity\nDisclose Foreign Collaborations and Support\nProposal Development, Review, and Submission\nPlanning for Animals, Human Participants, r/sNA, Hazardous Materials, Radiation\nBudgets, Costs, and Rates\nCollaborate with Weill Cornell Medicine\nManage a Project\nClose\nAward Negotiation and Finalization\nTravel and International Activities\nProject Finances\nProject Modifications\nResearch Project Staffing\nGet Confidential Info, Data, Equipment, or Materials\nManaging Subawards\nAnimals, Human Participants, r/sNA, Hazardous Materials, Radiation\nClose a Project\nClose\nProject Closeout Financials\nProject Closeout\nEnd a Project Early\nCorporate Partnership & Innovation\nClose\nProtecting an Invention, Creation, Discovery\nEntrepreneurial and Startup Company Resources\nGateway to Partnership Program\nEngaging with Industry\nCompliance, Ethics, Safety\nClose\nResponsible Conduct of Research (RCR)\nExport Controls\nResearch with Human Participants\nResearch Security\nWork with Live Vertebrate Animals\nResearch Safety\nRegulated Biological Materials in Research\nFinancial Management\nConflicts of Interest\nBreadcrumb\nHome\nresources\nProposal Review Guidelines\nThe proposal review guidelines define the level of review performed by OSP based on the date the proposal was submitted to OSP vs. when the proposal is due to be submitted to the sponsor.\nProposal Review Guidelines\nYour science/technical content does not have to be complete when you submit to OSP. You can keep working while OSP reviews the rest of the proposal.\n*\nA full business day is an official Cornell workday between 8:30 a.m. and 5:00 p.m.\n**Adherence to Sponsor Guidelines includes; among other things, length, margins, line spacing, font size, file name and type, required information provided (e.g., Broader Impacts Statement); eligibility criteria; etc.\nRisk Assessment\n16\nProcess\nProposal Development, Review, and Submission\nResource\nRegister for Federal and Non-Federal Systems\nResource\nPre-Award Research Operations (PRO)\nResource\nAdditional Things to Consider when Preparing a Proposal\nResource\nFind My GCO (Grant & Contract Officer)\nResource\nSample Proposal Library\nResource\nLimited Submissions Funding Opportunities\nPolicy\nPI Eligibility\nResource\nInstitutional Profile, DUNS, and UEI Numbers\nForm\nRASS\nForm\nNFA (Non-Financial Agreements)\nSee All\nQuick Reference\nOffices\nCALS Sponsored Research Office\nCOI - Conflict of Interest\nCTL - Center for Technology Licensing\nCVM Research Office\nCorporate Engagement\nEHS - Environmental Health & Safety & Risk Management\nExport Controls Office\nFAIM - Faculty Advancing Inclusive Mentoring\nIACUC - Institutional Animal Care and Use\nIBC - Institutional Biosafety Committee\nIRB - Institutional Review Board\nIT Security & Policy\nORIA - Office of Research Integrity and Assurance\nOSP - Office of Sponsored Programs & Research Development\nPRO - Pre-Award Research Operations\nR&I - Cornell Research & Innovation\nRAIS - Research Administration Information Services\nRCR - Responsible Conduct of Research\nRDBSC - Research Division Business Service Center\nResearch Development (ReD)\nResearch Division Human Resources\nResearch Security Office\nSFS - Sponsored Financial Services\nUniversity Policy Office\nWCM - Office of Sponsored Research Administration (OSRA)\nEssential Tools & Resources\nFind My GCO\nInstitutional Profile & DUNS\nRates and budgets\nJoin List Servs\nResearch Development (ReD) Services\nFind Your Next Funding Opportunity\nRegister for Federal and Non-Federal Systems\nDisclose Foreign Collaborations and Support\nWeb Financials (WebFin2)\nExternal\nPI Dashboard\nExternal\nResearch Financials (formerly RA Dashboard)\nExternal\nRASS\nExternal\nIACUC applications (Cayuse Animal Management System)\nIBC applications (RASS-IBC)\nIRB Applications (RASS-IRB)\nExternal\nReport external interests (RASS-COI)\nRASS Access Request Form\naskEHS\nExternal\nCornell Data Services\nExternal\nTravel Registry\nExternal\nInternational research activities\nExternal\nTraining\nResearch metrics and executive dashboards\nRates\nForms\nPolicies\nContacts\nTraining\nEvents\nNews & Announcements\nPart of\n© 2019 Cornell University\nWeb Accessibility Help\nWas this page helpful?\n×\n×\nStatus message\nSorry...This form is closed to new submissions.\nScroll\n\nTable:\nMATTERS ENCOMPASSED IN THE REVIEW(◉ = OSP will review) | FULL REVIEWIf provided to OSP ≥ 5 full business days* before the proposal submission deadline: | LIMITED REVIEWIf provided to OSP < 5 and > 2 full business days* before the proposal submission deadline: | NO REVIEWIf provided to OSP ≤ 2 full business days* before the proposal submission deadline:(Review for Institutional Risk Only) | COMMENTS\n--- | --- | --- | --- | ---\nA. Sponsor Analysis/Review | ◉ | ◉ |  | For non-routine sponsors, OSP will assess the organization's fiscal and operating status. This may include obtaining a Dun and Bradstreet report for the sponsor to help determine financial and other risk to Cornell University before entering into a contractual relationship.\n | \nB. Internal Notification and Consultation with Other Administrative Offices | ◉ | ◉ |  | OSP frequently engages other Cornell administrative offices when consultation is required to help interpret sponsor guidelines, when non-routine terms and conditions appear in a solicitation, when the scope of work or budget are complex, involve risk or require pre-award compliance permissions. The following offices provide guidance to OSP on matters of relevance to their subject area expertise: General Counsel, Risk Management & Insurance, Cornell Center for Technology Licensing, Office of Research Integrity and Assurance, and Sponsored Financial Services.\n\nC. Sponsor's Guidelines**\n1. Presence and nature of terms and conditions | ◉ | ◉ |  | OSP reviews the sponsor's guidelines/solicitation to determine if terms and conditions are present.  If present, OSP must review them to determine if Cornell can accept them.  Often, OSP will provide a cover letter objecting to specific terms and reserving the right to negotiate an agreement with terms and conditions aligned with Cornell policy. If the terms and conditons are unacceptable, and non-negotiable, OSP will be unable to submit the proposal.\n2. Limitations on the number of applicants | ◉ | ◉ |  | Some sponsors limit the number of nominations or proposals that Cornell (including Weill Cornell Medicine) may submit to a particular program. These special limited submission competitions are coordinated by the OSP. The Research Advisory Committee reviews the nominations/proposals received and then selects the submissions to go forward based on how closely the proposed research matches the sponsor's interests and thus has the best opportunity for success.  OSP reviews sponsor guidelines to ensure that if a competition is limited, proposals are first routed through the internal selection process and only those selected are submitted.\n3. Submission method and deadline | ◉ | ◉ |  | OSP reviews sponsor guidelines to determine the method of proposal submission and the deadline date and time the submission is due.\n4. Certifications and assurances | ◉ | ◉ |  | OSP reviews the certifications and assurances required by the sponsor and assesses Cornell's ability to accept and comply with these requirements.\n | \nD. Research Administration Support Services (RASS) entry | The Research Administration Support Systems (RASS) facilitates creation of project records and internal approvals for sponsored programs. A new RASS project should be created and completed for all new proposals.The RASS proposal record serves multiple functions. First, it provides OSP with information on when and where to submit the proposal and key information about the proposed project (duration, amount requested, the inclusion of subrecipients, etc.). Second, it provides the university's compliance units with research compliances required for the project (e.g., animal use, conflict of interest, foreign activities, etc.). Many of the unviersity's compliance modules are integrated with the RASS record. RASS also serves as a repository for documents associated with the proposal. And lastly, it allows Departments and Colleges to review and approve commitments of resources made by their investigators.In the event that a proposal is awarded by the sponsor, RASS will also serve as the official record for the award and its associated supporting documents.\n1. RASS proposal record complete | ◉ | ◉ | ◉ | OSP reviews each proposal record submitted via RASS to determine if all required fields and questions have been completed. Required data includes but is not limited to project title; proposal type; submission method; sponsor & funding opportunity information (including deadline date and time); key personnel; budget (direct & indirect costs broken down by year); uploaded budget justification; cost share information (if applicable); project function; F&A rate; complete subaward proposal records (if applicable); responses to project income, screening questions and compliance questions; uploaded proposal document or eRA system location.\n2.  Attestations and approvals are present and correct | ◉ | ◉ | ◉ | OSP reviews each proposal record in RASS to ensure the Principal Investigator(s) and co-Principal Investigator(s) attestations are complete, and their  Department Chair(s)/Unit Director(s) and/or his/her designee have completed the review and approval process in the system.\n3. Data consistent with the proposal | ◉ | ◉ |  | OSP reviews each RASS project record and compares the data there with the associated proposal to ensure consistency between the two documents.\n\nE. PI Eligibility\n1. Approvals for non-eligible PIs | ◉ | ◉ | ◉ | OSP determines if the PI is elgible to serve as a PI on a sponsored project, in accordance with Cornell policy. If the PI is a full time member of the Faculty, he/she may serve as PI/Project Director on sponsored programs. Individuals with certain other titles may serve under special circumstances with the approval of the Vice President for Research and Innovation. A requirement will be added to the RASS record for any PI(s) whose position/title requires additional approvals to serve in this capacity. For details on the policy please see this webpage:https://researchservices.cornell.edu/policies/pi-eligibility&nbsp;\n\nF. Institutional, Federal, and State Compliances\n1. Conflict of Interest/Conflict of Commitment | ◉ | ◉ | ◉ | OSP determines if the PI, and other key personnel named on the proposed project, have completed their annual conflict of interest disclosure in accordance with the Cornell University Conflicts of Interest Policy and University By-laws.\n2. Human Participants | ◉ |  |  | OSP determines if human participants will be used in the conduct of the sponsored project, and records the information in its system.  If an award is made, OSP cannot accept the award until an IRB approval has been granted to the PI for the conduct of the research.\n3. Animals | ◉ |  |  | OSP determines if vertebrate animals will be used in the conduct of the sponsored project, and records the information in its system.  If an award is made, OSP cannot accept the award until an IACUC approval has been granted to the PI.\n4. Genetically Modified Organisms | ◉ |  |  | OSP determines if the field-release of genetically modified organisms will be conducted as part of the sponsored project, and records the information in its system.  If an award is made, OSP cannot accept the award until the IBC has approved the field-release.\n5. Radiation | ◉ |  |  | OSP determines if radioactive materials or devices will be used in the conduct of the sponsored project, and records the information in its system.  If an award is made, OSP cannot accept the award until the Environmental, Health and Safety Office has approved the use.\n6. Biological Agents and Toxins | ◉ |  |  | OSP determines if biological agents of toxins will be used in the conduct of the sponsored project, and records the information in its system.  If an award is made, OSP cannot accept the award until the IBC has approved the use of these agents or toxins.\n7. Hazardous Materials | ◉ |  |  | OSP determines if hazardous materials will be used in the conduct of the sponsored project, and records the information in its system.  If an award is made, OSP cannot accept the award until the Environmental, Health and Safety Office has approved the use of these materials.\n8. Foreign Activities | ◉ |  |  | A series of questions are included in the RASS project record to document the inclusion of Foreign Activities (FA) on the project. When FA are included on the project additional approvals may be sought from the Global Operations and/or the Export Control Office.\n9. Board of Trustees | ◉ | ◉ | ◉ | OSP determines if Board of Trustee (BOT) approval is required. OSP is required to seek BOT approval for the following, and initiates the approval process immediately after a qualifying proposal is submitted:New grants and contracts involving expenditure in excess of $10 million annually, prior to acceptance of the grant or contract.New or renewed grants and contracts when the project:involves an annual allocation of University General Purpose funds of $250,000 or more.involves a capital construction project of $500,000 or more.\n10. Renovation/Facilities | ◉ |  |  | OSP determines if renovation or construction of facilities are planned as part of the proposed sponsored project.  Consultation with Cornell's Facilities Services Capitol Projects and Planning division occurs when such projects are proposed.\n11. Stem Cells | ◉ |  |  | If human embryonic stem cells will be used in the conduct of the sponsored project, such use is documented in RASS.  If an award is made, OSP cannot accept the award until the ESCRO Committee has approved the use of stem cells.\n12. Export Controls | ◉ |  |  | OSP determines if the proposed sponsored project involves the transfer or disclosure of goods, technology, software, services, and funds originating from the United States to persons or entities in foreign countries OR to non-U.S. persons anywhere.  If the proposed project does involve one or more of the above export control issues, permits may need to be obtained from the federal government.\n13. Background Intellectual Property | ◉ | ◉ |  | If required by the sponsor, OSP determines, in consultation with the PI, if the proposed sponsored project commits background intellectual property (IP). If the proposed project does involve background IP, OSP needs to assess its availability for use in any fore-ground and/or project IP developed as part of the proposed sponsored project.\n\nG. Proposal\n1. Application package/form is correct | ◉ |  |  | OSP checks the application package/forms used to ensure the correct version has been used and the forms have been completed accurately.\n2. Cover/Face Page | ◉ |  |  | OSP reviews the cover/face page for accuracy and consistency with sponsor guidelines.\n3. Abstract or Project Summary | ◉ |  |  | OSP reviews the Abstract or Project Summary for consistency with sponsor guidelines.\n4. Narrative/Research Plan/Scope of Work | ◉ |  |  | OSP reviews the narrative/research plan/scope of work for consistency with sponsor guidelines and to identify risk, background IP, cost sharing, and instiutional, federal and state compliances relevant to the project.\n5. Bibliography/References | ◉ |  |  | OSP reviews the bibliography/references for consistency with sponsor guidelines.\n6. Curriculum Vitae/Biosketch | ◉ |  |  | OSP reviews the CV/Biosketch for consistency with sponsor guidelines.\n7. Budget | ◉ | ◉ |  | OSP reviews the budget to determine consistency with 2 CFR Part 200 (Uniform Administrative Requirements, Cost Principles, and Audit Requirements for Federal Awards), specifically to assess if the proposed direct costs to be charged to the sponsor are allowable, allocable and reasonable.  OSP also reviews the budget to determine that the indirect costs charged to the sponsor have been calculated correctly and that the budget format is consistent with sponsor guidelines.\n8. Budget Narrative/Justification | ◉ | ◉ |  | OSP conducts a side-by-side review of the budget justification and the budget to ensure that all direct and indirect costs identified in the budget have been sufficiently and appropriately justified in the budget justification.\n9. Inclusion of appropriate F&A and fringe benefits rates | ◉ | ◉ | ◉ | \n10. Resources & Facilities | ◉ |  |  | OSP reviews the Resources & Facilities section consistency with sponsor guidelines.\n11. Other Support/Current and Pending Support | ◉ |  |  | OSP reviews the Current and Pending Support section and compares it to proposal and award data in RASS.\n12. Appendices/Supplemental Documents | ◉ |  |  | OSP reviews the Appendices/Supplemental documents for consistency with sponsor guidelines.\n13. Subcontract Pan/MBE/WBE | ◉ |  |  | OSP reviews the Small Business/MBE/WBE Subcontract Plan for consistency with sponsor guidelines.\n | \nH. Subaward Proposal | When a portion of the required effort of the proposed project is to be provided by one or more external institutions or companies (third party(ies)) who are made responsible for a discrete part of the project, a subaward proposal is required from the third party(ies) for inclusion in the Cornell proposal submitted to the sponsor. Subaward proposal record in RASS should be completed by Unit RA for review by GCO. Fields to be included are: Primary Info, Key Personnel, Budget (including budget periods, budget documents, justfication, F&A rate etc); Compliances, and Subaward Proposal Documents.\n1. Letter of Commitment/Commitment Form | ◉ | ◉ | ◉ | OSP reviews the Letter of Commitment to ensure that the contribution of the third party is authorized by an instituitional or company official.\n2. Scope of Work | ◉ | ◉ |  | OSP reviews the scope of work of the subrecipient to determine if the information provided sufficiently describes the proposed work, and corresponds with the proposal narrative.**LIMiTED REVIEW**:OSP will check for inclusion of scope of work at the limited review stage. No review of scope of work unless time permits.\n3. Subaward Budget | ◉ |  |  | OSP reviews the subrecipient's budget to determine if the direct costs are consistent with 2 CFR Part 200 (Uniform Administrative Requirements, Cost Principles, and Audit Requirements for Federal Awards), specifically if the proposed costs are allowbale, allocable and reasonable.  OSP also reviews the indirect costs requested and compares it to the subrecipient's federally negotiated indirect cost rate agreement.\n4. Negotiated Rate Agreement | ◉ |  |  | OSP reviews the subrecipient's federally negotiated indirect cost rate agreement if applicable. If the subrecipient does not have a negotiated rate, OSP reviews the indirect costs requested.\n5. Subrecipient/Contractor Determination | ◉ | ◉ |  | Characteristics of a subrecipient include when the entity:Determines who is eligible to receive what Federal assistanceHas its performance measured in relation to whether objectives of a Federal program were metHas responsibility for programmatic decision makingIs responsible for adherence to applicable Federal program requriements specified in the Federal awardIn accordance with its agreement, uses the Federal funds to carry out a program for a public purpose specified in an authorizing statute, as opposed to providing goods or services for the benefit of the pass-through entityCharacteristics indicative of a contractor are when the entity:Provides the goods and services within normal business operationsProvides similar goods or services to many different purchasersNormally operates in a competitive environmentProvides goods or services that are ancillary to the operation of the Federal programIs not subject to compliance requirements of the Federal program as a result of the agreement, though similar requirements may apply for other reasonsAll of the characteristics listed above may not be present in all cases, and OSP must use judgment in classifying each agreement as a subaward or a procurement contract.\n6. Subaward Attestation (PI or RA) | ◉ | ◉ |  | \n | \nI. Data Security Plan (if applicable) | ◉ |  |  | If a sponsor requires an applicant to document how data used or generated by the proposed project will be protected and/or stored, OSP reviews the plan in accordance with sponsor guidelines, and often in consultation with assistance from Cornell Information Technologies (CIT).\nJ. Intellectual Property Management Plan (if applicable) | ◉ |  |  | Some sponsors require IP management plans when multiple parties collaborate and IP will result from the proposed project. OSP reviews the IP management plan in accordance with sponsor's guidelines and often consults with the Cornell Center for Technology Licensing.\nK. Technology Control Plan (if applicable) | ◉ |  |  | The purpose of a Technology Control Plan (TCP) is to protect technical information which is specifically not identified as fundamental research or as educational information.  A TCP provides guidelines to ensure that the information is not transferred to a foreign person or persons unless approved by license with the Department of State, Office of Defense Controls (ODTC) or Department of Commerce as applicable.  OSP reviews the TCP in collaboration with the Export Control Office to ensure consistency with federal guidelines.\nL. Related Agreements Review (if applicable) | ◉ |  |  | OSP reviews exisiting agreements related to a proposed sponsored project, such as non-disclosure agreements, material transfer agreements and research agreements, to identify and manage back-ground IP issues and potential conflicts of interest.\n\n\nTable:\n# of Business Days Before Proposal Deadline | FULL REVIEWIf provided to OSP > 5 full business days* before the proposal submission deadline: | LIMITED REVIEWIf provided to OSP 3 or 4 full business days* before the proposal submission deadline: | NO REVIEWIf provided to OSP < 2 full business days* before the proposal submission deadline:\n--- | --- | --- | ---\n1. Risk of proposal rejection due to non-compliance w/ sponsor guidelines | Low | Medium | High\n2. Risk of proposal rejection due to system failure | Low | Medium | High\n3. Risk of department/unit incurring financial burden due to budget errors or omissions | Low | High | High\n4. Risk of withdrawal of the proposal by OSP after submission and/or rejection of the award | Low | Medium | High\n"
}