{
    "URL location": "https://researchservices.cornell.edu/news/nih-changes-other-support-and-biosketch-format-and-instructions-january-25-2022",
    "Last modification date": "2025-04-18T03:27Z",
    "Change frequency": "monthly",
    "Priority": "0.8",
    "Scraped Text": "NIH Changes to Other Support and Biosketch Format and Instructions as of January 25, 2022 | Cornell Research Services\nSkip to main content\nFind guidance on funding and agency updates during the federal government transition\n(\nupdated 4/16/2025\n)\nResearch Services\nResearch Services\nEssential Tools\nClose\nFind My GCO\nRASS\nExternal\nInstitutional Profile & DUNS\nIACUC applications (Cayuse Animal Management)\nFind Your Next Funding Opportunity\nIBC Applications (RASS-IBC)\nResearch Development (ReD) Services\nIRB Applications (RASS-IRB)\nExternal\nRates and budgets\nReport external interests (RASS-COI)\nJoin List Servs\nRASS Access Request Form\nAsk EHS\nExternal\nWeb Financials (WebFin2)\nExternal\nCornell Data Services\nExternal\nPI Dashboard\nExternal\nTravel Registry\nExternal\nResearch Financials (formerly RA Dashboard)\nExternal\nInternational research activities\nExternal\nRegister for Federal and Non-Federal Systems\nDisclose Foreign Collaborations and Support\nResearch metrics & executive dashboards\nTraining\nSearch\nResearch Services\nSearch\nHome\nPrepare a Proposal\nClose\nResearch Development Services\nSubawards in a Proposal\nFind Your Next Funding Opportunity\nDisclose Foreign Collaborations and Support\nProposal Development, Review, and Submission\nPlanning for Animals, Human Participants, r/sNA, Hazardous Materials, Radiation\nBudgets, Costs, and Rates\nCollaborate with Weill Cornell Medicine\nManage a Project\nClose\nAward Negotiation and Finalization\nTravel and International Activities\nProject Finances\nProject Modifications\nResearch Project Staffing\nGet Confidential Info, Data, Equipment, or Materials\nManaging Subawards\nAnimals, Human Participants, r/sNA, Hazardous Materials, Radiation\nClose a Project\nClose\nProject Closeout Financials\nProject Closeout\nEnd a Project Early\nCorporate Partnership & Innovation\nClose\nProtecting an Invention, Creation, Discovery\nEntrepreneurial and Startup Company Resources\nGateway to Partnership Program\nEngaging with Industry\nCompliance, Ethics, Safety\nClose\nResponsible Conduct of Research (RCR)\nExport Controls\nResearch with Human Participants\nResearch Security\nWork with Live Vertebrate Animals\nResearch Safety\nRegulated Biological Materials in Research\nFinancial Management\nConflicts of Interest\nBreadcrumb\nHome\nNews & Announcements\nNIH Changes to Other Support and Biosketch Format and Instructions as of January 25, 2022\nRelated Pages:\nNIH: Disclosing Other Support and Foreign Components\nWorking with NIH\nBeginning January 25, 2022 changes are required by NIH in the Other Support and Biosketch.\nOther Support\nBeginning January 25, 2022,\nNIH requires Other Support documents to be signed by the Program Director (PD) /Principal Investigator (PI) or Other Senior/Key Personnel (KP)\n.\nThis signature is required by NIH to certify the accuracy of the information submitted.\nEach PD/PI or KP must electronically sign their respective Other Support form as a PDF prior to submission to NIH.\nAll Other Support documents must then be combined into a single PDF and “flattened” prior to upload to the eRA Commons system.\nNIH requires recipients and applicants to use the electronic signature of their choice which is in alignment with institutional practices. Applicants and recipients must maintain supporting documentation to reasonably authenticate that the appropriate individual signed the form and make such documentation available upon request to NIH. PDs/PIs/KP cannot delegate this signature.\nOSP recommends the use of\nAdobe Sign\n.\nIt is recommended that staff in NIH-funded departments obtain a license to Adobe Sign (individual licenses are free as part of Cornell’s institution-wide license) as soon as possible and understand the process by which to circulate Other Support documents for signature. The December 2021 OSP Roundtable was devoted to this topic. The slides and recording can be found here:\n\n. The slides include step-by-step instructions on using Adobe Sign and generating a flattened PDF, beginning on slide 17.\nAdditional NIH requirements are related to the expanded definition of what constitutes Other Support.\nPlease be diligent in providing the required information in Other Support:\nAll\nresources made available to researchers in support of and/or related to all of their research endeavors, regardless of whether or not they have monetary value and regardless of whether those resources are based at Cornell. This includes, but is not limited to:\nResources and/or financial support from all foreign and domestic entities that are available to the researcher, including financial support for laboratory personnel, and provision of high-value materials that are not freely available.\nConsulting activities that involve research and fall\noutside\nof an individual’s appointment, separate from institution’s agreement.\nIn-kind contributions: office/laboratory space, equipment, supplies, or employees or students supported by an outside source.\nIn addition, the PD/PI/KP is required to submit copies of contracts specific to senior/key-personnel foreign appointments and/or employment with a foreign institution for all foreign activities and resources that are reported in Other Support . If they are not in English, recipients must provide translated copies (see NIH\nGPS 2.5.1\n). This does not include personal service contracts, or employment contracts for fellows supported by foreign entities.\nBiosketch\nThe format and instructions for the Biosketch have also changed\n:\nSection B “Positions and Honors” has been renamed “Positions,\nScientific Appointments\n, and Honors and requires a list in\nreverse\nchronological order of\nall positions and scientific appointments both domestic and foreign, including affiliations with foreign entities or governments. This includes titled academic, professional, or institutional appointments whether or not remuneration is received, and whether full-time, part-time, or voluntary (including adjunct, visiting, or honorary).\nSection D has been removed for all non-fellowship biosketches.\nThe new formats and instructions must be used for all due dates on or after January 25, 2022.\nQuestions?\nOSP recognizes the additional burden placed on researchers and research administrators and welcomes questions and feedback on Cornell’s implementation and communication of these requirements. Please contact Mary-Margaret Klempa, Senior Director, OSP (\nmk636@cornell.edu\n) or\nosp-help@cornell.edu\nwith your questions.\nAdditional Information from NIH\nFurther details on the expanded requirements and new formats for the Other Support and  Biosketch documents:\n\n\n.\nFrequently Asked Questions (FAQs) on Other Support and Foreign Components:\n\n.\nPublished on\n: Tuesday, January 18, 2022 - 3:16pm\nQuick Reference\nOffices\nCALS Sponsored Research Office\nCOI - Conflict of Interest\nCTL - Center for Technology Licensing\nCVM Research Office\nCorporate Engagement\nEHS - Environmental Health & Safety & Risk Management\nExport Controls Office\nFAIM - Faculty Advancing Inclusive Mentoring\nIACUC - Institutional Animal Care and Use\nIBC - Institutional Biosafety Committee\nIRB - Institutional Review Board\nIT Security & Policy\nORIA - Office of Research Integrity and Assurance\nOSP - Office of Sponsored Programs & Research Development\nPRO - Pre-Award Research Operations\nR&I - Cornell Research & Innovation\nRAIS - Research Administration Information Services\nRCR - Responsible Conduct of Research\nRDBSC - Research Division Business Service Center\nResearch Development (ReD)\nResearch Division Human Resources\nResearch Security Office\nSFS - Sponsored Financial Services\nUniversity Policy Office\nWCM - Office of Sponsored Research Administration (OSRA)\nEssential Tools & Resources\nFind My GCO\nInstitutional Profile & DUNS\nRates and budgets\nJoin List Servs\nResearch Development (ReD) Services\nFind Your Next Funding Opportunity\nRegister for Federal and Non-Federal Systems\nDisclose Foreign Collaborations and Support\nWeb Financials (WebFin2)\nExternal\nPI Dashboard\nExternal\nResearch Financials (formerly RA Dashboard)\nExternal\nRASS\nExternal\nIACUC applications (Cayuse Animal Management System)\nIBC applications (RASS-IBC)\nIRB Applications (RASS-IRB)\nExternal\nReport external interests (RASS-COI)\nRASS Access Request Form\naskEHS\nExternal\nCornell Data Services\nExternal\nTravel Registry\nExternal\nInternational research activities\nExternal\nTraining\nResearch metrics and executive dashboards\nRates\nForms\nPolicies\nContacts\nTraining\nEvents\nNews & Announcements\nPart of\n© 2019 Cornell University\nWeb Accessibility Help\nWas this page helpful?\n×\n×\nStatus message\nSorry...This form is closed to new submissions.\nScroll"
}