{
    "URL location": "https://researchservices.cornell.edu/resources/nsf-broader-impacts-resources",
    "Last modification date": "2025-04-18T03:27Z",
    "Change frequency": "monthly",
    "Priority": "0.8",
    "Scraped Text": "NSF Broader Impacts Resources | Cornell Research Services\nSkip to main content\nFind guidance on funding and agency updates during the federal government transition\n(\nupdated 4/16/2025\n)\nResearch Services\nResearch Services\nEssential Tools\nClose\nFind My GCO\nRASS\nExternal\nInstitutional Profile & DUNS\nIACUC applications (Cayuse Animal Management)\nFind Your Next Funding Opportunity\nIBC Applications (RASS-IBC)\nResearch Development (ReD) Services\nIRB Applications (RASS-IRB)\nExternal\nRates and budgets\nReport external interests (RASS-COI)\nJoin List Servs\nRASS Access Request Form\nAsk EHS\nExternal\nWeb Financials (WebFin2)\nExternal\nCornell Data Services\nExternal\nPI Dashboard\nExternal\nTravel Registry\nExternal\nResearch Financials (formerly RA Dashboard)\nExternal\nInternational research activities\nExternal\nRegister for Federal and Non-Federal Systems\nDisclose Foreign Collaborations and Support\nResearch metrics & executive dashboards\nTraining\nSearch\nResearch Services\nSearch\nHome\nPrepare a Proposal\nClose\nResearch Development Services\nSubawards in a Proposal\nFind Your Next Funding Opportunity\nDisclose Foreign Collaborations and Support\nProposal Development, Review, and Submission\nPlanning for Animals, Human Participants, r/sNA, Hazardous Materials, Radiation\nBudgets, Costs, and Rates\nCollaborate with Weill Cornell Medicine\nManage a Project\nClose\nAward Negotiation and Finalization\nTravel and International Activities\nProject Finances\nProject Modifications\nResearch Project Staffing\nGet Confidential Info, Data, Equipment, or Materials\nManaging Subawards\nAnimals, Human Participants, r/sNA, Hazardous Materials, Radiation\nClose a Project\nClose\nProject Closeout Financials\nProject Closeout\nEnd a Project Early\nCorporate Partnership & Innovation\nClose\nProtecting an Invention, Creation, Discovery\nEntrepreneurial and Startup Company Resources\nGateway to Partnership Program\nEngaging with Industry\nCompliance, Ethics, Safety\nClose\nResponsible Conduct of Research (RCR)\nExport Controls\nResearch with Human Participants\nResearch Security\nWork with Live Vertebrate Animals\nResearch Safety\nRegulated Biological Materials in Research\nFinancial Management\nConflicts of Interest\nBreadcrumb\nHome\nresources\nNSF Broader Impacts Resources\nRelated Pages:\nWorking with NSF\nResearch Development (ReD) Team\nThe National Science Foundation (NSF) Merit Review process has two criteria for reviewing more than 50,000 proposals annually: Intellectual Merit and Broader Impacts. While researchers are generally confident about the intellectual merit criterion, the Broader Impacts criterion can pose a separate set of challenges.\nThe Office of Sponsored Programs and Research Development (OSP) provides a variety of NSF Broader Impacts resources and services for all Cornell faculty including faculty workshops, partnership connections, grant writing support and review, as well as up-to-date information on the state of Broader Impacts from national leaders and policymakers.\nMake an appointment to discuss Broader Impacts with the Research Development team\nhere\n.\nBroader Impacts Partners and Programs:\nMany Broader Impacts projects are done in partnership with existing programs and organizations on campus and in the surrounding community.\nCornell's list of local programs and partners\n(sheet not updated regularly and information is subject to change) that focus on improving K-12 STEM education, student learning, science teacher development, and public understanding of science is available. Contact information for the staff and/or faculty leading these programs is listed.\nWriting Your Broader Impacts Plan for NSF Merit Review:\nNSF Broader Impacts are reviewed using the same criteria as Intellectual Merit. The National Alliance for Broader Impacts (NABI) has published the\nNABI Guiding Principles\ndocument to help researchers and partners to think about Broader Impacts in a way that aligns with each review criterion.\nOverview of Broader Impacts: What is it?\nLearn about the current state of Broader Impacts and trends with successful case studies and new resources available to Cornell faculty by downloading the following resources.\nNSF Specific Resources\nExpand All\nNSF Perspective on Broader Impacts\nRecent Perspectives on Broader Impacts Criterion from NSF, University Leaders, and Faculty\nNSF Strategic Plan (2022-2026)\nGain a clear understanding of NSF funding priorities, long-term goals and objectives, and the initiatives they aim to support to achieve these goals. Explore their vision of the deeper integration of STEM research, education, and societal impacts.\nClick here to read the plan.\nNSF Science and Engineering Indicators\nA\nbiennial report\nto Congress provides quantitative information on the state of US science, technology, and engineering. Source data from diverse surveys are available as well, including surveys on earned doctorates; graduate students in STEM; public perceptions; and knowledge about science, business R&D, and state government research. Use these data to make a case for the importance of your Broader Impacts plan.\nNSF Broadening Participation and Diversity\nClarify your understanding of current NSF priorities and initiatives around diversity and inclusion, which is an area of strategic importance to NSF.\nRead more about broadening participation at NSF here.\nNSF Merit Review Process\nThis\nfeature length video\nreviews NSF’s Intellectual Merit and Broader Impacts review criteria.\nPrinciples for NSF Broader Impacts Design\nExpand All\nGetting Started: Construct a Credible Impact Identity\nIdentify where your field intersects with societal needs, challenges, and opportunities.\nWhich societal needs and issues\nmost\nconnect to your research? Which societal issues are most important to you, or the future of your field? Reflect on where exactly you can see yourself having societal impact, and remember that these activities can expand and develop over the course of many NSF-funded projects.  Dream big, but start with a realistic plan over the next three to five years that can launch you towards realizing larger societal impacts goals over time.\nCompelling Broader Impacts plans build on past experiences, genuine interests, and the networks and contexts unique to each researcher.  Integrate these components into your plan.\nStructure each proposal in a way that sets yourself up to connect your research and education aims with societal needs over the course of your NSF-supported research career.\nBe Strategic\nUnderstand and articulate how your Broader Impacts plan advances NSF's vision for the Broader Impacts of Research (see NSF Strategic Plan and Broadening Participation and Diversity in the Resources section below.)\nThink carefully about the goals of your Broader Impacts plan. Make sure you have short-term and long-term goals, and a pathway of resources, activities, and partners that connect them. Prioritize your efforts and time around specific goals that can be tracked and measured.\nBroader Impacts is not simply a list of unrelated, or random outreach activities. Focus on a plan that is rooted in societal needs and interests and use data/literature to demonstrate the need for your Broader Impacts plan.\nYou don’t have to reinvent the wheel for your Broader Impacts plan to be innovative. In fact many of the best plans leverage, expand, or reimagine, a variety of existing resources on campus and in the community (contact us about our ‘NSF-ready’ community partners).\nBroadening participation of members of underrepresented groups in STEM is an NSF priority.\nDemonstrate Expertise\nBuild on best practices. If you want to work with young people in out-of school settings, what are the best practices for doing so? If you decide to focus on STEM teacher development, what is currently known to be the most effective approach?  If you decide to focus on public science communication, what are the best methods and platforms for scientists that use this approach, how do you reach public audiences, and how do you measure the impact?\nReference the literature (ie. STEM education, scientific literacy, diversity in STEM, workforce needs) and NSF data ( i.e. NSF Science and Engineering Indicators) to show how your Broader Impacts plan is relevant. Identify the key societal issues you will address, and the evidence-based methods you will use. Approach this plan as you would a scientific research problem, with literature cited, research questions, methods, and a plan to share results.\nAre there particular skills, knowledge, or experiences that would enable you to do this work with more insight and credibility? Consider workshops, seed grants, and fellowships for faculty with the Cornell Institute for Teaching Innovation, Diversity and Inclusion, or Community Engagement.\nJoin forces with outside experts to ensure that your plan will be successful.  In doing so, think about the opportunities and resources that are already at Cornell, in the community, or in your wider professional network.\nEstablish Meaningful Partnerships\nLeverage your network or local community partners to strengthen your efforts, effectiveness, and access to the public. Science museums, public media, public service or public health center, youth programs, and professional societies are all potential partners for Broader Impacts.  Peers and public-facing offices in your department and across campus can be resources and partners. *Contact\nresearch_development@cornell.edu\nfor community partner ideas and contact information.\nEstablish good relationships with Broader Impacts partners. Nurture partnerships and keep them current, even when grant deadlines are not looming. Ensure that your partners' expertise, needs, and aims align with your interests so that everyone benefits from the partnership.\nCommunity-based partnerships can often help researchers to directly broaden participation of members of underrepresented groups in ways that that might not be possible on your own.\nPartners may have capacity and expertise in program evaluation.\nAllocate Adequate Resources and a Budget for your Partners\nMost broader Impacts plans require a variety of resources to have an impact.\nAllocating a realistic budget for broader impacts shows commitment to the work and credibility in a way that plans without such budgets do not.\nLike research partners, community partners often require budgets and resources for these projects. Demonstrate that you value the partner's contributions and expertise by budgeting for their time and involvement.\nBe sure to discuss with your partner how much they will need to complete the work outlined.\nIntegrate Research, Education, and Broader Impacts Aims\nInclude your trainees (undergraduate through postdoctoral) in the Broader Impacts plan; make a case for how their participation in the activities can support their professional development.\nDemonstrate Impacts and Share your Success\nInclude a plan to evaluate and refine your efforts and demonstrate impact over time. This is only possible with clear and measurable project goals.\nUtilize campus resources and internal and external consultants to assist you in developing an evaluation plan.\nShare successes and generalizable outcomes with public and professional networks.  Connect with university and departmental communications staff. Keep your program office informed.\nJoin the\nCU-RES-Admin email listserv\nto learn about upcoming Broader Impacts Identity and Design Workshops for faculty.\n8\nProcess\nResearch Development (ReD) Team\nResource\nGrant Writing Resources at Cornell\nResource\nNSF CAREER Proposal Tool Kit\nResource\nDoD Funding for Early Career Faculty\nResource\nWorking with DoD\nResource\nWorking with NIH\nResource\nWorking with NSF\nResource\nResearch Concierge Service\nQuick Reference\nOffices\nCALS Sponsored Research Office\nCOI - Conflict of Interest\nCTL - Center for Technology Licensing\nCVM Research Office\nCorporate Engagement\nEHS - Environmental Health & Safety & Risk Management\nExport Controls Office\nFAIM - Faculty Advancing Inclusive Mentoring\nIACUC - Institutional Animal Care and Use\nIBC - Institutional Biosafety Committee\nIRB - Institutional Review Board\nIT Security & Policy\nORIA - Office of Research Integrity and Assurance\nOSP - Office of Sponsored Programs & Research Development\nPRO - Pre-Award Research Operations\nR&I - Cornell Research & Innovation\nRAIS - Research Administration Information Services\nRCR - Responsible Conduct of Research\nRDBSC - Research Division Business Service Center\nResearch Development (ReD)\nResearch Division Human Resources\nResearch Security Office\nSFS - Sponsored Financial Services\nUniversity Policy Office\nWCM - Office of Sponsored Research Administration (OSRA)\nEssential Tools & Resources\nFind My GCO\nInstitutional Profile & DUNS\nRates and budgets\nJoin List Servs\nResearch Development (ReD) Services\nFind Your Next Funding Opportunity\nRegister for Federal and Non-Federal Systems\nDisclose Foreign Collaborations and Support\nWeb Financials (WebFin2)\nExternal\nPI Dashboard\nExternal\nResearch Financials (formerly RA Dashboard)\nExternal\nRASS\nExternal\nIACUC applications (Cayuse Animal Management System)\nIBC applications (RASS-IBC)\nIRB Applications (RASS-IRB)\nExternal\nReport external interests (RASS-COI)\nRASS Access Request Form\naskEHS\nExternal\nCornell Data Services\nExternal\nTravel Registry\nExternal\nInternational research activities\nExternal\nTraining\nResearch metrics and executive dashboards\nRates\nForms\nPolicies\nContacts\nTraining\nEvents\nNews & Announcements\nPart of\n© 2019 Cornell University\nWeb Accessibility Help\nWas this page helpful?\n×\n×\nStatus message\nSorry...This form is closed to new submissions.\nScroll\n\nTable:\nBroader Impacts Identity Framework Workshop (PART I) - November 5, 2021>Presentation slides>Workshop exercises>Video | Broader Impacts Proposal Design Workshop                          (PART II) - November 19, 2021Presentation slides>Video\n--- | ---\nBroader Impacts Design for NSF Proposals Slide Presentation | Broader Impacts Design for NSF Proposals Zoom Recording\n | Broader Impacts ToolkitThe resources and tools on this site are designed to help Researchers and BI Professionals develop projects and partnerships that will satisfy the Broader Impact requirement of National Science Foundation (NSF) proposals, and help you fulfill your interest in communicating your science.\n"
}