{
    "URL location": "https://researchservices.cornell.edu/rates/travel-funded-certain-ny-state-sponsored-awards",
    "Last modification date": "2025-04-18T03:27Z",
    "Change frequency": "monthly",
    "Priority": "0.8",
    "Scraped Text": "Travel Funded by Certain NY State Sponsored Awards | Cornell Research Services\nSkip to main content\nFind guidance on funding and agency updates during the federal government transition\n(\nupdated 4/16/2025\n)\nResearch Services\nResearch Services\nEssential Tools\nClose\nFind My GCO\nRASS\nExternal\nInstitutional Profile & DUNS\nIACUC applications (Cayuse Animal Management)\nFind Your Next Funding Opportunity\nIBC Applications (RASS-IBC)\nResearch Development (ReD) Services\nIRB Applications (RASS-IRB)\nExternal\nRates and budgets\nReport external interests (RASS-COI)\nJoin List Servs\nRASS Access Request Form\nAsk EHS\nExternal\nWeb Financials (WebFin2)\nExternal\nCornell Data Services\nExternal\nPI Dashboard\nExternal\nTravel Registry\nExternal\nResearch Financials (formerly RA Dashboard)\nExternal\nInternational research activities\nExternal\nRegister for Federal and Non-Federal Systems\nDisclose Foreign Collaborations and Support\nResearch metrics & executive dashboards\nTraining\nSearch\nResearch Services\nSearch\nHome\nPrepare a Proposal\nClose\nResearch Development Services\nSubawards in a Proposal\nFind Your Next Funding Opportunity\nDisclose Foreign Collaborations and Support\nProposal Development, Review, and Submission\nPlanning for Animals, Human Participants, r/sNA, Hazardous Materials, Radiation\nBudgets, Costs, and Rates\nCollaborate with Weill Cornell Medicine\nManage a Project\nClose\nAward Negotiation and Finalization\nTravel and International Activities\nProject Finances\nProject Modifications\nResearch Project Staffing\nGet Confidential Info, Data, Equipment, or Materials\nManaging Subawards\nAnimals, Human Participants, r/sNA, Hazardous Materials, Radiation\nClose a Project\nClose\nProject Closeout Financials\nProject Closeout\nEnd a Project Early\nCorporate Partnership & Innovation\nClose\nProtecting an Invention, Creation, Discovery\nEntrepreneurial and Startup Company Resources\nGateway to Partnership Program\nEngaging with Industry\nCompliance, Ethics, Safety\nClose\nResponsible Conduct of Research (RCR)\nExport Controls\nResearch with Human Participants\nResearch Security\nWork with Live Vertebrate Animals\nResearch Safety\nRegulated Biological Materials in Research\nFinancial Management\nConflicts of Interest\nBreadcrumb\nHome\nRates\nTravel Funded by Certain NY State Sponsored Awards\nSome awards from the State of New York (NYS) invoke the\nOffice of the State Comptroller Travel Manual (“NYS Travel Manual”)\n. Travel on these awards must comply with Cornell's policy as well as the NYS travel manual.\nAll Cornell University business travel is subject to\nUniversity Policy 3.2, Travel Expenses\n. University business travel funded by a sponsored award may have additional or more specific requirements, as defined by sponsor rules. In all cases, Cornell University travel must comply with the more restrictive of these requirements.\nThis page outlines major differences between the University Policy 3.2, Travel Expenses, and the NYS travel manual. Remember that the latter applies only where the award specifically invokes the NYS travel manual. If you have any questions regarding the NYS travel requirements please\ncontact us\n.\nTravel Status\nNYS rules define travel status as being at least 35 miles away from both one’s home and one’s regular work site. If circumstances do not meet this definition, the traveler is considered to be traveling in the proximity of the regular worksite.\nWhen one is traveling in the proximity of the worksite,\nnormally neither meals nor lodging are reimbursed\n. Mileage cost is reimbursable, using either the distance between the traveler’s home and the alternate worksite or the traveler’s normal worksite and the alternate worksite, whichever is less.\nOvernight Travel\nCornell’s policies do not authorize the use of per diem for lodging, nor the payment of lodging costs when no cost was incurred (e.g., staying with friends or relatives). Therefore,\nyou may not use the NYS “Unreceipted Method” (Method 1)\n. All overnight travel must use the “Receipted Method” (Method 2), although receipts are not required in some cases.\nReceipts are required for lodging\n, and reimbursable costs under NYS rules are limited to the\nfederal per diem rates\nfor the travel region, exclusive of taxes. The balance of the lodging costs must be charged to non-sponsored funds.\nReceipts are not required for meals\n, which are reimbursed at the\nfederal per diem rates\nfor the travel region. However, NYS divides the federal per diem rates differently, and does not consider lunch as reimbursable. The table below shows the breakdown of the per diem.\nPer diem for incidentals may be claimed for all overnight travel. All per diems on the first and last day of travel are subject to reduction in accordance with university policy.\nExample\n:\nCurrent per diem rates for Buffalo are $104 for lodging, and $64 for meals and incidentals.\nMaximum lodging charge is $104 plus tax per night, and a fixed allowance of $5 for incidentals and $59 for meals is provided.\nWhere per diem is adjusted, for provided meals or other reasons, breakfast is valued at $11, and dinner at $43.\nForeign travel uses a similar practice of lodging capped at the federal rate, provision of the incidental expenses of the per diem and the allocation of the meal per diem with 20% for breakfast and 80% for dinner.\nSame Day Travel\nBreakfast may be claimed\nwith receipts\nup to the applicable federal per diem, apportioned using the NYS method above,\nif travel begins at least one hour before normal workday\n.\nDinner may be claimed\nwith receipts\nup to the applicable federal per diem, apportioned using the NYS method above,\nif travel ends at least two hours after normal workday\n.\nWithout receipts\n, the limit is\n$5 for breakfast\nand\n$12 for dinner\n.\nAs with overnight travel, no claim may be made for lunch, as the state considers this to be a personal expense.\n3\nProcess\nTravel and International Activities\nResource\nTravel Safety and Emergency Planning for Employees Abroad\nResource\nKeep Data and Devices Safe when Traveling\nQuick Reference\nOffices\nCALS Sponsored Research Office\nCOI - Conflict of Interest\nCTL - Center for Technology Licensing\nCVM Research Office\nCorporate Engagement\nEHS - Environmental Health & Safety & Risk Management\nExport Controls Office\nFAIM - Faculty Advancing Inclusive Mentoring\nIACUC - Institutional Animal Care and Use\nIBC - Institutional Biosafety Committee\nIRB - Institutional Review Board\nIT Security & Policy\nORIA - Office of Research Integrity and Assurance\nOSP - Office of Sponsored Programs & Research Development\nPRO - Pre-Award Research Operations\nR&I - Cornell Research & Innovation\nRAIS - Research Administration Information Services\nRCR - Responsible Conduct of Research\nRDBSC - Research Division Business Service Center\nResearch Development (ReD)\nResearch Division Human Resources\nResearch Security Office\nSFS - Sponsored Financial Services\nUniversity Policy Office\nWCM - Office of Sponsored Research Administration (OSRA)\nEssential Tools & Resources\nFind My GCO\nInstitutional Profile & DUNS\nRates and budgets\nJoin List Servs\nResearch Development (ReD) Services\nFind Your Next Funding Opportunity\nRegister for Federal and Non-Federal Systems\nDisclose Foreign Collaborations and Support\nWeb Financials (WebFin2)\nExternal\nPI Dashboard\nExternal\nResearch Financials (formerly RA Dashboard)\nExternal\nRASS\nExternal\nIACUC applications (Cayuse Animal Management System)\nIBC applications (RASS-IBC)\nIRB Applications (RASS-IRB)\nExternal\nReport external interests (RASS-COI)\nRASS Access Request Form\naskEHS\nExternal\nCornell Data Services\nExternal\nTravel Registry\nExternal\nInternational research activities\nExternal\nTraining\nResearch metrics and executive dashboards\nRates\nForms\nPolicies\nContacts\nTraining\nEvents\nNews & Announcements\nPart of\n© 2019 Cornell University\nWeb Accessibility Help\nWas this page helpful?\n×\n×\nStatus message\nSorry...This form is closed to new submissions.\nScroll\n\nTable:\nFederal Meal andIncidentals PerDiem Amount | IncidentalsAmount | Total MealAmount | NYS BreakfastPer Diem | NYS DinnerPer Diem\n--- | --- | --- | --- | ---\n$51 | $5 | $46 | $9 | $37\n$56 | $5 | $51 | $10 | $41\n$59 | $5 | $54 | $11 | $43\n$61 | $5 | $56 | $11 | $45\n$64 | $5 | $59 | $12 | $47\n$66 | $5 | $61 | $12 | $49\n$69 | $5 | $64 | $13 | $51\n$71 | $5 | $66 | $13 | $53\n$74 | $5 | $69 | $14 | $55\n$76 | $5 | $71 | $14 | $57\n$79 | $5 | $74 | $15 | $59\n"
}