{
    "URL location": "https://researchservices.cornell.edu/resources/working-nih",
    "Last modification date": "2025-04-18T03:27Z",
    "Change frequency": "monthly",
    "Priority": "0.8",
    "Scraped Text": "Working with NIH | Cornell Research Services\nSkip to main content\nFind guidance on funding and agency updates during the federal government transition\n(\nupdated 4/16/2025\n)\nResearch Services\nResearch Services\nEssential Tools\nClose\nFind My GCO\nRASS\nExternal\nInstitutional Profile & DUNS\nIACUC applications (Cayuse Animal Management)\nFind Your Next Funding Opportunity\nIBC Applications (RASS-IBC)\nResearch Development (ReD) Services\nIRB Applications (RASS-IRB)\nExternal\nRates and budgets\nReport external interests (RASS-COI)\nJoin List Servs\nRASS Access Request Form\nAsk EHS\nExternal\nWeb Financials (WebFin2)\nExternal\nCornell Data Services\nExternal\nPI Dashboard\nExternal\nTravel Registry\nExternal\nResearch Financials (formerly RA Dashboard)\nExternal\nInternational research activities\nExternal\nRegister for Federal and Non-Federal Systems\nDisclose Foreign Collaborations and Support\nResearch metrics & executive dashboards\nTraining\nSearch\nResearch Services\nSearch\nHome\nPrepare a Proposal\nClose\nResearch Development Services\nSubawards in a Proposal\nFind Your Next Funding Opportunity\nDisclose Foreign Collaborations and Support\nProposal Development, Review, and Submission\nPlanning for Animals, Human Participants, r/sNA, Hazardous Materials, Radiation\nBudgets, Costs, and Rates\nCollaborate with Weill Cornell Medicine\nManage a Project\nClose\nAward Negotiation and Finalization\nTravel and International Activities\nProject Finances\nProject Modifications\nResearch Project Staffing\nGet Confidential Info, Data, Equipment, or Materials\nManaging Subawards\nAnimals, Human Participants, r/sNA, Hazardous Materials, Radiation\nClose a Project\nClose\nProject Closeout Financials\nProject Closeout\nEnd a Project Early\nCorporate Partnership & Innovation\nClose\nProtecting an Invention, Creation, Discovery\nEntrepreneurial and Startup Company Resources\nGateway to Partnership Program\nEngaging with Industry\nCompliance, Ethics, Safety\nClose\nResponsible Conduct of Research (RCR)\nExport Controls\nResearch with Human Participants\nResearch Security\nWork with Live Vertebrate Animals\nResearch Safety\nRegulated Biological Materials in Research\nFinancial Management\nConflicts of Interest\nBreadcrumb\nHome\nresources\nWorking with NIH\nNIH resources to enhance proposal competitiveness.\nRelated Pages:\nResearch Development (ReD) Team\nWorking with NSF\nWorking with DoD\nGrant Writing Training and Resources\nThe\nNational Institutes of Health\n(NIH), part of the Department of Health and Human Services (DHHS), funds basic, translational, and clinical research in fields relevant to human health. In addition to research grants, support is also provided for research-related activities, including fellowships and training programs, career development, loan repayment, scientific conferences, and shared resources.\n2025 Implementation of New Initiatives and Policies\n- This page serves as a central location where you can learn more about the status of changes impacting NIH grants process and plans for implementing new initiatives and policies.\nHelpful resources include:\nAbout Grants Home Page\n(includes sections on the grants process overview, getting started, application process and more)\nNIH Grants YouTube Channel\n(includes videos on application submission, eRA, NIH Peer review, and more)\nAll About Grants Podcasts\n(includes a multitude of topics from Preparing your application through post award activities)\nNIH Activity Codes\nAdditional Resources\nClick here\nto learn more about the SciENcv (Science Experts Network Curriculum Vitae) format used by NIH for grant submissions. For tips and tricks on how to create and manage accounts, be sure to watch our\nOSP December Roundtable Zoom presentation\n!\nExpand All\nNIH Grants Process: A Brief Walk Through for Beginners\n\nNIH RePORTER and Matchmaker\nThe Research Portfolio Online Reporting Tools (RePORT) provides access to reports, data, and analyses of NIH research activities, including information on NIH expenditures and the results of NIH-supported research.\nA powerful query interface associated with NIH RePORTER, Matchmaker allows you to identify NIH funded projects that are similar to your supplied abstracts, research bios, or other scientific text. Also included is a Program Official tab that identifies program officials associated with your matched projects. From the list of program officials, you are one click away from their contact information and matched projects in their portfolios.\nUsing RePort to Understand Who and What NIH Funds\nslide presentation from NIH October 2020 conference.\nClick here for\nNIH RePORTER\nand\nNIH MATCHMAKER\nNIH Center for Scientific Review's Early Career Reviewer (ECR) Program\nThe ECR Program aims to help early-career scientists (Assistant Professor level or equivalent) become more competitive as grant applicants through first-hand experience with peer review, and to enrich and diversify the Center for Scientific Review's (CSR) pool of trained reviewers.\nLearn more about the\nCSR Early Career Reviewer Program\nNIH Early Stage Investigator (ESI) Eligibility\nNIH defines an Early Stage Investigator (ESI) as a Program Director/Principal Investigator (PD/PI) who has completed their terminal research degree or end of post-graduate clinical training, whichever date is later, within the past 10 years and who has not previously competed successfully as PD/PI for a substantial NIH independent research award.\nClick here to learn more about NIH ESI Policies.\nESI Status Has Its Benefits:\nNIH sets funding target ESIs and prioritizes R01 applications with meritorious scores for funding  (i.e., attempt to create greater parity in success rates among early-stage and established investigators).\nPeer reviewers look more at potential than advanced track record\nW\neigh academic and research background\nExp\nect new R01 investigators to have fewer preliminary data/publications than more established researchers\nWhen feasible, early-stage investigator applications are not interspersed with those of established investigators at the review meeting\nRigor and Reproducibility Resources\nNIH has provided some useful resources to assist PIs in understanding the new regulations surrounding Rigor and Reproducibility, including\nthis helpful infographic explaining which sections of the grant cover which areas of Rigor and Reproducibility\n, and\nthis overview of new guidelines as they relate to an R01 submission.\nAs part of the Responsible Conduct of Research (RCR) education efforts, the\nOffice of Research Integrity and Assurance (ORIA) has compiled a robust summary of current reference materials, tools and discussion documents, related to Rigor and Reproducibility (R&R)\n.\nResearch Training Grants Resources (T32)\nThe purpose of NIH T32 grants is to enable institutions to recruit individuals selected by them for predoctoral and postdoctoral research training in specified shortage areas. The goal of this program is to prepare qualified predoctoral and/or postdoctoral trainees for careers that have a significant impact on the health-related research needs of the Nation.\nT32 program webpage\nCornell RCR Templates and Samples\nCornell requirements for training for human participant research for trainees on NIH grants\nNIH Recruitment and Retention Plan to Enhance Diversity\nPlan for Instruction in the Responsible Conduct of Research\nT.420 - PHS 398 Research Training Program Plan- Vertebrate Animals\nNIH Minority Health and Health Disparities Strategic Plan 2021-2025\n\nNIH Wide Strategic Plan 2021-2025\nchrome-extension://efaidnbmnnnibpcajpcglclefindmkaj/\nNIH Program Project/Center Grants\nProgram Project/Center Grants are large, multi-project efforts that generally include a diverse array of research activities. NIH Institutes and Centers (ICs) issue funding opportunity announcements to indicate their interest in funding this type of program. ICs may vary in the way they use activity codes. Look closely at funding opportunity announcements to determine which ICs participate and the specifics of eligibility.\nExpand All\nP01 Research Program Project Grants\nSupport for integrated, multi-project research projects involving a number of independent investigators who share knowledge and common resources.\nEach project contributes or is directly related to the common theme of the total research effort, thus forming a system of research activities and projects directed toward a well-defined research program goal.\nP20 Exploratory Grants\nOften used to support planning activities associated with large multi-project program project grants.\nP30 Center Core Grants\nSupport shared resources and facilities for categorical research by a number of investigators from different disciplines who provide a multidisciplinary approach to a joint research effort or from the same discipline who focus on a common research problem.\nThe core grant is integrated with the center's component projects or program projects, though funded independently from them.\nP50 Specialized Centers\nSupport any part of the full range of research and development from very basic to clinical.\nMay involve ancillary supportive activities such as protracted patient care necessary to the primary research or R&D effort.\nThe spectrum of activities comprises a multidisciplinary attack on a specific disease entity or biomedical problem area.\nReceive continuous attention from staff funding IC.\nCenters may serve as regional or national resources for special research purposes.\nU48 Health Promotion and Disease Prevention Research Centers - Cooperative Agreements\nIn cooperation with schools of public health, medicine or osteopathy.\nSupport establishment and maintenance of interdisciplinary academic centers focused on health issues or themes of national importance and to promote translation of the results of the school’s research into improved public health practice.\nU54 Specialized Centers - Cooperative Agreements\nSupport any part of the full range of research and development from very basic to clinical.\nMay involve ancillary supportive activities such as protracted patient care necessary to the primary research or R&D effort.\nThe spectrum of activities comprises a multidisciplinary attack on a specific disease entity or biomedical problem area.\nReceive continuous attention from staff funding IC.\nCenters may also serve as regional or national resources for special research purposes, with funding component staff helping to identify appropriate priority needs.\nIf you intend to apply for a Program Project/Center Grant, please contact\nResearch Development\n.\nPhoto: Chun Han, a Nancy M. and Samuel C. Fleming Assistant Professor in the Department of Molecular Biology and Genetics and the Weill Institute for Cell and Molecular Biology studies the mechanisms of dendrite morphogenesis and neurodegeneration using\nDrosophila\nsensory neurons as a model system.\n8\nProcess\nResearch Development (ReD) Team\nResource\nGrant Writing Resources at Cornell\nResource\nNSF CAREER Proposal Tool Kit\nResource\nDoD Funding for Early Career Faculty\nResource\nNSF Broader Impacts Resources\nResource\nWorking with DoD\nResource\nWorking with NSF\nResource\nResearch Concierge Service\nQuick Reference\nOffices\nCALS Sponsored Research Office\nCOI - Conflict of Interest\nCTL - Center for Technology Licensing\nCVM Research Office\nCorporate Engagement\nEHS - Environmental Health & Safety & Risk Management\nExport Controls Office\nFAIM - Faculty Advancing Inclusive Mentoring\nIACUC - Institutional Animal Care and Use\nIBC - Institutional Biosafety Committee\nIRB - Institutional Review Board\nIT Security & Policy\nORIA - Office of Research Integrity and Assurance\nOSP - Office of Sponsored Programs & Research Development\nPRO - Pre-Award Research Operations\nR&I - Cornell Research & Innovation\nRAIS - Research Administration Information Services\nRCR - Responsible Conduct of Research\nRDBSC - Research Division Business Service Center\nResearch Development (ReD)\nResearch Division Human Resources\nResearch Security Office\nSFS - Sponsored Financial Services\nUniversity Policy Office\nWCM - Office of Sponsored Research Administration (OSRA)\nEssential Tools & Resources\nFind My GCO\nInstitutional Profile & DUNS\nRates and budgets\nJoin List Servs\nResearch Development (ReD) Services\nFind Your Next Funding Opportunity\nRegister for Federal and Non-Federal Systems\nDisclose Foreign Collaborations and Support\nWeb Financials (WebFin2)\nExternal\nPI Dashboard\nExternal\nResearch Financials (formerly RA Dashboard)\nExternal\nRASS\nExternal\nIACUC applications (Cayuse Animal Management System)\nIBC applications (RASS-IBC)\nIRB Applications (RASS-IRB)\nExternal\nReport external interests (RASS-COI)\nRASS Access Request Form\naskEHS\nExternal\nCornell Data Services\nExternal\nTravel Registry\nExternal\nInternational research activities\nExternal\nTraining\nResearch metrics and executive dashboards\nRates\nForms\nPolicies\nContacts\nTraining\nEvents\nNews & Announcements\nPart of\n© 2019 Cornell University\nWeb Accessibility Help\nWas this page helpful?\n×\n×\nStatus message\nSorry...This form is closed to new submissions.\nScroll"
}