{
    "URL location": "https://researchservices.cornell.edu/resources/irb-training",
    "Last modification date": "2025-04-18T03:27Z",
    "Change frequency": "monthly",
    "Priority": "0.8",
    "Scraped Text": "IRB Training | Cornell Research Services\nSkip to main content\nFind guidance on funding and agency updates during the federal government transition\n(\nupdated 4/16/2025\n)\nResearch Services\nResearch Services\nEssential Tools\nClose\nFind My GCO\nRASS\nExternal\nInstitutional Profile & DUNS\nIACUC applications (Cayuse Animal Management)\nFind Your Next Funding Opportunity\nIBC Applications (RASS-IBC)\nResearch Development (ReD) Services\nIRB Applications (RASS-IRB)\nExternal\nRates and budgets\nReport external interests (RASS-COI)\nJoin List Servs\nRASS Access Request Form\nAsk EHS\nExternal\nWeb Financials (WebFin2)\nExternal\nCornell Data Services\nExternal\nPI Dashboard\nExternal\nTravel Registry\nExternal\nResearch Financials (formerly RA Dashboard)\nExternal\nInternational research activities\nExternal\nRegister for Federal and Non-Federal Systems\nDisclose Foreign Collaborations and Support\nResearch metrics & executive dashboards\nTraining\nSearch\nResearch Services\nSearch\nHome\nPrepare a Proposal\nClose\nResearch Development Services\nSubawards in a Proposal\nFind Your Next Funding Opportunity\nDisclose Foreign Collaborations and Support\nProposal Development, Review, and Submission\nPlanning for Animals, Human Participants, r/sNA, Hazardous Materials, Radiation\nBudgets, Costs, and Rates\nCollaborate with Weill Cornell Medicine\nManage a Project\nClose\nAward Negotiation and Finalization\nTravel and International Activities\nProject Finances\nProject Modifications\nResearch Project Staffing\nGet Confidential Info, Data, Equipment, or Materials\nManaging Subawards\nAnimals, Human Participants, r/sNA, Hazardous Materials, Radiation\nClose a Project\nClose\nProject Closeout Financials\nProject Closeout\nEnd a Project Early\nCorporate Partnership & Innovation\nClose\nProtecting an Invention, Creation, Discovery\nEntrepreneurial and Startup Company Resources\nGateway to Partnership Program\nEngaging with Industry\nCompliance, Ethics, Safety\nClose\nResponsible Conduct of Research (RCR)\nExport Controls\nResearch with Human Participants\nResearch Security\nWork with Live Vertebrate Animals\nResearch Safety\nRegulated Biological Materials in Research\nFinancial Management\nConflicts of Interest\nBreadcrumb\nHome\nresources\nIRB Training\nPersonnel named on all IRB protocols must be trained in human participant research ethics\nTake IRB Training\nTake IRB Training (non-Cornell access)\nGuide to Accessing CITI Training\nLearn about Cornell University's requirements for human participant research ethics (IRB) training, who needs to complete it, and how to access it.\nAll research personnel listed on any protocol are required to complete human participant research ethics (IRB) training every five (5) years\n. NIH-funded\nClinical Trials\nalso require Good Clinical Practice (GCP) training for all study personnel.\nACCESSING REQUIRED TRAINING\nExpand All\nWhere do I complete required trainings?\nCornell subscribes to the online program delivered by the\nCollaborative Institutional Training Initiative (CITI)\nto provide relevant courses in research ethics.\nHow do I access CITI as a Cornell faculty, staff, or student?\nYou can log into CITI via the\nCornell Single Sign On (SSO)\n, and can follow our\nGuide to Accessing CITI Training for Cornell Researchers\nfor more detailed directions on accessing and beginning CITI training.\nI am not affiliated with Cornell, but am listed as study personnel on a Cornell IRB Protocol. How do I access the required training?\nIf you are not affiliated with Cornell but you are listed as a research team on an IRB protocol, you will either need to take Cornell's CITI IRB training or provide proof of equivalent training. To take the Cornell CITI training, you can access the CITI Program website via\ncitiprogram.org\n, register to create an account, and then add an \"Affiliation\" with Cornell University. You can then take the IRB/Human Subjects Research training provided by Cornell. Follow our\nGuide to Accessing CITI Training for Cornell Researchers\nfor more detailed directions on accessing and beginning CITI training.\nHow do I know if I - or others on my protocol - have already completed required training?\nResearchers can check\nCourse Completion Records\n(updated every 60 minutes) to ensure personnel listed on their protocols have completed the required training through CITI. You can also log into your CITI account and access your course history in the 'My Records' tab at the top of the page.\nIf neither of those methods work, you can reach out to irbhp@cornell.edu and our staff can assist you.\nIRB TRAINING IN CITI\nExpand All\nHow do I know if I should take the IRB training?\nAll research team members named on a Cornell IRB protocol must complete online human participant research training. This training requirement has been in place for expedited and full board IRB protocols for a number of years, but as of October 1, 2022, this applies to protocols determined to be exempt, as well. The training needs to be completed every five (5) years, and a refresher is available 90 days before the due date.\nThe Cornell IRB runs training via the CITI program - which can be\naccessed here\n. You can follow the\nGuide to Accessing CITI Training\nto get started.\nWhich CITI course should I take to complete the IRB training requirement?\nThe training is simply called 'IRB Training.' We previously offered courses with different names, focused on different fields, but have combined them into the singular course with the essential information. If you take 'IRB Basic' or 'IRB - BioMedical Research', those trainings will also be accepted.\nWhat is the content of the IRB training?\nThe IRB Training course consists of eight (8) modules on various research ethics topics such as the conflicts of interest, history and ethical principles, informed consent, privacy and confidentiality, and doing research with vulnerable populations. The course material is made of text and still images with each module followed by a short quiz. The training does not need to be done all in one sitting.\nHow well do I need to do on the IRB course to complete the requirement?\nYou need to receive an 80% or higher on the course to fulfill the IRB Training requirement.\nI took an IRB/research ethics course through a different institution within the last five years. Do I still need to take the Cornell training?\nIt depends on how comparable this previous institution’s training is to Cornell University’s training. The Cornell IRB staff can review your course record or completion report to ensure that all required topics are covered to the rigor that we expect. If they decide that your previous course is not comparable to the Cornell IRB training, they will require you to take Cornell’s.\nYou can submit these separate institutions’ previous records via your RASS-IRB protocol (under Additional Documents > Training Documentation (from non-Cornell sources)) or send it to\nirbhp@cornell.edu\nso that a member of the IRB staff can review it.\nGOOD CLINICAL PRACTICE (GCP) TRAINING\nExpand All\nHow do I know if I should take the Good Clinical Practice (GCP) training?\nUnder National Institutes of Health (NIH) requirements that became effective January 1, 2017, all personnel involved in the design, conduct, oversight, or management of an NIH clinical trial must also be trained in Good Clinical Practice (GCP).\nWhat CITI course do I take to complete the GCP training requirement?\nWe have multiple courses in CITI that would fulfill the GCP requirement:\nGCP – Social and Behavioral Research Best Practices for Clinical Research\nGCP for Clinical Trials with Investigational Drugs and Medical Devices (U.S. FDA Focus)\nGCP for Clinical Investigations of Devices\nGCP for Clinical Trials with Investigational Drugs and Biologics\nYou should choose the one that best resembles the research you are conducting.\nHow often do I need to take GCP training?\nPersonnel listed on any NIH clinical trials need to have completed GCP training\nwithin the previous three (3) years.\nI took GCP training from a different institution within the last 3 years. Do I still need to take the Cornell training?\nIt depends. NIH does not specify any particular GCP course to fulfill the requirements. Cornell researchers may complete GCP training online through CITI, or discuss other options with the IRB office.\nALTERNATIVES TO CITI TRAINING\nThe IRB understands that researchers working in the field often hire local enumerators or researchers to collect data for their studies. Since these individuals are often \"engaged\" in human participant research, the federal training requirements apply. Depending upon level of education, language, and web access, online CITI training may not be appropriate as a training mechanism for these data collectors.\nField Training Guides\nJohn Hopkins offers\nfield training guides\n(in various languages) in human participant research ethics. These guides are intended for a PI or co-investigator to use in the training of study team members who will (1) obtain informed consent from research participants, or (2) collect data from human subjects (e.g. enumerators). These can be used for in-person (or Zoom) trainings, and may be more appropriate than the online CITI program IRB training when language or internet access is a barrier.\nContact\nIRB staff\nto discuss appropriate alternatives to CITI IRB training for these types of cases.\nAdditional Research Trainings\nThe\nCenter for Cultural Humility\nprovides a variety of research trainings based off of the principles of anti-racism and Community-Based Participatory Research. Their services include an Equitable Research Design Training, Citizen Science Training, and Community Partner Matching. While these trainings are not required for IRB protocols, we encourage researchers to consider signing up.\nWeill Cornell IRB Training Requirements\nThe Cornell Ithaca campus and Weill Cornell Medical campus have separate IRBs and different training requirements. For information about Weill's training requirements,\nvisit their website\n.\n18\nNews\nIRB News: New Training Requirement for Exempt Research\nTraining\nCITI Online Courses for Cornell Researchers (COI, IRB, RCR, Export Control)\nResource\nIRB CITI Course Completion Records\nResource\nCITI Program\nResource\nNIH Policy on Good Clinical Practice Training\nResource\nAbout the IRB Committee\nResource\nThe Life Cycle of an IRB Protocol\nResource\nIRB Announcements & Newsletters\nProcess\nResearch with Human Participants\nResource\nIRB Informed Consent\nResource\nIRB Considerations: Human Participant Data, Data Sets and Internet Research\nSee All\nQuick Reference\nOffices\nCALS Sponsored Research Office\nCOI - Conflict of Interest\nCTL - Center for Technology Licensing\nCVM Research Office\nCorporate Engagement\nEHS - Environmental Health & Safety & Risk Management\nExport Controls Office\nFAIM - Faculty Advancing Inclusive Mentoring\nIACUC - Institutional Animal Care and Use\nIBC - Institutional Biosafety Committee\nIRB - Institutional Review Board\nIT Security & Policy\nORIA - Office of Research Integrity and Assurance\nOSP - Office of Sponsored Programs & Research Development\nPRO - Pre-Award Research Operations\nR&I - Cornell Research & Innovation\nRAIS - Research Administration Information Services\nRCR - Responsible Conduct of Research\nRDBSC - Research Division Business Service Center\nResearch Development (ReD)\nResearch Division Human Resources\nResearch Security Office\nSFS - Sponsored Financial Services\nUniversity Policy Office\nWCM - Office of Sponsored Research Administration (OSRA)\nEssential Tools & Resources\nFind My GCO\nInstitutional Profile & DUNS\nRates and budgets\nJoin List Servs\nResearch Development (ReD) Services\nFind Your Next Funding Opportunity\nRegister for Federal and Non-Federal Systems\nDisclose Foreign Collaborations and Support\nWeb Financials (WebFin2)\nExternal\nPI Dashboard\nExternal\nResearch Financials (formerly RA Dashboard)\nExternal\nRASS\nExternal\nIACUC applications (Cayuse Animal Management System)\nIBC applications (RASS-IBC)\nIRB Applications (RASS-IRB)\nExternal\nReport external interests (RASS-COI)\nRASS Access Request Form\naskEHS\nExternal\nCornell Data Services\nExternal\nTravel Registry\nExternal\nInternational research activities\nExternal\nTraining\nResearch metrics and executive dashboards\nRates\nForms\nPolicies\nContacts\nTraining\nEvents\nNews & Announcements\nPart of\n© 2019 Cornell University\nWeb Accessibility Help\nWas this page helpful?\n×\n×\nStatus message\nSorry...This form is closed to new submissions.\nScroll"
}