{
    "URL location": "https://researchservices.cornell.edu/federal-transition",
    "Last modification date": "2025-04-18T03:27Z",
    "Change frequency": "monthly",
    "Priority": "0.8",
    "Scraped Text": "2025 Federal Research Policy Updates | Cornell Research Services\nSkip to main content\nFind guidance on funding and agency updates during the federal government transition\n(\nupdated 4/16/2025\n)\nResearch Services\nResearch Services\nEssential Tools\nClose\nFind My GCO\nRASS\nExternal\nInstitutional Profile & DUNS\nIACUC applications (Cayuse Animal Management)\nFind Your Next Funding Opportunity\nIBC Applications (RASS-IBC)\nResearch Development (ReD) Services\nIRB Applications (RASS-IRB)\nExternal\nRates and budgets\nReport external interests (RASS-COI)\nJoin List Servs\nRASS Access Request Form\nAsk EHS\nExternal\nWeb Financials (WebFin2)\nExternal\nCornell Data Services\nExternal\nPI Dashboard\nExternal\nTravel Registry\nExternal\nResearch Financials (formerly RA Dashboard)\nExternal\nInternational research activities\nExternal\nRegister for Federal and Non-Federal Systems\nDisclose Foreign Collaborations and Support\nResearch metrics & executive dashboards\nTraining\nSearch\nResearch Services\nSearch\nHome\nPrepare a Proposal\nClose\nResearch Development Services\nSubawards in a Proposal\nFind Your Next Funding Opportunity\nDisclose Foreign Collaborations and Support\nProposal Development, Review, and Submission\nPlanning for Animals, Human Participants, r/sNA, Hazardous Materials, Radiation\nBudgets, Costs, and Rates\nCollaborate with Weill Cornell Medicine\nManage a Project\nClose\nAward Negotiation and Finalization\nTravel and International Activities\nProject Finances\nProject Modifications\nResearch Project Staffing\nGet Confidential Info, Data, Equipment, or Materials\nManaging Subawards\nAnimals, Human Participants, r/sNA, Hazardous Materials, Radiation\nClose a Project\nClose\nProject Closeout Financials\nProject Closeout\nEnd a Project Early\nCorporate Partnership & Innovation\nClose\nProtecting an Invention, Creation, Discovery\nEntrepreneurial and Startup Company Resources\nGateway to Partnership Program\nEngaging with Industry\nCompliance, Ethics, Safety\nClose\nResponsible Conduct of Research (RCR)\nExport Controls\nResearch with Human Participants\nResearch Security\nWork with Live Vertebrate Animals\nResearch Safety\nRegulated Biological Materials in Research\nFinancial Management\nConflicts of Interest\nBreadcrumb\nHome\n2025 Federal Research Policy Updates\nContact Research Impact\nJoin the Mailing List for Updates\nGo to the FAQ page\nFind guidance and resources to navigate new research-specific requirements, regulations, or systems for working with federal sponsors.\n(\nUpdated Wednesday, April 16, 1:37 PM ET)\nImportant:\nShare all agency communications related to federally funded projects with\nresearchimpact@cornell.edu\nand cc: Mary-Margaret Klempa, Senior Director of the Office of Sponsored Programs (\nmk636@cornell.edu\n).\nGo to:\nFederal Agency Guidance and Updates\n|\nCornell Guidance and Updates\n|\nGeneral Guidance for Proposals and Awards\nF\nederal Agency Guidance & Updates\nDepartment of Agriculture\n1/23/2025 NIFA Notice:\nFunding Opportunities Under Review\n1/21/2025 Memorandum:\nHiring, Regulatory and Obligation of Funding Moratoriums\nDepartment of Energy (DOE)\n4/14/2025\n: Policy Flash:\nPF 2025-22 Adjusting Department of Energy Grant Policy for Institutions of Higher Education (IHE)\n1/31/2025 Letter:\nFinal SC DEI CBP.PIER J40 Suspension Ltr MN 1.31.25\n1/28/2025 Memo:\nExecutive Order Update to PIER Plan Requirement\nDepartment of Health and Human Services (HHS)\n3/27/2025: Press Release:\nHHS Announces Transformation to Make America Healthy Again\n1/21/2025 Memo:\nImmediate Pause on Issuing Documents and Public Communication\nNational Aeronautics and Space Administration (NASA)\n1/23/2025 Memorandum:\nInitial Guidance Regarding Diversity, Equity, Inclusion, Accessibility (DEIA) Executive Orders\nNational Institutes of Health (NIH)\n3/26/2025: Central page for updates :\nImplementation of New Initiatives and Policies\n3/7/2025: News release:\nNIH centralizes peer review to improve efficiency and strengthen integrity\n2/7/2025 Supplemental Guidance:\n2024 NIH Grants Policy Statement: Indirect Cost Rates\nNational Science Foundation (NSF)\n3/11/2025:\nLetter to the Community\n2/2/2025:\nNotice of Court Order\n2/2/2025 Frequently Asked Questions and Guidance:\nNSF Implementation of Recent Executive Orders\n(\ncontinually\nupdated\n)\nC\nornell Updates\n4/14/2025\n: University Statement:\nJoint lawsuit challenging Department of Energy indirect cost cuts\n2/11/2025: FAQs:\nNational Institutes of Health (NIH) Supplemental Guidance moved to the main FAQ page\n(login required)\n2/10/2025: University Statement:\nJoint lawsuit challenging NIH indirect cost cuts\n2/8/2025: University Statement:\nOn yesterday’s NIH announcement\n2/7/2025: FAQs:\nFrequently Asked Questions from the Cornell Research Community\n(login required)\nFAQs on the Temporary Restraining Orders, Stop Work Orders.\nUpdated to include Diversity, Equity, Inclusion and Accessibility (DEIA) activities in active research-related awards.\nUpdated 3/11/2025\nto include General Questions\nUpdated 3/19/2025\nto include NIH Supplemental Guidance Questions\n2/4/2025: Memo:\nResearch Data Access Update\nSharing details about access to federal data sources and public archives.\n1/29/2025: Letter to the Cornell Research Community:\nUpdate on Federal Transitions for the Cornell Research Community\n(login required)\nIndirect Cost Guidance for Proposal Budgets\nNIH:\nNIH supplemental guidance on indirect costs remains enjoined due to\ncontinued court actions\n. Researchers and sponsored research administrators should continue to process NIH awards and proposals as they did before Feb. 7.\nDOE:\nIf you are planning to submit to DOE, contact the\nOffice of Sponsored Programs\n(OSP) for specific guidance.\nG\neneral Guidance for Proposals and Awards\nProposals\nCornell researchers are encouraged to continue to submit proposals. The federal agency submission systems are operational.\nContinue to use Cornell’s federally negotiated F&A rates or other previously established rates (e.g., on training grants) for all proposals, including for NIH projects.\nSponsor proposal review timelines may be extended while federal agencies navigate pauses in specific areas.\nProposal deadlines may change. Reconfirming deadlines is recommended.\nConfirm that the funding announcement has not been revised or postponed.\nConsider signing up for funding alerts from the sponsor.\nAwards\nAvoid spending before the award is finalized or spending beyond the obligated budget in anticipation of a promised amendment. We’ve seen some awards that looked promising but ultimately were not approved.\nThe terms and conditions of your executed award remain enforceable as long as your award is active.\nContinuations and post-award action approvals by federal agencies may be delayed.\nReview your award to ensure you understand your funding availability and reimbursement terms.\nClosely monitor obligated budget balances to avoid deficits while awaiting future obligations. Anticipated future funding remains subject to availability of funds and should not be considered guaranteed.\nPrioritize the submission of any technical reports or deliverables, especially those that may  be past due.\nKeep an eye on communications from your funding sponsor.\nCornell Research & Innovation is actively monitoring the federal government transition, executive orders, and agency guidance. We are working closely with university leadership to ensure compliance with changes that may impact Cornell. Our teams are collaborating with our professional associations to understand and track the implications of these directives as well.\nPublished on\n: Friday, January 24, 2025 - 3:48pm\n3\nResource\nFind My GCO (Grant & Contract Officer)\nResource\nResearch Data Access Update for the Cornell Research Community\nResource\nFrequently Asked Questions from the Cornell Research Community\nQuick Reference\nOffices\nCALS Sponsored Research Office\nCOI - Conflict of Interest\nCTL - Center for Technology Licensing\nCVM Research Office\nCorporate Engagement\nEHS - Environmental Health & Safety & Risk Management\nExport Controls Office\nFAIM - Faculty Advancing Inclusive Mentoring\nIACUC - Institutional Animal Care and Use\nIBC - Institutional Biosafety Committee\nIRB - Institutional Review Board\nIT Security & Policy\nORIA - Office of Research Integrity and Assurance\nOSP - Office of Sponsored Programs & Research Development\nPRO - Pre-Award Research Operations\nR&I - Cornell Research & Innovation\nRAIS - Research Administration Information Services\nRCR - Responsible Conduct of Research\nRDBSC - Research Division Business Service Center\nResearch Development (ReD)\nResearch Division Human Resources\nResearch Security Office\nSFS - Sponsored Financial Services\nUniversity Policy Office\nWCM - Office of Sponsored Research Administration (OSRA)\nEssential Tools & Resources\nFind My GCO\nInstitutional Profile & DUNS\nRates and budgets\nJoin List Servs\nResearch Development (ReD) Services\nFind Your Next Funding Opportunity\nRegister for Federal and Non-Federal Systems\nDisclose Foreign Collaborations and Support\nWeb Financials (WebFin2)\nExternal\nPI Dashboard\nExternal\nResearch Financials (formerly RA Dashboard)\nExternal\nRASS\nExternal\nIACUC applications (Cayuse Animal Management System)\nIBC applications (RASS-IBC)\nIRB Applications (RASS-IRB)\nExternal\nReport external interests (RASS-COI)\nRASS Access Request Form\naskEHS\nExternal\nCornell Data Services\nExternal\nTravel Registry\nExternal\nInternational research activities\nExternal\nTraining\nResearch metrics and executive dashboards\nRates\nForms\nPolicies\nContacts\nTraining\nEvents\nNews & Announcements\nPart of\n© 2019 Cornell University\nWeb Accessibility Help\nWas this page helpful?\n×\n×\nStatus message\nSorry...This form is closed to new submissions.\nScroll"
}