{
    "URL location": "https://researchservices.cornell.edu/resources/additional-things-consider-when-preparing-proposal",
    "Last modification date": "2025-04-18T03:27Z",
    "Change frequency": "monthly",
    "Priority": "0.8",
    "Scraped Text": "Additional Things to Consider when Preparing a Proposal | Cornell Research Services\nSkip to main content\nFind guidance on funding and agency updates during the federal government transition\n(\nupdated 4/16/2025\n)\nResearch Services\nResearch Services\nEssential Tools\nClose\nFind My GCO\nRASS\nExternal\nInstitutional Profile & DUNS\nIACUC applications (Cayuse Animal Management)\nFind Your Next Funding Opportunity\nIBC Applications (RASS-IBC)\nResearch Development (ReD) Services\nIRB Applications (RASS-IRB)\nExternal\nRates and budgets\nReport external interests (RASS-COI)\nJoin List Servs\nRASS Access Request Form\nAsk EHS\nExternal\nWeb Financials (WebFin2)\nExternal\nCornell Data Services\nExternal\nPI Dashboard\nExternal\nTravel Registry\nExternal\nResearch Financials (formerly RA Dashboard)\nExternal\nInternational research activities\nExternal\nRegister for Federal and Non-Federal Systems\nDisclose Foreign Collaborations and Support\nResearch metrics & executive dashboards\nTraining\nSearch\nResearch Services\nSearch\nHome\nPrepare a Proposal\nClose\nResearch Development Services\nSubawards in a Proposal\nFind Your Next Funding Opportunity\nDisclose Foreign Collaborations and Support\nProposal Development, Review, and Submission\nPlanning for Animals, Human Participants, r/sNA, Hazardous Materials, Radiation\nBudgets, Costs, and Rates\nCollaborate with Weill Cornell Medicine\nManage a Project\nClose\nAward Negotiation and Finalization\nTravel and International Activities\nProject Finances\nProject Modifications\nResearch Project Staffing\nGet Confidential Info, Data, Equipment, or Materials\nManaging Subawards\nAnimals, Human Participants, r/sNA, Hazardous Materials, Radiation\nClose a Project\nClose\nProject Closeout Financials\nProject Closeout\nEnd a Project Early\nCorporate Partnership & Innovation\nClose\nProtecting an Invention, Creation, Discovery\nEntrepreneurial and Startup Company Resources\nGateway to Partnership Program\nEngaging with Industry\nCompliance, Ethics, Safety\nClose\nResponsible Conduct of Research (RCR)\nExport Controls\nResearch with Human Participants\nResearch Security\nWork with Live Vertebrate Animals\nResearch Safety\nRegulated Biological Materials in Research\nFinancial Management\nConflicts of Interest\nBreadcrumb\nHome\nresources\nAdditional Things to Consider when Preparing a Proposal\nRelated Pages:\nProposal Development, Review, and Submission\nProposal Preparation and Processing Responsibilities\nAppendix A: Where to Route a Funding Request\nAppendix B: Office Responsible for Post-Award Administration\nThis page is designed to provide faculty and staff from any University unit (except the Weill Medical College) with additional information to assist in the preparation and submission of a sponsored project proposal through Office of Sponsored Programs (OSP)\nPOLICY CONSIDERATIONS\nGeneral policy considerations related to sponsored project activities are outlined in\nSection 6.2 of the Cornell University Faculty Handbook\n. The following considerations are those that investigators will frequently encounter when preparing a proposal. Your\nGrant and Contract Officer (GCO)\ncan provide additional guidance with other questions or concerns that may arise.\nExpand All\nTypes of Proposals\nA proposal is a request for support of sponsored research, instruction, or extension projects, and generally consists of a cover page, brief project summary, technical or narrative section, biographical sketches of the key personnel, and a detailed budget. Common proposal types include:\nSolicited proposals\n, submitted in response to a specific solicitation issued by a sponsor. Such solicitations, typically called Request for Proposals (RFP), or Request for Quotations (RFQ), are usually specific in their requirements regarding format and technical content, and may stipulate certain award terms and conditions (see\nProposal Preparation and Processing Responsibilities\n). Broad Agency Announcements (BAAs) are not considered formal solicitations.\nUnsolicited\nproposals\n, submitted to a sponsor that has not issued a specific solicitation but is believed by the investigator to have an interest in the subject.\nPreproposals\n, requested when a sponsor wishes to minimize an applicant's effort in preparing a full proposal. Preproposals are usually in the form of a letter of intent or brief abstract. After the preproposal is reviewed, the sponsor notifies the investigator if a full proposal is warranted.\nContinuation or Non-Competing proposals,\nconfirm the original proposal and funding requirements of a multi-year project for which the sponsor has already provided funding for an initial period (normally one year). Continued support is usually contingent on satisfactory work progress and the availability of funds.\nRenewal or competing proposals\n, are requests for continued support for an existing project that is about to terminate, and, from the sponsor's viewpoint, generally have the same status as an unsolicited proposal.\nAppropriateness\n\"In 1989 the Cornell Faculty Council of Representatives adopted a resolution endorsing the right of faculty to pursue research of their choosing, as long as that research: is within the guidelines of scholarly quality; is accessible to all interested scholars; and is in compliance with the laws of the land.\" More specifically, only proposals to sponsors whose terms and conditions allow freedom of access and publication are acceptable to Cornell. The University does not permit government classified research, research projects that do not permit the free and open publication, presentation, or discussion of the results, nor the exclusion of hiring foreign nationals.\nConsortiums/Joint/Collaborative Proposals\nProposals for research to be conducted by Cornell and one or more other parties as a joint venture or partnership will occasionally raise questions concerning the legal relationship and liability of each party. When such questions arise OSP will review the arrangement and/or special concerns with University Counsel, unless the arrangements are clearly intended to establish a traditional contractor-subcontractor, consortium, or joint study relationship.\nA consortium arrangement exists when two or more organizations agree to participate in a collaborative project. It is not necessary for a consortium to be a formal or legal agreement. One participant will be designated as the lead institution at the time of proposal submission and accepts full funding and responsibility from the sponsor. Subcontracts are then used to transfer part of the work and appropriate funds to the other participant(s). All conditions imposed by the sponsor on Cornell are also imposed on the subcontractor(s).\nWhen Cornell is the lead institution OSP requires a statement from each participating organization that includes a full cost budget and work scope, and is signed by an authorized representative.\nYour GCO\ncan provide you with further details.\nConsultants\nConsultants and subcontractors are independent contractors and not employees or agents of the University. Special review and approval procedures are required if a project anticipates using consultants. Designation of independent contractor status is governed by the Internal Revenue's Code of Common Law. Cornell may be subjected to significant institutional tax penalties should the individual be incorrectly classified as an independent contractor. In addition, contracting with an independent contractor may expose the University to significant financial risk if the consultant has limited net worth or inadequate insurance coverage.\nA consultant should not be confused with a subcontractor. Both are different in their activity and relationship to the Statement of Work (SOW). A consultant guides, aides, or provides other technical or professional service to the principal investigator. While a consultant may impact the results of the SOW, they do not conduct work resulting in the satisfaction of a portion of the SOW. A subcontractor conducts a part of the SOW and is responsible for the outcome of that work.\nQuestions concerning the use or status of an independent contractor should be directed to\nyour GCO\nwell in advance of the proposal deadline.\nMore information on Consultants and Subcontractors can be found in the\nBudget and Costing Guide\n.\nContracts\nAt the time of proposal submission a sponsor will often require an indication of what terms and conditions will be acceptable to Cornell in the event of an award. Exceptions to a sponsor's terms and conditions are addressed by the GCO in a transmittal letter. For commercial sponsors OSP will often include a copy of the standard Cornell agreement. Investigators who are aware of special sponsor requirements should discuss them with their GCO well in advance of the proposal deadline.\nCornell will normally only enter into agreements that adhere to the following principles: the research is conducted on a best efforts basis without guarantee of success and without financial risk or liability to the University; costs are fully reimbursed unless cost-sharing has been approved; and, there are no restrictions on the dissemination of the research results except: 1) those that relate to the protection of a sponsor's proprietary information; 2) the rights of privacy of individuals; or 3) establishing rights in patentable inventions and other intellectual property.\nIntellectual Property\nIntellectual property is addressed in the terms and conditions negotiated by OSP when accepting an award. For most awards Cornell will retain ownership of intellectual property developed on sponsored projects in order to avoid conflicting commitments to various sponsors. In the case of patents, policy requires the University to retain ownership unless a special waiver is approved by the Vice Provost for Research. Sponsor rights are protected through appropriate licensing arrangements.\nAs with patents, Cornell prefers to retain ownership of copyrights. In some instances Cornell will allow the sponsor to own the copyright on deliverable reports, while retaining the right of use for University purposes.\nContact\nCornell's Center for Technology Licensing\nfor more information. Additional information can be found\nHERE\n.\nPrincipal Investigator (PI) Responsibility\nThe principal investigator or project director is responsible for the conduct of the research or other activity being supported by a sponsored project. Responsibility includes the technical direction of the work and other contractual obligations such as reporting, proper cost assignment, and supervision of project personnel and subcontractors. Additional information can be found on the\nProposal Preparation and Processing Responsibilities\npage.\nInformation on who can serve as a PI can be found\nHERE\n.\nProposal Components\nFormat and Content\nSponsors frequently revise proposal guidelines and other requirements (e.g., page limits, font sizes, margins, number of copies). Guidelines can vary not only among sponsors, but also among programs within an agency. Questions concerning proposal requirements that are not addressed in the sponsor's guidelines can usually be answered by the appropriate GCO in\nCALS\n,\nCVM\n, or\nOSP\n. In general, both government and non-government sponsors require the following:\nCover or title page:\nThis should include the title of the proposed project, name(s) and title(s) of the principal investigator and co-investigators (if any), proposed project period, dollar amount, sponsor, the date, and any required College or department signatures. As the legal entity submitting the proposal on behalf of the investigator, Cornell University, with OSP's address, should be used for the institutional address.\nIntroduction:\nA brief description of the proposed project's objectives, any direct or closely related work which may be in progress, and any other pertinent background information as required by the sponsor.\nTable of contents\nor index with page references.\nDetailed program description\n, including an explanation of the objectives in clear and concise terms, and a description of the procedures to be followed in carrying out the objectives.\nDescription of\ncurrent facilities and equipment\n, and the percentage of time they will be available for the proposed project.\nList of personnel:\nInclude the names and titles of all professional personnel. Since named personnel might be used within key personnel clauses in an agreement, nonprofessional personnel should be listed by title or function only.\nCurriculum vitæ\nof key personnel: Include only professional and academic essentials and avoid personal background information.\nList of principal investigator's\npublications\n: Include only those that are relevant or significant to the proposed project. The list should not include items such as publications being printed, or invited lectures.\nBudget with justifications\nand supporting documentation, where appropriate. See the\n\"Budget and Costing Guide\"\nfor guidance and sample templates found in the appendices.\nConcurrent submission:\nWhen the same proposal is being submitted to other sponsors a statement should appear in each proposal indicating that it is a concurrent submission.\nList of key personnel's\ncurrent or pending support\nshould include:\nthe source of support;\nproject title;\npercent effort;\ndates of project period;\nannual costs; and\nhow this project does not overlap or duplicate projects supported by other funds. The statement \"No overlap\" is considered insufficient by most sponsors.\nIf required, include\nletters of collaboration\n, subcontractor proposals, and other supporting documentation.\nSpecial requests or justifications:\nThese could include: a change of principal investigator on renewal or continuation proposals, use of unexpended funds from a prior budget period, or the temporary absence of the principal investigator.\nCertifications and representations\nand other forms that may be required. These should be prepared by the department for signature by OSP.\nUnexpended Funds\nFor continuation or renewal proposals most sponsors require an estimate of unexpended funds and reserve the right to approve the use of those funds for future budget periods. This should be discussed with your GCO well in advance of a resubmission to determine whether a carry forward request or a no-cost extension is more appropriate.\n16\nProcess\nProposal Development, Review, and Submission\nResource\nRegister for Federal and Non-Federal Systems\nResource\nPre-Award Research Operations (PRO)\nResource\nFind My GCO (Grant & Contract Officer)\nResource\nSample Proposal Library\nResource\nProposal Review Guidelines\nResource\nLimited Submissions Funding Opportunities\nPolicy\nPI Eligibility\nResource\nInstitutional Profile, DUNS, and UEI Numbers\nForm\nRASS\nForm\nNFA (Non-Financial Agreements)\nSee All\nQuick Reference\nOffices\nCALS Sponsored Research Office\nCOI - Conflict of Interest\nCTL - Center for Technology Licensing\nCVM Research Office\nCorporate Engagement\nEHS - Environmental Health & Safety & Risk Management\nExport Controls Office\nFAIM - Faculty Advancing Inclusive Mentoring\nIACUC - Institutional Animal Care and Use\nIBC - Institutional Biosafety Committee\nIRB - Institutional Review Board\nIT Security & Policy\nORIA - Office of Research Integrity and Assurance\nOSP - Office of Sponsored Programs & Research Development\nPRO - Pre-Award Research Operations\nR&I - Cornell Research & Innovation\nRAIS - Research Administration Information Services\nRCR - Responsible Conduct of Research\nRDBSC - Research Division Business Service Center\nResearch Development (ReD)\nResearch Division Human Resources\nResearch Security Office\nSFS - Sponsored Financial Services\nUniversity Policy Office\nWCM - Office of Sponsored Research Administration (OSRA)\nEssential Tools & Resources\nFind My GCO\nInstitutional Profile & DUNS\nRates and budgets\nJoin List Servs\nResearch Development (ReD) Services\nFind Your Next Funding Opportunity\nRegister for Federal and Non-Federal Systems\nDisclose Foreign Collaborations and Support\nWeb Financials (WebFin2)\nExternal\nPI Dashboard\nExternal\nResearch Financials (formerly RA Dashboard)\nExternal\nRASS\nExternal\nIACUC applications (Cayuse Animal Management System)\nIBC applications (RASS-IBC)\nIRB Applications (RASS-IRB)\nExternal\nReport external interests (RASS-COI)\nRASS Access Request Form\naskEHS\nExternal\nCornell Data Services\nExternal\nTravel Registry\nExternal\nInternational research activities\nExternal\nTraining\nResearch metrics and executive dashboards\nRates\nForms\nPolicies\nContacts\nTraining\nEvents\nNews & Announcements\nPart of\n© 2019 Cornell University\nWeb Accessibility Help\nWas this page helpful?\n×\n×\nStatus message\nSorry...This form is closed to new submissions.\nScroll"
}