{
    "URL location": "https://researchservices.cornell.edu/research-security",
    "Last modification date": "2025-04-18T03:27Z",
    "Change frequency": "monthly",
    "Priority": "0.8",
    "Scraped Text": "Research Security | Cornell Research Services\nSkip to main content\nFind guidance on funding and agency updates during the federal government transition\n(\nupdated 4/16/2025\n)\nResearch Services\nResearch Services\nEssential Tools\nClose\nFind My GCO\nRASS\nExternal\nInstitutional Profile & DUNS\nIACUC applications (Cayuse Animal Management)\nFind Your Next Funding Opportunity\nIBC Applications (RASS-IBC)\nResearch Development (ReD) Services\nIRB Applications (RASS-IRB)\nExternal\nRates and budgets\nReport external interests (RASS-COI)\nJoin List Servs\nRASS Access Request Form\nAsk EHS\nExternal\nWeb Financials (WebFin2)\nExternal\nCornell Data Services\nExternal\nPI Dashboard\nExternal\nTravel Registry\nExternal\nResearch Financials (formerly RA Dashboard)\nExternal\nInternational research activities\nExternal\nRegister for Federal and Non-Federal Systems\nDisclose Foreign Collaborations and Support\nResearch metrics & executive dashboards\nTraining\nSearch\nResearch Services\nSearch\nHome\nPrepare a Proposal\nClose\nResearch Development Services\nSubawards in a Proposal\nFind Your Next Funding Opportunity\nDisclose Foreign Collaborations and Support\nProposal Development, Review, and Submission\nPlanning for Animals, Human Participants, r/sNA, Hazardous Materials, Radiation\nBudgets, Costs, and Rates\nCollaborate with Weill Cornell Medicine\nManage a Project\nClose\nAward Negotiation and Finalization\nTravel and International Activities\nProject Finances\nProject Modifications\nResearch Project Staffing\nGet Confidential Info, Data, Equipment, or Materials\nManaging Subawards\nAnimals, Human Participants, r/sNA, Hazardous Materials, Radiation\nClose a Project\nClose\nProject Closeout Financials\nProject Closeout\nEnd a Project Early\nCorporate Partnership & Innovation\nClose\nProtecting an Invention, Creation, Discovery\nEntrepreneurial and Startup Company Resources\nGateway to Partnership Program\nEngaging with Industry\nCompliance, Ethics, Safety\nClose\nResponsible Conduct of Research (RCR)\nExport Controls\nResearch with Human Participants\nResearch Security\nWork with Live Vertebrate Animals\nResearch Safety\nRegulated Biological Materials in Research\nFinancial Management\nConflicts of Interest\nBreadcrumb\nHome\nCompliance, Ethics, Safety\nResearch Security\nContact the Research Security Officer\nMalign Foreign Talent Programs\nRelated Pages:\nUpdates from Federal Sponsors\nAll Cornell-related international travel must be preregistered in the\nCornell International Travel Registry\n.\nStarting on November 1, 2024,\ninternational travel that is not preregistered will be classified as non-authorized and\nbusiness-related travel expenses\nwill not be reimbursed. The registration process is simple, crucial for your safety, and ensures compliance with federal requirements.\nSee the full guidance on the Travel Registry page\n.\nSince 2019, the federal government has imposed a series of research security regulations. The details about what these regulations require continue to evolve. Cornell partners with researchers to ensure that all activities are conducted compliantly. Topics relevant to research security include foreign talent programs; export controls considerations; proper and timely disclosures of outside activities, in-kind and other support, and foreign travel; data and cybersecurity; and others.\nCornell's Commitment to International Collaboration\nIt's important to remember that foreign nationals who are part of the Cornell community as faculty, staff, students, and postdocs are not the target of any of these changing regulations.\nNSPM-33 guidance\nincludes many \"shoulds\" but there is one important \"must\":\n\"It is\nessential\nthat the policies and consequences must be applied\nwithout discrimination in any way\n, including with respect to national origin or identity.”\nEssentials at a Glance\nCornell faculty and staff should expect the following as part of our shared responsibilities to safeguard our work. Contact the\nResearch Security Officer\nwith questions.\nCornell is well positioned to address evolving requirements and is looking forwarding to partnering with researchers to ensure all obligations are met.\nHow does Cornell partner with researchers to address federal requirements?\nStrives to be proactive—smooths the way for effective compliance.\nActively monitors regulations. Consults with peers. Engages with professional associations.\nCollaborates internally across offices and areas of expertise (OVPIA, OVPRI, OSP, CTL, ORIA…)\nImproves Cornell policies as required and provides guidance on the Research Services website.\nCollects information from researchers using central systems to reduce burden as much as possible. (Conflict of Interest; RASS; etc.)\nScreens entities against restricted party lists.\nAlerts from RASS for sponsored projects, for example if a project involves an entity located in a foreign country of concern.\n12\nOffice\nResearch Security Office\nOffice\nExport Controls Office\nContact\nJoi Mindingall - Research Security | Export Control Officer\nProcess\nCompliance, Ethics, Safety\nResource\nReport: Research Data Security Task Force\nContact\nDrusilla Jaiah - Export Control Associate\nResource\nNational Security Presidential Memorandum-33 (NSPM-33) on Research Security\nResource\nSponsored Projects: TikTok Restrictions\nTraining\nCU601: Responsible Conduct of Research and Research Security\nResource\nCHIPS and Science Act National Security Guardrails\nResource\nResearch Security and Foreign Engagements: Helpful Resources\nSee All\nQuick Reference\nOffices\nCALS Sponsored Research Office\nCOI - Conflict of Interest\nCTL - Center for Technology Licensing\nCVM Research Office\nCorporate Engagement\nEHS - Environmental Health & Safety & Risk Management\nExport Controls Office\nFAIM - Faculty Advancing Inclusive Mentoring\nIACUC - Institutional Animal Care and Use\nIBC - Institutional Biosafety Committee\nIRB - Institutional Review Board\nIT Security & Policy\nORIA - Office of Research Integrity and Assurance\nOSP - Office of Sponsored Programs & Research Development\nPRO - Pre-Award Research Operations\nR&I - Cornell Research & Innovation\nRAIS - Research Administration Information Services\nRCR - Responsible Conduct of Research\nRDBSC - Research Division Business Service Center\nResearch Development (ReD)\nResearch Division Human Resources\nResearch Security Office\nSFS - Sponsored Financial Services\nUniversity Policy Office\nWCM - Office of Sponsored Research Administration (OSRA)\nEssential Tools & Resources\nFind My GCO\nInstitutional Profile & DUNS\nRates and budgets\nJoin List Servs\nResearch Development (ReD) Services\nFind Your Next Funding Opportunity\nRegister for Federal and Non-Federal Systems\nDisclose Foreign Collaborations and Support\nWeb Financials (WebFin2)\nExternal\nPI Dashboard\nExternal\nResearch Financials (formerly RA Dashboard)\nExternal\nRASS\nExternal\nIACUC applications (Cayuse Animal Management System)\nIBC applications (RASS-IBC)\nIRB Applications (RASS-IRB)\nExternal\nReport external interests (RASS-COI)\nRASS Access Request Form\naskEHS\nExternal\nCornell Data Services\nExternal\nTravel Registry\nExternal\nInternational research activities\nExternal\nTraining\nResearch metrics and executive dashboards\nRates\nForms\nPolicies\nContacts\nTraining\nEvents\nNews & Announcements\nPart of\n© 2019 Cornell University\nWeb Accessibility Help\nWas this page helpful?\n×\n×\nStatus message\nSorry...This form is closed to new submissions.\nScroll\n\nTable:\nContinued Focus\n---\nDisclosures | Complete and accurate disclosures of all outside activities (paid and unpaid), in-kind and other support, and foreign travel are of the utmost importance.Log into RASS to complete disclosures.\nExport Controls | All international shipments and use of controlled technology must be pre-approved by theExport Control Office.\nTraining | Numerous new federal mandates for training are covered inCornell’s new Research Security and Responsible Conduct of Research Course.Required forallresearchers.\nRecent Updates\nForeign Travel | Requirements that some or all foreign travel be pre-approved.\nMalign Foreign Talent Programs | Largely prohibited.See details.\nForeign Countries of Concern | All engagements with individuals or entities in China, Russia, Iran, or North Korea must be reviewed by theResearch Security office.\nExpected Updates\nCybersecurity | New federal requirements impacting the security of devices used on awards.\n"
}