{
    "URL location": "https://researchservices.cornell.edu/compliance/human-research",
    "Last modification date": "2025-04-18T03:27Z",
    "Change frequency": "monthly",
    "Priority": "0.8",
    "Scraped Text": "Research with Human Participants | Cornell Research Services\nSkip to main content\nFind guidance on funding and agency updates during the federal government transition\n(\nupdated 4/16/2025\n)\nResearch Services\nResearch Services\nEssential Tools\nClose\nFind My GCO\nRASS\nExternal\nInstitutional Profile & DUNS\nIACUC applications (Cayuse Animal Management)\nFind Your Next Funding Opportunity\nIBC Applications (RASS-IBC)\nResearch Development (ReD) Services\nIRB Applications (RASS-IRB)\nExternal\nRates and budgets\nReport external interests (RASS-COI)\nJoin List Servs\nRASS Access Request Form\nAsk EHS\nExternal\nWeb Financials (WebFin2)\nExternal\nCornell Data Services\nExternal\nPI Dashboard\nExternal\nTravel Registry\nExternal\nResearch Financials (formerly RA Dashboard)\nExternal\nInternational research activities\nExternal\nRegister for Federal and Non-Federal Systems\nDisclose Foreign Collaborations and Support\nResearch metrics & executive dashboards\nTraining\nSearch\nResearch Services\nSearch\nHome\nPrepare a Proposal\nClose\nResearch Development Services\nSubawards in a Proposal\nFind Your Next Funding Opportunity\nDisclose Foreign Collaborations and Support\nProposal Development, Review, and Submission\nPlanning for Animals, Human Participants, r/sNA, Hazardous Materials, Radiation\nBudgets, Costs, and Rates\nCollaborate with Weill Cornell Medicine\nManage a Project\nClose\nAward Negotiation and Finalization\nTravel and International Activities\nProject Finances\nProject Modifications\nResearch Project Staffing\nGet Confidential Info, Data, Equipment, or Materials\nManaging Subawards\nAnimals, Human Participants, r/sNA, Hazardous Materials, Radiation\nClose a Project\nClose\nProject Closeout Financials\nProject Closeout\nEnd a Project Early\nCorporate Partnership & Innovation\nClose\nProtecting an Invention, Creation, Discovery\nEntrepreneurial and Startup Company Resources\nGateway to Partnership Program\nEngaging with Industry\nCompliance, Ethics, Safety\nClose\nResponsible Conduct of Research (RCR)\nExport Controls\nResearch with Human Participants\nResearch Security\nWork with Live Vertebrate Animals\nResearch Safety\nRegulated Biological Materials in Research\nFinancial Management\nConflicts of Interest\nBreadcrumb\nHome\nCompliance, Ethics, Safety\nResearch with Human Participants\nInstitutional Review Board for Human Participant Research (IRB)\nAccess RASS-IRB Protocol Management System\nRASS-IRB Guidance and Support\nContact the IRB\nCornell's Human Research Protection Program--including our\nInstitutional Review Board for Human Participants (IRB)\n--is responsible for oversight of all human subjects research conducted by the faculty, staff, and students affiliated with our Ithaca, Tech, and AgriTech campuses*. The world of human participant research can be complicated and confusing, but there is a wealth of information on this website to help researchers at all levels of experience navigate ethical and regulatory considerations in designing and carrying out human subjects research. You can also always contact our staff at\nirbhp@cornell.edu\n, or schedule a Zoom consultation via\nBookings\n.\n*Weill Cornell Medicine has its own\nIRBs\nand human research compliance\nstaff\n.\nDo I need IRB approval?\nNot all research activities that involve humans--or data collected from humans--actually meet the definition of \"human subjects research\" under federal regulations. The Cornell IRB office has created a\ndecision tree\nyou can use to help figure out if your study will need IRB review and approval. When in doubt, contact the\nIRB office\n.\nNote: \"Exemption\" from IRB review is not the same thing as \"not human subjects research.\" Exempt research is human subjects research that is exempted from U.S. federal regulation 45 CRF 46, based on specific research procedures, participant populations, and privacy and confidentiality practices. At Cornell, research eligible for exemption can be reviewed administratively by IRB staff, rather than the IRB committee. A protocol submission via\nRASS-IRB\nis still required for exempt research, as investigators cannot self-exempt.\nSubmit an IRB protocol application\nTo obtain IRB approval/exemption\nfor a new study, create a new protocol in\nRASS-IRB\n. We recommend you use our\ninformed consent form templates\n.\nFor changes to your protocol, you must request an amendment in\nRASS-IRB\n. For full board protocols, you must also submit a\nrequest for continuing approval (renewal)\neach year, regardless of whether or not any of your study procedures or personnel have changed.\nYou can check on the status of your protocol in\nRASS-IRB\n. How-to documentation for RASS-IRB is available on the\nRASS Guide Site\n.\nLooking for Guidance and Resources?\nThe IRB office has a variety of resources that can help you to understand the main processes and guidelines used by the Cornell IRB, as well as external policies, regulations, and best practices that might apply to your research with human participants. Start with our\nLife Cycle of an IRB Protocol resource\nfor general information about Cornell IRB procedures, and the visit the\nIRB Guidance and Resources page\nfor more detailed guidance and requirements.\nGet Training\nAll research personnel listed on an IRB protocol are required to complete human participant research ethics (IRB) training. F\nor NIH-funded clinical trials, research personnel must also complete Good Clinical Practice (GCP) training.\nCornell uses the online\nCITI program\nto provide these trainings.\nTake training\n, or learn more about\nIRB training requirements and options\n.\nIRB Staff Consultations:\nIRB staff are available to meet via Zoom or phone to provide assistance with protocol applications and answer IRB-related questions. We use\nMicrosoft Bookings\nto schedule Zoom consultations. You can also reach out directly to IRB staff; visit the\nIRB Office page\nfor contact information.\nFederal Wide Assurances (FWAs).\nCornell's Human Research Protection Program operates under a Federal Wide Assurance (FWA) filed with the US Department of Health and Human Services. (Note: the Weill Cornell Medicine IRBs operated under a different FWA.)\nIthaca, Geneva, and Tech campuses: FWA 00004513\n19\nOffice\nInstitutional Review Board for Human Participant Research (IRB) Office\nNews\nNIH Policy Change: New Data Management and Sharing Policy\nNews\nSingle IRB (sIRB) Regulatory Requirements in Effect January 20, 2020\nNews\nGDPR: European Data Regulation Impacts Research\nNews\nChanges to Research with Human Participants: Revisions to the Common Rule\nProcess\nCompliance, Ethics, Safety\nResource\nThe Life Cycle of an IRB Protocol\nResource\nIRB Announcements & Newsletters\nResource\nIRB Informed Consent\nResource\nIRB Training\nResource\nIRB Considerations: Human Participant Data, Data Sets and Internet Research\nSee All\nQuick Reference\nOffices\nCALS Sponsored Research Office\nCOI - Conflict of Interest\nCTL - Center for Technology Licensing\nCVM Research Office\nCorporate Engagement\nEHS - Environmental Health & Safety & Risk Management\nExport Controls Office\nFAIM - Faculty Advancing Inclusive Mentoring\nIACUC - Institutional Animal Care and Use\nIBC - Institutional Biosafety Committee\nIRB - Institutional Review Board\nIT Security & Policy\nORIA - Office of Research Integrity and Assurance\nOSP - Office of Sponsored Programs & Research Development\nPRO - Pre-Award Research Operations\nR&I - Cornell Research & Innovation\nRAIS - Research Administration Information Services\nRCR - Responsible Conduct of Research\nRDBSC - Research Division Business Service Center\nResearch Development (ReD)\nResearch Division Human Resources\nResearch Security Office\nSFS - Sponsored Financial Services\nUniversity Policy Office\nWCM - Office of Sponsored Research Administration (OSRA)\nEssential Tools & Resources\nFind My GCO\nInstitutional Profile & DUNS\nRates and budgets\nJoin List Servs\nResearch Development (ReD) Services\nFind Your Next Funding Opportunity\nRegister for Federal and Non-Federal Systems\nDisclose Foreign Collaborations and Support\nWeb Financials (WebFin2)\nExternal\nPI Dashboard\nExternal\nResearch Financials (formerly RA Dashboard)\nExternal\nRASS\nExternal\nIACUC applications (Cayuse Animal Management System)\nIBC applications (RASS-IBC)\nIRB Applications (RASS-IRB)\nExternal\nReport external interests (RASS-COI)\nRASS Access Request Form\naskEHS\nExternal\nCornell Data Services\nExternal\nTravel Registry\nExternal\nInternational research activities\nExternal\nTraining\nResearch metrics and executive dashboards\nRates\nForms\nPolicies\nContacts\nTraining\nEvents\nNews & Announcements\nPart of\n© 2019 Cornell University\nWeb Accessibility Help\nWas this page helpful?\n×\n×\nStatus message\nSorry...This form is closed to new submissions.\nScroll"
}