{
    "URL location": "https://researchservices.cornell.edu/resources/appendix-d-sample-budget-conferences-and-seminars",
    "Last modification date": "2025-04-18T03:27Z",
    "Change frequency": "monthly",
    "Priority": "0.8",
    "Scraped Text": "Appendix D: Sample Budget for Conferences and Seminars | Cornell Research Services\nSkip to main content\nFind guidance on funding and agency updates during the federal government transition\n(\nupdated 4/16/2025\n)\nResearch Services\nResearch Services\nEssential Tools\nClose\nFind My GCO\nRASS\nExternal\nInstitutional Profile & DUNS\nIACUC applications (Cayuse Animal Management)\nFind Your Next Funding Opportunity\nIBC Applications (RASS-IBC)\nResearch Development (ReD) Services\nIRB Applications (RASS-IRB)\nExternal\nRates and budgets\nReport external interests (RASS-COI)\nJoin List Servs\nRASS Access Request Form\nAsk EHS\nExternal\nWeb Financials (WebFin2)\nExternal\nCornell Data Services\nExternal\nPI Dashboard\nExternal\nTravel Registry\nExternal\nResearch Financials (formerly RA Dashboard)\nExternal\nInternational research activities\nExternal\nRegister for Federal and Non-Federal Systems\nDisclose Foreign Collaborations and Support\nResearch metrics & executive dashboards\nTraining\nSearch\nResearch Services\nSearch\nHome\nPrepare a Proposal\nClose\nResearch Development Services\nSubawards in a Proposal\nFind Your Next Funding Opportunity\nDisclose Foreign Collaborations and Support\nProposal Development, Review, and Submission\nPlanning for Animals, Human Participants, r/sNA, Hazardous Materials, Radiation\nBudgets, Costs, and Rates\nCollaborate with Weill Cornell Medicine\nManage a Project\nClose\nAward Negotiation and Finalization\nTravel and International Activities\nProject Finances\nProject Modifications\nResearch Project Staffing\nGet Confidential Info, Data, Equipment, or Materials\nManaging Subawards\nAnimals, Human Participants, r/sNA, Hazardous Materials, Radiation\nClose a Project\nClose\nProject Closeout Financials\nProject Closeout\nEnd a Project Early\nCorporate Partnership & Innovation\nClose\nProtecting an Invention, Creation, Discovery\nEntrepreneurial and Startup Company Resources\nGateway to Partnership Program\nEngaging with Industry\nCompliance, Ethics, Safety\nClose\nResponsible Conduct of Research (RCR)\nExport Controls\nResearch with Human Participants\nResearch Security\nWork with Live Vertebrate Animals\nResearch Safety\nRegulated Biological Materials in Research\nFinancial Management\nConflicts of Interest\nBreadcrumb\nHome\nresources\nAppendix D: Sample Budget for Conferences and Seminars\nCosts for Project Budgets - Appendix D\nThe expenses of hosting a conference or seminar are often recovered from multiple sources, including grants, contracts, and participant charges. Some sponsors have policies on reimbursement of Facilities and Administrative (F&A) costs and treatment of participant costs.\nThe following budget structures should be used when submitting costs to sponsors so that similar costs are treated consistently.\n* Participants are individuals whose primary interest is as beneficiaries of the event. Participants may make formal presentations or give papers.\n** Registration fees are treated as income to offset the costs of the event (7C). Fees should be established based on total program costs including both the direct and F & A program costs divided by the number of expected participants.\n5\nResource\nOverview of Costs for Project Budgets (Budget and Costing Guide)\nResource\nAppendix A: Sample Budget Format Showing Major Categories\nResource\nAppendix B: Facilities and Administrative (F&A) Cost Calculation Detail\nResource\nAppendix C: Sample Budget Justification\nResource\nAppendix E: Cost Sharing Allowability Matrix\nQuick Reference\nOffices\nCALS Sponsored Research Office\nCOI - Conflict of Interest\nCTL - Center for Technology Licensing\nCVM Research Office\nCorporate Engagement\nEHS - Environmental Health & Safety & Risk Management\nExport Controls Office\nFAIM - Faculty Advancing Inclusive Mentoring\nIACUC - Institutional Animal Care and Use\nIBC - Institutional Biosafety Committee\nIRB - Institutional Review Board\nIT Security & Policy\nORIA - Office of Research Integrity and Assurance\nOSP - Office of Sponsored Programs & Research Development\nPRO - Pre-Award Research Operations\nR&I - Cornell Research & Innovation\nRAIS - Research Administration Information Services\nRCR - Responsible Conduct of Research\nRDBSC - Research Division Business Service Center\nResearch Development (ReD)\nResearch Division Human Resources\nResearch Security Office\nSFS - Sponsored Financial Services\nUniversity Policy Office\nWCM - Office of Sponsored Research Administration (OSRA)\nEssential Tools & Resources\nFind My GCO\nInstitutional Profile & DUNS\nRates and budgets\nJoin List Servs\nResearch Development (ReD) Services\nFind Your Next Funding Opportunity\nRegister for Federal and Non-Federal Systems\nDisclose Foreign Collaborations and Support\nWeb Financials (WebFin2)\nExternal\nPI Dashboard\nExternal\nResearch Financials (formerly RA Dashboard)\nExternal\nRASS\nExternal\nIACUC applications (Cayuse Animal Management System)\nIBC applications (RASS-IBC)\nIRB Applications (RASS-IRB)\nExternal\nReport external interests (RASS-COI)\nRASS Access Request Form\naskEHS\nExternal\nCornell Data Services\nExternal\nTravel Registry\nExternal\nInternational research activities\nExternal\nTraining\nResearch metrics and executive dashboards\nRates\nForms\nPolicies\nContacts\nTraining\nEvents\nNews & Announcements\nPart of\n© 2019 Cornell University\nWeb Accessibility Help\nWas this page helpful?\n×\n×\nStatus message\nSorry...This form is closed to new submissions.\nScroll\n\nTable:\nProgram Costs | A. Sponsor | B. Cornell or Other | C. Total\n--- | --- | --- | ---\n1. Salaries and benefits of persons hosting the event or other employees | $ | $ | $\n2. Salaries or Honoraria and related travel expenses fornon-participants | $ | $ | $\n3. Room and facility rental costs | $ | $ | $\n4. Conference materials | $ | $ | $\n5.Total Direct Costs(Add Items 1. through 4.) | $ | $ | $\n6. Facilities and Administrative (F&A) Costs(Multiply item 5 by the current F&A Rate) | $ | $ | $\n7. Total Program Costs(Add Item 5. and Item 6.) | $ | $ | $\n8. Participant/Trainee Costs* |  |  | \nStipend | $ | $ | $\nPer diem or subsistence allowance | $ | $ | $\nTravel | $ | $ | $\nRegistration fee** | $ | $ | $\n9. Total(Add Items 7. and the sum of subcategories under Item 8.) | $ | $ | $\n"
}