{
    "URL location": "https://researchservices.cornell.edu/resources/research-continuity-planning-faq-ga-unionization",
    "Last modification date": "2025-04-18T03:27Z",
    "Change frequency": "monthly",
    "Priority": "0.8",
    "Scraped Text": "Research Continuity Planning FAQ | Cornell Research Services\nSkip to main content\nFind guidance on funding and agency updates during the federal government transition\n(\nupdated 4/16/2025\n)\nResearch Services\nResearch Services\nEssential Tools\nClose\nFind My GCO\nRASS\nExternal\nInstitutional Profile & DUNS\nIACUC applications (Cayuse Animal Management)\nFind Your Next Funding Opportunity\nIBC Applications (RASS-IBC)\nResearch Development (ReD) Services\nIRB Applications (RASS-IRB)\nExternal\nRates and budgets\nReport external interests (RASS-COI)\nJoin List Servs\nRASS Access Request Form\nAsk EHS\nExternal\nWeb Financials (WebFin2)\nExternal\nCornell Data Services\nExternal\nPI Dashboard\nExternal\nTravel Registry\nExternal\nResearch Financials (formerly RA Dashboard)\nExternal\nInternational research activities\nExternal\nRegister for Federal and Non-Federal Systems\nDisclose Foreign Collaborations and Support\nResearch metrics & executive dashboards\nTraining\nSearch\nResearch Services\nSearch\nHome\nPrepare a Proposal\nClose\nResearch Development Services\nSubawards in a Proposal\nFind Your Next Funding Opportunity\nDisclose Foreign Collaborations and Support\nProposal Development, Review, and Submission\nPlanning for Animals, Human Participants, r/sNA, Hazardous Materials, Radiation\nBudgets, Costs, and Rates\nCollaborate with Weill Cornell Medicine\nManage a Project\nClose\nAward Negotiation and Finalization\nTravel and International Activities\nProject Finances\nProject Modifications\nResearch Project Staffing\nGet Confidential Info, Data, Equipment, or Materials\nManaging Subawards\nAnimals, Human Participants, r/sNA, Hazardous Materials, Radiation\nClose a Project\nClose\nProject Closeout Financials\nProject Closeout\nEnd a Project Early\nCorporate Partnership & Innovation\nClose\nProtecting an Invention, Creation, Discovery\nEntrepreneurial and Startup Company Resources\nGateway to Partnership Program\nEngaging with Industry\nCompliance, Ethics, Safety\nClose\nResponsible Conduct of Research (RCR)\nExport Controls\nResearch with Human Participants\nResearch Security\nWork with Live Vertebrate Animals\nResearch Safety\nRegulated Biological Materials in Research\nFinancial Management\nConflicts of Interest\nBreadcrumb\nHome\nresources\nResearch Continuity Planning FAQ\nGraduate Assistant Unionization\nIn an election held November 6-8, 2023, eligible graduate assistants voted to approve the United Electrical, Radio & Machine Workers of America (UE) as their exclusive representative for the purposes of collective bargaining. The members of the bargaining unit are teaching assistants, graduate research assistants, research assistants, and graduate assistants at the Ithaca, Geneva, and Cornell Tech campuses.\nThe university has\nbegun\nthe process of collective bargaining with the UE.\nThe university has assembled resources on the\nGraduate Assistant Unionization Update website\nto answer questions faculty and staff may have about unionization, the bargaining process, “terms and conditions” of employment, and related matters. Below are selected FAQs relevant to research continuity planning. You can find the full list of FAQs at the\nGraduate Assistant Unionization Update website\n.\nGuidance on steps that faculty may take to support research continuity are available at\nResearch Continuity During Unexpected Interuptions\nand\nFaculty Contingency Planning Resources\n. Faculty seeking additional advice may reach out by email to\nfaculty colleagues in Research & Innovation\n.\nFrequently Asked Questions\nExpand All\nHow many hours per week should graduate assistants devote to their studies? To their assistantship duties?\nAll graduate students in research degrees are considered to be full time students and are enrolled in 12 credits of coursework and/or research. By Cornell and New York state standards, 12 credits equates to 36 hours academic activity. This is a baseline expectation. Of course, many students invest much more time into their own studies. Students should have full-time engagement in academic duties that are developmental for their own training as a scholar and in furtherance of a degree.\nWhen a full-time student holds an assistantship position, the time commitment is 15 hours per week on average, with no week to exceed 20 hours. That rule is in place, in part, to ensure that students are not performing excessive service work for the university that slows their own degree progress.\nIf a graduate student in the RA, GRA or GA categories, who are funded by faculty grants, decide to strike and do not work on the grant during the strike, how should I complete the effort certification?\nIf the union calls a strike the university could stop pay unless an individual student elects to work. Faculty PIs would not pay for work unless the student was confirmed to be working.\nIf a strike goes on longer than a month, for example, will faculty be allowed to reassign the research being done by the student to other people or is this considered retaliatory?\nManagers can reassign work during a strike, but there would likely be some obligation to shift work back to the striking employee once the strike is resolved.\n2\nNews\nResearch Continuity During Unexpected Disruptions\nOffice\nResearch & Innovation\nQuick Reference\nOffices\nCALS Sponsored Research Office\nCOI - Conflict of Interest\nCTL - Center for Technology Licensing\nCVM Research Office\nCorporate Engagement\nEHS - Environmental Health & Safety & Risk Management\nExport Controls Office\nFAIM - Faculty Advancing Inclusive Mentoring\nIACUC - Institutional Animal Care and Use\nIBC - Institutional Biosafety Committee\nIRB - Institutional Review Board\nIT Security & Policy\nORIA - Office of Research Integrity and Assurance\nOSP - Office of Sponsored Programs & Research Development\nPRO - Pre-Award Research Operations\nR&I - Cornell Research & Innovation\nRAIS - Research Administration Information Services\nRCR - Responsible Conduct of Research\nRDBSC - Research Division Business Service Center\nResearch Development (ReD)\nResearch Division Human Resources\nResearch Security Office\nSFS - Sponsored Financial Services\nUniversity Policy Office\nWCM - Office of Sponsored Research Administration (OSRA)\nEssential Tools & Resources\nFind My GCO\nInstitutional Profile & DUNS\nRates and budgets\nJoin List Servs\nResearch Development (ReD) Services\nFind Your Next Funding Opportunity\nRegister for Federal and Non-Federal Systems\nDisclose Foreign Collaborations and Support\nWeb Financials (WebFin2)\nExternal\nPI Dashboard\nExternal\nResearch Financials (formerly RA Dashboard)\nExternal\nRASS\nExternal\nIACUC applications (Cayuse Animal Management System)\nIBC applications (RASS-IBC)\nIRB Applications (RASS-IRB)\nExternal\nReport external interests (RASS-COI)\nRASS Access Request Form\naskEHS\nExternal\nCornell Data Services\nExternal\nTravel Registry\nExternal\nInternational research activities\nExternal\nTraining\nResearch metrics and executive dashboards\nRates\nForms\nPolicies\nContacts\nTraining\nEvents\nNews & Announcements\nPart of\n© 2019 Cornell University\nWeb Accessibility Help\nWas this page helpful?\n×\n×\nStatus message\nSorry...This form is closed to new submissions.\nScroll"
}