{
    "URL location": "https://researchservices.cornell.edu/resources/research-security-and-compliance-committee-rscc",
    "Last modification date": "2025-04-18T03:27Z",
    "Change frequency": "monthly",
    "Priority": "0.8",
    "Scraped Text": "Research Security and Compliance Committee (RSCC) | Cornell Research Services\nSkip to main content\nFind guidance on funding and agency updates during the federal government transition\n(\nupdated 4/16/2025\n)\nResearch Services\nResearch Services\nEssential Tools\nClose\nFind My GCO\nRASS\nExternal\nInstitutional Profile & DUNS\nIACUC applications (Cayuse Animal Management)\nFind Your Next Funding Opportunity\nIBC Applications (RASS-IBC)\nResearch Development (ReD) Services\nIRB Applications (RASS-IRB)\nExternal\nRates and budgets\nReport external interests (RASS-COI)\nJoin List Servs\nRASS Access Request Form\nAsk EHS\nExternal\nWeb Financials (WebFin2)\nExternal\nCornell Data Services\nExternal\nPI Dashboard\nExternal\nTravel Registry\nExternal\nResearch Financials (formerly RA Dashboard)\nExternal\nInternational research activities\nExternal\nRegister for Federal and Non-Federal Systems\nDisclose Foreign Collaborations and Support\nResearch metrics & executive dashboards\nTraining\nSearch\nResearch Services\nSearch\nHome\nPrepare a Proposal\nClose\nResearch Development Services\nSubawards in a Proposal\nFind Your Next Funding Opportunity\nDisclose Foreign Collaborations and Support\nProposal Development, Review, and Submission\nPlanning for Animals, Human Participants, r/sNA, Hazardous Materials, Radiation\nBudgets, Costs, and Rates\nCollaborate with Weill Cornell Medicine\nManage a Project\nClose\nAward Negotiation and Finalization\nTravel and International Activities\nProject Finances\nProject Modifications\nResearch Project Staffing\nGet Confidential Info, Data, Equipment, or Materials\nManaging Subawards\nAnimals, Human Participants, r/sNA, Hazardous Materials, Radiation\nClose a Project\nClose\nProject Closeout Financials\nProject Closeout\nEnd a Project Early\nCorporate Partnership & Innovation\nClose\nProtecting an Invention, Creation, Discovery\nEntrepreneurial and Startup Company Resources\nGateway to Partnership Program\nEngaging with Industry\nCompliance, Ethics, Safety\nClose\nResponsible Conduct of Research (RCR)\nExport Controls\nResearch with Human Participants\nResearch Security\nWork with Live Vertebrate Animals\nResearch Safety\nRegulated Biological Materials in Research\nFinancial Management\nConflicts of Interest\nBreadcrumb\nHome\nresources\nResearch Security and Compliance Committee (RSCC)\nThe RSCC is created for the purpose of identifying and monitoring issues related to foreign influence, export/import controls, conflict of interest/commitment, research data security, and federal disclosures particularly as they relate to compliance with applicable laws, regulations, and federal funding requirements.\nThe RSCC is further tasked with ensuring that the Cornell University research community is made aware of and educated regarding such compliance related issues and for proposing policy and processes to enhance university compliance. The RSCC shall report recommendations and concerns regularly to Cornell’s Institutional Risk Council (IRC) and elevate recommendations to senior leadership, as appropriate.\nObjective\nTo inform and advise on enterprise level compliance related to applicable laws, regulations, rules and/or guidance surrounding foreign influence, COI/COC, export/import controls, research data security, and federal funding obligations.\nMembership\nMembership may include, but is not limited, to representatives from the following units at Cornell University (including Weill Cornell Medicine):\nOffice of the Vice-President for Research and Innovation / Weill Cornell Medical College (WCMC) Senior Associate Dean for Research\nOffice of Sponsored Programs/Office of Sponsored Research Administration\nOffice of Research Integrity and Assurance (including, at a minimum, Export Control and Conflict of Interest representatives)\nResearch Administration Information Services\nCenter for Technology Licensing\nAt least one member of the IRC\nCornell Information Technologies / Communications/Information Technology Security Office\nOffice of the Vice-Provost for International Affairs\nUniversity Compliance Office\nOffice of General Counsel\nEnvironmental Health and Safety\nFaculty representatives (including at a minimum the Chairs of the Financial Conflict of Interest Committee and the Weill Cornell Medicine Conflicts Advisory Panel)\nAuthority\nThe RSCC has no express or implied power or authority beyond this charge by senior leadership. The RSCC will serve until disbanded.\nResponsibilities\nMonitor laws and regulations related to Cornell’s research activities, domestic and international, particularly those surrounding federal funding disclosures, export/import control, conflict of interest/commitment, and other foreign influence-related obligations.\nReport significant impacts to senior leadership.\nReport regularly to the Cornell Institutional Risk Council (IRC).\nDiscuss and formulate compliance recommendations.\nPropose recommendations to senior leadership.\nCollaborate on communication and education/training strategies, including but not limited to website development, email communications, and targeted and general training and educational opportunities to applicable stakeholders.\nMeetings and Structure\nThe RSCC will meet at least quarterly and more often as needed. A majority of then-active members shall constitute a quorum.\nA Committee Chair shall be elected by a quorum and will serve for a term of one year. The Chair shall be responsible for calling meetings and for facilitating reports to the Vice President for Research & Innovation, the WCMC Senior Associate Dean for Research, the Vice-Provost for International Affairs and Cornell’s IRC. If the Chair is not a member of the IRC, reporting to the IRC will be delegated to an IRC member.\nA Committee Secretary shall be elected by a quorum and will serve for a term of one year. The Secretary shall be responsible for taking meeting minutes, distributing them within one week of each meeting, and posting them to a shared folder.\nThe RSCC may charge sub-working groups with specific issues or deliverables, as needed, and with the consent of a Committee quorum.\nThis charter was approved by the RSCC on August 31, 2021\n11\nContact\nJoi Mindingall - Research Security | Export Control Officer\nProcess\nResearch Security\nProcess\nExport Controls\nProcess\nResponsible Conduct of Research (RCR)\nProcess\nConflicts of Interest\nOffice\nIT Security and Policy\nResource\nResearch Data Retention\nResource\nNational Security Presidential Memorandum-33 (NSPM-33) on Research Security\nResource\nCHIPS and Science Act National Security Guardrails\nResource\nMalign Foreign Government Talent Recruitment Programs\nResource\nResearch Security and Foreign Engagements: Helpful Resources\nQuick Reference\nOffices\nCALS Sponsored Research Office\nCOI - Conflict of Interest\nCTL - Center for Technology Licensing\nCVM Research Office\nCorporate Engagement\nEHS - Environmental Health & Safety & Risk Management\nExport Controls Office\nFAIM - Faculty Advancing Inclusive Mentoring\nIACUC - Institutional Animal Care and Use\nIBC - Institutional Biosafety Committee\nIRB - Institutional Review Board\nIT Security & Policy\nORIA - Office of Research Integrity and Assurance\nOSP - Office of Sponsored Programs & Research Development\nPRO - Pre-Award Research Operations\nR&I - Cornell Research & Innovation\nRAIS - Research Administration Information Services\nRCR - Responsible Conduct of Research\nRDBSC - Research Division Business Service Center\nResearch Development (ReD)\nResearch Division Human Resources\nResearch Security Office\nSFS - Sponsored Financial Services\nUniversity Policy Office\nWCM - Office of Sponsored Research Administration (OSRA)\nEssential Tools & Resources\nFind My GCO\nInstitutional Profile & DUNS\nRates and budgets\nJoin List Servs\nResearch Development (ReD) Services\nFind Your Next Funding Opportunity\nRegister for Federal and Non-Federal Systems\nDisclose Foreign Collaborations and Support\nWeb Financials (WebFin2)\nExternal\nPI Dashboard\nExternal\nResearch Financials (formerly RA Dashboard)\nExternal\nRASS\nExternal\nIACUC applications (Cayuse Animal Management System)\nIBC applications (RASS-IBC)\nIRB Applications (RASS-IRB)\nExternal\nReport external interests (RASS-COI)\nRASS Access Request Form\naskEHS\nExternal\nCornell Data Services\nExternal\nTravel Registry\nExternal\nInternational research activities\nExternal\nTraining\nResearch metrics and executive dashboards\nRates\nForms\nPolicies\nContacts\nTraining\nEvents\nNews & Announcements\nPart of\n© 2019 Cornell University\nWeb Accessibility Help\nWas this page helpful?\n×\n×\nStatus message\nSorry...This form is closed to new submissions.\nScroll"
}