{
    "URL location": "https://researchservices.cornell.edu/manage/changes-and-deliverables",
    "Last modification date": "2025-04-18T03:27Z",
    "Change frequency": "monthly",
    "Priority": "0.8",
    "Scraped Text": "Project Modifications | Cornell Research Services\nSkip to main content\nFind guidance on funding and agency updates during the federal government transition\n(\nupdated 4/16/2025\n)\nResearch Services\nResearch Services\nEssential Tools\nClose\nFind My GCO\nRASS\nExternal\nInstitutional Profile & DUNS\nIACUC applications (Cayuse Animal Management)\nFind Your Next Funding Opportunity\nIBC Applications (RASS-IBC)\nResearch Development (ReD) Services\nIRB Applications (RASS-IRB)\nExternal\nRates and budgets\nReport external interests (RASS-COI)\nJoin List Servs\nRASS Access Request Form\nAsk EHS\nExternal\nWeb Financials (WebFin2)\nExternal\nCornell Data Services\nExternal\nPI Dashboard\nExternal\nTravel Registry\nExternal\nResearch Financials (formerly RA Dashboard)\nExternal\nInternational research activities\nExternal\nRegister for Federal and Non-Federal Systems\nDisclose Foreign Collaborations and Support\nResearch metrics & executive dashboards\nTraining\nSearch\nResearch Services\nSearch\nHome\nPrepare a Proposal\nClose\nResearch Development Services\nSubawards in a Proposal\nFind Your Next Funding Opportunity\nDisclose Foreign Collaborations and Support\nProposal Development, Review, and Submission\nPlanning for Animals, Human Participants, r/sNA, Hazardous Materials, Radiation\nBudgets, Costs, and Rates\nCollaborate with Weill Cornell Medicine\nManage a Project\nClose\nAward Negotiation and Finalization\nTravel and International Activities\nProject Finances\nProject Modifications\nResearch Project Staffing\nGet Confidential Info, Data, Equipment, or Materials\nManaging Subawards\nAnimals, Human Participants, r/sNA, Hazardous Materials, Radiation\nClose a Project\nClose\nProject Closeout Financials\nProject Closeout\nEnd a Project Early\nCorporate Partnership & Innovation\nClose\nProtecting an Invention, Creation, Discovery\nEntrepreneurial and Startup Company Resources\nGateway to Partnership Program\nEngaging with Industry\nCompliance, Ethics, Safety\nClose\nResponsible Conduct of Research (RCR)\nExport Controls\nResearch with Human Participants\nResearch Security\nWork with Live Vertebrate Animals\nResearch Safety\nRegulated Biological Materials in Research\nFinancial Management\nConflicts of Interest\nBreadcrumb\nHome\nManage a Project\nProject Modifications\nLog into RASS\nPost-award changes resulting from circumstances not anticipated during the proposal stages of the project are sometimes necessary. These changes may be programmatic, contractual, or financial in nature.\nProject Changes and Prior Approval Requirements\nWhile some changes may be processed by the administering unit, Sponsored Financial Services (SFS), or the Office of Sponsored Programs (OSP), others require the sponsor’s prior written approval. The level at which approval may be granted and the timing for submission of prior approval requests depends on the nature of the change, the type of sponsored research award, and the sponsor’s specific policies for that type of award. Refer to the sponsor’s guidelines, award documents and\ncontact your Grant and Contract Officer\n.\nAwards using Federal Research Terms and Conditions (RTC).\nThe federal government, based on collaborative work with the research community, developed standard grant Research Terms and Conditions (RTC) now in use by several federal sponsoring agencies. The federal-wide Research Terms and Conditions page on the National Science Foundation website explains each of the\nResearch Terms and Conditions\nas well as a link to each participating federal agency’s specific RTC.\nAwards not using RTCs.\nFor federal agencies not utilizing RTCs, contracts, cooperative agreements and non-federal sponsored programs (e.g. industry, foundations, foreign government, non-profits), consult the terms of the agreement for guidance as requirements vary depending on the sponsor’s policies. If the award does not include specific requirements Principal Investigators (PI) should contact their Grant and Contract Officer.\nThe\nOffice of Sponsored Programs (OSP)\nmust submit all prior approval requests to sponsors.\nExamples of Changes\nChanges in the scope of work (SOW)\nChange of Principal Investigator or significant reduction (>= 25%) of effort\nChange in Key Personnel\nChanges/additions to collaborating institutions/subcontractors responsible for carrying out a portion of the SOW\nRe-budgeting beyond level permitted in award\nCarry-forward of funds from one budget period into the next within a project period unless previously authorized\nSupplemental Funding Request\nNo cost extension of the budget or project period (extension of time without additional funds)\nStart Submission of a Change Request\nRequests should be submitted to OSP via RASS. See\nstep-by-step instructions\n.\n5\nProcess\nManage a Project\nResource\nNo-Cost Extensions\nResource\nBudget Revisions\nResource\nChange in PI or Key Personnel and Effort\nResource\nAmendment to Subaward Agreements\nQuick Reference\nOffices\nCALS Sponsored Research Office\nCOI - Conflict of Interest\nCTL - Center for Technology Licensing\nCVM Research Office\nCorporate Engagement\nEHS - Environmental Health & Safety & Risk Management\nExport Controls Office\nFAIM - Faculty Advancing Inclusive Mentoring\nIACUC - Institutional Animal Care and Use\nIBC - Institutional Biosafety Committee\nIRB - Institutional Review Board\nIT Security & Policy\nORIA - Office of Research Integrity and Assurance\nOSP - Office of Sponsored Programs & Research Development\nPRO - Pre-Award Research Operations\nR&I - Cornell Research & Innovation\nRAIS - Research Administration Information Services\nRCR - Responsible Conduct of Research\nRDBSC - Research Division Business Service Center\nResearch Development (ReD)\nResearch Division Human Resources\nResearch Security Office\nSFS - Sponsored Financial Services\nUniversity Policy Office\nWCM - Office of Sponsored Research Administration (OSRA)\nEssential Tools & Resources\nFind My GCO\nInstitutional Profile & DUNS\nRates and budgets\nJoin List Servs\nResearch Development (ReD) Services\nFind Your Next Funding Opportunity\nRegister for Federal and Non-Federal Systems\nDisclose Foreign Collaborations and Support\nWeb Financials (WebFin2)\nExternal\nPI Dashboard\nExternal\nResearch Financials (formerly RA Dashboard)\nExternal\nRASS\nExternal\nIACUC applications (Cayuse Animal Management System)\nIBC applications (RASS-IBC)\nIRB Applications (RASS-IRB)\nExternal\nReport external interests (RASS-COI)\nRASS Access Request Form\naskEHS\nExternal\nCornell Data Services\nExternal\nTravel Registry\nExternal\nInternational research activities\nExternal\nTraining\nResearch metrics and executive dashboards\nRates\nForms\nPolicies\nContacts\nTraining\nEvents\nNews & Announcements\nPart of\n© 2019 Cornell University\nWeb Accessibility Help\nWas this page helpful?\n×\n×\nStatus message\nSorry...This form is closed to new submissions.\nScroll"
}