{
    "URL location": "https://researchservices.cornell.edu/resources/responsible-conduct-research-rcr-topics-and-case-studies",
    "Last modification date": "2025-04-18T03:27Z",
    "Change frequency": "monthly",
    "Priority": "0.8",
    "Scraped Text": "Responsible Conduct of Research (RCR) Topics and Case Studies | Cornell Research Services\nSkip to main content\nFind guidance on funding and agency updates during the federal government transition\n(\nupdated 4/16/2025\n)\nResearch Services\nResearch Services\nEssential Tools\nClose\nFind My GCO\nRASS\nExternal\nInstitutional Profile & DUNS\nIACUC applications (Cayuse Animal Management)\nFind Your Next Funding Opportunity\nIBC Applications (RASS-IBC)\nResearch Development (ReD) Services\nIRB Applications (RASS-IRB)\nExternal\nRates and budgets\nReport external interests (RASS-COI)\nJoin List Servs\nRASS Access Request Form\nAsk EHS\nExternal\nWeb Financials (WebFin2)\nExternal\nCornell Data Services\nExternal\nPI Dashboard\nExternal\nTravel Registry\nExternal\nResearch Financials (formerly RA Dashboard)\nExternal\nInternational research activities\nExternal\nRegister for Federal and Non-Federal Systems\nDisclose Foreign Collaborations and Support\nResearch metrics & executive dashboards\nTraining\nSearch\nResearch Services\nSearch\nHome\nPrepare a Proposal\nClose\nResearch Development Services\nSubawards in a Proposal\nFind Your Next Funding Opportunity\nDisclose Foreign Collaborations and Support\nProposal Development, Review, and Submission\nPlanning for Animals, Human Participants, r/sNA, Hazardous Materials, Radiation\nBudgets, Costs, and Rates\nCollaborate with Weill Cornell Medicine\nManage a Project\nClose\nAward Negotiation and Finalization\nTravel and International Activities\nProject Finances\nProject Modifications\nResearch Project Staffing\nGet Confidential Info, Data, Equipment, or Materials\nManaging Subawards\nAnimals, Human Participants, r/sNA, Hazardous Materials, Radiation\nClose a Project\nClose\nProject Closeout Financials\nProject Closeout\nEnd a Project Early\nCorporate Partnership & Innovation\nClose\nProtecting an Invention, Creation, Discovery\nEntrepreneurial and Startup Company Resources\nGateway to Partnership Program\nEngaging with Industry\nCompliance, Ethics, Safety\nClose\nResponsible Conduct of Research (RCR)\nExport Controls\nResearch with Human Participants\nResearch Security\nWork with Live Vertebrate Animals\nResearch Safety\nRegulated Biological Materials in Research\nFinancial Management\nConflicts of Interest\nBreadcrumb\nHome\nresources\nResponsible Conduct of Research (RCR) Topics and Case Studies\nResponsible Conduct of Research is a crucial component of the education provided to students and trainees involved in Cornell research. The following topics are covered as a part of Cornell’s RCR educational offerings.\nExpand All\nAuthorship\n(Adapted from\nThe HHS Office of Research Integrity: Authorship\n)\nThe names that appear at the beginning of a paper let others know who conducted and should be credited for the research. This is important in case there are questions about methods, data, and the interpretation of results. It is also important because researchers are often promoted in accordance with the quality and quantity of their publications. The named authors and byline order should be discussed with all participants as early on as possible, in order to avoid disputes later on.\nFor additional information please review The International Committee of Medical Journal Editors (ICMJE) recommendations on\nDefining the Role of Authors and Contributors.\nCase Study\nCornell University: 2018 RCR Summer Workshop Case Studies\nThe Office of Research Integrity (ORI) RCR Casebook: Risky Authorship\nThe Office of Research Integrity (ORI) RCR Casebook: Should I be Listed as an Author?\nCollaborative research\n(Adapted from\nThe HHS Office of Research Integrity: A Brief Overview on Conflict of Interests\n)\nCollaborative research happens when researchers team up with colleagues who have the expertise or resources needed to carry out a particular project. Collaborations can be as simple as one researcher sharing techniques or materials with another researcher, or as complex as multi-centered projects that involve academic research centers, government laboratories, and for-profit companies working under a single project.\nCase Study\nThe Office of Research Integrity (ORI) RCR Casebook: Conflicts with Community Partners\nConflict of Interest\n(Adapted from\nThe HHS Office of Research Integrity: ORI Introduction to RCR\n)\nA conflict of interest arises whenever a researcher’s relationship with organization affects or gives the appearance of affecting, his or her ability to be objective in the conduct of their research. Some conflicts of interest are unavoidable, and having a conflict of interest is not in itself unethical. However, even the perception of a conflict can damage the public’s trust in research. To mitigate these situations, guidelines for managing them are necessary.\nCase Study\nCornell University: 2021 RCR Symposium Case Studies\nData management\n(Adapted from\nThe HHS Office of Research Integrity: Guidelines for Responsible Data Management in Scientific Research\n)\nData management is a critical component of most scientific research studies. Oversight of data management represents a significant investment of time and effort by the PI, and for oversight to be thorough and correct, PIs must understand the basic concepts of data management and ensure that every member of their research team is involved in the planning, implementation, and maintenance of data management policies and procedures.\nCase Study\nCornell University: 2019 RCR Case Studies\nThe Office of Research Integrity (ORI) RCR Casebook: Creating a Public Archive of Sensitive Data\nThe Office of Research Integrity (ORI) RCR Casebook: Data Sharing Fever\nMentoring\n(Adapted from\nThe HHS Office of Research Integrity: Introduction to the Responsible Conduct of Research\n)\nMentor-trainee relationships begin when an experienced and an inexperienced researcher agree to work together. In any successful mentor-trainee relationship, each person brings something valuable to the table. The experienced researcher has knowledge and skills that the inexperienced researcher needs to learn and may also provide support for the trainee’s research and education. Inexperienced researchers, whether graduate students, postdocs, or research staff, provide labor and fresh ideas. Under a productive relationship, the two work together to advance knowledge and put ideas to work.\nCase Study\nCornell University: 2023 RCR Symposium Case Studies\nThe Office of Research Integrity (ORI) RCR Casebook: Power Struggles in the Lab\nThe Office of Research Integrity (ORI) RCR Casebook: Bullied or Mentored?\nHelpful Resource\nCornell University 2023 RCR Ethical Considerations in Mentorship: Panel Discussion Key Takeaways\nPeer review\n(Adapted from\nThe HHS Office of Research Integrity: RCR Casebook - Peer Review\n)\nGrant proposals and manuscripts submitted for publication are routinely reviewed by peers, that is, by other researchers with expertise on the topic being addressed and the methods used. Peer reviews must be objective and should be based solely on scientific evaluation of the material under review and within the context of published information. These reviews should not be influenced by scientific information that is not publicly available.\nCase Study\nThe Office of Research Integrity (ORI) RCR Casebook: Pandering to the Public\nThe Office of Research Integrity (ORI) RCR Casebook: Getting a Fair Shake?\nThe Office of Research Integrity (ORI) RCR Casebook: Getting Scooped by a Reviewer\nResearch Involving Animals\n(Adapted from\nThe NIH: Guidelines for the Conduct of Research at the National Institutes of Health\n)\nAnimal research not only plays an essential role in improving human health but in many cases benefits the care and treatment of the animals themselves. When proposing to use animals in research there must be appropriate scientific support to justify the experiments. This analysis is conducted by the Institutional Animal Care and Use Committee (IACUC). At Cornell, the IACUC reviews all proposed projects involving animals to ensure that they meet scientific and humane standards, including those determined by the NIH.\nCase Study\nCornell University: Animal Welfare Case Studies\nResearch with Human Participants\n(Adapted from\nThe NIH: Guidelines for the Conduct of Research at the National Institutes of Health\n)\nResearch involving human participants entails a rigorous responsibility for the well-being of the research subjects. Human participants make an important contribution to science, and this commitment must invite in return the utmost respect and diligence from the researcher. Respect and diligence should include planning studies so that the potential benefits (to both the subject and society) outweigh any risks. In addition, steps must be taken to ensure that subjects are selected equitably and that they make an informed decision when consenting to participate in the study. Informed consent requires that patients be fully informed of the risks and benefits of the research, be competent to evaluate this information, and make a decision free from coercion and other inappropriate influences.\nCase Study\nThe Office of Research Integrity (ORI) RCR Casebook: I Really Can’t Acquire Important Data?\nResearch Misconduct: Fabrication, Falsification, Plagiarism\n(Adapted from\nThe HHS Office of Research Integrity: Definition of Research Misconduct\n)\nResearch misconduct means fabrication, falsification, or plagiarism in proposing, performing, or reviewing research, or in reporting research results. Research misconduct does not include honest errors or differences of opinion.\nFabrication is making up data or results and recording or reporting them.\nFalsification is manipulating research materials, equipment, or processes, or changing or omitting data or results such that the research is not accurately represented in the research record.\nPlagiarism is the appropriation of another person's ideas, processes, results, or words without giving appropriate credit.\nCase Study\nCornell University: 2022 RCR Symposium Case Studies\nThe Office of Research Integrity (ORI) RCR Casebook: Were These Slides Falsified?\nThe Office of Research Integrity (ORI) RCR Casebook: Haven’t I Seen that Protocol Before?\nThe Office of Research Integrity (ORI) RCR Casebook: Accusations of Falsifying Data\nThe Office of Research Integrity (ORI) RCR Casebook: Research Misconduct Struggling to Understand Plagiarism\nRigor & Reproducibility\n(Adapted from\nThe NIH: Rigor and Reproducibility\n)\nScientific rigor and reproducibility are essential components for science advancement. According to the NIH, scientific rigor is ‘the strict application of the scientific method to ensure robust and unbiased experimental design, methodology, analysis, interpretation, and reporting of results. This includes full transparency in reporting experimental details so that others may reproduce and extend the findings.\nCase Study\nCornell University: 2017 RCR Symposium Case Studies\nResearch Ethics Training and Resources\nSeveral other resources and training opportunities on research ethics are also available, including:\nHuman Research Participant Protection IRB Online Training\nFinancial Conflicts of Interest in Research Online Training\nThe Appropriate Care and Use of Animals in Research IACUC Online Training\nThe Use of Bloodborne Pathogens in Research Online Training\nExport Control in Research and Education Resources\n9\nOffice\nResponsible Conduct of Research (RCR) Office\nResource\nResearch Integrity\nResource\nThe Research Integrity Council\nResource\nResponsible Conduct of Research Committee (RCRC)\nResource\nResearch Data Retention\nProcess\nResponsible Conduct of Research (RCR)\nResource\nRCR Requirements for Research Awards\nResource\nNIH Training Grant Requirement: RCR Symposium Summary\nResource\nResponsible Conduct of Research (RCR) Symposium and Workshop\nQuick Reference\nOffices\nCALS Sponsored Research Office\nCOI - Conflict of Interest\nCTL - Center for Technology Licensing\nCVM Research Office\nCorporate Engagement\nEHS - Environmental Health & Safety & Risk Management\nExport Controls Office\nFAIM - Faculty Advancing Inclusive Mentoring\nIACUC - Institutional Animal Care and Use\nIBC - Institutional Biosafety Committee\nIRB - Institutional Review Board\nIT Security & Policy\nORIA - Office of Research Integrity and Assurance\nOSP - Office of Sponsored Programs & Research Development\nPRO - Pre-Award Research Operations\nR&I - Cornell Research & Innovation\nRAIS - Research Administration Information Services\nRCR - Responsible Conduct of Research\nRDBSC - Research Division Business Service Center\nResearch Development (ReD)\nResearch Division Human Resources\nResearch Security Office\nSFS - Sponsored Financial Services\nUniversity Policy Office\nWCM - Office of Sponsored Research Administration (OSRA)\nEssential Tools & Resources\nFind My GCO\nInstitutional Profile & DUNS\nRates and budgets\nJoin List Servs\nResearch Development (ReD) Services\nFind Your Next Funding Opportunity\nRegister for Federal and Non-Federal Systems\nDisclose Foreign Collaborations and Support\nWeb Financials (WebFin2)\nExternal\nPI Dashboard\nExternal\nResearch Financials (formerly RA Dashboard)\nExternal\nRASS\nExternal\nIACUC applications (Cayuse Animal Management System)\nIBC applications (RASS-IBC)\nIRB Applications (RASS-IRB)\nExternal\nReport external interests (RASS-COI)\nRASS Access Request Form\naskEHS\nExternal\nCornell Data Services\nExternal\nTravel Registry\nExternal\nInternational research activities\nExternal\nTraining\nResearch metrics and executive dashboards\nRates\nForms\nPolicies\nContacts\nTraining\nEvents\nNews & Announcements\nPart of\n© 2019 Cornell University\nWeb Accessibility Help\nWas this page helpful?\n×\n×\nStatus message\nSorry...This form is closed to new submissions.\nScroll"
}