{
    "URL location": "https://researchservices.cornell.edu/policies/fcoi-guidance-principles-underlying-conflict-interest-coi-and-conflict-commitment-coc",
    "Last modification date": "2025-04-18T03:27Z",
    "Change frequency": "monthly",
    "Priority": "0.8",
    "Scraped Text": "FCOI Guidance on Principles Underlying Conflict of Interest (COI) and Conflict of Commitment (COC) Decisions for Cornell Entrepreneurs | Cornell Research Services\nSkip to main content\nFind guidance on funding and agency updates during the federal government transition\n(\nupdated 4/16/2025\n)\nResearch Services\nResearch Services\nEssential Tools\nClose\nFind My GCO\nRASS\nExternal\nInstitutional Profile & DUNS\nIACUC applications (Cayuse Animal Management)\nFind Your Next Funding Opportunity\nIBC Applications (RASS-IBC)\nResearch Development (ReD) Services\nIRB Applications (RASS-IRB)\nExternal\nRates and budgets\nReport external interests (RASS-COI)\nJoin List Servs\nRASS Access Request Form\nAsk EHS\nExternal\nWeb Financials (WebFin2)\nExternal\nCornell Data Services\nExternal\nPI Dashboard\nExternal\nTravel Registry\nExternal\nResearch Financials (formerly RA Dashboard)\nExternal\nInternational research activities\nExternal\nRegister for Federal and Non-Federal Systems\nDisclose Foreign Collaborations and Support\nResearch metrics & executive dashboards\nTraining\nSearch\nResearch Services\nSearch\nHome\nPrepare a Proposal\nClose\nResearch Development Services\nSubawards in a Proposal\nFind Your Next Funding Opportunity\nDisclose Foreign Collaborations and Support\nProposal Development, Review, and Submission\nPlanning for Animals, Human Participants, r/sNA, Hazardous Materials, Radiation\nBudgets, Costs, and Rates\nCollaborate with Weill Cornell Medicine\nManage a Project\nClose\nAward Negotiation and Finalization\nTravel and International Activities\nProject Finances\nProject Modifications\nResearch Project Staffing\nGet Confidential Info, Data, Equipment, or Materials\nManaging Subawards\nAnimals, Human Participants, r/sNA, Hazardous Materials, Radiation\nClose a Project\nClose\nProject Closeout Financials\nProject Closeout\nEnd a Project Early\nCorporate Partnership & Innovation\nClose\nProtecting an Invention, Creation, Discovery\nEntrepreneurial and Startup Company Resources\nGateway to Partnership Program\nEngaging with Industry\nCompliance, Ethics, Safety\nClose\nResponsible Conduct of Research (RCR)\nExport Controls\nResearch with Human Participants\nResearch Security\nWork with Live Vertebrate Animals\nResearch Safety\nRegulated Biological Materials in Research\nFinancial Management\nConflicts of Interest\nBreadcrumb\nHome\nPolicies\nFCOI Guidance on Principles Underlying Conflict of Interest (COI) and Conflict of Commitment (COC) Decisions for Cornell Entrepreneurs\nDownload this Guidance (PDF)\nRelated Pages:\nFCOI Guidance on Consulting and Other External Engagements\nGuidelines for Cornell researchers and entrepreneurs in starting companies while identifying and elevating potential conflicts.\nCornell University is committed to fostering entrepreneurship among researchers by encouraging new company startups and enabling commercial use of technologies developed at Cornell through technology licensing. These activities are well aligned with Cornell’s vision of being a global top-ten research university and its Land Grant mission. At the same time, however, such entrepreneurial activities present the possibility of bias in research,\nconflict of interest (COI), and/or conflict of commitment (COC)\n, and these, if not handled properly, can threaten the integrity of research activity and the University’s status as a recognized charitable educational organization.\nThis document is focused on providing guidelines for Cornell researchers and entrepreneurs in starting companies while identifying and elevating potential conflicts. Mitigation of bias and undue influence in other situations\ninvolving consulting for, owning financial interests in, and other engagements with industry and outside entities\nis handled in accordance with applicable Cornell policies and processes that must be followed by all Cornell researchers.\nContact the COI Office\nif you have questions.\nBiases and Conflicts\nBias is any tendency that prevents unprejudiced consideration of a question. For example, bias can be due to a real or perceived conflict of interest (COI) and can arise when Cornell Key Personnel, defined as any individual who participates in the design, purpose, conduct, or reporting of research, has a financial interest in a startup company involving their Cornell related research. Such potential conflicts, between the financial and research interests of the Key Personnel, must be managed properly to avoid bias or any appearance of influence or bias in research. The appearance of bias, even if not actually present, can damage the public research record by reducing the public trust in the reliability of published results.\nA common way bias appears in research is when Key Personnel exercise influence over subordinates to advance the interests of a startup company. Exercise of bias in this manner is called undue influence and must be avoided so that the integrity of the research record is not called into question. Undue influence can occur in a variety of situations. For the purpose of avoiding COIs in Cornell related research, we define undue influence as the use of the authority or the influence that a researcher has over staff, post-docs, students, or other subordinate members of their research team to gain unfair advantage or unfair benefit. These may include circumstances resulting in deleterious impacts to another team member, the university, or the public research record. Another type of conflict, called conflict of commitment (COC), can occur when an external commitment of a researcher interferes with their primary obligations to Cornell.\nConflict Management and CMPs\nThe Office of Research Integrity and Assurance (ORIA) works with researchers to establish Conflict Management Plans (CMPs) that appropriately address potential conflicts and the prospect of bias. The CMP sets forth obligations and actions that serve to reduce, mitigate, or eliminate actual, potential, or perceived conflicts of interest. In rare instances, a conflict may be unmanageable (meaning the conflict is not susceptible to effective management measures) and the Key Personnel will be required to either decline participation in either the startup company, or the Cornell research, or alternatively, the Key Personnel may make changes to their activities in a manner that eliminates the conflict or renders it manageable.\nAppropriate management of entrepreneurial activities is a key component of an effective COI program, and is it based on the following fundamental requirements:\nKey Personnel must not exert undue influence over students and staff under their supervision.\nKey Personnel with a responsibility to, or possibility of financial gain from, a company must not bias their research or other decisions made at Cornell to favor the company.\nCornell facilities and resources must not be used improperly\nCornell IP ownership must not be compromised\nCornell’s not-for-profit status must not be jeopardized; and\nPublic and sponsor trust in Cornell research must not be undermined.\nTo protect the integrity of the public research record and the interests of the University, the\nFinancial Conflicts of Interest (FCOI) Committee\nand staff are charged with managing Conflicts of Interest (COI) and Conflicts of Commitment (COC). Within the limitations of this charge, the Committee and staff work to avoid compromising researchers aspirations to startup companies as much as possible. It is also the Committee’s responsibility to protect Key Personnel, and startup companies against conflicts with pre-existing duties and commitments to Cornell. As a result, COI and COC issues related to Key Personnel ownership of, and participation in, commercial ventures, constitute a large proportion of the FCOI Committee’s work.\nSuccessful COI and COC management requires that all parties take an active role in the process. Specifically:\nEntrepreneurs must contemporaneously report changes in circumstances that implicate bias or the potential for undue influence preferably in advance of the anticipated change in circumstances.\nCOI staff must implement a Conflict Management Plan (CMP) whenever required.\nCMPs must be reviewed and updated whenever opportunities for influence are introduced.\nThe FCOI Committee must make decisions about whether a CMP is needed, and therefore, they must have access to the respective roles of startup company employees, and the respective board members and advisors.\nIn order to appropriately manage CMPs related to companies in Cornell incubators, the Director of the incubator will have a role in the CMPs regarding relevant communications with the Conflict Manager and COI staff but will not enforce or manage CMPs.\nGuidelines for Cornell Entrepreneurs\nTo ensure transparency and timely resolution of COI and COC issues related to entrepreneurship, the FCOI Committee provides the following guidelines for adhering to the fundamental requirements.\nAvoiding undue influence:\nAs stated above, when a Cornell startup company is also involved in Cornell research, the possibility exists for real or perceived undue influence over students, staff, postdocs, and others. This influence can be to the detriment of the person influenced as well as the underlying research. Any member of the Cornell community possessing a financial interest (e.g., equity) in the company has the potential to exert such influence over peers or those under their supervision, even if they do not have an official position with the company. Students are especially susceptible to undue influence due to the consequences of performance evaluation. Postdocs are susceptible as well, but perhaps to a lesser degree, as they have somewhat more control over their career than do students. To prevent undue influence, or a reasonable perception of undue influence:\nGraduate students and their supervising faculty members are prohibited from jointly founding a company, or working together in a company until the students have graduated.\nPostdocs and their faculty advisor may only work together in a startup company in which either has or plans to have an equity stake, for a period of no more than one year. The postdoc may be required to reduce their Cornell appointment to account for the time spent at the company.\nReporting COI/COC events and CMP updates:\nActual, and equally important, perceived COI and COC may take different forms at different stages in the evolution of a company from technology discovery to product commercialization.\nOnce notified, COI staff will review and determine\nwhether a CMP is needed\nat this stage. If the company is unrelated to the Key Personnel’s Cornell research or the purpose of founding the company is solely to apply for SBIR or STTR grants and no other work is planned until such a grant is obtained, then a CMP may not be necessary. However, a CMP is required if postdocs supervised by the founders are involved in the company in any way.\nThe CMP must be reviewed and updated whenever circumstances implicating bias or undue influence change. It is not acceptable to wait for the required annual review to make significant updates. It is the responsibility of the Key Personnel to notify the COI staff of a change in circumstance, preferably in advance of its onset, but no more than 30 days after the COI event. Circumstances requiring (preferably advance) review of circumstances and an applicable CMP include, but are not limited to:\nFounding a company. Founding a company is an event which changes the COI status of the founding member(s) and must be\nreported to the COI office\n. It is not acceptable to simply update the COI report annually.\nWhen a Cornell license agreement is to be negotiated with the startup.\nWhen a startup, in which a Cornell researcher has an equity interest, applies to enter a Cornell incubator, the researcher has an obligation to notify COI staff in writing and have their CMP reviewed.\nWhen Key Personnel go on a leave of absence to work at the subject company.\nWhen Key Personnel return from such a leave of absence.\nWhen a Key Personnel has equity in a startup and a person supervised by that Key Personnel intends to enter into a relationship with the startup, or an employee of the startup intends to enter Cornell under the Key Personnel’s supervision.\nWhen the startup proposes to fund work or research at Cornell, directly or through a subcontract from a sponsor.\nOn occasion, Key Personnel who are founders of a startup want to give the startup access to equipment in that founder’s lab. These uses implicate Private Use and potentially compromise Cornell’s tax-exempt status. Such uses must, therefore, be reconciled with Policy 4.19 and approved by the Vice President for Research and Innovation (VPRI) in consultation with the Office of General Counsel.\nCompany Leadership and Leaves of Absence:\nThere is an initial stage in the formation of a company where it is unreasonable to prevent Key Personnel from taking a leadership role in the company as this would unreasonably limit the likelihood of success of the company. However, some external activities of Key Personnel can be incompatible with their primary employment obligations to Cornell.\nKey Personnel\nmay serve as consultant, advisor, or a member of the Scientific Advisory Board at a company as permitted by their appointment (for faculty, this means one day per week of external activity). As with all external activities, Key Personnel must continue to satisfy their pre-existing employment obligations to Cornell. Key Personnel cannot serve as President, CEO, or in any other fiduciary role (e.g., COO, CSO, CTO) at a startup without taking a leave of absence to do so. An exception may be approved by the FCOIC in the case of an early-stage company. A company is unlikely to be considered early stage if it:\na. Has employees, or;\nb. Has sales of products or services, or;\nc. Has received total funding or expenditures greater than $500,000, or;\nd. Has been in existence for two years or more.\nKey Personnel may serve on the Board of Directors of an early-stage company with the approval of the COI Office. Key Personnel may serve on the Board of Directors at a company that is not considered early-stage, only if the following conditions are met:\nA Conflict Management Plan (CMP) is put in place that meets the following requirements:\n(1) The time spent in the discharge of duties as a Board member will be within the Cornell consulting allowance.\n(2) Board member roles in which Key Personnel are performing executive duties, regardless of title, will not be allowed.\n(3) The Key Personnel cannot negotiate with Cornell on behalf of the company or influence Cornell or its faculty to advance the interests of the company.​​​\nA full disclosure, including a copy of the contract or other agreement defining the Board role, will be required from the Key Personnel regarding their responsibilities as a Board member so that a CMP can be enforced effectively.\nKey Personnel must include the\nContract Addendum\n, signed and acceptable to Cornell, in their contract with the company to ensure that no clauses contained in the contract conflict with any pre-existing primary employment obligations to Cornell, or those obligations and attestations owed to the federal funding agencies and the U.S. government.\nThe Financial Conflict of Interest Committee (FCOIC) approves the CMP and Board appointment.\nAccess to Startup Information:\nTo make informed decisions, the FCOI Committee will, in some cases, need to understand the roles of startup company’s employees and members of the boards of directors and advisors. The University does not require access to sensitive company business or technical information, but it does require sufficient information to make appropriately informed decisions related to the COI and COC issues presented, and to secure company and researcher affirmation regarding the subject conflicts identified.\nCompany Personnel:\nEarly-stage startups often desire access to equipment in founders’ labs and may sometimes desire to work in the founder’s lab. Such uses implicate Cornell’s tax-exempt status and must be reconciled with Policy 4.19 and approved by the VPRI in consultation with the Office of General Counsel.\nIncubators:\nFor companies in a Cornell incubator, Incubator Directors are generally aware of situations involving conflict management. Although it may not be necessary for the Director to be privy to the full contents of the CMP, the Director will be associated with the CMP in a manner that allows for the Director to know when the CMP is approved or changed. The Director will also need enough information to enable the communication of comments and observations to the Conflict Manager and COI staff. Specific details will be populated on a case-by-case basis.\nAdherence to these guidelines will significantly reduce the time and effort required to identify and manage COI and COC issues that arise in entrepreneurship within the Cornell community.\n7\nProcess\nConflicts of Interest\nPolicy\nFCOI Guidance on Research Involving Human Participants\nForm\nSample Disclosures for Managed Conflicts\nForm\nFaculty Consulting / Contract Addendum\nPolicy\nFCOI Guidance on Consulting and Other External Engagements\nResource\nFinancial Conflicts of Interest Committee\nResource\nReport a COI Concern\nQuick Reference\nOffices\nCALS Sponsored Research Office\nCOI - Conflict of Interest\nCTL - Center for Technology Licensing\nCVM Research Office\nCorporate Engagement\nEHS - Environmental Health & Safety & Risk Management\nExport Controls Office\nFAIM - Faculty Advancing Inclusive Mentoring\nIACUC - Institutional Animal Care and Use\nIBC - Institutional Biosafety Committee\nIRB - Institutional Review Board\nIT Security & Policy\nORIA - Office of Research Integrity and Assurance\nOSP - Office of Sponsored Programs & Research Development\nPRO - Pre-Award Research Operations\nR&I - Cornell Research & Innovation\nRAIS - Research Administration Information Services\nRCR - Responsible Conduct of Research\nRDBSC - Research Division Business Service Center\nResearch Development (ReD)\nResearch Division Human Resources\nResearch Security Office\nSFS - Sponsored Financial Services\nUniversity Policy Office\nWCM - Office of Sponsored Research Administration (OSRA)\nEssential Tools & Resources\nFind My GCO\nInstitutional Profile & DUNS\nRates and budgets\nJoin List Servs\nResearch Development (ReD) Services\nFind Your Next Funding Opportunity\nRegister for Federal and Non-Federal Systems\nDisclose Foreign Collaborations and Support\nWeb Financials (WebFin2)\nExternal\nPI Dashboard\nExternal\nResearch Financials (formerly RA Dashboard)\nExternal\nRASS\nExternal\nIACUC applications (Cayuse Animal Management System)\nIBC applications (RASS-IBC)\nIRB Applications (RASS-IRB)\nExternal\nReport external interests (RASS-COI)\nRASS Access Request Form\naskEHS\nExternal\nCornell Data Services\nExternal\nTravel Registry\nExternal\nInternational research activities\nExternal\nTraining\nResearch metrics and executive dashboards\nRates\nForms\nPolicies\nContacts\nTraining\nEvents\nNews & Announcements\nPart of\n© 2019 Cornell University\nWeb Accessibility Help\nWas this page helpful?\n×\n×\nStatus message\nSorry...This form is closed to new submissions.\nScroll"
}