{
    "URL location": "https://researchservices.cornell.edu/resources/project-closeout-checklist-sfs-financials",
    "Last modification date": "2025-04-18T03:27Z",
    "Change frequency": "monthly",
    "Priority": "0.8",
    "Scraped Text": "Project Closeout Checklist for SFS - Financials | Cornell Research Services\nSkip to main content\nFind guidance on funding and agency updates during the federal government transition\n(\nupdated 4/16/2025\n)\nResearch Services\nResearch Services\nEssential Tools\nClose\nFind My GCO\nRASS\nExternal\nInstitutional Profile & DUNS\nIACUC applications (Cayuse Animal Management)\nFind Your Next Funding Opportunity\nIBC Applications (RASS-IBC)\nResearch Development (ReD) Services\nIRB Applications (RASS-IRB)\nExternal\nRates and budgets\nReport external interests (RASS-COI)\nJoin List Servs\nRASS Access Request Form\nAsk EHS\nExternal\nWeb Financials (WebFin2)\nExternal\nCornell Data Services\nExternal\nPI Dashboard\nExternal\nTravel Registry\nExternal\nResearch Financials (formerly RA Dashboard)\nExternal\nInternational research activities\nExternal\nRegister for Federal and Non-Federal Systems\nDisclose Foreign Collaborations and Support\nResearch metrics & executive dashboards\nTraining\nSearch\nResearch Services\nSearch\nHome\nPrepare a Proposal\nClose\nResearch Development Services\nSubawards in a Proposal\nFind Your Next Funding Opportunity\nDisclose Foreign Collaborations and Support\nProposal Development, Review, and Submission\nPlanning for Animals, Human Participants, r/sNA, Hazardous Materials, Radiation\nBudgets, Costs, and Rates\nCollaborate with Weill Cornell Medicine\nManage a Project\nClose\nAward Negotiation and Finalization\nTravel and International Activities\nProject Finances\nProject Modifications\nResearch Project Staffing\nGet Confidential Info, Data, Equipment, or Materials\nManaging Subawards\nAnimals, Human Participants, r/sNA, Hazardous Materials, Radiation\nClose a Project\nClose\nProject Closeout Financials\nProject Closeout\nEnd a Project Early\nCorporate Partnership & Innovation\nClose\nProtecting an Invention, Creation, Discovery\nEntrepreneurial and Startup Company Resources\nGateway to Partnership Program\nEngaging with Industry\nCompliance, Ethics, Safety\nClose\nResponsible Conduct of Research (RCR)\nExport Controls\nResearch with Human Participants\nResearch Security\nWork with Live Vertebrate Animals\nResearch Safety\nRegulated Biological Materials in Research\nFinancial Management\nConflicts of Interest\nBreadcrumb\nHome\nresources\nProject Closeout Checklist for SFS - Financials\nTiming and tasks for SFS office when closing project financials\nLog into RASS\nSponsored Financial Services (SFS) is responsible for preparing and the timely submission of final financial reports on behalf of the university. This activity includes certifying that expenditures are in compliance with the terms and conditions of the agreement.\nChecklist for Sponsored Financial Services (SFS) Staff\nSFS staff members follow the checklist on this page, which involves partnering with units to manage sponsored activity.\nNote: If you manage sponsored activity within a department, you assist in this process according to the\nProject Closeout Checklist for Unit/Principle Investigator - Financials\n.\nExpand All\nPrior to Expiration Date\n90 days prior to expiration\nSystematic notification of expiring accounts to departments.\nUpon expiration\nSecond systematic notification of expired accounts to departments.\nBy Due Date of Final Invoice/Financial Report\nResolve outstanding questions, issues, or concerns with transactions or otherwise.\nReview cost share commitment and cumulative activity (i.e., determine that commitment is met).\nReview\nGenerally unallowable or\nnormally indirect expenses\n.\nFederal unallowable activity.\nRestricted activity (agreement or agency).\nActivity in final months prior to expiration.\nPre- and Post-Term activity is compliant.\nEnsure the following\nOutstanding assets and liabilities (e.g., travel advances or prepaid expenses) are cleared.\nEncumbrances are cleared.\nEquipment fabrication is capitalized.\nSubcontracts have been invoiced in full.\nEnter final fiscal report sent date in\nRASS\n.\nProgram Income Account balanced, if applicable.\nSend notification to department regarding questions\nGenerally unallowable expenses.\nPre- or Post-Term activity.\nCurrent budget balance.\nRestricted activity (agreement or agency).\nBalance project accounts according to the project closeout\nWrite off true overdraft, if applicable.\nBalance budget and revenue.\nSubmit Final Invoice/Final Financial Report\nEnter the\nfinal fiscal date in RASS.\nInactivate Award in KFS.\nClose project accounts in KFS once balance is zero.\nControl account will remain open if agency receivable exists.\n4\nProcess\nProject Closeout Financials\nResource\nClosing Out Capital Assets and Fabricated Equipment\nResource\nProject Closeout Checklist for Unit/Principal Investigator - Financials\nPolicy\nProcedure for Establishment and Administration of Fixed Price Agreements\nQuick Reference\nOffices\nCALS Sponsored Research Office\nCOI - Conflict of Interest\nCTL - Center for Technology Licensing\nCVM Research Office\nCorporate Engagement\nEHS - Environmental Health & Safety & Risk Management\nExport Controls Office\nFAIM - Faculty Advancing Inclusive Mentoring\nIACUC - Institutional Animal Care and Use\nIBC - Institutional Biosafety Committee\nIRB - Institutional Review Board\nIT Security & Policy\nORIA - Office of Research Integrity and Assurance\nOSP - Office of Sponsored Programs & Research Development\nPRO - Pre-Award Research Operations\nR&I - Cornell Research & Innovation\nRAIS - Research Administration Information Services\nRCR - Responsible Conduct of Research\nRDBSC - Research Division Business Service Center\nResearch Development (ReD)\nResearch Division Human Resources\nResearch Security Office\nSFS - Sponsored Financial Services\nUniversity Policy Office\nWCM - Office of Sponsored Research Administration (OSRA)\nEssential Tools & Resources\nFind My GCO\nInstitutional Profile & DUNS\nRates and budgets\nJoin List Servs\nResearch Development (ReD) Services\nFind Your Next Funding Opportunity\nRegister for Federal and Non-Federal Systems\nDisclose Foreign Collaborations and Support\nWeb Financials (WebFin2)\nExternal\nPI Dashboard\nExternal\nResearch Financials (formerly RA Dashboard)\nExternal\nRASS\nExternal\nIACUC applications (Cayuse Animal Management System)\nIBC applications (RASS-IBC)\nIRB Applications (RASS-IRB)\nExternal\nReport external interests (RASS-COI)\nRASS Access Request Form\naskEHS\nExternal\nCornell Data Services\nExternal\nTravel Registry\nExternal\nInternational research activities\nExternal\nTraining\nResearch metrics and executive dashboards\nRates\nForms\nPolicies\nContacts\nTraining\nEvents\nNews & Announcements\nPart of\n© 2019 Cornell University\nWeb Accessibility Help\nWas this page helpful?\n×\n×\nStatus message\nSorry...This form is closed to new submissions.\nScroll"
}