{
    "URL location": "https://researchservices.cornell.edu/resources/proposal-preparation-and-processing-responsibilities",
    "Last modification date": "2025-04-18T03:27Z",
    "Change frequency": "monthly",
    "Priority": "0.8",
    "Scraped Text": "Proposal Preparation and Processing Responsibilities | Cornell Research Services\nSkip to main content\nFind guidance on funding and agency updates during the federal government transition\n(\nupdated 4/16/2025\n)\nResearch Services\nResearch Services\nEssential Tools\nClose\nFind My GCO\nRASS\nExternal\nInstitutional Profile & DUNS\nIACUC applications (Cayuse Animal Management)\nFind Your Next Funding Opportunity\nIBC Applications (RASS-IBC)\nResearch Development (ReD) Services\nIRB Applications (RASS-IRB)\nExternal\nRates and budgets\nReport external interests (RASS-COI)\nJoin List Servs\nRASS Access Request Form\nAsk EHS\nExternal\nWeb Financials (WebFin2)\nExternal\nCornell Data Services\nExternal\nPI Dashboard\nExternal\nTravel Registry\nExternal\nResearch Financials (formerly RA Dashboard)\nExternal\nInternational research activities\nExternal\nRegister for Federal and Non-Federal Systems\nDisclose Foreign Collaborations and Support\nResearch metrics & executive dashboards\nTraining\nSearch\nResearch Services\nSearch\nHome\nPrepare a Proposal\nClose\nResearch Development Services\nSubawards in a Proposal\nFind Your Next Funding Opportunity\nDisclose Foreign Collaborations and Support\nProposal Development, Review, and Submission\nPlanning for Animals, Human Participants, r/sNA, Hazardous Materials, Radiation\nBudgets, Costs, and Rates\nCollaborate with Weill Cornell Medicine\nManage a Project\nClose\nAward Negotiation and Finalization\nTravel and International Activities\nProject Finances\nProject Modifications\nResearch Project Staffing\nGet Confidential Info, Data, Equipment, or Materials\nManaging Subawards\nAnimals, Human Participants, r/sNA, Hazardous Materials, Radiation\nClose a Project\nClose\nProject Closeout Financials\nProject Closeout\nEnd a Project Early\nCorporate Partnership & Innovation\nClose\nProtecting an Invention, Creation, Discovery\nEntrepreneurial and Startup Company Resources\nGateway to Partnership Program\nEngaging with Industry\nCompliance, Ethics, Safety\nClose\nResponsible Conduct of Research (RCR)\nExport Controls\nResearch with Human Participants\nResearch Security\nWork with Live Vertebrate Animals\nResearch Safety\nRegulated Biological Materials in Research\nFinancial Management\nConflicts of Interest\nBreadcrumb\nHome\nresources\nProposal Preparation and Processing Responsibilities\nRelated Pages:\nProposal Development, Review, and Submission\nAdditional Things to Consider when Preparing a Proposal\nThis page helps delineate responsibilities of the various parties involved in developing and processing proposals for submission to an external sponsor.\nExpand All\nPrincipal Investigator Responsibilities\nAfter the proposal's final text and budget are complete, the following checklist should be reviewed to ensure that the proposed project complies with both sponsor and University requirements:\nProposal format and content comply with sponsor guidelines;\nAdequate resources are available to meet the project's needs (e.g., use of space, cost-share commitments);\nRequirements for the use of\nanimals, human subjects, rDNA, biohazards, and radiation safety\nhave been met;\nIf a conflict or potential\nconflict of interest\nexists, the conflict has been reviewed by the respective Dean or Vice Provost;\nIf a subcontract is proposed the supporting documentation outlined in the \"Subcontracts\" section of the\nBudget and Costing Guide\nis attached to the proposal; and\nIf a consultant is proposed the supporting documentation outlined in the \"Consulting\" section of the\nBudget and Costing Guide\nis attached to the proposal.\nWhen responding to an RFP or RFQ with the proposed terms and conditions stated in the solicitation the investigator should notify and forward a copy of the solicitation to their GCO as far in advance of the deadline as possible.\nThe\nForm\n10 (Proposal Routing and Approval Form)\nmust accompany every proposal submitted to OSP. Form 10 provides OSP with information on where to submit the proposal and identifies what compliance issues exist and what institutional resources are required for the project. Investigators are responsible for completing Form 10 and, by signing it, accept full responsibility for the project. The proposal and Form 10 should be received by OSP\nat least five business days\nbefore the proposal deadline. Investigators are strongly urged to coordinate their proposal schedule with Development/OSP as soon as the proposal deadline is known.\nOccasionally a sponsor may require an institutional cover letter or letter of support from the President or Provost. These proposals should be received by OSP\nat least 10 business days before the deadline\n. In addition to the required internal review, extra time is necessary to obtain a signature due to the President's and Provost's extensive travel schedules.\nDepartment/Unit Responsibilities\nMany departments have administrative staff who can offer proposal preparation assistance in the areas of:\nProposal editing;\nBudget preparation and proper costing;\nIdentifying accounts for matching funds or cost-share contributions;\nProviding logistical support for items such as space and personnel;\nAssisting the investigator in complying with any relevant special reviews;\nCoordinating documentation for subcontracts and/or consultants;\nPreparing certifications and representations for signature by OSP;\nPhotocopying the final proposal (number of copies required by sponsor plus one copy for the department and one copy for OSP; and\nCoordinating department chair/unit/Center director signature(s) for Form 10\nThe Pre-Award Research Operations (PRO) team in OSP offers proposal preparation assistance to researchers from the College of Engineering\nCollege/Center Responsibilities\nEach College or Center is responsible for ensuring that major commitments of resources are appropriate for a project. Colleges and units with policies regarding proposal approval may wish to sign the Form 10 to ensure that the appropriate commitments have been made. OSP should be notified when a unit's proposal routing policy changes.\nOffice of Sponsored Programs Responsibilities\nOSP is available to assist as needed the investigator and/or unit in any phase  of proposal preparation. Proposals are carefully reviewed to ensure that they comply with all University, federal, and/or state requirements, and are prepared in such a way as to meet with favorable reviews during competition. Proposals are reviewed for the following criteria:\nProposal format and content comply with sponsor guidelines;\nBudget reflects adequate resources and costing detail to accomplish the project and complies with federal regulations;\nReview of the Form 10 for appropriate signatures and investigator compliance with relevant special reviews;\nVerification of cost-share commitments and/or matching funds;\nVerification of documentation for subcontractors and/or consultants; and\nReview and signature of certifications and representations.\nOSP then prepares a transmittal letter and submits the proposal.\nInvestigators should notify their GCO as soon as possible when responding to an RFP, RFQ, or other type of solicitation. In order to be responsive to a solicitation, all conditions must be met or otherwise qualified in a transmittal letter. Usually a solicitation will state the proposed terms and conditions for any resulting award, but if the conditions are unacceptable to Cornell the GCO must address these conditions and explain the University's position. The research, preparation, and documenting of a response requires five business days and can not be left to the last minute.\nA revised budget and work statement may be necessary if a sponsor notifies OSP or the investigator that the funds available for a program vary substantially from the proposed budget. Consideration should be given to whether the scope of work is of such a specific nature that reduced funding would seriously affect the accomplishment of the proposed objectives. A revised proposal is reviewed by OSP in the same manner as a new proposal, and should be received\nat least five business days before the deadline\n.\nOSP has delegated limited transaction authority to\nCALS Office of Sponsored Research\nand the\nCVM Research Office\nto review and submit proposals to certain sponsors. All other proposals must be submitted to OSP.\nQuick Reference\nOffices\nCALS Sponsored Research Office\nCOI - Conflict of Interest\nCTL - Center for Technology Licensing\nCVM Research Office\nCorporate Engagement\nEHS - Environmental Health & Safety & Risk Management\nExport Controls Office\nFAIM - Faculty Advancing Inclusive Mentoring\nIACUC - Institutional Animal Care and Use\nIBC - Institutional Biosafety Committee\nIRB - Institutional Review Board\nIT Security & Policy\nORIA - Office of Research Integrity and Assurance\nOSP - Office of Sponsored Programs & Research Development\nPRO - Pre-Award Research Operations\nR&I - Cornell Research & Innovation\nRAIS - Research Administration Information Services\nRCR - Responsible Conduct of Research\nRDBSC - Research Division Business Service Center\nResearch Development (ReD)\nResearch Division Human Resources\nResearch Security Office\nSFS - Sponsored Financial Services\nUniversity Policy Office\nWCM - Office of Sponsored Research Administration (OSRA)\nEssential Tools & Resources\nFind My GCO\nInstitutional Profile & DUNS\nRates and budgets\nJoin List Servs\nResearch Development (ReD) Services\nFind Your Next Funding Opportunity\nRegister for Federal and Non-Federal Systems\nDisclose Foreign Collaborations and Support\nWeb Financials (WebFin2)\nExternal\nPI Dashboard\nExternal\nResearch Financials (formerly RA Dashboard)\nExternal\nRASS\nExternal\nIACUC applications (Cayuse Animal Management System)\nIBC applications (RASS-IBC)\nIRB Applications (RASS-IRB)\nExternal\nReport external interests (RASS-COI)\nRASS Access Request Form\naskEHS\nExternal\nCornell Data Services\nExternal\nTravel Registry\nExternal\nInternational research activities\nExternal\nTraining\nResearch metrics and executive dashboards\nRates\nForms\nPolicies\nContacts\nTraining\nEvents\nNews & Announcements\nPart of\n© 2019 Cornell University\nWeb Accessibility Help\nWas this page helpful?\n×\n×\nStatus message\nSorry...This form is closed to new submissions.\nScroll"
}