{
    "URL location": "https://researchservices.cornell.edu/resources/appendix-b-facilities-and-administrative-fa-cost-calculation-detail",
    "Last modification date": "2025-04-18T03:27Z",
    "Change frequency": "monthly",
    "Priority": "0.8",
    "Scraped Text": "Appendix B: Facilities and Administrative (F&A) Cost Calculation Detail | Cornell Research Services\nSkip to main content\nFind guidance on funding and agency updates during the federal government transition\n(\nupdated 4/16/2025\n)\nResearch Services\nResearch Services\nEssential Tools\nClose\nFind My GCO\nRASS\nExternal\nInstitutional Profile & DUNS\nIACUC applications (Cayuse Animal Management)\nFind Your Next Funding Opportunity\nIBC Applications (RASS-IBC)\nResearch Development (ReD) Services\nIRB Applications (RASS-IRB)\nExternal\nRates and budgets\nReport external interests (RASS-COI)\nJoin List Servs\nRASS Access Request Form\nAsk EHS\nExternal\nWeb Financials (WebFin2)\nExternal\nCornell Data Services\nExternal\nPI Dashboard\nExternal\nTravel Registry\nExternal\nResearch Financials (formerly RA Dashboard)\nExternal\nInternational research activities\nExternal\nRegister for Federal and Non-Federal Systems\nDisclose Foreign Collaborations and Support\nResearch metrics & executive dashboards\nTraining\nSearch\nResearch Services\nSearch\nHome\nPrepare a Proposal\nClose\nResearch Development Services\nSubawards in a Proposal\nFind Your Next Funding Opportunity\nDisclose Foreign Collaborations and Support\nProposal Development, Review, and Submission\nPlanning for Animals, Human Participants, r/sNA, Hazardous Materials, Radiation\nBudgets, Costs, and Rates\nCollaborate with Weill Cornell Medicine\nManage a Project\nClose\nAward Negotiation and Finalization\nTravel and International Activities\nProject Finances\nProject Modifications\nResearch Project Staffing\nGet Confidential Info, Data, Equipment, or Materials\nManaging Subawards\nAnimals, Human Participants, r/sNA, Hazardous Materials, Radiation\nClose a Project\nClose\nProject Closeout Financials\nProject Closeout\nEnd a Project Early\nCorporate Partnership & Innovation\nClose\nProtecting an Invention, Creation, Discovery\nEntrepreneurial and Startup Company Resources\nGateway to Partnership Program\nEngaging with Industry\nCompliance, Ethics, Safety\nClose\nResponsible Conduct of Research (RCR)\nExport Controls\nResearch with Human Participants\nResearch Security\nWork with Live Vertebrate Animals\nResearch Safety\nRegulated Biological Materials in Research\nFinancial Management\nConflicts of Interest\nBreadcrumb\nHome\nresources\nAppendix B: Facilities and Administrative (F&A) Cost Calculation Detail\nCosts for Project Budgets - Appendix B\nSample format for how Facilities and Administrative (F&A) cost calculations are computed\n5\nResource\nOverview of Costs for Project Budgets (Budget and Costing Guide)\nResource\nAppendix A: Sample Budget Format Showing Major Categories\nResource\nAppendix C: Sample Budget Justification\nResource\nAppendix D: Sample Budget for Conferences and Seminars\nResource\nAppendix E: Cost Sharing Allowability Matrix\nQuick Reference\nOffices\nCALS Sponsored Research Office\nCOI - Conflict of Interest\nCTL - Center for Technology Licensing\nCVM Research Office\nCorporate Engagement\nEHS - Environmental Health & Safety & Risk Management\nExport Controls Office\nFAIM - Faculty Advancing Inclusive Mentoring\nIACUC - Institutional Animal Care and Use\nIBC - Institutional Biosafety Committee\nIRB - Institutional Review Board\nIT Security & Policy\nORIA - Office of Research Integrity and Assurance\nOSP - Office of Sponsored Programs & Research Development\nPRO - Pre-Award Research Operations\nR&I - Cornell Research & Innovation\nRAIS - Research Administration Information Services\nRCR - Responsible Conduct of Research\nRDBSC - Research Division Business Service Center\nResearch Development (ReD)\nResearch Division Human Resources\nResearch Security Office\nSFS - Sponsored Financial Services\nUniversity Policy Office\nWCM - Office of Sponsored Research Administration (OSRA)\nEssential Tools & Resources\nFind My GCO\nInstitutional Profile & DUNS\nRates and budgets\nJoin List Servs\nResearch Development (ReD) Services\nFind Your Next Funding Opportunity\nRegister for Federal and Non-Federal Systems\nDisclose Foreign Collaborations and Support\nWeb Financials (WebFin2)\nExternal\nPI Dashboard\nExternal\nResearch Financials (formerly RA Dashboard)\nExternal\nRASS\nExternal\nIACUC applications (Cayuse Animal Management System)\nIBC applications (RASS-IBC)\nIRB Applications (RASS-IRB)\nExternal\nReport external interests (RASS-COI)\nRASS Access Request Form\naskEHS\nExternal\nCornell Data Services\nExternal\nTravel Registry\nExternal\nInternational research activities\nExternal\nTraining\nResearch metrics and executive dashboards\nRates\nForms\nPolicies\nContacts\nTraining\nEvents\nNews & Announcements\nPart of\n© 2019 Cornell University\nWeb Accessibility Help\nWas this page helpful?\n×\n×\nStatus message\nSorry...This form is closed to new submissions.\nScroll\n\nTable:\n1. Total Direct Costs |  |  | $\n--- | --- | --- | ---\nMinus Exclusions: | 2. GRA Exclusion |  | \n | (Portion of salary equivalent to applicable tuition, health insurance, and mandatory fee) | $ | \n | 3. Capital Equipment |  | \n | 3.a. $5,000 value per unit cost and useful life of two years or more, and cost greater than or equal to the capitalization threshold | $ | \n | 3.b. Collectibles (artwork, antiques) | $ | \n | 3.c. Fabricated Equipment (materials, supplies, and some shop costs -- but not direct labor -- of fabricated items which when completed will meet the capital equipment criteria.) | $ | \n | 3.d. $100,000 value Computer Software | $ | \n | 4. Participant Support Costs for Conferences and Seminars | $ | \n | 5. Subcontract Costs | $ | \nMinus items to which F&A costs are not applicable: | 6. Construction/Renovation Costs | $ | \n | 7. \"University\" Library or Museum Acquisitions | $ | \n | 8. Salary Supplement for Endowed Sabbatical | $ | \n9. Exclusions Subtotal: | (Add Items 2. through 8.) |  | $\n10. Modified Total Direct Costs (MTDC) | (Subtract Item 9. from Item 1.) |  | $\n11. F&A Cost Rate |  |  | %\n12. F&A Costs Subtotal: | (Multiply Item 10. by Item 11.) |  | $\n | 13.a. Subcontract cost up to first $25,000 | $ | \n | 13.b. F&A Cost Rate | % | \n14. Subcontract F&A Cost Subtotal: | (Multiply 13.a. by Item 13.b.) |  | $\n15. Total F&A Cost | (Add Item 12. and Item 14.) |  | $\n"
}