{
    "URL location": "https://researchservices.cornell.edu/resources/biomedical-equipment-and-testing-rapid-response-betrr",
    "Last modification date": "2025-04-18T03:27Z",
    "Change frequency": "monthly",
    "Priority": "0.8",
    "Scraped Text": "Biomedical Equipment and Testing Rapid Response (BETRR) | Cornell Research Services\nSkip to main content\nFind guidance on funding and agency updates during the federal government transition\n(\nupdated 4/16/2025\n)\nResearch Services\nResearch Services\nEssential Tools\nClose\nFind My GCO\nRASS\nExternal\nInstitutional Profile & DUNS\nIACUC applications (Cayuse Animal Management)\nFind Your Next Funding Opportunity\nIBC Applications (RASS-IBC)\nResearch Development (ReD) Services\nIRB Applications (RASS-IRB)\nExternal\nRates and budgets\nReport external interests (RASS-COI)\nJoin List Servs\nRASS Access Request Form\nAsk EHS\nExternal\nWeb Financials (WebFin2)\nExternal\nCornell Data Services\nExternal\nPI Dashboard\nExternal\nTravel Registry\nExternal\nResearch Financials (formerly RA Dashboard)\nExternal\nInternational research activities\nExternal\nRegister for Federal and Non-Federal Systems\nDisclose Foreign Collaborations and Support\nResearch metrics & executive dashboards\nTraining\nSearch\nResearch Services\nSearch\nHome\nPrepare a Proposal\nClose\nResearch Development Services\nSubawards in a Proposal\nFind Your Next Funding Opportunity\nDisclose Foreign Collaborations and Support\nProposal Development, Review, and Submission\nPlanning for Animals, Human Participants, r/sNA, Hazardous Materials, Radiation\nBudgets, Costs, and Rates\nCollaborate with Weill Cornell Medicine\nManage a Project\nClose\nAward Negotiation and Finalization\nTravel and International Activities\nProject Finances\nProject Modifications\nResearch Project Staffing\nGet Confidential Info, Data, Equipment, or Materials\nManaging Subawards\nAnimals, Human Participants, r/sNA, Hazardous Materials, Radiation\nClose a Project\nClose\nProject Closeout Financials\nProject Closeout\nEnd a Project Early\nCorporate Partnership & Innovation\nClose\nProtecting an Invention, Creation, Discovery\nEntrepreneurial and Startup Company Resources\nGateway to Partnership Program\nEngaging with Industry\nCompliance, Ethics, Safety\nClose\nResponsible Conduct of Research (RCR)\nExport Controls\nResearch with Human Participants\nResearch Security\nWork with Live Vertebrate Animals\nResearch Safety\nRegulated Biological Materials in Research\nFinancial Management\nConflicts of Interest\nBreadcrumb\nHome\nresources\nBiomedical Equipment and Testing Rapid Response (BETRR)\nTo identify and act on practical proposals to significantly and rapidly increase the availability of equipment and test kits needed to mitigate the COVID-19 pandemic.\nDo I Need to Submit a BETTR Application?\nApplications  to conduct “essential” research relating to biomedical equipment or testing are now not required to be submitted to the BETRR program in light of the University’s Research Reactivation Plan. However, if you would like to discuss your research idea(s), please contact\nBETRR\n.\nSee the\nResearch and Operations Reactivation Committee report\nfor details on how to submit your Research Reactivation Plan to conduct on-campus research. You are advised to contact your building or facilities manager prior to developing a plan to obtain further instruction and guidance. Some colleges and units have developed special application forms.\nCALS Application Details\nEngineering Application Details\nWhat are the Priorities?\nThe principal equipment and supplies known to be needed are:\nPersonal Protective Equipment (PPE), especially n95 respirators and surgical masks\nMedical devices, especially ventilators that may save the lives of those critically ill with the virus\nTest kits for identifying the presence of infection in the general population\nOther devices and supplies that are demonstrated to be equally important and equally restricted in availability will also be considered.\nHow BETRR Can Help\nBETRR will facilitate designation of accepted proposals as essential research activities which will open the possibility of using Cornell facilities. BETRR will also assist in expanding funding for proposals that clearly benefit the BETRR purpose by operating at a larger scale.\nScope\nA wide range of proposals will be deemed appropriate, including, but not limited to, proposals related to:\nFacilitate collaborations among private companies, and possibly government agencies, to bring alternative industrial capability into the production processes\nSimplify product designs, manufacturing processes, or quality assurance methods to increase production rates\nRepurpose existing products for BETRR applications\nProposals will be considered from Cornell faculty and staff as well as from companies desiring to make use of Cornell expertise or facilities. Acceptable proposals will provide a concrete action plan to significantly impact the availability of equipment and test kits on an industrial scale in time to help mitigate the current crisis. Possibilities for fast-tracking or waiving any required regulatory approvals will be considered in proposal reviews. Proposals for long term research or involving assumptions that can not be quickly verified will not be accepted.\nIf You Want to Submit to BETTR\nSend a succinct, no more than five pages of 11 point type, application to:\nbetrr@cornell.edu\nThe application must include:\nProject Title\nPI(s)\nDepartment(s) involved and name of Chair(s)\nExpected start and end date\nDescription of the work proposed and how it will impact the availability of equipment or test kits\nEvidence for likelihood of short-term success\nFunding source\nList of Personnel. For each person:\nName, position/title\nExpertise\nRole on the project (What will they do?)\nIf graduate student, explain relationship of the proposed study to their thesis/dissertation topic\nPlans for on-site oversight\nFacilities and Services required\nPlans for restricting community spread of COVID-19 among research staff\nQuick Reference\nOffices\nCALS Sponsored Research Office\nCOI - Conflict of Interest\nCTL - Center for Technology Licensing\nCVM Research Office\nCorporate Engagement\nEHS - Environmental Health & Safety & Risk Management\nExport Controls Office\nFAIM - Faculty Advancing Inclusive Mentoring\nIACUC - Institutional Animal Care and Use\nIBC - Institutional Biosafety Committee\nIRB - Institutional Review Board\nIT Security & Policy\nORIA - Office of Research Integrity and Assurance\nOSP - Office of Sponsored Programs & Research Development\nPRO - Pre-Award Research Operations\nR&I - Cornell Research & Innovation\nRAIS - Research Administration Information Services\nRCR - Responsible Conduct of Research\nRDBSC - Research Division Business Service Center\nResearch Development (ReD)\nResearch Division Human Resources\nResearch Security Office\nSFS - Sponsored Financial Services\nUniversity Policy Office\nWCM - Office of Sponsored Research Administration (OSRA)\nEssential Tools & Resources\nFind My GCO\nInstitutional Profile & DUNS\nRates and budgets\nJoin List Servs\nResearch Development (ReD) Services\nFind Your Next Funding Opportunity\nRegister for Federal and Non-Federal Systems\nDisclose Foreign Collaborations and Support\nWeb Financials (WebFin2)\nExternal\nPI Dashboard\nExternal\nResearch Financials (formerly RA Dashboard)\nExternal\nRASS\nExternal\nIACUC applications (Cayuse Animal Management System)\nIBC applications (RASS-IBC)\nIRB Applications (RASS-IRB)\nExternal\nReport external interests (RASS-COI)\nRASS Access Request Form\naskEHS\nExternal\nCornell Data Services\nExternal\nTravel Registry\nExternal\nInternational research activities\nExternal\nTraining\nResearch metrics and executive dashboards\nRates\nForms\nPolicies\nContacts\nTraining\nEvents\nNews & Announcements\nPart of\n© 2019 Cornell University\nWeb Accessibility Help\nWas this page helpful?\n×\n×\nStatus message\nSorry...This form is closed to new submissions.\nScroll"
}