{
    "URL location": "https://researchservices.cornell.edu/resources/malign-foreign-government-talent-recruitment-programs",
    "Last modification date": "2025-04-18T03:27Z",
    "Change frequency": "monthly",
    "Priority": "0.8",
    "Scraped Text": "Malign Foreign Government Talent Recruitment Programs | Cornell Research Services\nSkip to main content\nFind guidance on funding and agency updates during the federal government transition\n(\nupdated 4/16/2025\n)\nResearch Services\nResearch Services\nEssential Tools\nClose\nFind My GCO\nRASS\nExternal\nInstitutional Profile & DUNS\nIACUC applications (Cayuse Animal Management)\nFind Your Next Funding Opportunity\nIBC Applications (RASS-IBC)\nResearch Development (ReD) Services\nIRB Applications (RASS-IRB)\nExternal\nRates and budgets\nReport external interests (RASS-COI)\nJoin List Servs\nRASS Access Request Form\nAsk EHS\nExternal\nWeb Financials (WebFin2)\nExternal\nCornell Data Services\nExternal\nPI Dashboard\nExternal\nTravel Registry\nExternal\nResearch Financials (formerly RA Dashboard)\nExternal\nInternational research activities\nExternal\nRegister for Federal and Non-Federal Systems\nDisclose Foreign Collaborations and Support\nResearch metrics & executive dashboards\nTraining\nSearch\nResearch Services\nSearch\nHome\nPrepare a Proposal\nClose\nResearch Development Services\nSubawards in a Proposal\nFind Your Next Funding Opportunity\nDisclose Foreign Collaborations and Support\nProposal Development, Review, and Submission\nPlanning for Animals, Human Participants, r/sNA, Hazardous Materials, Radiation\nBudgets, Costs, and Rates\nCollaborate with Weill Cornell Medicine\nManage a Project\nClose\nAward Negotiation and Finalization\nTravel and International Activities\nProject Finances\nProject Modifications\nResearch Project Staffing\nGet Confidential Info, Data, Equipment, or Materials\nManaging Subawards\nAnimals, Human Participants, r/sNA, Hazardous Materials, Radiation\nClose a Project\nClose\nProject Closeout Financials\nProject Closeout\nEnd a Project Early\nCorporate Partnership & Innovation\nClose\nProtecting an Invention, Creation, Discovery\nEntrepreneurial and Startup Company Resources\nGateway to Partnership Program\nEngaging with Industry\nCompliance, Ethics, Safety\nClose\nResponsible Conduct of Research (RCR)\nExport Controls\nResearch with Human Participants\nResearch Security\nWork with Live Vertebrate Animals\nResearch Safety\nRegulated Biological Materials in Research\nFinancial Management\nConflicts of Interest\nBreadcrumb\nHome\nresources\nMalign Foreign Government Talent Recruitment Programs\nContact the Research Security Office\nThe\nCreating Helpful Incentives to Produce Semiconductors (CHIPS) and Science Act of 2022\nprohibits federal employees, contractors, and awardees—including institutions, individual investigators, and other key personnel —from participating in Malign Foreign Government Talent Recruitment Programs.\nParticipation in a Malign Foreign Government Talent Recruitment Program by any Cornell employee or researcher, is strictly prohibited.\nA\nmalign foreign talent recruitment program is defined as:\nSponsored by one of the following:\nA foreign country of concern (defined as the People's Republic of China including Hong Kong and Macau, the Democratic People's Republic of Korea, the Russian Federation, the Islamic Republic of Iran, or any other country determined to be a country of concern by the Secretary of State); or\nAn entity based in a foreign country of concern; or\nAn institution or program on certain prohibited lists (contact the Director of Research Integrity and Security for screening).\nAND\nAny type of program, position or activity that involves one of more of the following:\nUnauthorized transfer of intellectual property, materials, data or other nonpublic information;\nRecruitment of trainees or researchers to enroll in such program, position or activity;\nEstablishing a laboratory or entity in a foreign country in violation of terms and conditions of a federal research award;\nAccepting a faculty position, or undertaking any other employment or appointment in violation of the standard terms and conditions of a federal research award;\nBeing unable to terminate the activity except in extraordinary circumstances;\nBeing limited in capacity to carry out a federal research award;\nRequirement to engage in work that overlaps or duplicates a federal research award;\nRequirement to obtain research funding from the foreign government’s entities;\nRequirement to omit acknowledgement of the U.S. home institution and/or the federal funding agency;\nRequirement to not disclose participation in the program, position, or activity;\nOR\nHaving a conflict of interest or commitment contrary to a federal research award.\nIf you suspect that you have been contacted by, or are part of a talent recruitment program, please contact the\nDirector of Research Integrity and Security\n.\n10\nProcess\nResearch Security\nResource\nReport: Research Data Security Task Force\nContact\nDrusilla Jaiah - Export Control Associate\nResource\nNational Security Presidential Memorandum-33 (NSPM-33) on Research Security\nContact\nJoi Mindingall - Research Security | Export Control Officer\nResource\nSponsored Projects: TikTok Restrictions\nTraining\nCU601: Responsible Conduct of Research and Research Security\nResource\nCHIPS and Science Act National Security Guardrails\nResource\nResearch Security and Foreign Engagements: Helpful Resources\nOffice\nResearch Security Office\nQuick Reference\nOffices\nCALS Sponsored Research Office\nCOI - Conflict of Interest\nCTL - Center for Technology Licensing\nCVM Research Office\nCorporate Engagement\nEHS - Environmental Health & Safety & Risk Management\nExport Controls Office\nFAIM - Faculty Advancing Inclusive Mentoring\nIACUC - Institutional Animal Care and Use\nIBC - Institutional Biosafety Committee\nIRB - Institutional Review Board\nIT Security & Policy\nORIA - Office of Research Integrity and Assurance\nOSP - Office of Sponsored Programs & Research Development\nPRO - Pre-Award Research Operations\nR&I - Cornell Research & Innovation\nRAIS - Research Administration Information Services\nRCR - Responsible Conduct of Research\nRDBSC - Research Division Business Service Center\nResearch Development (ReD)\nResearch Division Human Resources\nResearch Security Office\nSFS - Sponsored Financial Services\nUniversity Policy Office\nWCM - Office of Sponsored Research Administration (OSRA)\nEssential Tools & Resources\nFind My GCO\nInstitutional Profile & DUNS\nRates and budgets\nJoin List Servs\nResearch Development (ReD) Services\nFind Your Next Funding Opportunity\nRegister for Federal and Non-Federal Systems\nDisclose Foreign Collaborations and Support\nWeb Financials (WebFin2)\nExternal\nPI Dashboard\nExternal\nResearch Financials (formerly RA Dashboard)\nExternal\nRASS\nExternal\nIACUC applications (Cayuse Animal Management System)\nIBC applications (RASS-IBC)\nIRB Applications (RASS-IRB)\nExternal\nReport external interests (RASS-COI)\nRASS Access Request Form\naskEHS\nExternal\nCornell Data Services\nExternal\nTravel Registry\nExternal\nInternational research activities\nExternal\nTraining\nResearch metrics and executive dashboards\nRates\nForms\nPolicies\nContacts\nTraining\nEvents\nNews & Announcements\nPart of\n© 2019 Cornell University\nWeb Accessibility Help\nWas this page helpful?\n×\n×\nStatus message\nSorry...This form is closed to new submissions.\nScroll"
}