{
    "URL location": "https://researchservices.cornell.edu/news/responsible-ethical-research-new-cornell-resources-and-requirements",
    "Last modification date": "2025-04-18T03:27Z",
    "Change frequency": "monthly",
    "Priority": "0.8",
    "Scraped Text": "Responsible & Ethical Research – New Cornell Resources and Requirements | Cornell Research Services\nSkip to main content\nFind guidance on funding and agency updates during the federal government transition\n(\nupdated 4/16/2025\n)\nResearch Services\nResearch Services\nEssential Tools\nClose\nFind My GCO\nRASS\nExternal\nInstitutional Profile & DUNS\nIACUC applications (Cayuse Animal Management)\nFind Your Next Funding Opportunity\nIBC Applications (RASS-IBC)\nResearch Development (ReD) Services\nIRB Applications (RASS-IRB)\nExternal\nRates and budgets\nReport external interests (RASS-COI)\nJoin List Servs\nRASS Access Request Form\nAsk EHS\nExternal\nWeb Financials (WebFin2)\nExternal\nCornell Data Services\nExternal\nPI Dashboard\nExternal\nTravel Registry\nExternal\nResearch Financials (formerly RA Dashboard)\nExternal\nInternational research activities\nExternal\nRegister for Federal and Non-Federal Systems\nDisclose Foreign Collaborations and Support\nResearch metrics & executive dashboards\nTraining\nSearch\nResearch Services\nSearch\nHome\nPrepare a Proposal\nClose\nResearch Development Services\nSubawards in a Proposal\nFind Your Next Funding Opportunity\nDisclose Foreign Collaborations and Support\nProposal Development, Review, and Submission\nPlanning for Animals, Human Participants, r/sNA, Hazardous Materials, Radiation\nBudgets, Costs, and Rates\nCollaborate with Weill Cornell Medicine\nManage a Project\nClose\nAward Negotiation and Finalization\nTravel and International Activities\nProject Finances\nProject Modifications\nResearch Project Staffing\nGet Confidential Info, Data, Equipment, or Materials\nManaging Subawards\nAnimals, Human Participants, r/sNA, Hazardous Materials, Radiation\nClose a Project\nClose\nProject Closeout Financials\nProject Closeout\nEnd a Project Early\nCorporate Partnership & Innovation\nClose\nProtecting an Invention, Creation, Discovery\nEntrepreneurial and Startup Company Resources\nGateway to Partnership Program\nEngaging with Industry\nCompliance, Ethics, Safety\nClose\nResponsible Conduct of Research (RCR)\nExport Controls\nResearch with Human Participants\nResearch Security\nWork with Live Vertebrate Animals\nResearch Safety\nRegulated Biological Materials in Research\nFinancial Management\nConflicts of Interest\nBreadcrumb\nHome\nNews & Announcements\nResponsible & Ethical Research – New Cornell Resources and Requirements\nCornell has developed an online training course on Responsible and Ethical Conduct of Research and Research Security, specifically for Cornell researchers. The course meets all current federal requirements for research security training as well as Responsible Conduct of Research training requirements as set forth by federal agencies*. This training is a requirement of anyone who is named or paid on sponsored funds, and can be found here:\nCU601 - Responsible and Ethical Conduct of Research and Research Security\n.\n*Please note that additional training requirements still apply for those researchers who work with animals or human subjects.\nRCR Training Announcement from the Office for the Vice President of Research and\nInnovation, Aug. 1, 2023:\nDear Colleagues,\nAs leaders of and contributors to academic research at Cornell, we know that the privilege of conducting academic research comes with the obligation to do so with responsible and ethical research practices. Cornell University shares in that responsibility, and provides materials aimed to ensure that all Cornell researchers understand both our ethical and legal obligations.\nIn addition, some federal agencies that sponsor research at Cornell also require those research leaders and participants to complete periodic training activities for Responsible and Ethical Conduct of Research (abbreviated RECR or RCR). Cornell is developing RCR materials, tailored to Cornell researchers, to make it easier for you to meet sponsor requirements while gaining the important RCR knowledge you need to lead and participate in research teams responsibly and ethically.\nCornell will be rolling out a new online RCR course—developed specifically for Cornell researchers—in early fall 2023.\nThis course includes video (less than 30 minutes) and additional reading to do in our own time. Please watch for further communications and deadlines. Note that completion of Cornell’s RCR course is a key requirement for all Cornell researchers – including, but not only, when research sponsors also require this certification. Those Cornellians who do not complete the required RCR training within 60 days of course assignment through CULearn, will need to do so before receiving new research funding, accepting new awards and submitting new proposals.\nFurther, please note that the U.S. National Science Foundation (NSF) has revised its regulatory requirements regarding training on RCR. Those revisions are now in effect. If you plan to submit a proposal for funding from the NSF, you may be impacted by this change. See below* for information about the regulatory change and how you can comply.\nIf you have any questions about how you can comply with the new NSF training requirements or if they apply to you, please feel free to contact Cornell’s RCR office at\nrcr@cornell.edu\n.\nThank you,\nKrystyn J. Van Vliet, Vice President for Research & Innovation\n*\nNew NSF RECR/RCR Requirements:\nFor all proposals submitted or due on or after July 31, 2023\n,\nNSF requires that training on the responsible and ethical conduct of research, including training on mentorship, be taken by all undergraduate students, graduate students, postdoctoral researchers, faculty, and other senior personnel supported by NSF funds.\nNote that this requirement reflects two changes from prior years: (i) the RCR training requirement has expanded, and now applies to faculty and other senior personnel, and (ii) the training must include training on mentorship. The new RCR Training meets these expanded requirements.\nPublished on\n: Thursday, February 08, 2024 - 12:44pm\nQuick Reference\nOffices\nCALS Sponsored Research Office\nCOI - Conflict of Interest\nCTL - Center for Technology Licensing\nCVM Research Office\nCorporate Engagement\nEHS - Environmental Health & Safety & Risk Management\nExport Controls Office\nFAIM - Faculty Advancing Inclusive Mentoring\nIACUC - Institutional Animal Care and Use\nIBC - Institutional Biosafety Committee\nIRB - Institutional Review Board\nIT Security & Policy\nORIA - Office of Research Integrity and Assurance\nOSP - Office of Sponsored Programs & Research Development\nPRO - Pre-Award Research Operations\nR&I - Cornell Research & Innovation\nRAIS - Research Administration Information Services\nRCR - Responsible Conduct of Research\nRDBSC - Research Division Business Service Center\nResearch Development (ReD)\nResearch Division Human Resources\nResearch Security Office\nSFS - Sponsored Financial Services\nUniversity Policy Office\nWCM - Office of Sponsored Research Administration (OSRA)\nEssential Tools & Resources\nFind My GCO\nInstitutional Profile & DUNS\nRates and budgets\nJoin List Servs\nResearch Development (ReD) Services\nFind Your Next Funding Opportunity\nRegister for Federal and Non-Federal Systems\nDisclose Foreign Collaborations and Support\nWeb Financials (WebFin2)\nExternal\nPI Dashboard\nExternal\nResearch Financials (formerly RA Dashboard)\nExternal\nRASS\nExternal\nIACUC applications (Cayuse Animal Management System)\nIBC applications (RASS-IBC)\nIRB Applications (RASS-IRB)\nExternal\nReport external interests (RASS-COI)\nRASS Access Request Form\naskEHS\nExternal\nCornell Data Services\nExternal\nTravel Registry\nExternal\nInternational research activities\nExternal\nTraining\nResearch metrics and executive dashboards\nRates\nForms\nPolicies\nContacts\nTraining\nEvents\nNews & Announcements\nPart of\n© 2019 Cornell University\nWeb Accessibility Help\nWas this page helpful?\n×\n×\nStatus message\nSorry...This form is closed to new submissions.\nScroll"
}