{
    "URL location": "https://researchservices.cornell.edu/resources/foreign-currency-awards",
    "Last modification date": "2025-04-18T03:27Z",
    "Change frequency": "monthly",
    "Priority": "0.8",
    "Scraped Text": "Foreign Currency Awards | Cornell Research Services\nSkip to main content\nFind guidance on funding and agency updates during the federal government transition\n(\nupdated 4/16/2025\n)\nResearch Services\nResearch Services\nEssential Tools\nClose\nFind My GCO\nRASS\nExternal\nInstitutional Profile & DUNS\nIACUC applications (Cayuse Animal Management)\nFind Your Next Funding Opportunity\nIBC Applications (RASS-IBC)\nResearch Development (ReD) Services\nIRB Applications (RASS-IRB)\nExternal\nRates and budgets\nReport external interests (RASS-COI)\nJoin List Servs\nRASS Access Request Form\nAsk EHS\nExternal\nWeb Financials (WebFin2)\nExternal\nCornell Data Services\nExternal\nPI Dashboard\nExternal\nTravel Registry\nExternal\nResearch Financials (formerly RA Dashboard)\nExternal\nInternational research activities\nExternal\nRegister for Federal and Non-Federal Systems\nDisclose Foreign Collaborations and Support\nResearch metrics & executive dashboards\nTraining\nSearch\nResearch Services\nSearch\nHome\nPrepare a Proposal\nClose\nResearch Development Services\nSubawards in a Proposal\nFind Your Next Funding Opportunity\nDisclose Foreign Collaborations and Support\nProposal Development, Review, and Submission\nPlanning for Animals, Human Participants, r/sNA, Hazardous Materials, Radiation\nBudgets, Costs, and Rates\nCollaborate with Weill Cornell Medicine\nManage a Project\nClose\nAward Negotiation and Finalization\nTravel and International Activities\nProject Finances\nProject Modifications\nResearch Project Staffing\nGet Confidential Info, Data, Equipment, or Materials\nManaging Subawards\nAnimals, Human Participants, r/sNA, Hazardous Materials, Radiation\nClose a Project\nClose\nProject Closeout Financials\nProject Closeout\nEnd a Project Early\nCorporate Partnership & Innovation\nClose\nProtecting an Invention, Creation, Discovery\nEntrepreneurial and Startup Company Resources\nGateway to Partnership Program\nEngaging with Industry\nCompliance, Ethics, Safety\nClose\nResponsible Conduct of Research (RCR)\nExport Controls\nResearch with Human Participants\nResearch Security\nWork with Live Vertebrate Animals\nResearch Safety\nRegulated Biological Materials in Research\nFinancial Management\nConflicts of Interest\nBreadcrumb\nHome\nresources\nForeign Currency Awards\nProcedures for handling agreements with foreign currency\nOccasionally the only option for an award will be in a foreign currency. The Office of Sponsored Programs (OSP) uses the following procedures and guidelines regarding award acceptance and to determine the U.S. dollar (USD) value of agreements made with foreign currency.\nReason for Procedure:\nMinimize foreign exchange risk to the University and identify responsibilities for the Office of Sponsored Programs (OSP), Sponsored Financial Services (SFS), and university units.\nResponsibilities\nOSP Responsibility:\nBe aware of risks involving the acceptance of agreements with terms in foreign currency, and negotiate with the sponsor to obtain the most favorable terms to mitigate such risk. Clearly identify the currency and exchange rates used for award valuation in RASS.\nSFS Responsibility:\nIssue invoices in accordance with the award, clearly identify the currency on the billing invoice, revalue the unexpended authorized portion of the award when foreign currency payments are received, and notify OSP to update award value in RASS.\nPI/Unit Responsibility:\nMonitor the award as appropriate to minimize the risk of currency fluctuation. Accept responsibility for any shortfalls, or benefit from any gains in the awarded amount, due to the foreign exchange rate.\nProcedures\nOSP should negotiate with the sponsor to set the agreement amount in U.S. dollars (USD) prior to final acceptance, whenever possible. If the sponsor will not convert the agreement to USD, advise the PI of the possible risks and:\nNegotiate to set payment terms as \"payment in full upon execution of the agreement.\" This will allow for a one-time currency exchange and reduce risk and possible loss of dollars; or\nNegotiate to set terms for a schedule of payments, remembering to obtain as much up front as possible to reduce risk due to fluctuation in the exchange rate; or\nNegotiate for monthly, quarterly, etc., reimbursement of costs. The exchange rate used would be the rate current at the time payment was received from the sponsor.\nRecord the award in RASS at the USD value obtained from the\nOanda Currency Converter\nat the time of execution.\nSFS will validate the conversion of the agreement to USD, regardless of the method of payment, at the time an account is established using the\nOanda Currency Converter\n. The agreement amount will be subsequently revalued at the time of each payment, and the PI/Unit is responsible for any shortfall or benefit from any gains. SFS will notify OSP of any fluctuation in the agreement amount.\n11\nProcess\nProject Finances\nRate\nSalary Cap Calculator\nResource\nPI Dashboard\nResource\nAccount Award Portfolio Dashboard\nResource\nWebFin2\nResource\nGet Access to Financial & Sponsored Projects Data\nResource\nBilling (Invoicing) Sponsors\nResource\nWho Can Help: Finance Staff\nResource\nAccount Setup Details\nResource\nUniform Guidance for Federal Awards\nResource\nPost-award Reference: Employee Benefits and Facility/Administrative Costs\nQuick Reference\nOffices\nCALS Sponsored Research Office\nCOI - Conflict of Interest\nCTL - Center for Technology Licensing\nCVM Research Office\nCorporate Engagement\nEHS - Environmental Health & Safety & Risk Management\nExport Controls Office\nFAIM - Faculty Advancing Inclusive Mentoring\nIACUC - Institutional Animal Care and Use\nIBC - Institutional Biosafety Committee\nIRB - Institutional Review Board\nIT Security & Policy\nORIA - Office of Research Integrity and Assurance\nOSP - Office of Sponsored Programs & Research Development\nPRO - Pre-Award Research Operations\nR&I - Cornell Research & Innovation\nRAIS - Research Administration Information Services\nRCR - Responsible Conduct of Research\nRDBSC - Research Division Business Service Center\nResearch Development (ReD)\nResearch Division Human Resources\nResearch Security Office\nSFS - Sponsored Financial Services\nUniversity Policy Office\nWCM - Office of Sponsored Research Administration (OSRA)\nEssential Tools & Resources\nFind My GCO\nInstitutional Profile & DUNS\nRates and budgets\nJoin List Servs\nResearch Development (ReD) Services\nFind Your Next Funding Opportunity\nRegister for Federal and Non-Federal Systems\nDisclose Foreign Collaborations and Support\nWeb Financials (WebFin2)\nExternal\nPI Dashboard\nExternal\nResearch Financials (formerly RA Dashboard)\nExternal\nRASS\nExternal\nIACUC applications (Cayuse Animal Management System)\nIBC applications (RASS-IBC)\nIRB Applications (RASS-IRB)\nExternal\nReport external interests (RASS-COI)\nRASS Access Request Form\naskEHS\nExternal\nCornell Data Services\nExternal\nTravel Registry\nExternal\nInternational research activities\nExternal\nTraining\nResearch metrics and executive dashboards\nRates\nForms\nPolicies\nContacts\nTraining\nEvents\nNews & Announcements\nPart of\n© 2019 Cornell University\nWeb Accessibility Help\nWas this page helpful?\n×\n×\nStatus message\nSorry...This form is closed to new submissions.\nScroll"
}