{
    "URL location": "https://researchservices.cornell.edu/resources/direct-and-indirect-cost-examples",
    "Last modification date": "2025-04-18T03:27Z",
    "Change frequency": "monthly",
    "Priority": "0.8",
    "Scraped Text": "Direct and Indirect Cost Examples | Cornell Research Services\nSkip to main content\nFind guidance on funding and agency updates during the federal government transition\n(\nupdated 4/16/2025\n)\nResearch Services\nResearch Services\nEssential Tools\nClose\nFind My GCO\nRASS\nExternal\nInstitutional Profile & DUNS\nIACUC applications (Cayuse Animal Management)\nFind Your Next Funding Opportunity\nIBC Applications (RASS-IBC)\nResearch Development (ReD) Services\nIRB Applications (RASS-IRB)\nExternal\nRates and budgets\nReport external interests (RASS-COI)\nJoin List Servs\nRASS Access Request Form\nAsk EHS\nExternal\nWeb Financials (WebFin2)\nExternal\nCornell Data Services\nExternal\nPI Dashboard\nExternal\nTravel Registry\nExternal\nResearch Financials (formerly RA Dashboard)\nExternal\nInternational research activities\nExternal\nRegister for Federal and Non-Federal Systems\nDisclose Foreign Collaborations and Support\nResearch metrics & executive dashboards\nTraining\nSearch\nResearch Services\nSearch\nHome\nPrepare a Proposal\nClose\nResearch Development Services\nSubawards in a Proposal\nFind Your Next Funding Opportunity\nDisclose Foreign Collaborations and Support\nProposal Development, Review, and Submission\nPlanning for Animals, Human Participants, r/sNA, Hazardous Materials, Radiation\nBudgets, Costs, and Rates\nCollaborate with Weill Cornell Medicine\nManage a Project\nClose\nAward Negotiation and Finalization\nTravel and International Activities\nProject Finances\nProject Modifications\nResearch Project Staffing\nGet Confidential Info, Data, Equipment, or Materials\nManaging Subawards\nAnimals, Human Participants, r/sNA, Hazardous Materials, Radiation\nClose a Project\nClose\nProject Closeout Financials\nProject Closeout\nEnd a Project Early\nCorporate Partnership & Innovation\nClose\nProtecting an Invention, Creation, Discovery\nEntrepreneurial and Startup Company Resources\nGateway to Partnership Program\nEngaging with Industry\nCompliance, Ethics, Safety\nClose\nResponsible Conduct of Research (RCR)\nExport Controls\nResearch with Human Participants\nResearch Security\nWork with Live Vertebrate Animals\nResearch Safety\nRegulated Biological Materials in Research\nFinancial Management\nConflicts of Interest\nBreadcrumb\nHome\nresources\nDirect and Indirect Cost Examples\nExamples of costs commonly associated with sponsored projects, showing which are normally direct or indirect (F&A).\nAppendix A: Normally Direct and Normally Facilities and Administrative (F&A) Costs\n(From University Policy 3.18, Charging Directly to Sponsored Projects Costs)\n9\nProcess\nFinancial Management\nNews\nUkraine/Russia Transactions Guidance\nResource\nSalary Certification\nResource\nMonitoring Project Expenditures\nResource\nMonitoring Cost Sharing in a Project\nResource\nFinancial Reporting to Sponsors\nResource\nDiverse Suppliers Requirements\nResource\nUse of Foreign Airlines on Federal Funds\nPolicy\nFinancial Management of Sponsored Projects Policies and Procedures\nQuick Reference\nOffices\nCALS Sponsored Research Office\nCOI - Conflict of Interest\nCTL - Center for Technology Licensing\nCVM Research Office\nCorporate Engagement\nEHS - Environmental Health & Safety & Risk Management\nExport Controls Office\nFAIM - Faculty Advancing Inclusive Mentoring\nIACUC - Institutional Animal Care and Use\nIBC - Institutional Biosafety Committee\nIRB - Institutional Review Board\nIT Security & Policy\nORIA - Office of Research Integrity and Assurance\nOSP - Office of Sponsored Programs & Research Development\nPRO - Pre-Award Research Operations\nR&I - Cornell Research & Innovation\nRAIS - Research Administration Information Services\nRCR - Responsible Conduct of Research\nRDBSC - Research Division Business Service Center\nResearch Development (ReD)\nResearch Division Human Resources\nResearch Security Office\nSFS - Sponsored Financial Services\nUniversity Policy Office\nWCM - Office of Sponsored Research Administration (OSRA)\nEssential Tools & Resources\nFind My GCO\nInstitutional Profile & DUNS\nRates and budgets\nJoin List Servs\nResearch Development (ReD) Services\nFind Your Next Funding Opportunity\nRegister for Federal and Non-Federal Systems\nDisclose Foreign Collaborations and Support\nWeb Financials (WebFin2)\nExternal\nPI Dashboard\nExternal\nResearch Financials (formerly RA Dashboard)\nExternal\nRASS\nExternal\nIACUC applications (Cayuse Animal Management System)\nIBC applications (RASS-IBC)\nIRB Applications (RASS-IRB)\nExternal\nReport external interests (RASS-COI)\nRASS Access Request Form\naskEHS\nExternal\nCornell Data Services\nExternal\nTravel Registry\nExternal\nInternational research activities\nExternal\nTraining\nResearch metrics and executive dashboards\nRates\nForms\nPolicies\nContacts\nTraining\nEvents\nNews & Announcements\nPart of\n© 2019 Cornell University\nWeb Accessibility Help\nWas this page helpful?\n×\n×\nStatus message\nSorry...This form is closed to new submissions.\nScroll\n\nTable:\n | NORMALLY DIRECT | NORMALLY F & A\n--- | --- | ---\nData Communication | Wide area network (WAN) usage necessary to meet the goals of the project (must be specifically budgeted, justified, and approved (or not disapproved specifically) by the sponsor) | Backbone/wireless services, port fees, and wide area network (WAN) usage related to administrative activities\nSalaries and Wages, Employee Benefits | Faculty, technicians, research associates and assistants, including graduate research assistants and other students performing scientific or technical work, postdoctoral associates, and other technical and programmatic personnel necessary to meet the goals of the project | Administrative and clerical positions such as administrative assistants, accountants, and office personnel, including student workers, purchasing agents and buyers; administrative activities of directors and assistant and associate directors, executive assistants, and other administrators\nServices | Consultant’s fees, printing, reprints and page charges, photography and photocopy charges. Repairs and maintenance (related to scientific and technical equipment) | Legal and financial services, insurance, general recruitment advertising; repairs and maintenance (facilities and general-purpose equipment); and administrative computing\nSupplies | Laboratory and scientific supplies, chemicals, glassware, field supplies, compressed gases and liquids, radioactive material, software, and animals | Office Supplies, custodial supplies, parts and supplies associated with repair and maintenance of general purpose equipment and facilities, paper, forms, general purpose books, and reference materials\nTravel | That which is required to carry out the objectives of the sponsored project | That which is related to administrative activities\nOther Operations | Telephone (including fax) toll charges; laboratory, scientific, and field non-capital equipment; lease/rental of vehicles and other equipment; lease/rental of off-campus facilities; participant expenses and student/trainee non-compensatory support (training grants), subject pay, and sub-agreements; consortia fees; and technical and scientific capital equipment | Postage (including express delivery, etc.); telephone - basic service, installation, repair, and line charges (including cellular, 800, and fax); general purpose capital and non-capital equipment; utilities; dues/memberships (other than those specifically required) in business, professional, and technical organizations; and subscriptions\n"
}