{
    "URL location": "https://researchservices.cornell.edu/offices/osp",
    "Last modification date": "2025-04-18T03:27Z",
    "Change frequency": "monthly",
    "Priority": "0.8",
    "Scraped Text": "Office of Sponsored Programs (OSP) & Research Development | Cornell Research Services\nSkip to main content\nFind guidance on funding and agency updates during the federal government transition\n(\nupdated 4/16/2025\n)\nResearch Services\nResearch Services\nEssential Tools\nClose\nFind My GCO\nRASS\nExternal\nInstitutional Profile & DUNS\nIACUC applications (Cayuse Animal Management)\nFind Your Next Funding Opportunity\nIBC Applications (RASS-IBC)\nResearch Development (ReD) Services\nIRB Applications (RASS-IRB)\nExternal\nRates and budgets\nReport external interests (RASS-COI)\nJoin List Servs\nRASS Access Request Form\nAsk EHS\nExternal\nWeb Financials (WebFin2)\nExternal\nCornell Data Services\nExternal\nPI Dashboard\nExternal\nTravel Registry\nExternal\nResearch Financials (formerly RA Dashboard)\nExternal\nInternational research activities\nExternal\nRegister for Federal and Non-Federal Systems\nDisclose Foreign Collaborations and Support\nResearch metrics & executive dashboards\nTraining\nSearch\nResearch Services\nSearch\nHome\nPrepare a Proposal\nClose\nResearch Development Services\nSubawards in a Proposal\nFind Your Next Funding Opportunity\nDisclose Foreign Collaborations and Support\nProposal Development, Review, and Submission\nPlanning for Animals, Human Participants, r/sNA, Hazardous Materials, Radiation\nBudgets, Costs, and Rates\nCollaborate with Weill Cornell Medicine\nManage a Project\nClose\nAward Negotiation and Finalization\nTravel and International Activities\nProject Finances\nProject Modifications\nResearch Project Staffing\nGet Confidential Info, Data, Equipment, or Materials\nManaging Subawards\nAnimals, Human Participants, r/sNA, Hazardous Materials, Radiation\nClose a Project\nClose\nProject Closeout Financials\nProject Closeout\nEnd a Project Early\nCorporate Partnership & Innovation\nClose\nProtecting an Invention, Creation, Discovery\nEntrepreneurial and Startup Company Resources\nGateway to Partnership Program\nEngaging with Industry\nCompliance, Ethics, Safety\nClose\nResponsible Conduct of Research (RCR)\nExport Controls\nResearch with Human Participants\nResearch Security\nWork with Live Vertebrate Animals\nResearch Safety\nRegulated Biological Materials in Research\nFinancial Management\nConflicts of Interest\nBreadcrumb\nHome\noffices\nOffice of Sponsored Programs (OSP) & Research Development\nOffice of Sponsored Programs (OSP) & Research Development\nosp-help@cornell.edu\n(607) 255-5014\nEast Hill Plaza\n373 Pine Tree Road\nIthaca,                                                  NY\n                                                  14850-2820\n8:30 a.m.\n-\n5:00 p.m.\nStaff Directory\nOSP Org Chart\nPRO Org Chart\nContact Info: 607-255-5014 (p) | 607-255-5058 (f) |\nosp-help@cornell.edu\nWelcome\nOSP oversees the administration of sponsored programs at Cornell University including sponsored research, instruction, and extension. OSP operates through delegation of authority from the University Board of Trustees as a unit of the Office of the Vice President for Research and Innovation (OVPRI). Grant and Contract Officers (GCOs) in OSP are authorized to sign and submit proposals to sponsors. GCOs in the research offices of the College of Agriculture and Life Sciences and the College of Veterinary Medicine have limited transaction authority to sign and submit proposals where the terms and conditions are compliant with Cornell policy. Only OSP GCOs are authorized to negotiate and sign awards, contracts, incoming material transfer agreements, non-disclosure agreements, and restricted access datasets for Cornell sponsored projects.\nOSP offers a wide range of services including:\nReviewing and submitting proposals\nLiaising with sponsors on behalf of PIs and units\nGrant award negotiation and acceptance\nContract negotiation (e.g., non-disclosure agreements, material transfer agreements, etc.)\nPost-award changes (e.g., rebudgeting, non-cost extension, award transfer, etc.)\nAward close-out (non-financial)\nSponsored project data collection\nEducation, professional development, and outreach\n2\nResource\nTraining from OSP\nResource\nResearch Mailing Lists (List Servs)\nFeatured\n1\nSeptember 2021 OSP Roundtable - Research Administration Support System (RASS) Proposal Budgeting Feature & Updates\nSeptember 16\n9:30 am  - 10:30 am\nJoin us for a discussion on Cornell’s Research Administration Support System (RASS) new proposal budgeting functionality.\nAt this session attendees will learn about:\nStreamlining proposal budgets with RASS\nGeneral updates and new RASS features\nResources available\nPresenters:\nCarrie\n...\nRead more >\nQuick Reference\nOffices\nCALS Sponsored Research Office\nCOI - Conflict of Interest\nCTL - Center for Technology Licensing\nCVM Research Office\nCorporate Engagement\nEHS - Environmental Health & Safety & Risk Management\nExport Controls Office\nFAIM - Faculty Advancing Inclusive Mentoring\nIACUC - Institutional Animal Care and Use\nIBC - Institutional Biosafety Committee\nIRB - Institutional Review Board\nIT Security & Policy\nORIA - Office of Research Integrity and Assurance\nOSP - Office of Sponsored Programs & Research Development\nPRO - Pre-Award Research Operations\nR&I - Cornell Research & Innovation\nRAIS - Research Administration Information Services\nRCR - Responsible Conduct of Research\nRDBSC - Research Division Business Service Center\nResearch Development (ReD)\nResearch Division Human Resources\nResearch Security Office\nSFS - Sponsored Financial Services\nUniversity Policy Office\nWCM - Office of Sponsored Research Administration (OSRA)\nEssential Tools & Resources\nFind My GCO\nInstitutional Profile & DUNS\nRates and budgets\nJoin List Servs\nResearch Development (ReD) Services\nFind Your Next Funding Opportunity\nRegister for Federal and Non-Federal Systems\nDisclose Foreign Collaborations and Support\nWeb Financials (WebFin2)\nExternal\nPI Dashboard\nExternal\nResearch Financials (formerly RA Dashboard)\nExternal\nRASS\nExternal\nIACUC applications (Cayuse Animal Management System)\nIBC applications (RASS-IBC)\nIRB Applications (RASS-IRB)\nExternal\nReport external interests (RASS-COI)\nRASS Access Request Form\naskEHS\nExternal\nCornell Data Services\nExternal\nTravel Registry\nExternal\nInternational research activities\nExternal\nTraining\nResearch metrics and executive dashboards\nRates\nForms\nPolicies\nContacts\nTraining\nEvents\nNews & Announcements\nPart of\n© 2019 Cornell University\nWeb Accessibility Help\nWas this page helpful?\n×\n×\nStatus message\nSorry...This form is closed to new submissions.\nScroll"
}