{
    "URL location": "https://researchservices.cornell.edu/policies/nasa-affiliations-china-and-disclosing-current-pending-support",
    "Last modification date": "2025-04-18T03:27Z",
    "Change frequency": "monthly",
    "Priority": "0.8",
    "Scraped Text": "NASA: Affiliations with China and Disclosing Current & Pending Support | Cornell Research Services\nSkip to main content\nFind guidance on funding and agency updates during the federal government transition\n(\nupdated 4/16/2025\n)\nResearch Services\nResearch Services\nEssential Tools\nClose\nFind My GCO\nRASS\nExternal\nInstitutional Profile & DUNS\nIACUC applications (Cayuse Animal Management)\nFind Your Next Funding Opportunity\nIBC Applications (RASS-IBC)\nResearch Development (ReD) Services\nIRB Applications (RASS-IRB)\nExternal\nRates and budgets\nReport external interests (RASS-COI)\nJoin List Servs\nRASS Access Request Form\nAsk EHS\nExternal\nWeb Financials (WebFin2)\nExternal\nCornell Data Services\nExternal\nPI Dashboard\nExternal\nTravel Registry\nExternal\nResearch Financials (formerly RA Dashboard)\nExternal\nInternational research activities\nExternal\nRegister for Federal and Non-Federal Systems\nDisclose Foreign Collaborations and Support\nResearch metrics & executive dashboards\nTraining\nSearch\nResearch Services\nSearch\nHome\nPrepare a Proposal\nClose\nResearch Development Services\nSubawards in a Proposal\nFind Your Next Funding Opportunity\nDisclose Foreign Collaborations and Support\nProposal Development, Review, and Submission\nPlanning for Animals, Human Participants, r/sNA, Hazardous Materials, Radiation\nBudgets, Costs, and Rates\nCollaborate with Weill Cornell Medicine\nManage a Project\nClose\nAward Negotiation and Finalization\nTravel and International Activities\nProject Finances\nProject Modifications\nResearch Project Staffing\nGet Confidential Info, Data, Equipment, or Materials\nManaging Subawards\nAnimals, Human Participants, r/sNA, Hazardous Materials, Radiation\nClose a Project\nClose\nProject Closeout Financials\nProject Closeout\nEnd a Project Early\nCorporate Partnership & Innovation\nClose\nProtecting an Invention, Creation, Discovery\nEntrepreneurial and Startup Company Resources\nGateway to Partnership Program\nEngaging with Industry\nCompliance, Ethics, Safety\nClose\nResponsible Conduct of Research (RCR)\nExport Controls\nResearch with Human Participants\nResearch Security\nWork with Live Vertebrate Animals\nResearch Safety\nRegulated Biological Materials in Research\nFinancial Management\nConflicts of Interest\nBreadcrumb\nHome\nPolicies\nNASA: Affiliations with China and Disclosing Current & Pending Support\nRelated Pages:\nNIH: Disclosing Other Support and Foreign Components\nNSF: Disclosing Current & Pending Support, Biographical Sketches, and International Partnerships\nClarifying guidance from NASA about disclosing current and pending support and affiliations with China.\nNASA Restriction on Collaborations with China\nNASA has a longstanding prohibition on bilateral collaboration with China or any Chinese-owned entity.\nExpand All\nBackground on NASA and China\nSince federal fiscal year 2011, federal Appropriation Acts which fund the National Aeronautics and Space Administration (NASA) have included a restriction which prohibits NASA from engaging in or funding any joint scientific activity with China. Specifically, the Acts prohibit NASA from;\n…using funding appropriated in the Acts to enter into or fund any grant or cooperative agreement of any kind to participate, collaborate, or coordinate bilaterally in any way with China or any Chinese owned company, at the prime recipient level or at any subrecipient level, whether the bilateral involvement is funded or performed under a no-exchange of funds arrangement.\nIn this context, \"China or Chinese-owned Company\" means the People's Republic of China (PRC), any company owned by the PRC, or any company incorporated under the laws of the PRC,\nincluding Chinese universities\n. The PRC includes Hong Kong and Macau, but not Taiwan (Republic of China).\nWhen a recipient of NASA funding, Cornell University is therefore restricted from collaborating with, either via a funded agreement or through a no-exchange of funds arrangement, China and/or Chinese-owned companies (as defined above) in the performance of the work funded by NASA unless approved by NASA. To ensure compliance with this restriction, NASA requires certifications from Cornell at proposal stage and includes implementing terms and conditions in each award.\nNASA’s internal implementation instructions are codified in;\nProcurement Class Deviation (PCD) 12-01A, February 16, 2012\n– Applies to federal contracts and subcontracts (including funding from JPL).\nGrant Information Circular (GIC) 12-01A, September 26, 2012\n– Applies to Federal assistance agreements, both direct funded and received via subagreements (including funding from JPL).\nThere are limitations of NASA Restriction on Activity with the PRC;\nThe restriction currently does not apply to efforts funded by other federal and non-federal sponsors.\nOnly bilateral activities (i.e. two party agreements) are covered by the restriction. Multi-lateral agreements (i.e. agreements between three or more parties) are not subject to this restriction.\nAgreements for the purchase of non-commercial items of supply from China needed to perform a grant or cooperative agreement are excluded from this restriction. Additionally, agreements for commercial or non-developmental items (\nas defined by FAR 2.101\n) needed to perform contracts/subcontracts are exempt from this restriction. Therefore, vendor (i.e. procurement) agreements with PRC entities for commercial or non-developmental items are not subject to this restriction.\n“General scientific discussions” do not constitute a bilateral policy, program, order, or contract and thus are permitted. However, these discussions must not involve discussions of bilateral collaboration between NASA and Chinese entities. See FAQ #8 located at\n\nfor additional information.\nThe prohibition does not restrict individual involvement based on citizenship or nationality. Chinese citizenship is not considered an affiliation under these funding restrictions.\nExample: A Chinese student enrolled at Cornell on a visa would not have to be excluded from participation in a NASA-funded project unless they have a prohibited affiliation, with a Chinese institution.\nExample: An American citizen who has a faculty position at a Chinese university would have the kind of affiliation that would likely bar inclusion on a NASA-funded project.\nDisclosure requirements to OSP\nTo ensure compliance with NASA’s regulations, the Office of Sponsored Programs will require all named project personnel within a proposal (including faculty, researchers, staff, and students) to provide information regarding affiliations with China. Responses will be reviewed and further guidance provided to the researchers for follow-up actions as needed. Additionally, if any of the answers change at any time following proposal submission through close-out of an ensuing award, you are required to contact OSP to update the information.\nResearchers who are intending to apply for or have active NASA support and are pursing funding via the\nCornell China Center\nmust contact\nJamie Sprague, Sr. Grant & Contract Officer/Federal Team Lead\n, before accepting Cornell China Center funding.\nDisclosure Requirements to NASA\nThe NASA Guidebook for Proposers (dated February 4, 2021 and effective February 15, 2021)\nnow requires applicants and awardees to disclose\n“all ongoing and pending projects and proposals (regardless of salary support) in which they are performing or will perform any part of the work. Co-Is proposing to spend 10% or more of their time in any given year to the proposed effort shall provide a list of ongoing and pending projects and proposals (regardless of salary support) that require more than 10% of their time in any given year. …PIs and Co-PIs also shall list their current and pending support with Chinese universities and other similar institutions or a Chinese-owned company at the prime recipient level and at all subrecipient levels, whether the bilateral involvement is funded or performed under a no-exchange of funds arrangement.”\nNASA researchers are now required to disclose the following information within their Current & Pending document:\nFinancial Support. This includes sponsored awards held at Cornell, held at another institution/entity, or held as an individual that support an investigator’s research efforts.\nIn-kind contributions. This includes non-monetary resources that are uniquely available to key personnel such as office/laboratory space, equipment, supplies, employees, students.\nChinese affiliations. This includes funded and unfunded support received from a Chinese entity whether such support is held at Cornell, held at another institution/entity, or held as an individual that support an investigator’s research efforts.\nFor questions regarding NASA China restrictions and current and pending support, please\ncontact your assigned Grant & Contract Officer\n.\n4\nProcess\nDisclose Foreign Collaborations and Support\nPolicy\nNSF: Disclosing Current & Pending Support, Biographical Sketches, and International Partnerships\nPolicy\nNIH: Disclosing Other Support and Foreign Components\nPolicy\nDisclosing International Partnerships to Cornell and External Sponsors\nQuick Reference\nOffices\nCALS Sponsored Research Office\nCOI - Conflict of Interest\nCTL - Center for Technology Licensing\nCVM Research Office\nCorporate Engagement\nEHS - Environmental Health & Safety & Risk Management\nExport Controls Office\nFAIM - Faculty Advancing Inclusive Mentoring\nIACUC - Institutional Animal Care and Use\nIBC - Institutional Biosafety Committee\nIRB - Institutional Review Board\nIT Security & Policy\nORIA - Office of Research Integrity and Assurance\nOSP - Office of Sponsored Programs & Research Development\nPRO - Pre-Award Research Operations\nR&I - Cornell Research & Innovation\nRAIS - Research Administration Information Services\nRCR - Responsible Conduct of Research\nRDBSC - Research Division Business Service Center\nResearch Development (ReD)\nResearch Division Human Resources\nResearch Security Office\nSFS - Sponsored Financial Services\nUniversity Policy Office\nWCM - Office of Sponsored Research Administration (OSRA)\nEssential Tools & Resources\nFind My GCO\nInstitutional Profile & DUNS\nRates and budgets\nJoin List Servs\nResearch Development (ReD) Services\nFind Your Next Funding Opportunity\nRegister for Federal and Non-Federal Systems\nDisclose Foreign Collaborations and Support\nWeb Financials (WebFin2)\nExternal\nPI Dashboard\nExternal\nResearch Financials (formerly RA Dashboard)\nExternal\nRASS\nExternal\nIACUC applications (Cayuse Animal Management System)\nIBC applications (RASS-IBC)\nIRB Applications (RASS-IRB)\nExternal\nReport external interests (RASS-COI)\nRASS Access Request Form\naskEHS\nExternal\nCornell Data Services\nExternal\nTravel Registry\nExternal\nInternational research activities\nExternal\nTraining\nResearch metrics and executive dashboards\nRates\nForms\nPolicies\nContacts\nTraining\nEvents\nNews & Announcements\nPart of\n© 2019 Cornell University\nWeb Accessibility Help\nWas this page helpful?\n×\n×\nStatus message\nSorry...This form is closed to new submissions.\nScroll"
}