{
    "URL location": "https://researchservices.cornell.edu/resources/sars-cov-2covid-19-funding-opportunities-agency-guidance",
    "Last modification date": "2025-04-18T03:27Z",
    "Change frequency": "monthly",
    "Priority": "0.8",
    "Scraped Text": "SARS-CoV-2/COVID-19: Funding Opportunities & Agency Guidance | Cornell Research Services\nSkip to main content\nFind guidance on funding and agency updates during the federal government transition\n(\nupdated 4/16/2025\n)\nResearch Services\nResearch Services\nEssential Tools\nClose\nFind My GCO\nRASS\nExternal\nInstitutional Profile & DUNS\nIACUC applications (Cayuse Animal Management)\nFind Your Next Funding Opportunity\nIBC Applications (RASS-IBC)\nResearch Development (ReD) Services\nIRB Applications (RASS-IRB)\nExternal\nRates and budgets\nReport external interests (RASS-COI)\nJoin List Servs\nRASS Access Request Form\nAsk EHS\nExternal\nWeb Financials (WebFin2)\nExternal\nCornell Data Services\nExternal\nPI Dashboard\nExternal\nTravel Registry\nExternal\nResearch Financials (formerly RA Dashboard)\nExternal\nInternational research activities\nExternal\nRegister for Federal and Non-Federal Systems\nDisclose Foreign Collaborations and Support\nResearch metrics & executive dashboards\nTraining\nSearch\nResearch Services\nSearch\nHome\nPrepare a Proposal\nClose\nResearch Development Services\nSubawards in a Proposal\nFind Your Next Funding Opportunity\nDisclose Foreign Collaborations and Support\nProposal Development, Review, and Submission\nPlanning for Animals, Human Participants, r/sNA, Hazardous Materials, Radiation\nBudgets, Costs, and Rates\nCollaborate with Weill Cornell Medicine\nManage a Project\nClose\nAward Negotiation and Finalization\nTravel and International Activities\nProject Finances\nProject Modifications\nResearch Project Staffing\nGet Confidential Info, Data, Equipment, or Materials\nManaging Subawards\nAnimals, Human Participants, r/sNA, Hazardous Materials, Radiation\nClose a Project\nClose\nProject Closeout Financials\nProject Closeout\nEnd a Project Early\nCorporate Partnership & Innovation\nClose\nProtecting an Invention, Creation, Discovery\nEntrepreneurial and Startup Company Resources\nGateway to Partnership Program\nEngaging with Industry\nCompliance, Ethics, Safety\nClose\nResponsible Conduct of Research (RCR)\nExport Controls\nResearch with Human Participants\nResearch Security\nWork with Live Vertebrate Animals\nResearch Safety\nRegulated Biological Materials in Research\nFinancial Management\nConflicts of Interest\nBreadcrumb\nHome\nresources\nSARS-CoV-2/COVID-19: Funding Opportunities & Agency Guidance\nFunding opportunities related to SARS-CoV-2/COVID-19.\nLast updated: January 11, 2021 2:30 PM.\nGrantForward Covid-19 list of opportunities\nGrantForward is providing free access to available coronavirus-related funding calls. The list is updated on a daily basis\n\nAgency for Healthcare Research and Quality (AHRQ)\nNEW\nAHRQ Releases Two Future Funding Opportunities for COVID-19 Responsiveness\nAHRQ has released two Notices of Intent for upcoming funding opportunities designed to support studies evaluating health system and healthcare professional responsiveness to COVID-19.  The agency plans to publish notices calling for both urgent revision supplements to existing AHRQ grants, and for novel high-impact studies to be funded through the R01 mechanism.\nCompetitive revision\nsupplements\nfor existing AHRQ projects should “capitalize on the expertise of grant personnel and the institutional environment to expand the specific aims of the on-going research to develop high-impact new knowledge concerning COVID-19.”  AHRQ expects to make at least $2.5 million available for these supplements and will release the full solicitation in April 2020.\nFor\nnew studies\nrelated to COVID-19, AHRQ is interested in “innovations and challenges encountered in the rapid expansion of telemedicine in response to COVID-19, effects on quality, safety, and value of health system response to COVID-19, and the role of primary care practices and professionals during the COVID-19 epidemic,” with a particular focus on digital health innovation and meeting the needs of vulnerable populations.  AHRQ expects to dedicate $5 million to this program. A full solicitation will be released in early May 2020, with an expected deadline in June 2020.\nAir Force Office of Sponsored Programs\nGuidance for Coronavirus Disease 2019 (COVID-19) No Cost Extensions (NCEs):\n\nAmerican Heart Association\nThe American Heart Association is offering fast-tracked research grants for short-term projects that can turn around results within 9-12 months to better understand the diagnosis, prevention, treatment and clinical management of COVID-19 as it relates to heart and brain health.\nApplication and more information\n.\nCDC\nNational Center for Emerging and Zoonotic Infectious Diseases (NCEZID)\nDOE\nDOE Office of Science Memorandum to Applicants and Awardees\nHealth and Human Services (HHS) Office of Biomedical Advanced Research and Development Authority (BARDA)\nThe Biomedical Advanced Research and Development Authority (\nBARDA\n), part of the HHS Office of the Assistant Secretary for Preparedness and Response (ASPR), issued the BAA,\nBAA-18-100-SOL-00003\n-Amendment 13, to solicit proposals for advanced development and licensure of COVID-19 diagnostics, vaccines, or medicines such as therapeutics or antivirals.\nHHS BARDA has revised its\nBroad Agency Announcement (BAA)\nto only accept proposals and white papers in areas relevant to the study of COVID-19.\nAreas of interest include:\nAOI 7.7.1 Diagnostic assay for human coronavirus using existing FDA-cleared platforms\nAOI 7.7.2 Point-of-care diagnostic assay for detection of SARS-CoV-2 virus\nAOI 7.7.3 Diagnostic assay for detection of COVID-19 disease (SARS-CoV-2 infection)\nAOI 8.3 COVID-19 Vaccine\nAOI 9.2 COVID-19 Therapeutics\nAOI 9.3 Immunomodulators or therapeutics targeting lung repair\nAOI 9.5 Pre-exposure and post-exposure prophylaxis\nAOI 10 Respiratory protective devices\nAOI 11 Ventilators\nAOI 17 Advanced Manufacturing Technologies\nNIH\nNIH Release update COVID-19 Website\n1/11/21\nIn response to the COVID-19 crisis, NIBIB has released multiple\nNotices of Special Interest.\nThis includes: administrative supplements and emergency competitive revisions funding for current grantees; SBIR/STTR opportunities; and investigator-initiated research opportunities. Current grantees and new applicants are encouraged to apply immediately. The goal is to support proposals that accelerate research, translation, and commercialization of technologies relevant to COVID-19. Researchers can read\nNIBIB Director Bruce Tromberg’s message\non how bioengineers can help thwart the COVID-19 pandemic.\nAdditional information can be found on the\nNOSIs FAQs\npage.\nNotice of Early Expiration of Notice of Special Interest (NOSI) regarding the Availability of Urgent Competitive Revisions for Research on the 2019 Novel Coronavirus (2019-nCoV), NOT-AI-20-030\n(NOT-AI-20-040)\nLate Application Policy:\n\nUrgent Competitive Revisions to NIGMS Grants to Address the Coronavirus Pandemic\n\nMemorandum on Interim Guidance for Clinical Trial Activities Affected by the Novel Coronavirus\nNIAID’s Multi-Pronged Response to the COVID-2019 Outbreak\nNIH Guide for Grants and Contracts\n- search results for \"2019-nCoV\"\nNIAID and NIGMS have issued a\nNotice of Special Interest (NOSI)\nApplications must be submitted using FOA PA-18-935\nUrgent Competitive Revision to Existing NIH Grants and Cooperative Agreements\n(Urgent Supplement - Clinical Trial Optional), which is intended to provide funds for NIH grantees applying to expand the scope of their active grant. Further details here:\nNIH grantees seeking additional funds for research responsive to the 2019-nCoV outbreak that\nfalls within the scope of an ongoing grant\nmay apply for an administrative supplement under NIH PA-18-591, Administrative Supplements to Existing NIH Grants and Cooperative Agreements FOA (\n\n).\nGuidance for NIH-funded Clinical Trials and Human Subjects Studies Affected by COVID-19\n(3-16-20)\nFlexibilities for Assured Institutions for Activities of Institutional Animal Care and Use Committees (IACUCs) Due to COVID-19 (NOT-OD-20-088)\n(03-16-20)\nIf you are a grantee currently supported by active NIH funding, you may be eligible to apply for an administrative supplement to support SARS-CoV-2/COVID-2019 research. Contact your program officer to discuss if this may be an option for you. If your proposed research on SARS-CoV-2/COVID-2019 is within the scope of your current grant, an administrative supplement is your best option to obtain additional funding. You should apply using the parent administrative supplement FOA\nPA-18-591.\nNSF\nNSF has developed a new website for the research community with\ndetailed guidance on the Coronavirus (COVID-19)\n. This includes guidance for awardee organizations, researchers and reviewers of NSF proposals. This website will be updated with new guidance.\nDear Colleague Letter: Provisioning Advanced Cyberinfrastructure to Further Research on the Coronavirus Disease 2019 (COVID-19)\n- 3/5/2020\nRapid Response Research (RAPID) Funding Mechanism\nRequests for RAPID proposals - up to $200K and one year in duration. All questions should be directed either to a program officer managing an NSF program with which the research would be aligned or to\nrapid-covid19@nsf.gov\n.\nExisting funding opportunities\nFAQs:\n\nNSF Guidance for Major Facilities and Contracts Regarding COVID-19\nOffice of Management and Budget (OMB)\nOMB has issued\na memo\nproviding “Administrative Relief for Recipients and Applicants of Federal Financial Assistance Directly Impacted by the Novel Coronavirus (COVID-19)\".\n3\nProcess\nSARS-CoV-2/COVID-19 Rapid Research Response\nResource\nSERAC (Now Closed)\nResource\nOVPR SARS-CoV-2 Seed Grants\nQuick Reference\nOffices\nCALS Sponsored Research Office\nCOI - Conflict of Interest\nCTL - Center for Technology Licensing\nCVM Research Office\nCorporate Engagement\nEHS - Environmental Health & Safety & Risk Management\nExport Controls Office\nFAIM - Faculty Advancing Inclusive Mentoring\nIACUC - Institutional Animal Care and Use\nIBC - Institutional Biosafety Committee\nIRB - Institutional Review Board\nIT Security & Policy\nORIA - Office of Research Integrity and Assurance\nOSP - Office of Sponsored Programs & Research Development\nPRO - Pre-Award Research Operations\nR&I - Cornell Research & Innovation\nRAIS - Research Administration Information Services\nRCR - Responsible Conduct of Research\nRDBSC - Research Division Business Service Center\nResearch Development (ReD)\nResearch Division Human Resources\nResearch Security Office\nSFS - Sponsored Financial Services\nUniversity Policy Office\nWCM - Office of Sponsored Research Administration (OSRA)\nEssential Tools & Resources\nFind My GCO\nInstitutional Profile & DUNS\nRates and budgets\nJoin List Servs\nResearch Development (ReD) Services\nFind Your Next Funding Opportunity\nRegister for Federal and Non-Federal Systems\nDisclose Foreign Collaborations and Support\nWeb Financials (WebFin2)\nExternal\nPI Dashboard\nExternal\nResearch Financials (formerly RA Dashboard)\nExternal\nRASS\nExternal\nIACUC applications (Cayuse Animal Management System)\nIBC applications (RASS-IBC)\nIRB Applications (RASS-IRB)\nExternal\nReport external interests (RASS-COI)\nRASS Access Request Form\naskEHS\nExternal\nCornell Data Services\nExternal\nTravel Registry\nExternal\nInternational research activities\nExternal\nTraining\nResearch metrics and executive dashboards\nRates\nForms\nPolicies\nContacts\nTraining\nEvents\nNews & Announcements\nPart of\n© 2019 Cornell University\nWeb Accessibility Help\nWas this page helpful?\n×\n×\nStatus message\nSorry...This form is closed to new submissions.\nScroll"
}