{
    "URL location": "https://researchservices.cornell.edu/resources/issuing-subaward-agreement",
    "Last modification date": "2025-04-18T03:27Z",
    "Change frequency": "monthly",
    "Priority": "0.8",
    "Scraped Text": "Issuing the Subaward Agreement | Cornell Research Services\nSkip to main content\nFind guidance on funding and agency updates during the federal government transition\n(\nupdated 4/16/2025\n)\nResearch Services\nResearch Services\nEssential Tools\nClose\nFind My GCO\nRASS\nExternal\nInstitutional Profile & DUNS\nIACUC applications (Cayuse Animal Management)\nFind Your Next Funding Opportunity\nIBC Applications (RASS-IBC)\nResearch Development (ReD) Services\nIRB Applications (RASS-IRB)\nExternal\nRates and budgets\nReport external interests (RASS-COI)\nJoin List Servs\nRASS Access Request Form\nAsk EHS\nExternal\nWeb Financials (WebFin2)\nExternal\nCornell Data Services\nExternal\nPI Dashboard\nExternal\nTravel Registry\nExternal\nResearch Financials (formerly RA Dashboard)\nExternal\nInternational research activities\nExternal\nRegister for Federal and Non-Federal Systems\nDisclose Foreign Collaborations and Support\nResearch metrics & executive dashboards\nTraining\nSearch\nResearch Services\nSearch\nHome\nPrepare a Proposal\nClose\nResearch Development Services\nSubawards in a Proposal\nFind Your Next Funding Opportunity\nDisclose Foreign Collaborations and Support\nProposal Development, Review, and Submission\nPlanning for Animals, Human Participants, r/sNA, Hazardous Materials, Radiation\nBudgets, Costs, and Rates\nCollaborate with Weill Cornell Medicine\nManage a Project\nClose\nAward Negotiation and Finalization\nTravel and International Activities\nProject Finances\nProject Modifications\nResearch Project Staffing\nGet Confidential Info, Data, Equipment, or Materials\nManaging Subawards\nAnimals, Human Participants, r/sNA, Hazardous Materials, Radiation\nClose a Project\nClose\nProject Closeout Financials\nProject Closeout\nEnd a Project Early\nCorporate Partnership & Innovation\nClose\nProtecting an Invention, Creation, Discovery\nEntrepreneurial and Startup Company Resources\nGateway to Partnership Program\nEngaging with Industry\nCompliance, Ethics, Safety\nClose\nResponsible Conduct of Research (RCR)\nExport Controls\nResearch with Human Participants\nResearch Security\nWork with Live Vertebrate Animals\nResearch Safety\nRegulated Biological Materials in Research\nFinancial Management\nConflicts of Interest\nBreadcrumb\nHome\nresources\nIssuing the Subaward Agreement\nLog into RASS\nRelated Pages:\nSubawards: Risk Assessment\nSubawards are issued only after a fully executed award is received by OSP from the prime sponsor. After receipt of a fully executed award from the prime sponsor, the award is distributed to the PI and the unit by OSP.\nThe PI and unit are responsible for initiating the request to issue a subaward to OSP via RASS.\nSee step-by step directions\n.\nPIs/Units should initiate this request as soon as possible after they receive a fully executed prime award distribution notification\n. The information requested via RASS is necessary for the OSP Subward Team to draft the subaward and ensure that the proper steps and determinations have been made prior to the issuance of the subaward.\nIf the subrecipient was not proposed in Cornell's original proposal, prime sponsor approval may be necessary prior to issuance of the subaward.\nPrior approval may also be necessary even if the subrecipient was proposed in the original proposal.\nIn some very rare instances, prime sponsors request to review and approve the proposed subaward prior to Cornell's release of the subaward to the subrecipient.\nAdvance Payments to Subrecipients\nRequests for advance payments to subrecipients will be considered only in very unusual circumstances and on a case-by-case basis. Advance payment terms are written into the subagreement and the advance payment, if approved by OSP and Sponsored Financial Services (SFS), is issued after a fully executed subaward agreement is in place.\nAdvance payments are generally not allowed because:\nSponsor guidelines typically state that subrecipients are reimbursed for expenses incurred for performing the work.\nCornell does not usually receive advance funding from its sponsors, therefore as a matter of practice, Cornell does not advance funds to a subrecipient.\nPrepaying an award reduces the university’s leverage for ensuring that the scope of work is delivered, therefore it is considered poor fiscal management to advance funds to a subrecipient.\n9\nProcess\nManaging Subawards\nResource\nSubaward FAQs\nResource\nSubawards: Roles and Responsibilities\nForm\nSubcontractor Commitment Form\nResource\nFederal Demonstration Partnership (FDP) Expanded Clearinghouse Program\nResource\nSubawards: Risk Assessment\nResource\nPayments to Subrecipients on Sponsored Projects\nResource\nAmendment to Subaward Agreements\nResource\nSubrecipient Monitoring: Financial and Technical\nQuick Reference\nOffices\nCALS Sponsored Research Office\nCOI - Conflict of Interest\nCTL - Center for Technology Licensing\nCVM Research Office\nCorporate Engagement\nEHS - Environmental Health & Safety & Risk Management\nExport Controls Office\nFAIM - Faculty Advancing Inclusive Mentoring\nIACUC - Institutional Animal Care and Use\nIBC - Institutional Biosafety Committee\nIRB - Institutional Review Board\nIT Security & Policy\nORIA - Office of Research Integrity and Assurance\nOSP - Office of Sponsored Programs & Research Development\nPRO - Pre-Award Research Operations\nR&I - Cornell Research & Innovation\nRAIS - Research Administration Information Services\nRCR - Responsible Conduct of Research\nRDBSC - Research Division Business Service Center\nResearch Development (ReD)\nResearch Division Human Resources\nResearch Security Office\nSFS - Sponsored Financial Services\nUniversity Policy Office\nWCM - Office of Sponsored Research Administration (OSRA)\nEssential Tools & Resources\nFind My GCO\nInstitutional Profile & DUNS\nRates and budgets\nJoin List Servs\nResearch Development (ReD) Services\nFind Your Next Funding Opportunity\nRegister for Federal and Non-Federal Systems\nDisclose Foreign Collaborations and Support\nWeb Financials (WebFin2)\nExternal\nPI Dashboard\nExternal\nResearch Financials (formerly RA Dashboard)\nExternal\nRASS\nExternal\nIACUC applications (Cayuse Animal Management System)\nIBC applications (RASS-IBC)\nIRB Applications (RASS-IRB)\nExternal\nReport external interests (RASS-COI)\nRASS Access Request Form\naskEHS\nExternal\nCornell Data Services\nExternal\nTravel Registry\nExternal\nInternational research activities\nExternal\nTraining\nResearch metrics and executive dashboards\nRates\nForms\nPolicies\nContacts\nTraining\nEvents\nNews & Announcements\nPart of\n© 2019 Cornell University\nWeb Accessibility Help\nWas this page helpful?\n×\n×\nStatus message\nSorry...This form is closed to new submissions.\nScroll"
}