{
    "URL location": "https://researchservices.cornell.edu/resources/research-data-retention",
    "Last modification date": "2025-04-18T03:27Z",
    "Change frequency": "monthly",
    "Priority": "0.8",
    "Scraped Text": "Research Data Retention | Cornell Research Services\nSkip to main content\nFind guidance on funding and agency updates during the federal government transition\n(\nupdated 4/16/2025\n)\nResearch Services\nResearch Services\nEssential Tools\nClose\nFind My GCO\nRASS\nExternal\nInstitutional Profile & DUNS\nIACUC applications (Cayuse Animal Management)\nFind Your Next Funding Opportunity\nIBC Applications (RASS-IBC)\nResearch Development (ReD) Services\nIRB Applications (RASS-IRB)\nExternal\nRates and budgets\nReport external interests (RASS-COI)\nJoin List Servs\nRASS Access Request Form\nAsk EHS\nExternal\nWeb Financials (WebFin2)\nExternal\nCornell Data Services\nExternal\nPI Dashboard\nExternal\nTravel Registry\nExternal\nResearch Financials (formerly RA Dashboard)\nExternal\nInternational research activities\nExternal\nRegister for Federal and Non-Federal Systems\nDisclose Foreign Collaborations and Support\nResearch metrics & executive dashboards\nTraining\nSearch\nResearch Services\nSearch\nHome\nPrepare a Proposal\nClose\nResearch Development Services\nSubawards in a Proposal\nFind Your Next Funding Opportunity\nDisclose Foreign Collaborations and Support\nProposal Development, Review, and Submission\nPlanning for Animals, Human Participants, r/sNA, Hazardous Materials, Radiation\nBudgets, Costs, and Rates\nCollaborate with Weill Cornell Medicine\nManage a Project\nClose\nAward Negotiation and Finalization\nTravel and International Activities\nProject Finances\nProject Modifications\nResearch Project Staffing\nGet Confidential Info, Data, Equipment, or Materials\nManaging Subawards\nAnimals, Human Participants, r/sNA, Hazardous Materials, Radiation\nClose a Project\nClose\nProject Closeout Financials\nProject Closeout\nEnd a Project Early\nCorporate Partnership & Innovation\nClose\nProtecting an Invention, Creation, Discovery\nEntrepreneurial and Startup Company Resources\nGateway to Partnership Program\nEngaging with Industry\nCompliance, Ethics, Safety\nClose\nResponsible Conduct of Research (RCR)\nExport Controls\nResearch with Human Participants\nResearch Security\nWork with Live Vertebrate Animals\nResearch Safety\nRegulated Biological Materials in Research\nFinancial Management\nConflicts of Interest\nBreadcrumb\nHome\nresources\nResearch Data Retention\nCU Learn Course: Research Data Retention\nUniversity Policy 4.21 Research Data Retention\nAccurate and detailed research records are an essential component of any research project whether supported by University resources or by external funders. Cornell researchers (faculty, staff, and students who are involved in the design, conduct, or reporting of research at, or under the auspices of, Cornell University, including Weill Cornell Medicine), and the University share in this responsibility as outlined in the\nUniversity Policy 4.21\n.  Each research team member needs to understand their role in data retention and their specific responsibilities.\nDefinition of Research Data:\nResearch data\nis defined as the recorded factual material commonly accepted in the scientific community as necessary to validate research findings, but not any of the following: preliminary analyses, drafts of scientific papers, plans for future research, peer reviews, or communications with colleagues, as defined in\n2 CFR 200.315 (e) (3)\n.\nHow to comply with the Research Data Retention Policy?\nTo ensure researchers understand their research data retention responsibilities,\nCornell researchers are required to complete a CU Learn Course “\nRSRCH-OVPRI-101 Research Data Retention Policy 4.21\n.” The course includes the following:\nAn overview of the policy, describing its principles, to whom it applies, and the need for such a policy; and\nThe required attestation that the researcher understands and will comply with the terms of the policy.\nThe required course will take about 5 minutes. Once completed, you will have fulfilled the attestation requirement and only be asked to complete the course in the future\nif\nthere are policy changes.\nWho to Contact to Review My Research Program and Data Retention Requirements?\nThe following resources provide support for research data retention requirements:\nThe Office of Research Integrity and Assurance (ORIA)\nprovides support regarding compliance with\nUniversity Policy 4.21\n.\nCornell Data Services\nprovides expertise in all facets of data retention, from developing data management plans to providing guidance on data disposition.\nThe Office of Sponsored Programs (OSP)\nhandles and signs\nincoming data use agreements\n.\nCenter for Technology Licensing\nprovides expertise on technology transfer agreements and intellectual property protection.\nCornell Center for Social Sciences\nprovides services supporting computing, secure data, research methods, and outreach.\n8\nResource\nResearch Integrity\nResource\nThe Research Integrity Council\nResource\nResponsible Conduct of Research Committee (RCRC)\nProcess\nResponsible Conduct of Research (RCR)\nResource\nResponsible Conduct of Research (RCR) Topics and Case Studies\nResource\nRCR Requirements for Research Awards\nResource\nNIH Training Grant Requirement: RCR Symposium Summary\nResource\nResponsible Conduct of Research (RCR) Symposium and Workshop\nQuick Reference\nOffices\nCALS Sponsored Research Office\nCOI - Conflict of Interest\nCTL - Center for Technology Licensing\nCVM Research Office\nCorporate Engagement\nEHS - Environmental Health & Safety & Risk Management\nExport Controls Office\nFAIM - Faculty Advancing Inclusive Mentoring\nIACUC - Institutional Animal Care and Use\nIBC - Institutional Biosafety Committee\nIRB - Institutional Review Board\nIT Security & Policy\nORIA - Office of Research Integrity and Assurance\nOSP - Office of Sponsored Programs & Research Development\nPRO - Pre-Award Research Operations\nR&I - Cornell Research & Innovation\nRAIS - Research Administration Information Services\nRCR - Responsible Conduct of Research\nRDBSC - Research Division Business Service Center\nResearch Development (ReD)\nResearch Division Human Resources\nResearch Security Office\nSFS - Sponsored Financial Services\nUniversity Policy Office\nWCM - Office of Sponsored Research Administration (OSRA)\nEssential Tools & Resources\nFind My GCO\nInstitutional Profile & DUNS\nRates and budgets\nJoin List Servs\nResearch Development (ReD) Services\nFind Your Next Funding Opportunity\nRegister for Federal and Non-Federal Systems\nDisclose Foreign Collaborations and Support\nWeb Financials (WebFin2)\nExternal\nPI Dashboard\nExternal\nResearch Financials (formerly RA Dashboard)\nExternal\nRASS\nExternal\nIACUC applications (Cayuse Animal Management System)\nIBC applications (RASS-IBC)\nIRB Applications (RASS-IRB)\nExternal\nReport external interests (RASS-COI)\nRASS Access Request Form\naskEHS\nExternal\nCornell Data Services\nExternal\nTravel Registry\nExternal\nInternational research activities\nExternal\nTraining\nResearch metrics and executive dashboards\nRates\nForms\nPolicies\nContacts\nTraining\nEvents\nNews & Announcements\nPart of\n© 2019 Cornell University\nWeb Accessibility Help\nWas this page helpful?\n×\n×\nStatus message\nSorry...This form is closed to new submissions.\nScroll"
}