{
    "URL location": "https://researchservices.cornell.edu/rates/employee-benefit-fringe-rates",
    "Last modification date": "2025-04-18T03:27Z",
    "Change frequency": "monthly",
    "Priority": "0.8",
    "Scraped Text": "Employee Benefit (Fringe) Rates | Cornell Research Services\nSkip to main content\nFind guidance on funding and agency updates during the federal government transition\n(\nupdated 4/16/2025\n)\nResearch Services\nResearch Services\nEssential Tools\nClose\nFind My GCO\nRASS\nExternal\nInstitutional Profile & DUNS\nIACUC applications (Cayuse Animal Management)\nFind Your Next Funding Opportunity\nIBC Applications (RASS-IBC)\nResearch Development (ReD) Services\nIRB Applications (RASS-IRB)\nExternal\nRates and budgets\nReport external interests (RASS-COI)\nJoin List Servs\nRASS Access Request Form\nAsk EHS\nExternal\nWeb Financials (WebFin2)\nExternal\nCornell Data Services\nExternal\nPI Dashboard\nExternal\nTravel Registry\nExternal\nResearch Financials (formerly RA Dashboard)\nExternal\nInternational research activities\nExternal\nRegister for Federal and Non-Federal Systems\nDisclose Foreign Collaborations and Support\nResearch metrics & executive dashboards\nTraining\nSearch\nResearch Services\nSearch\nHome\nPrepare a Proposal\nClose\nResearch Development Services\nSubawards in a Proposal\nFind Your Next Funding Opportunity\nDisclose Foreign Collaborations and Support\nProposal Development, Review, and Submission\nPlanning for Animals, Human Participants, r/sNA, Hazardous Materials, Radiation\nBudgets, Costs, and Rates\nCollaborate with Weill Cornell Medicine\nManage a Project\nClose\nAward Negotiation and Finalization\nTravel and International Activities\nProject Finances\nProject Modifications\nResearch Project Staffing\nGet Confidential Info, Data, Equipment, or Materials\nManaging Subawards\nAnimals, Human Participants, r/sNA, Hazardous Materials, Radiation\nClose a Project\nClose\nProject Closeout Financials\nProject Closeout\nEnd a Project Early\nCorporate Partnership & Innovation\nClose\nProtecting an Invention, Creation, Discovery\nEntrepreneurial and Startup Company Resources\nGateway to Partnership Program\nEngaging with Industry\nCompliance, Ethics, Safety\nClose\nResponsible Conduct of Research (RCR)\nExport Controls\nResearch with Human Participants\nResearch Security\nWork with Live Vertebrate Animals\nResearch Safety\nRegulated Biological Materials in Research\nFinancial Management\nConflicts of Interest\nBreadcrumb\nHome\nRates\nEmployee Benefit (Fringe) Rates\nEmployee benefit rates (fringe rates) for use in sponsored project proposal budgets.\nCornell University has multiple rates that have been negotiated with the federal government. The sections and tables below detail the rates for endowed colleges vs. contract colleges.\nCornell's Fiscal Year is from July 1 to June 30.\nGo to Endowed Rates\n|\nGo to Contract College Rates\nEndowed College Rates\nFull Rate:\nThis rate applies to most salary expenditures.\nExamples:\nFully benefits-eligible employees in academic and non-academic units\nBenefits-eligible temporary employees (those who have worked six months or more as a temporary appointment)\nMinimum Rate:\nThis rate applies to those employees who receive only mandated benefits such as Social Security, Workers Comp, Disability, Unemployment, etc. It also applies to sabbatical supplements, severance payments, and other limited instances. Please contact\nCost Analysis\nfor further information.\nExamples:\nVisiting faculty\nExecutive Education faculty appointments\nTips and bonus payments\nNon-benefit eligible temporary employees\nSummer student wages (only if not registered)\nZero Rate:\nThis rate applies to salary expenses which do not carry benefit expense.\nExamples:\nStudent wages (academic year and registered summer)\nBenefit program expenses paid directly from the benefits pool (e.g., disability payments)\nContract College Rates\nHealth Insurance for Postdoctoral Fellows\nA program exists for non-employee postdoctoral fellows (not postdoctoral associates, who are employees) to obtain health insurance through Cornell.\nWhen the postdoctoral fellow opts into the program, the award, principal investigator, or department is responsible for payment of the university’s share of the cost. In many cases, this cost is borne by the award supporting the fellow. For example, NRSA fellowship awards provide an institutional allowance that should be used, in part, for this purpose.\nThe cost of this coverage has been established at a percentage (for FY 2024 17.12%) of the NIH Level 0 Postdoc salary in effect at the start of the university’s fiscal year.\nFor FY22 that quarterly amount is $2,192 (or $8,768 annually), and for FY23 it is $2,292 (or $9,168 annually), for FY24 it will be $2,418 (or $9,672 annually), and for FY25 it will be $2,390 (or $9,560 annually). This is charged by SFS quarterly to the account provided by the unit.  There are no credits for partial months.\nThe postdoc fellow is responsible for their share of the award, which will vary depending on what tier of coverage is provided. This is billed directly to the postdoc by PayFlex.\nThis cost may not be reimbursed as a business expense by the university.\n13\nProcess\nBudget, Costs, and Rates\nResource\nOverview of Costs for Project Budgets (Budget and Costing Guide)\nResource\nBudget Templates and Budget Justification Templates\nRate\nEscalation Rates\nRate\nFacilities & Administrative (F&A) Rates\nRate\nPostdoctoral Associate Minimum Salary\nRate\nGrad Student Tuition, Health Benefits, and Stipend\nRate\nNIH Salary Cap\nRate\nPer Diem Rates for Travel\nRate\nWeill Cornell Medicine F&A and Benefits Rates\nResource\nProposing Cost Share\nSee All\nQuick Reference\nOffices\nCALS Sponsored Research Office\nCOI - Conflict of Interest\nCTL - Center for Technology Licensing\nCVM Research Office\nCorporate Engagement\nEHS - Environmental Health & Safety & Risk Management\nExport Controls Office\nFAIM - Faculty Advancing Inclusive Mentoring\nIACUC - Institutional Animal Care and Use\nIBC - Institutional Biosafety Committee\nIRB - Institutional Review Board\nIT Security & Policy\nORIA - Office of Research Integrity and Assurance\nOSP - Office of Sponsored Programs & Research Development\nPRO - Pre-Award Research Operations\nR&I - Cornell Research & Innovation\nRAIS - Research Administration Information Services\nRCR - Responsible Conduct of Research\nRDBSC - Research Division Business Service Center\nResearch Development (ReD)\nResearch Division Human Resources\nResearch Security Office\nSFS - Sponsored Financial Services\nUniversity Policy Office\nWCM - Office of Sponsored Research Administration (OSRA)\nEssential Tools & Resources\nFind My GCO\nInstitutional Profile & DUNS\nRates and budgets\nJoin List Servs\nResearch Development (ReD) Services\nFind Your Next Funding Opportunity\nRegister for Federal and Non-Federal Systems\nDisclose Foreign Collaborations and Support\nWeb Financials (WebFin2)\nExternal\nPI Dashboard\nExternal\nResearch Financials (formerly RA Dashboard)\nExternal\nRASS\nExternal\nIACUC applications (Cayuse Animal Management System)\nIBC applications (RASS-IBC)\nIRB Applications (RASS-IRB)\nExternal\nReport external interests (RASS-COI)\nRASS Access Request Form\naskEHS\nExternal\nCornell Data Services\nExternal\nTravel Registry\nExternal\nInternational research activities\nExternal\nTraining\nResearch metrics and executive dashboards\nRates\nForms\nPolicies\nContacts\nTraining\nEvents\nNews & Announcements\nPart of\n© 2019 Cornell University\nWeb Accessibility Help\nWas this page helpful?\n×\n×\nStatus message\nSorry...This form is closed to new submissions.\nScroll\n\nTable:\nFiscal Year | Rate\n--- | ---\nFY22 - FY24 | 37.00%\nFY25 | 35.00%\nFY26 | 35.00%\nFY27 | 35.50%\nProvisional FY28 - Until Amended | 37.00%\n\n\nTable:\nFiscal Year | Rate\n--- | ---\nAll years | 10.00%\n\n\nTable:\nFiscal Year | Rate\n--- | ---\nAll years | 0.00%\n\n\nTable:\nFiscal Year | Federal Funds | Non-Federal Funds | NY State Funds\n--- | --- | --- | ---\nFY22 | 66.00% | 67.09% | 0.00%\nFY23 | 68.30% | 68.77% | 0.00%\nFY24 | 67.10% | 71.25% | 0.00%\nProposed FY25 | 67.60% | 70.22% | 0.00%\nEstimated FY26 | 67.00% | 70.00% | 0.00%\nEstimated FY27 | 69.00% | 72.00% | 0.00%\nEstimated FY28 and Beyond | 71.50% | 74.50% | 0.00%\n"
}