{
    "URL location": "https://researchservices.cornell.edu/resources/mua-submission-deadline-and-ibc-meeting-dates",
    "Last modification date": "2025-04-18T03:27Z",
    "Change frequency": "monthly",
    "Priority": "0.8",
    "Scraped Text": "MUA Submission Deadline and IBC Meeting Dates | Cornell Research Services\nSkip to main content\nFind guidance on funding and agency updates during the federal government transition\n(\nupdated 4/16/2025\n)\nResearch Services\nResearch Services\nEssential Tools\nClose\nFind My GCO\nRASS\nExternal\nInstitutional Profile & DUNS\nIACUC applications (Cayuse Animal Management)\nFind Your Next Funding Opportunity\nIBC Applications (RASS-IBC)\nResearch Development (ReD) Services\nIRB Applications (RASS-IRB)\nExternal\nRates and budgets\nReport external interests (RASS-COI)\nJoin List Servs\nRASS Access Request Form\nAsk EHS\nExternal\nWeb Financials (WebFin2)\nExternal\nCornell Data Services\nExternal\nPI Dashboard\nExternal\nTravel Registry\nExternal\nResearch Financials (formerly RA Dashboard)\nExternal\nInternational research activities\nExternal\nRegister for Federal and Non-Federal Systems\nDisclose Foreign Collaborations and Support\nResearch metrics & executive dashboards\nTraining\nSearch\nResearch Services\nSearch\nHome\nPrepare a Proposal\nClose\nResearch Development Services\nSubawards in a Proposal\nFind Your Next Funding Opportunity\nDisclose Foreign Collaborations and Support\nProposal Development, Review, and Submission\nPlanning for Animals, Human Participants, r/sNA, Hazardous Materials, Radiation\nBudgets, Costs, and Rates\nCollaborate with Weill Cornell Medicine\nManage a Project\nClose\nAward Negotiation and Finalization\nTravel and International Activities\nProject Finances\nProject Modifications\nResearch Project Staffing\nGet Confidential Info, Data, Equipment, or Materials\nManaging Subawards\nAnimals, Human Participants, r/sNA, Hazardous Materials, Radiation\nClose a Project\nClose\nProject Closeout Financials\nProject Closeout\nEnd a Project Early\nCorporate Partnership & Innovation\nClose\nProtecting an Invention, Creation, Discovery\nEntrepreneurial and Startup Company Resources\nGateway to Partnership Program\nEngaging with Industry\nCompliance, Ethics, Safety\nClose\nResponsible Conduct of Research (RCR)\nExport Controls\nResearch with Human Participants\nResearch Security\nWork with Live Vertebrate Animals\nResearch Safety\nRegulated Biological Materials in Research\nFinancial Management\nConflicts of Interest\nBreadcrumb\nHome\nresources\nMUA Submission Deadline and IBC Meeting Dates\nRelated Pages:\nInstitutional Biosafety Committee (IBC)\nSchedules for IBC meetings and MUA submission deadline\n11\nProcess\nRegulated Biological Materials in Research\nResource\nRegulated Biological Materials Frequently Asked Questions\nEvent\nMay IBC Meeting\nResource\nIBC Application Submission, Review and Approval\nResource\nGet Started with Recombinant or Synthetic Nucleic Acid Molecules (r/sNA) or Other Biohazardous Agents\nResource\nHuman Embryonic Stem Cell Research Oversight Committee (ESCRO)\nResource\nReport an Incident or Exposure to Recombinant or Biohazardous Materials\nTraining\nWork with Bloodborne Pathogens and Training Requirements\nResource\nInstitutional Biosafety Committee (IBC)\nOffice\nInstitutional Biosafety Committee (IBC) Office\nResource\nPolicies, Permits, and Resources for the IBC\nQuick Reference\nOffices\nCALS Sponsored Research Office\nCOI - Conflict of Interest\nCTL - Center for Technology Licensing\nCVM Research Office\nCorporate Engagement\nEHS - Environmental Health & Safety & Risk Management\nExport Controls Office\nFAIM - Faculty Advancing Inclusive Mentoring\nIACUC - Institutional Animal Care and Use\nIBC - Institutional Biosafety Committee\nIRB - Institutional Review Board\nIT Security & Policy\nORIA - Office of Research Integrity and Assurance\nOSP - Office of Sponsored Programs & Research Development\nPRO - Pre-Award Research Operations\nR&I - Cornell Research & Innovation\nRAIS - Research Administration Information Services\nRCR - Responsible Conduct of Research\nRDBSC - Research Division Business Service Center\nResearch Development (ReD)\nResearch Division Human Resources\nResearch Security Office\nSFS - Sponsored Financial Services\nUniversity Policy Office\nWCM - Office of Sponsored Research Administration (OSRA)\nEssential Tools & Resources\nFind My GCO\nInstitutional Profile & DUNS\nRates and budgets\nJoin List Servs\nResearch Development (ReD) Services\nFind Your Next Funding Opportunity\nRegister for Federal and Non-Federal Systems\nDisclose Foreign Collaborations and Support\nWeb Financials (WebFin2)\nExternal\nPI Dashboard\nExternal\nResearch Financials (formerly RA Dashboard)\nExternal\nRASS\nExternal\nIACUC applications (Cayuse Animal Management System)\nIBC applications (RASS-IBC)\nIRB Applications (RASS-IRB)\nExternal\nReport external interests (RASS-COI)\nRASS Access Request Form\naskEHS\nExternal\nCornell Data Services\nExternal\nTravel Registry\nExternal\nInternational research activities\nExternal\nTraining\nResearch metrics and executive dashboards\nRates\nForms\nPolicies\nContacts\nTraining\nEvents\nNews & Announcements\nPart of\n© 2019 Cornell University\nWeb Accessibility Help\nWas this page helpful?\n×\n×\nStatus message\nSorry...This form is closed to new submissions.\nScroll\n\nTable:\nMUA Submission Deadline | IBC Meeting Dates\n--- | ---\nWednesday, January 10, 2024 | Tuesday, February 13, 2024\nWednesday, February 14, 2024 | Tuesday, March 12, 2024\nWednesday, March 13, 2024 | Tuesday, April 9, 2024\nWednesday, April 10, 2024 | Tuesday, May 14, 2024\nWednesday, May 15, 2024 | Tuesday, June 11, 2024\nWednesday, June 12, 2024 | Tuesday, July 9, 2024\nWednesday, July 10, 2024 | Tuesday, August 13, 2024\nWednesday, August 14, 2024 | Tuesday, September 10, 2024\n | \nWednesday, October 9, 2024 | Tuesday, November 12, 2024\nWednesday, November 13, 2024 | Tuesday, December 10, 2024\nWednesday, December 11, 2024 | Tuesday, January 14, 2025\nWednesday, January 15, 2025 | Tuesday, February 11, 2025\n"
}