{
    "URL location": "https://researchservices.cornell.edu/process/managing-subawards",
    "Last modification date": "2025-04-18T03:27Z",
    "Change frequency": "monthly",
    "Priority": "0.8",
    "Scraped Text": "Managing Subawards | Cornell Research Services\nSkip to main content\nFind guidance on funding and agency updates during the federal government transition\n(\nupdated 4/16/2025\n)\nResearch Services\nResearch Services\nEssential Tools\nClose\nFind My GCO\nRASS\nExternal\nInstitutional Profile & DUNS\nIACUC applications (Cayuse Animal Management)\nFind Your Next Funding Opportunity\nIBC Applications (RASS-IBC)\nResearch Development (ReD) Services\nIRB Applications (RASS-IRB)\nExternal\nRates and budgets\nReport external interests (RASS-COI)\nJoin List Servs\nRASS Access Request Form\nAsk EHS\nExternal\nWeb Financials (WebFin2)\nExternal\nCornell Data Services\nExternal\nPI Dashboard\nExternal\nTravel Registry\nExternal\nResearch Financials (formerly RA Dashboard)\nExternal\nInternational research activities\nExternal\nRegister for Federal and Non-Federal Systems\nDisclose Foreign Collaborations and Support\nResearch metrics & executive dashboards\nTraining\nSearch\nResearch Services\nSearch\nHome\nPrepare a Proposal\nClose\nResearch Development Services\nSubawards in a Proposal\nFind Your Next Funding Opportunity\nDisclose Foreign Collaborations and Support\nProposal Development, Review, and Submission\nPlanning for Animals, Human Participants, r/sNA, Hazardous Materials, Radiation\nBudgets, Costs, and Rates\nCollaborate with Weill Cornell Medicine\nManage a Project\nClose\nAward Negotiation and Finalization\nTravel and International Activities\nProject Finances\nProject Modifications\nResearch Project Staffing\nGet Confidential Info, Data, Equipment, or Materials\nManaging Subawards\nAnimals, Human Participants, r/sNA, Hazardous Materials, Radiation\nClose a Project\nClose\nProject Closeout Financials\nProject Closeout\nEnd a Project Early\nCorporate Partnership & Innovation\nClose\nProtecting an Invention, Creation, Discovery\nEntrepreneurial and Startup Company Resources\nGateway to Partnership Program\nEngaging with Industry\nCompliance, Ethics, Safety\nClose\nResponsible Conduct of Research (RCR)\nExport Controls\nResearch with Human Participants\nResearch Security\nWork with Live Vertebrate Animals\nResearch Safety\nRegulated Biological Materials in Research\nFinancial Management\nConflicts of Interest\nBreadcrumb\nHome\nManage a Project\nManaging Subawards\nRelated Pages:\nAmendment to Subaward Agreements\nProposing a Subaward\nCollaborating with Weill Cornell Medicine\nThe OSP Subaward Team will work with you as the subaward is requested, drafted, negotiated, executed, modified, and closed.\nAfter the prime award is finalized and the required documentation from the subrecipient is in place (see\nProposing a Subaward\n), Cornell can pass the funding through to the subaward recipient. Subawards should be monitored to maintain compliance with the terms of the subaward and prime agreement.\nPI and Unit Responsibilities\nIt is the PI’s responsibility to monitor Subawards to ensure the responsible stewardship of funds and performance of the work. This includes:\nMaintain contact with the subrecipient PI to ensure that performance goals are achieved and all reports are submitted and acceptable.\nReview invoices for accuracy and consistency with the award terms and conditions and collect and review required reports.\nSee more in the\nRoles and Responsibilities\npage.\nIn the event of any subrecipient performance issues, the Cornell PI and/or unit research administrator should contact the Subaward Team (\ncu_subawards@cornell.edu\n) for assistance.\nSubrecipient Non-compliance\nIt is Cornell’s policy to mitigate subrecipient non-compliance utilizing the subrecipient monitoring procedures and the following:\nPI and Unit Administrators Responsibilities\nIdentify subrecipient non-compliance issue.\nNotify the Subaward Team immediately in the event of noncompliance.\nCorrespond with the subrecipient, where appropriate, to request corrective action.\nSubaward Team Responsibilities\nWork with the appropriate offices (PI, Unit, SFS, OSP Director, Counsel, etc.) to determine the appropriate action to compel the subrecipient to correct the non-compliance.\nCorrespond with the subrecipient, when appropriate, with notification of the non-compliance and the actions required to correct the non-compliance including ramifications for not correcting the non-compliance by the date outlined in the correspondence.\nFollow up with the PI and Unit to determine if the non-compliance issue was corrected. If not corrected follow up with the subrecipient.\nTake appropriate action in the event that the subrecipient does not correct the non-compliance issue, up to, and including, termination of the subaward.\n12\nProcess\nCollaborating with Weill Cornell Medicine\nContact\nTammy Wildenstein - Subaward Officer | Federal Team\nProcess\nManage a Project\nResource\nSubaward FAQs\nResource\nSubawards: Roles and Responsibilities\nForm\nSubcontractor Commitment Form\nResource\nIssuing the Subaward Agreement\nResource\nFederal Demonstration Partnership (FDP) Expanded Clearinghouse Program\nResource\nSubawards: Risk Assessment\nResource\nPayments to Subrecipients on Sponsored Projects\nResource\nAmendment to Subaward Agreements\nSee All\nQuick Reference\nOffices\nCALS Sponsored Research Office\nCOI - Conflict of Interest\nCTL - Center for Technology Licensing\nCVM Research Office\nCorporate Engagement\nEHS - Environmental Health & Safety & Risk Management\nExport Controls Office\nFAIM - Faculty Advancing Inclusive Mentoring\nIACUC - Institutional Animal Care and Use\nIBC - Institutional Biosafety Committee\nIRB - Institutional Review Board\nIT Security & Policy\nORIA - Office of Research Integrity and Assurance\nOSP - Office of Sponsored Programs & Research Development\nPRO - Pre-Award Research Operations\nR&I - Cornell Research & Innovation\nRAIS - Research Administration Information Services\nRCR - Responsible Conduct of Research\nRDBSC - Research Division Business Service Center\nResearch Development (ReD)\nResearch Division Human Resources\nResearch Security Office\nSFS - Sponsored Financial Services\nUniversity Policy Office\nWCM - Office of Sponsored Research Administration (OSRA)\nEssential Tools & Resources\nFind My GCO\nInstitutional Profile & DUNS\nRates and budgets\nJoin List Servs\nResearch Development (ReD) Services\nFind Your Next Funding Opportunity\nRegister for Federal and Non-Federal Systems\nDisclose Foreign Collaborations and Support\nWeb Financials (WebFin2)\nExternal\nPI Dashboard\nExternal\nResearch Financials (formerly RA Dashboard)\nExternal\nRASS\nExternal\nIACUC applications (Cayuse Animal Management System)\nIBC applications (RASS-IBC)\nIRB Applications (RASS-IRB)\nExternal\nReport external interests (RASS-COI)\nRASS Access Request Form\naskEHS\nExternal\nCornell Data Services\nExternal\nTravel Registry\nExternal\nInternational research activities\nExternal\nTraining\nResearch metrics and executive dashboards\nRates\nForms\nPolicies\nContacts\nTraining\nEvents\nNews & Announcements\nPart of\n© 2019 Cornell University\nWeb Accessibility Help\nWas this page helpful?\n×\n×\nStatus message\nSorry...This form is closed to new submissions.\nScroll"
}