{
    "URL location": "https://researchservices.cornell.edu/policies/nsf-disclosing-current-pending-support-biographical-sketches-and-international",
    "Last modification date": "2025-04-18T03:27Z",
    "Change frequency": "monthly",
    "Priority": "0.8",
    "Scraped Text": "NSF: Disclosing Current & Pending Support, Biographical Sketches, and International Partnerships | Cornell Research Services\nSkip to main content\nFind guidance on funding and agency updates during the federal government transition\n(\nupdated 4/16/2025\n)\nResearch Services\nResearch Services\nEssential Tools\nClose\nFind My GCO\nRASS\nExternal\nInstitutional Profile & DUNS\nIACUC applications (Cayuse Animal Management)\nFind Your Next Funding Opportunity\nIBC Applications (RASS-IBC)\nResearch Development (ReD) Services\nIRB Applications (RASS-IRB)\nExternal\nRates and budgets\nReport external interests (RASS-COI)\nJoin List Servs\nRASS Access Request Form\nAsk EHS\nExternal\nWeb Financials (WebFin2)\nExternal\nCornell Data Services\nExternal\nPI Dashboard\nExternal\nTravel Registry\nExternal\nResearch Financials (formerly RA Dashboard)\nExternal\nInternational research activities\nExternal\nRegister for Federal and Non-Federal Systems\nDisclose Foreign Collaborations and Support\nResearch metrics & executive dashboards\nTraining\nSearch\nResearch Services\nSearch\nHome\nPrepare a Proposal\nClose\nResearch Development Services\nSubawards in a Proposal\nFind Your Next Funding Opportunity\nDisclose Foreign Collaborations and Support\nProposal Development, Review, and Submission\nPlanning for Animals, Human Participants, r/sNA, Hazardous Materials, Radiation\nBudgets, Costs, and Rates\nCollaborate with Weill Cornell Medicine\nManage a Project\nClose\nAward Negotiation and Finalization\nTravel and International Activities\nProject Finances\nProject Modifications\nResearch Project Staffing\nGet Confidential Info, Data, Equipment, or Materials\nManaging Subawards\nAnimals, Human Participants, r/sNA, Hazardous Materials, Radiation\nClose a Project\nClose\nProject Closeout Financials\nProject Closeout\nEnd a Project Early\nCorporate Partnership & Innovation\nClose\nProtecting an Invention, Creation, Discovery\nEntrepreneurial and Startup Company Resources\nGateway to Partnership Program\nEngaging with Industry\nCompliance, Ethics, Safety\nClose\nResponsible Conduct of Research (RCR)\nExport Controls\nResearch with Human Participants\nResearch Security\nWork with Live Vertebrate Animals\nResearch Safety\nRegulated Biological Materials in Research\nFinancial Management\nConflicts of Interest\nBreadcrumb\nHome\nPolicies\nNSF: Disclosing Current & Pending Support, Biographical Sketches, and International Partnerships\nRelated Pages:\nNIH: Disclosing Other Support and Foreign Components\nNASA: Affiliations with China and Disclosing Current & Pending Support\nClarifying guidance from NSF about disclosing current and pending support, biographical sketches, and foreign partnerships.\nOver the last few years, the FBI and federal lawmakers have raised concerns regarding undue foreign influence on federally funded research. As a result, many federal funding agencies, including the National Science Foundation (NSF), are revisiting what information they require from investigators to appropriately assess other sources of support. As part of this effort, NSF included updated requirements in the annual release of the\nProposal & Award Policies & Procedures Guide (PAPPG), expected to be implemented effective June 1, 2020\n. This clarifying guidance from NSF outlines requirements that differ from what was previously understood to be required of applicants and awardees. A summary of these current NSF requirements follows.\nA summary of NSF’s current requirements as of June 2021 is available in the\nNSF Pre-award and Post-award Disclosures Relating to the Biographical Sketch and Current and Pending Support\ntable on the NSF site.\nDisclosing Current & Pending Support\nNSF policy now requires applicants and awardees to disclose “\nall resources made available to an individual in support of and/or related to all of his/her research efforts, regardless of whether or not they have monetary value.\nCurrent and pending support also includes in-kind contributions (such as office/laboratory space, equipment, supplies, employees, students). In-kind contributions not intended for use on the project/proposal being proposed also must be reported.\nCurrent and pending support information must be provided for this project, for ongoing projects, and for any proposals currently under consideration from whatever source, irrespective of whether such support is provided through the proposing organization or is provided directly to the individual.\n”\nWith this clarification, NSF researchers are now required to disclose within their Current & Pending document as follows;\nFinancial Support.\nThis includes sponsored awards held at Cornell, held at another institution/entity, or held as an individual that support an investigator’s research efforts. This also includes start-up packages from entities other than Cornell. Investigators do not need to disclose Cornell start-up packages or gifts.\nIn-kind contributions.\nThis includes non-monetary resources that are uniquely available to key personnel such as office/laboratory space, equipment, supplies, employees, students. The location of the disclosure of in-kind contributions within the proposal depends upon whether there is a time commitment associated and if the contribution is to be used for the proposal being submitted (see chart below). Such disclosures do not need to be replicated across proposal documents.\nNSF policy remains consistent regarding location and timing of such disclosures, and all current and pending support must be reported within the proposal.\nAdditionally, concurrent with the implementation of the updated PAPPG on June 1, 2020, all Current & Pending documents must be submitted through the use of an\nNSF-approved format\n, namely\nSciENcv\nand a\nNSF fillable PDF\n.\nPost-award Disclosure of Current Support and In-Kind Contribution Information\nEffective October 5, 2020, the National Science Foundation (NSF) standard terms and conditions establishes a post-award disclosure requirement for undisclosed current support and in-kind contribution information. Therefore, as of this date if Cornell discovers that a PI or Co-PI on an active NSF award failed to disclose current support or in-kind contributions within their proposal, OSP must submit a notice to NSF informing them of the undisclosed support or contribution within 30 days of identification of the oversight by Cornell. NSF will review the disclosure and, after possible consultation with OSP, determine the impact of the new information on the award and, where necessary, take appropriate action.\nResearchers and research administrators are encouraged to review submitted current and pending documents to ensure that all required disclosures have been made. In the event current support or in-kind contributions not previously disclosed to NSF are identified, please notify your assigned Grant & Contract Officer as soon as possible.\nBiographical Sketch\nWith the release of the PAPPG effective June 1, 2020, NSF researchers are now required to disclose within their Biographical Sketch as follows;\nPositions, Appointments, and Affiliations.\nAll academic, professional, or institutional appointment held by investigators whether current or previously held must be disclosed including domestic or foreign, paid or unpaid, or full/part-time/voluntary. Titled academic, professional, or institutional appointments, including adjunct, visiting, or honorary must be disclosed.\nThese clarified requirements extend the scope of required reporting beyond that which is attributable to an investigator’s affiliation with Cornell. Investigators must complete and update their Biographical Sketch based on the totality of their positions, appointments, and affiliations, both within and outside of Cornell.\nConcurrent with the implementation of the updated PAPPG on June 1, 2020, all Current & Pending documents must be submitted through the use of a\nNSF-approved format\n, namely\nSciENcv\nand a\nNSF fillable PDF\n.\nInternational Partnerships\nWithin each proposal, applicants are required to mark intended partnerships with international collaborators on the NSF Cover Page under three circumstances;\nInternational Activities:\nEach proposal that describes an international activity, defined as research, training, and/or education carried out in cooperation with international counterparts either overseas or in the U.S. using virtual technologies, must list the country(ies) with which project participants will engage on the NSF Cover Page.\nFunding of an International Branch Campus of a U.S. Institution of Higher Education (IHE):\nEach application that proposes to fund an international branch campus of a U.S. university (e.g. Weill Qatar) must check the International Activities Country Name(s) box and enter the name of the applicable country(ies) on the NSF Cover Page.\nFunding of a Foreign Organization:\nEach application that proposes to fund a foreign organization, including through use of a subaward or consultant arrangement, must check the Funding of a Foreign Organization box and enter the name of the applicable country(ies) on the NSF Cover Page.\nFor questions regarding NSF current and pending support, biographical sketches, and foreign partnerships, please contact your assigned\nGrant & Contract Officer\n.\n4\nProcess\nDisclose Foreign Collaborations and Support\nPolicy\nNASA: Affiliations with China and Disclosing Current & Pending Support\nPolicy\nNIH: Disclosing Other Support and Foreign Components\nPolicy\nDisclosing International Partnerships to Cornell and External Sponsors\nQuick Reference\nOffices\nCALS Sponsored Research Office\nCOI - Conflict of Interest\nCTL - Center for Technology Licensing\nCVM Research Office\nCorporate Engagement\nEHS - Environmental Health & Safety & Risk Management\nExport Controls Office\nFAIM - Faculty Advancing Inclusive Mentoring\nIACUC - Institutional Animal Care and Use\nIBC - Institutional Biosafety Committee\nIRB - Institutional Review Board\nIT Security & Policy\nORIA - Office of Research Integrity and Assurance\nOSP - Office of Sponsored Programs & Research Development\nPRO - Pre-Award Research Operations\nR&I - Cornell Research & Innovation\nRAIS - Research Administration Information Services\nRCR - Responsible Conduct of Research\nRDBSC - Research Division Business Service Center\nResearch Development (ReD)\nResearch Division Human Resources\nResearch Security Office\nSFS - Sponsored Financial Services\nUniversity Policy Office\nWCM - Office of Sponsored Research Administration (OSRA)\nEssential Tools & Resources\nFind My GCO\nInstitutional Profile & DUNS\nRates and budgets\nJoin List Servs\nResearch Development (ReD) Services\nFind Your Next Funding Opportunity\nRegister for Federal and Non-Federal Systems\nDisclose Foreign Collaborations and Support\nWeb Financials (WebFin2)\nExternal\nPI Dashboard\nExternal\nResearch Financials (formerly RA Dashboard)\nExternal\nRASS\nExternal\nIACUC applications (Cayuse Animal Management System)\nIBC applications (RASS-IBC)\nIRB Applications (RASS-IRB)\nExternal\nReport external interests (RASS-COI)\nRASS Access Request Form\naskEHS\nExternal\nCornell Data Services\nExternal\nTravel Registry\nExternal\nInternational research activities\nExternal\nTraining\nResearch metrics and executive dashboards\nRates\nForms\nPolicies\nContacts\nTraining\nEvents\nNews & Announcements\nPart of\n© 2019 Cornell University\nWeb Accessibility Help\nWas this page helpful?\n×\n×\nStatus message\nSorry...This form is closed to new submissions.\nScroll\n\nTable:\n | Intended for use on the project being proposed to NSF | Notintended for use on the project being proposed to NSF\n--- | --- | ---\nIn-kind item or service receivedwith an associated time commitment | Facilities, Equipment, and Other Resources | Current & Pending\nIn-kind item or service received without an associated time commitment | Facilities, Equipment, and Other Resources | Not required to be reported to NSF\n"
}